AĞIRLIK & ÖLÇÜLER - Ağırlık,AĞIRLIK & ÖLÇÜLER - Dönüş Çapı,AĞIRLIK & ÖLÇÜLER - Genişlik,AĞIRLIK & ÖLÇÜLER - Uzunluk,AĞIRLIK & ÖLÇÜLER - Yükseklik,BAGAJ ÖZELLİKLERİ - Bagaj Diğer Özellikler,BAGAJ ÖZELLİKLERİ - Bagaj Hacmi (2 Koltuk),BAGAJ ÖZELLİKLERİ - Bagaj Hacmi (5 Koltuk),BAGAJ ÖZELLİKLERİ - Bagaj Hacmi (7 Koltuk),Başlık,DIŞ GÖVDE - Şasi Tipi,DOKÜMAN - Test Sürüşü Talep Sayfası,DOKÜMAN - Ürün Kataloğu,GARANTİ & YOL YARDIM - Garanti,GARANTİ & YOL YARDIM - Yol Yardım Bilgileri,GARANTİ & YOL YARDIM - Yol Yardım Hizmeti,MOTOR (Elektrikli) - Azami Tork,MOTOR (Elektrikli) - Batarya Garantisi,MOTOR (Elektrikli) - Batarya Kapasitesi,MOTOR (Elektrikli) - Batarya Tipi,MOTOR (Elektrikli) - Diğer Özellikler,MOTOR (Elektrikli) - Menzil,MOTOR (Elektrikli) - Menzil (WLTP-Birleşik),MOTOR (Elektrikli) - Menzil (WLTP-Şehir İçi),MOTOR (Elektrikli) - Motor Gücü,MOTOR (Elektrikli) - Ortalama Tüketim (Elk.),MOTOR (Elektrikli) - Şarj Süresi,MOTOR (İçten Yanmalı) - Besleme Tipi,MOTOR (İçten Yanmalı) - Diğer Motor Özellikleri,MOTOR (İçten Yanmalı) - Silindir Adedi,MOTOR (İçten Yanmalı) - Silindir Hacmi,MOTOR (İçten Yanmalı) - Yakıt Püskürtme,PERFORMANS - 0-100 Km Hızlanma,PERFORMANS - Azami Hız,PERFORMANS - Azami Tork (Toplam),PERFORMANS - Beygir Gücü (Toplam),TEMEL ÖZELLİKLER - Ait Olduğu Ülke,TEMEL ÖZELLİKLER - Alt Seri,TEMEL ÖZELLİKLER - Araç Türü,TEMEL ÖZELLİKLER - Donanım Paketi,TEMEL ÖZELLİKLER - Engelli Bireyler İçin ÖTV Muafiyeti,TEMEL ÖZELLİKLER - Gövde Tipi,TEMEL ÖZELLİKLER - Model Yılı,TEMEL ÖZELLİKLER - Motor Tipi,TEMEL ÖZELLİKLER - Motorlu Taşıt Vergisi,TEMEL ÖZELLİKLER - Segment,TEMEL ÖZELLİKLER - Seri,TEMEL ÖZELLİKLER - Yakıt Tipi,URL,YAKIT TÜKETİMİ & EMİSYON - LPG,YAKIT TÜKETİMİ & EMİSYON - LPG CO2 Salınımı,YAKIT TÜKETİMİ & EMİSYON - LPG Kapasitesi,YAKIT TÜKETİMİ & EMİSYON - LPG OrtalamaTüketim (100 km),YAKIT TÜKETİMİ & EMİSYON - LPG Şehir Dışı Tüketim (100 km),YAKIT TÜKETİMİ & EMİSYON - LPG Şehir İçi Tüketim (100 km),YAKIT TÜKETİMİ & EMİSYON - Ortalama Emisyon,YAKIT TÜKETİMİ & EMİSYON - Ortalama Emisyon (WLTP),YAKIT TÜKETİMİ & EMİSYON - Ortalama Y.Tüketimi (100 km),YAKIT TÜKETİMİ & EMİSYON - Ortalama Y.Tüketimi (100 km/WLTP),YAKIT TÜKETİMİ & EMİSYON - Yakıt Kapasitesi,YAKIT TÜKETİMİ & EMİSYON - Çevre Standardı (Emisyon),YAKIT TÜKETİMİ & EMİSYON - Şehir Dışı Tüketim (100 km),YAKIT TÜKETİMİ & EMİSYON - Şehir İçi Tüketim (100 km),YOLCU EMNİYETİ - NCAP/ANCAP Puanı,YOLCU EMNİYETİ - NCAP/ANCAP Web Sayfası,YOLCU EMNİYETİ - NCAP/ANCAP Yılı,YOLCU EMNİYETİ - Çarpışma Testi (NCAP/ANCAP),YÜK ALANI - Azami Hacim,YÜK ALANI - Azami Yük (İstiap Haddi),YÜK ALANI - Azami Yüklü Ağırlık,YÜK ALANI - Azami İç Genişlik,YÜK ALANI - Azami İç Yükseklik,YÜK ALANI - Davlumbaz Aralığı,ŞANZIMAN & ÇEKİŞ SİSTEMİ - Çekiş,ŞANZIMAN & ÇEKİŞ SİSTEMİ - Çekiş Kontrol Sistemi,ŞANZIMAN & ÇEKİŞ SİSTEMİ - Çekiş Kontrol Özellikleri,ŞANZIMAN & ÇEKİŞ SİSTEMİ - Çekme Kapasitesi (Frenli),ŞANZIMAN & ÇEKİŞ SİSTEMİ - Çekme Kapasitesi (Frensiz),ŞANZIMAN & ÇEKİŞ SİSTEMİ - Şanzıman Kademesi,ŞANZIMAN & ÇEKİŞ SİSTEMİ - Şanzıman Türü,ŞANZIMAN & ÇEKİŞ SİSTEMİ - Şanzıman Özellikleri
1450 kg,11.50 mt.,1848 mm,4425 mm,1625 mm,,1447 lt,504 lt,,2022 Nissan Qashqai 1.3 DIG-T 158 PS X-Tronic CVT Platinum Premium (4x2),,,2022 Nissan Qashqai 1.3 DIG-T 158 PS X-Tronic CVT Platinum Premium (4x2) Ürün Kataloğu,,,,,,,,,,,,,,,Turbo,,4,1332 cc,Direkt Enjeksiyon,9.2 saniye,199 km/s,270 nm,158 BG,Japonya,,Binek,Platinum Premium,,SUV,2022,MHEV (Yarı Hibrit Sistem),2746 tl/yıl,C,Qashqai,Benzin & Elektrik,https://www.epey.com/araba/2022-nissan-qashqai-1-3-dig-t-158-ps-x-tronic-cvt-platinum-premium-4x2.html,,,,,,,144 g/km,,6.4 lt,,55 lt,,5.4 lt,7.9 lt,5 yıldız,2022 Nissan Qashqai 1.3 DIG-T 158 PS X-Tronic CVT Platinum Premium (4x2) NCAP/ANCAP Web Sayfası,2021,Var,,,,,,,Önden Çekişli,,,,,,Otomatik,X-Tronic CVT
1532 kg,11.50 mt.,1848 mm,4425 mm,1625 mm,,1447 lt,504 lt,,2022 Nissan Qashqai 1.3 DIG-T 158 PS X-Tronic CVT Platinum Premium (4x4),,,2022 Nissan Qashqai 1.3 DIG-T 158 PS X-Tronic CVT Platinum Premium (4x4) Ürün Kataloğu,,,,,,,,,,,,,,,Turbo,,4,1332 cc,Direkt Enjeksiyon,9.9 saniye,190 km/s,270 nm,158 BG,Japonya,,Binek,Platinum Premium,,SUV,2022,MHEV (Yarı Hibrit Sistem),2746 tl/yıl,C,Qashqai,Benzin & Elektrik,https://www.epey.com/araba/2022-nissan-qashqai-1-3-dig-t-158-ps-x-tronic-cvt-platinum-premium-4x4.html,,,,,,,158 g/km,,7.0 lt,,55 lt,,5.9 lt,8.8 lt,5 yıldız,2022 Nissan Qashqai 1.3 DIG-T 158 PS X-Tronic CVT Platinum Premium (4x4) NCAP/ANCAP Web Sayfası,2021,Var,,,,,,,4x4 Çekişli,,,,,,Otomatik,X-Tronic CVT
1450 kg,11.50 mt.,1848 mm,4425 mm,1625 mm,,1447 lt,504 lt,,2022 Nissan Qashqai 1.3 DIG-T 158 PS X-Tronic CVT Skypack (4x2),,,2022 Nissan Qashqai 1.3 DIG-T 158 PS X-Tronic CVT Skypack (4x2) Ürün Kataloğu,,,,,,,,,,,,,,,Turbo,,4,1332 cc,Direkt Enjeksiyon,9.2 saniye,199 km/s,270 nm,158 BG,Japonya,,Binek,Skypack,,SUV,2022,MHEV (Yarı Hibrit Sistem),2746 tl/yıl,C,Qashqai,Benzin & Elektrik,https://www.epey.com/araba/2022-nissan-qashqai-1-3-dig-t-158-ps-x-tronic-cvt-skypack-4x2.html,,,,,,,144 g/km,,6.4 lt,,55 lt,,5.4 lt,7.9 lt,5 yıldız,2022 Nissan Qashqai 1.3 DIG-T 158 PS X-Tronic CVT Skypack (4x2) NCAP/ANCAP Web Sayfası,2021,Var,,,,,,,Önden Çekişli,,,,,,Otomatik,X-Tronic CVT
1532 kg,11.50 mt.,1848 mm,4425 mm,1625 mm,,1447 lt,504 lt,,2022 Nissan Qashqai 1.3 DIG-T 158 PS X-Tronic CVT Skypack (4x4),,,2022 Nissan Qashqai 1.3 DIG-T 158 PS X-Tronic CVT Skypack (4x4) Ürün Kataloğu,,,,,,,,,,,,,,,Turbo,,4,1332 cc,Direkt Enjeksiyon,9.9 saniye,190 km/s,270 nm,158 BG,Japonya,,Binek,Skypack,,SUV,2022,MHEV (Yarı Hibrit Sistem),2746 tl/yıl,C,Qashqai,Benzin & Elektrik,https://www.epey.com/araba/2022-nissan-qashqai-1-3-dig-t-158-ps-x-tronic-cvt-skypack-4x4.html,,,,,,,158 g/km,,7.0 lt,,55 lt,,5.9 lt,8.8 lt,5 yıldız,2022 Nissan Qashqai 1.3 DIG-T 158 PS X-Tronic CVT Skypack (4x4) NCAP/ANCAP Web Sayfası,2021,Var,,,,,,,4x4 Çekişli,,,,,,Otomatik,X-Tronic CVT
1450 kg,11.50 mt.,1848 mm,4425 mm,1625 mm,,1447 lt,504 lt,,2022 Nissan Qashqai 1.3 DIG-T 158 PS X-Tronic CVT Tekna (4x2),,,2022 Nissan Qashqai 1.3 DIG-T 158 PS X-Tronic CVT Tekna (4x2) Ürün Kataloğu,,,,,,,,,,,,,,,Turbo,,4,1332 cc,Direkt Enjeksiyon,9.2 saniye,199 km/s,270 nm,158 BG,Japonya,,Binek,Tekna,,SUV,2022,MHEV (Yarı Hibrit Sistem),2746 tl/yıl,C,Qashqai,Benzin & Elektrik,https://www.epey.com/araba/2022-nissan-qashqai-1-3-dig-t-158-ps-x-tronic-cvt-tekna-4x2.html,,,,,,,144 g/km,,6.4 lt,,55 lt,,5.4 lt,7.9 lt,5 yıldız,2022 Nissan Qashqai 1.3 DIG-T 158 PS X-Tronic CVT Tekna (4x2) NCAP/ANCAP Web Sayfası,2021,Var,,,,,,,Önden Çekişli,,,,,,Otomatik,X-Tronic CVT
1371 kg,10.51 mt.,2062 mm,4374 mm,1470 mm,,1339 lt,422 lt,,2022 Opel Astra HB 1.2 130 HP AT8 Edition,,2022 Opel Astra HB 1.2 130 HP AT8 Edition Test Sürüşü Talep Sayfası,2022 Opel Astra HB 1.2 130 HP AT8 Edition Ürün Kataloğu,,,,,,,,,,,,,,,Turbo,,3,1199 cc,Direkt Enjeksiyon,9.7 saniye,210 km/s,230 nm,130 BG,Almanya > Hollanda,Hatchback,Binek,Edition,,Hatchback,2022,İçten Yanmalı (Standart),1576 tl/yıl,C,Astra,Benzin,https://www.epey.com/araba/2022-opel-astra-hb-1-2-130-hp-at8-edition.html,,,,,,,131 g/km,,5.9 lt,,52 lt,Euro 6d,5.0 lt,7.4 lt,4 yıldız,2022 Opel Astra HB 1.2 130 HP AT8 Edition NCAP/ANCAP Web Sayfası,2022,Var,,,,,,,Önden Çekişli,,,,,8 ileri,Otomatik,
1371 kg,10.51 mt.,2062 mm,4374 mm,1470 mm,,1339 lt,422 lt,,2022 Opel Astra HB 1.2 130 HP AT8 Elegance,,2022 Opel Astra HB 1.2 130 HP AT8 Elegance Test Sürüşü Talep Sayfası,2022 Opel Astra HB 1.2 130 HP AT8 Elegance Ürün Kataloğu,,,,,,,,,,,,,,,Turbo,,3,1199 cc,Direkt Enjeksiyon,9.7 saniye,210 km/s,230 nm,130 BG,Almanya > Hollanda,Hatchback,Binek,Elegance,,Hatchback,2022,İçten Yanmalı (Standart),1576 tl/yıl,C,Astra,Benzin,https://www.epey.com/araba/2022-opel-astra-hb-1-2-130-hp-at8-elegance.html,,,,,,,131 g/km,,5.9 lt,,52 lt,Euro 6d,5.0 lt,7.4 lt,4 yıldız,2022 Opel Astra HB 1.2 130 HP AT8 Elegance NCAP/ANCAP Web Sayfası,2022,Var,,,,,,,Önden Çekişli,,,,,8 ileri,Otomatik,
1371 kg,10.51 mt.,2062 mm,4374 mm,1470 mm,,1339 lt,422 lt,,2022 Opel Astra HB 1.2 130 HP AT8 GS Line,,2022 Opel Astra HB 1.2 130 HP AT8 GS Line Test Sürüşü Talep Sayfası,2022 Opel Astra HB 1.2 130 HP AT8 GS Line Ürün Kataloğu,,,,,,,,,,,,,,,Turbo,,3,1199 cc,Direkt Enjeksiyon,9.7 saniye,210 km/s,230 nm,130 BG,Almanya > Hollanda,Hatchback,Binek,GS Line,,Hatchback,2022,İçten Yanmalı (Standart),1576 tl/yıl,C,Astra,Benzin,https://www.epey.com/araba/2022-opel-astra-hb-1-2-130-hp-at8-gs-line.html,,,,,,,131 g/km,,5.9 lt,,52 lt,Euro 6d,5.0 lt,7.4 lt,4 yıldız,2022 Opel Astra HB 1.2 130 HP AT8 GS Line NCAP/ANCAP Web Sayfası,2022,Var,,,,,,,Önden Çekişli,,,,,8 ileri,Otomatik,
1371 kg,10.51 mt.,2062 mm,4374 mm,1470 mm,,1339 lt,422 lt,,2022 Opel Astra HB 1.2 130 HP AT8 GS,,2022 Opel Astra HB 1.2 130 HP AT8 GS Test Sürüşü Talep Sayfası,2022 Opel Astra HB 1.2 130 HP AT8 GS Ürün Kataloğu,,,,,,,,,,,,,,,Turbo,,3,1199 cc,Direkt Enjeksiyon,9.7 saniye,210 km/s,230 nm,130 BG,Almanya > Hollanda,Hatchback,Binek,GS,,Hatchback,2022,İçten Yanmalı (Standart),1576 tl/yıl,C,Astra,Benzin,https://www.epey.com/araba/2022-opel-astra-hb-1-2-130-hp-at8-gs.html,,,,,,,131 g/km,,5.9 lt,,52 lt,Euro 6d,5.0 lt,7.4 lt,4 yıldız,2022 Opel Astra HB 1.2 130 HP AT8 GS NCAP/ANCAP Web Sayfası,2022,Var,,,,,,,Önden Çekişli,,,,,8 ileri,Otomatik,
1341 kg,10.51 mt.,2062 mm,4374 mm,1470 mm,,1339 lt,422 lt,,2022 Opel Astra HB 1.2 130 HP Edition,,2022 Opel Astra HB 1.2 130 HP Edition Test Sürüşü Talep Sayfası,2022 Opel Astra HB 1.2 130 HP Edition Ürün Kataloğu,,,,,,,,,,,,,,,Turbo,,3,1199 cc,Direkt Enjeksiyon,9.7 saniye,210 km/s,230 nm,130 BG,Almanya > Hollanda,Hatchback,Binek,Edition,,Hatchback,2022,İçten Yanmalı (Standart),1576 tl/yıl,C,Astra,Benzin,https://www.epey.com/araba/2022-opel-astra-hb-1-2-130-hp-edition.html,,,,,,,129 g/km,,5.7 lt,,52 lt,Euro 6d,5.0 lt,6.6 lt,4 yıldız,2022 Opel Astra HB 1.2 130 HP Edition NCAP/ANCAP Web Sayfası,2022,Var,,,,,,,Önden Çekişli,,,,,6 ileri,Manuel,
1438 kg,10.51 mt.,2062 mm,4374 mm,1470 mm,,1339 lt,422 lt,,2022 Opel Astra HB 1.5 130 HP AT8 Edition,,2022 Opel Astra HB 1.5 130 HP AT8 Edition Test Sürüşü Talep Sayfası,2022 Opel Astra HB 1.5 130 HP AT8 Edition Ürün Kataloğu,,,,,,,,,,,,,,,Turbo,,4,1498 cc,Common Rail Direkt Enjeksiyon,10.6 saniye,209 km/s,300 nm,130 BG,Almanya > Hollanda,Hatchback,Binek,Edition,,Hatchback,2022,İçten Yanmalı (Standart),2746 tl/yıl,C,Astra,Dizel,https://www.epey.com/araba/2022-opel-astra-hb-1-5-130-hp-at8-edition.html,,,,,,,122 g/km,,4.6 lt,,52 lt,Euro 6d,4.0 lt,5.5 lt,4 yıldız,2022 Opel Astra HB 1.5 130 HP AT8 Edition NCAP/ANCAP Web Sayfası,2022,Var,,,,,,,Önden Çekişli,,,,,8 ileri,Otomatik,
1165 kg,,1765 mm,4060 mm,1433 mm,,1081 lt,309 lt,,2022 Opel Corsa 1.2 100 HP Otomatik Edition,,2022 Opel Corsa 1.2 100 HP Otomatik Edition Test Sürüşü Talep Sayfası,2022 Opel Corsa 1.2 100 HP Otomatik Edition Ürün Kataloğu,,,,,,,,,,,,,,,Turbo,,3,1199 cc,Direkt Enjeksiyon,10.8 saniye,192 km/s,205 nm,100 BG,Almanya,,Binek,Edition,,Hatchback,2022,İçten Yanmalı (Standart),1576 tl/yıl,B,Corsa,Benzin,https://www.epey.com/araba/2022-opel-corsa-1-2-100-hp-otomatik-edition.html,,,,,,,99 g/km,,4.3 lt,,44 lt,,3.9 lt,5.1 lt,4 yıldız,2022 Opel Corsa 1.2 100 HP Otomatik Edition NCAP/ANCAP Web Sayfası,2019,Var,,,,,,,Önden Çekişli,,,,,8 ileri,Otomatik,
1165 kg,,1765 mm,4060 mm,1433 mm,,1081 lt,309 lt,,2022 Opel Corsa 1.2 100 HP Otomatik Elegance,,2022 Opel Corsa 1.2 100 HP Otomatik Elegance Test Sürüşü Talep Sayfası,2022 Opel Corsa 1.2 100 HP Otomatik Elegance Ürün Kataloğu,,,,,,,,,,,,,,,Turbo,,3,1199 cc,Direkt Enjeksiyon,10.8 saniye,192 km/s,205 nm,100 BG,Almanya,,Binek,Elegance,,Hatchback,2022,İçten Yanmalı (Standart),1576 tl/yıl,B,Corsa,Benzin,https://www.epey.com/araba/2022-opel-corsa-1-2-100-hp-otomatik-elegance.html,,,,,,,99 g/km,,4.3 lt,,44 lt,,3.9 lt,5.1 lt,4 yıldız,2022 Opel Corsa 1.2 100 HP Otomatik Elegance NCAP/ANCAP Web Sayfası,2019,Var,,,,,,,Önden Çekişli,,,,,8 ileri,Otomatik,
1233 kg,,1765 mm,4060 mm,1433 mm,,1081 lt,309 lt,,2022 Opel Corsa 1.2 130 HP Otomatik Ultimate,,2022 Opel Corsa 1.2 130 HP Otomatik Ultimate Test Sürüşü Talep Sayfası,2022 Opel Corsa 1.2 130 HP Otomatik Ultimate Ürün Kataloğu,,,,,,,,,,,,,,,Turbo,,3,1199 cc,Direkt Enjeksiyon,8.7 saniye,208 km/s,230 nm,130 BG,Almanya,,Binek,Ultimate,,Hatchback,2022,İçten Yanmalı (Standart),1576 tl/yıl,B,Corsa,Benzin,https://www.epey.com/araba/2022-opel-corsa-1-2-130-hp-otomatik-ultimate.html,,,,,,,103 g/km,,4.5 lt,,44 lt,,4.0 lt,5.4 lt,4 yıldız,2022 Opel Corsa 1.2 130 HP Otomatik Ultimate NCAP/ANCAP Web Sayfası,2019,Var,,,,,,,Önden Çekişli,,,,,8 ileri,Otomatik,
1055 kg,,1765 mm,4060 mm,1433 mm,,1081 lt,309 lt,,2022 Opel Corsa 1.2 75 HP Elegance,,,2022 Opel Corsa 1.2 75 HP Elegance Ürün Kataloğu,,,,,,,,,,,,,,,Atmosferik,,3,1199 cc,Direkt Enjeksiyon,13.2 saniye,174 km/s,113 nm,75 BG,Almanya,,Binek,Elegance,,Hatchback,2022,İçten Yanmalı (Standart),1576 tl/yıl,B,Corsa,Benzin,https://www.epey.com/araba/2022-opel-corsa-1-2-75-hp-elegance.html,,,,,,,93 g/km,,4.1 lt,,40 lt,,3.6 lt,4.8 lt,4 yıldız,2022 Opel Corsa 1.2 75 HP Elegance NCAP/ANCAP Web Sayfası,2019,Var,,,,,,,Önden Çekişli,,,,,5 ileri,Manuel,
1192 kg,10.40 mt.,1815 mm,4300 mm,1530 mm,,,434 lt,,2022 Peugeot 2008 1.2 100 HP Active (4x2),,2022 Peugeot 2008 1.2 100 HP Active (4x2) Test Sürüşü Talep Sayfası,2022 Peugeot 2008 1.2 100 HP Active (4x2) Ürün Kataloğu,,,,,,,,,,,,,,,Turbo,,3,1199 cc,Direkt Enjeksiyon,10.9 saniye,188 km/s,205 nm,100 BG,Fransa,,Binek,Active,,SUV,2022,İçten Yanmalı (Standart),1576 tl/yıl,B,2008,Benzin,https://www.epey.com/araba/2022-peugeot-2008-1-2-100-hp-active-4x2.html,,,,,,,105 g/km,,4.6 lt,,44 lt,,4.0 lt,5.5 lt,4 yıldız,2022 Peugeot 2008 1.2 100 HP Active (4x2) NCAP/ANCAP Web Sayfası,2019,Var,,,,,,,Önden Çekişli,,,,,6 ileri,Manuel,
1205 kg,10.40 mt.,1815 mm,4300 mm,1530 mm,,,434 lt,,2022 Peugeot 2008 1.2 130 HP EAT8 Active (4x2),,2022 Peugeot 2008 1.2 130 HP EAT8 Active (4x2) Test Sürüşü Talep Sayfası,2022 Peugeot 2008 1.2 130 HP EAT8 Active (4x2) Ürün Kataloğu,,,,,,,,,,,,,,,Turbo,,3,1199 cc,Direkt Enjeksiyon,9.1 saniye,198 km/s,230 nm,130 BG,Fransa,,Binek,Active,,SUV,2022,İçten Yanmalı (Standart),1576 tl/yıl,B,2008,Benzin,https://www.epey.com/araba/2022-peugeot-2008-1-2-130-hp-eat8-active-4x2.html,,,,,,,109 g/km,,4.8 lt,,44 lt,,4.2 lt,5.8 lt,4 yıldız,2022 Peugeot 2008 1.2 130 HP EAT8 Active (4x2) NCAP/ANCAP Web Sayfası,2019,Var,,,,,,,Önden Çekişli,,,,,8 ileri,Otomatik,EAT8 (Otomatik)
1205 kg,10.40 mt.,1815 mm,4300 mm,1530 mm,,,434 lt,,2022 Peugeot 2008 1.2 130 HP EAT8 Allure (4x2),,2022 Peugeot 2008 1.2 130 HP EAT8 Allure (4x2) Test Sürüşü Talep Sayfası,2022 Peugeot 2008 1.2 130 HP EAT8 Allure (4x2) Ürün Kataloğu,,,,,,,,,,,,,,,Turbo,,3,1199 cc,Direkt Enjeksiyon,9.1 saniye,198 km/s,230 nm,130 BG,Fransa,,Binek,Allure,,SUV,2022,İçten Yanmalı (Standart),1576 tl/yıl,B,2008,Benzin,https://www.epey.com/araba/2022-peugeot-2008-1-2-130-hp-eat8-allure-4x2.html,,,,,,,109 g/km,,4.8 lt,,44 lt,,4.2 lt,5.8 lt,4 yıldız,2022 Peugeot 2008 1.2 130 HP EAT8 Allure (4x2) NCAP/ANCAP Web Sayfası,2019,Var,,,,,,,Önden Çekişli,,,,,8 ileri,Otomatik,EAT8 (Otomatik)
1205 kg,10.40 mt.,1815 mm,4300 mm,1530 mm,,,434 lt,,2022 Peugeot 2008 1.2 130 HP EAT8 GT (4x2),,2022 Peugeot 2008 1.2 130 HP EAT8 GT (4x2) Test Sürüşü Talep Sayfası,2022 Peugeot 2008 1.2 130 HP EAT8 GT (4x2) Ürün Kataloğu,,,,,,,,,,,,,,,Turbo,,3,1199 cc,Direkt Enjeksiyon,9.1 saniye,198 km/s,230 nm,130 BG,Fransa,,Binek,GT,,SUV,2022,İçten Yanmalı (Standart),1576 tl/yıl,B,2008,Benzin,https://www.epey.com/araba/2022-peugeot-2008-1-2-130-hp-eat8-gt-4x2.html,,,,,,,109 g/km,,4.8 lt,,44 lt,,4.2 lt,5.8 lt,4 yıldız,2022 Peugeot 2008 1.2 130 HP EAT8 GT (4x2) NCAP/ANCAP Web Sayfası,2019,Var,,,,,,,Önden Çekişli,,,,,8 ileri,Otomatik,EAT8 (Otomatik)
1205 kg,10.40 mt.,1815 mm,4300 mm,1530 mm,,,434 lt,,2022 Peugeot 2008 1.5 BlueHDi 110 HP Active (4x2),,2022 Peugeot 2008 1.5 BlueHDi 110 HP Active (4x2) Test Sürüşü Talep Sayfası,2022 Peugeot 2008 1.5 BlueHDi 110 HP Active (4x2) Ürün Kataloğu,,,,,,,,,,,,,,,Turbo,,4,1499 cc,Common Rail Direkt Enjeksiyon,9.5 saniye,180 km/s,250 nm,110 BG,Fransa,,Binek,Active,,SUV,2022,İçten Yanmalı (Standart),2746 tl/yıl,B,2008,Dizel,https://www.epey.com/araba/2022-peugeot-2008-1-5-bluehdi-110-hp-active-4x2.html,,,,,,,98 g/km,,3.7 lt,,41 lt,,3.3 lt,4.4 lt,4 yıldız,2022 Peugeot 2008 1.5 BlueHDi 110 HP Active (4x2) NCAP/ANCAP Web Sayfası,2019,Var,,,,,,,Önden Çekişli,,,,,6 ileri,Manuel,
1303 kg,10.40 mt.,1815 mm,4300 mm,1530 mm,,,434 lt,,2022 Peugeot 2008 1.5 BlueHDi 130 HP EAT8 Active (4x2),,2022 Peugeot 2008 1.5 BlueHDi 130 HP EAT8 Active (4x2) Test Sürüşü Talep Sayfası,2022 Peugeot 2008 1.5 BlueHDi 130 HP EAT8 Active (4x2) Ürün Kataloğu,,,,,,,,,,,,,,,Turbo,,4,1499 cc,Common Rail Direkt Enjeksiyon,9.3 saniye,195 km/s,300 nm,130 BG,Fransa,,Binek,Active,,SUV,2022,İçten Yanmalı (Standart),2746 tl/yıl,B,2008,Dizel,https://www.epey.com/araba/2022-peugeot-2008-1-5-bluehdi-130-hp-eat8-active-4x2.html,,,,,,,100 g/km,,3.8 lt,,41 lt,,3.5 lt,4.2 lt,4 yıldız,2022 Peugeot 2008 1.5 BlueHDi 130 HP EAT8 Active (4x2) NCAP/ANCAP Web Sayfası,2019,Var,,,,,,,Önden Çekişli,,,,,8 ileri,Otomatik,EAT8 (Otomatik)
1303 kg,10.40 mt.,1815 mm,4300 mm,1530 mm,,,434 lt,,2022 Peugeot 2008 1.5 BlueHDi 130 HP EAT8 Allure (4x2),,2022 Peugeot 2008 1.5 BlueHDi 130 HP EAT8 Allure (4x2) Test Sürüşü Talep Sayfası,2022 Peugeot 2008 1.5 BlueHDi 130 HP EAT8 Allure (4x2) Ürün Kataloğu,,,,,,,,,,,,,,,Turbo,,4,1499 cc,Common Rail Direkt Enjeksiyon,9.3 saniye,195 km/s,300 nm,130 BG,Fransa,,Binek,Allure,,SUV,2022,İçten Yanmalı (Standart),2746 tl/yıl,B,2008,Dizel,https://www.epey.com/araba/2022-peugeot-2008-1-5-bluehdi-130-hp-eat8-allure-4x2.html,,,,,,,100 g/km,,3.8 lt,,41 lt,,3.5 lt,4.2 lt,4 yıldız,2022 Peugeot 2008 1.5 BlueHDi 130 HP EAT8 Allure (4x2) NCAP/ANCAP Web Sayfası,2019,Var,,,,,,,Önden Çekişli,,,,,8 ileri,Otomatik,EAT8 (Otomatik)
1303 kg,10.40 mt.,1815 mm,4300 mm,1530 mm,,,434 lt,,2022 Peugeot 2008 1.5 BlueHDi 130 HP EAT8 GT (4x2),,2022 Peugeot 2008 1.5 BlueHDi 130 HP EAT8 GT (4x2) Test Sürüşü Talep Sayfası,2022 Peugeot 2008 1.5 BlueHDi 130 HP EAT8 GT (4x2) Ürün Kataloğu,,,,,,,,,,,,,,,Turbo,,4,1499 cc,Common Rail Direkt Enjeksiyon,9.3 saniye,195 km/s,300 nm,130 BG,Fransa,,Binek,GT,,SUV,2022,İçten Yanmalı (Standart),2746 tl/yıl,B,2008,Dizel,https://www.epey.com/araba/2022-peugeot-2008-1-5-bluehdi-130-hp-eat8-gt-4x2.html,,,,,,,100 g/km,,3.8 lt,,41 lt,,3.5 lt,4.2 lt,4 yıldız,2022 Peugeot 2008 1.5 BlueHDi 130 HP EAT8 GT (4x2) NCAP/ANCAP Web Sayfası,2019,Var,,,,,,,Önden Çekişli,,,,,8 ileri,Otomatik,EAT8 (Otomatik)
1090 kg,10.40 mt.,1745 mm,4055 mm,1430 mm,,,311 lt,,2022 Peugeot 208 1.2 Puretech 100 HP EAT8 Prime Selection,,2022 Peugeot 208 1.2 Puretech 100 HP EAT8 Prime Selection Test Sürüşü Talep Sayfası,2022 Peugeot 208 1.2 Puretech 100 HP EAT8 Prime Selection Ürün Kataloğu,,,,,,,,,,,,,,,Turbo,,3,1199 cc,Direkt Enjeksiyon,10.8 saniye,188 km/s,205 nm,100 BG,Fransa,,Binek,Prime Selection,,Hatchback,2022,İçten Yanmalı (Standart),1576 tl/yıl,B,208,Benzin,https://www.epey.com/araba/2022-peugeot-208-1-2-puretech-100-hp-eat8-prime-selection.html,,,,,,,99 g/km,,4.3 lt,,44 lt,,3.9 lt,5.1 lt,4 yıldız,2022 Peugeot 208 1.2 Puretech 100 HP EAT8 Prime Selection NCAP/ANCAP Web Sayfası,2019,Var,,,,,,,Önden Çekişli,,,,,8 ileri,Otomatik,EAT8 (Otomatik)
1090 kg,10.40 mt.,1745 mm,4055 mm,1430 mm,,,311 lt,,2022 Peugeot 208 1.2 Puretech 100 HP EAT8 Prime,,2022 Peugeot 208 1.2 Puretech 100 HP EAT8 Prime Test Sürüşü Talep Sayfası,2022 Peugeot 208 1.2 Puretech 100 HP EAT8 Prime Ürün Kataloğu,,,,,,,,,,,,,,,Turbo,,3,1199 cc,Direkt Enjeksiyon,10.8 saniye,188 km/s,205 nm,100 BG,Fransa,,Binek,Prime,,Hatchback,2022,İçten Yanmalı (Standart),1576 tl/yıl,B,208,Benzin,https://www.epey.com/araba/2022-peugeot-208-1-2-puretech-100-hp-eat8-prime.html,,,,,,,99 g/km,,4.3 lt,,44 lt,,3.9 lt,5.1 lt,4 yıldız,2022 Peugeot 208 1.2 Puretech 100 HP EAT8 Prime NCAP/ANCAP Web Sayfası,2019,Var,,,,,,,Önden Çekişli,,,,,8 ileri,Otomatik,EAT8 (Otomatik)
1158 kg,10.40 mt.,1745 mm,4055 mm,1430 mm,,,311 lt,,2022 Peugeot 208 1.2 Puretech 130 HP EAT8 Allure Selection,,2022 Peugeot 208 1.2 Puretech 130 HP EAT8 Allure Selection Test Sürüşü Talep Sayfası,2022 Peugeot 208 1.2 Puretech 130 HP EAT8 Allure Selection Ürün Kataloğu,,,,,,,,,,,,,,,Turbo,,3,1199 cc,Direkt Enjeksiyon,8.7 saniye,208 km/s,230 nm,130 BG,Fransa,,Binek,Allure Selection,,Hatchback,2022,İçten Yanmalı (Standart),1576 tl/yıl,B,208,Benzin,https://www.epey.com/araba/2022-peugeot-208-1-2-puretech-130-hp-eat8-allure-selection.html,,,,,,,103 g/km,,4.5 lt,,44 lt,,4.0 lt,5.4 lt,4 yıldız,2022 Peugeot 208 1.2 Puretech 130 HP EAT8 Allure Selection NCAP/ANCAP Web Sayfası,2019,Var,,,,,,,Önden Çekişli,,,,,8 ileri,Otomatik,EAT8 (Otomatik)
1158 kg,10.40 mt.,1745 mm,4055 mm,1430 mm,,,311 lt,,2022 Peugeot 208 1.2 Puretech 130 HP EAT8 GT,,2022 Peugeot 208 1.2 Puretech 130 HP EAT8 GT Test Sürüşü Talep Sayfası,2022 Peugeot 208 1.2 Puretech 130 HP EAT8 GT Ürün Kataloğu,,,,,,,,,,,,,,,Turbo,,3,1199 cc,Direkt Enjeksiyon,8.7 saniye,208 km/s,230 nm,130 BG,Fransa,,Binek,GT,,Hatchback,2022,İçten Yanmalı (Standart),1576 tl/yıl,B,208,Benzin,https://www.epey.com/araba/2022-peugeot-208-1-2-puretech-130-hp-eat8-gt.html,,,,,,,103 g/km,,4.5 lt,,44 lt,,4.0 lt,5.4 lt,4 yıldız,2022 Peugeot 208 1.2 Puretech 130 HP EAT8 GT NCAP/ANCAP Web Sayfası,2019,Var,,,,,,,Önden Çekişli,,,,,8 ileri,Otomatik,EAT8 (Otomatik)
980 kg,10.40 mt.,1745 mm,4055 mm,1430 mm,,,311 lt,,2022 Peugeot 208 1.2 Puretech 75 HP Active,,2022 Peugeot 208 1.2 Puretech 75 HP Active Test Sürüşü Talep Sayfası,2022 Peugeot 208 1.2 Puretech 75 HP Active Ürün Kataloğu,,,,,,,,,,,,,,,Atmosferik,,3,1199 cc,Direkt Enjeksiyon,13.2 saniye,164 km/s,118 nm,75 BG,Fransa,,Binek,Active,,Hatchback,2022,İçten Yanmalı (Standart),1576 tl/yıl,B,208,Benzin,https://www.epey.com/araba/2022-peugeot-208-1-2-puretech-75-hp-active.html,,,,,,,94 g/km,,4.1 lt,,44 lt,,3.7 lt,4.8 lt,4 yıldız,2022 Peugeot 208 1.2 Puretech 75 HP Active NCAP/ANCAP Web Sayfası,2019,Var,,,,,,,Önden Çekişli,,,,,5 ileri,Manuel,
980 kg,10.40 mt.,1745 mm,4055 mm,1430 mm,,,311 lt,,2022 Peugeot 208 1.2 Puretech 75 HP Prime,,2022 Peugeot 208 1.2 Puretech 75 HP Prime Test Sürüşü Talep Sayfası,2022 Peugeot 208 1.2 Puretech 75 HP Prime Ürün Kataloğu,,,,,,,,,,,,,,,Atmosferik,,3,1199 cc,Direkt Enjeksiyon,13.2 saniye,164 km/s,118 nm,75 BG,Fransa,,Binek,Prime,,Hatchback,2022,İçten Yanmalı (Standart),1576 tl/yıl,B,208,Benzin,https://www.epey.com/araba/2022-peugeot-208-1-2-puretech-75-hp-prime.html,,,,,,,94 g/km,,4.1 lt,,44 lt,,3.7 lt,4.8 lt,4 yıldız,2022 Peugeot 208 1.2 Puretech 75 HP Prime NCAP/ANCAP Web Sayfası,2019,Var,,,,,,,Önden Çekişli,,,,,5 ileri,Manuel,
1173 kg,10.40 mt.,1745 mm,4055 mm,1430 mm,,,311 lt,,2022 Peugeot 208 1.5 BlueHDi 130 HP EAT8 Active,,2022 Peugeot 208 1.5 BlueHDi 130 HP EAT8 Active Test Sürüşü Talep Sayfası,2022 Peugeot 208 1.5 BlueHDi 130 HP EAT8 Active Ürün Kataloğu,,,,,,,,,,,,,,,Turbo,,4,1499 cc,Common Rail Direkt Enjeksiyon,8.9 saniye,207 km/s,300 nm,130 BG,Fransa,,Binek,Active,,Hatchback,2022,İçten Yanmalı (Standart),2746 tl/yıl,B,208,Dizel,https://www.epey.com/araba/2022-peugeot-208-1-5-bluehdi-130-hp-eat8-active.html,,,,,,,99 g/km,,3.7 lt,,41 lt,,3.4 lt,4.3 lt,4 yıldız,2022 Peugeot 208 1.5 BlueHDi 130 HP EAT8 Active NCAP/ANCAP Web Sayfası,2019,Var,,,,,,,Önden Çekişli,,,,,8 ileri,Otomatik,EAT8 (Otomatik)
1320 kg,,1841 mm,4447 mm,1624 mm,,1482 lt,520 lt,,2022 Peugeot 3008 1.2 130 HP EAT8 Active Prime (4x2),,2022 Peugeot 3008 1.2 130 HP EAT8 Active Prime (4x2) Test Sürüşü Talep Sayfası,2022 Peugeot 3008 1.2 130 HP EAT8 Active Prime (4x2) Ürün Kataloğu,"2 Yıl Sınırsız Km Mekanik
12 Yıl Paslanmazlık",Peugeot Assistance 0212 292 2626,Var,,,,,,,,,,,,Turbo,PureTech (Yakıt Tasarrufu),3,1199 cc,Çok Noktadan Enjeksiyon,9.7 saniye,188 km/s,230 nm,130 BG,Fransa,,Binek,Active Prime,,SUV,2022,İçten Yanmalı (Standart),1576 tl/yıl,C,3008,Benzin,https://www.epey.com/araba/2022-peugeot-3008-1-2-130-hp-eat8-active-prime-4x2.html,,,,,,,122 g/km,,5.4 lt,,53 lt,Euro 6,4.9 lt,6.1 lt,5 yıldız,2022 Peugeot 3008 1.2 130 HP EAT8 Active Prime (4x2) NCAP/ANCAP Web Sayfası,2016,Var,,,,,,,Önden Çekişli,,,,,8 ileri,Otomatik,EAT8 (Otomatik)
1429 kg,,1841 mm,4447 mm,1624 mm,,1482 lt,520 lt,,2022 Peugeot 3008 1.5 BlueHDi 130 HP EAT8 Active Prime (4x2),,2022 Peugeot 3008 1.5 BlueHDi 130 HP EAT8 Active Prime (4x2) Test Sürüşü Talep Sayfası,2022 Peugeot 3008 1.5 BlueHDi 130 HP EAT8 Active Prime (4x2) Ürün Kataloğu,"2 Yıl Sınırsız Km Mekanik
12 Yıl Paslanmazlık",Peugeot Assistance 0212 292 2626,Var,,,,,,,,,,,,Turbo,,4,1499 cc,Common Rail Direkt Enjeksiyon,11.5 saniye,189 km/s,300 nm,130 BG,Fransa,,Binek,Active Prime,,SUV,2022,İçten Yanmalı (Standart),2746 tl/yıl,C,3008,Dizel,https://www.epey.com/araba/2022-peugeot-3008-1-5-bluehdi-130-hp-eat8-active-prime-4x2.html,,,,,,,104 g/km,,4.0 lt,,53 lt,Euro 6,3.7 lt,4.4 lt,5 yıldız,2022 Peugeot 3008 1.5 BlueHDi 130 HP EAT8 Active Prime (4x2) NCAP/ANCAP Web Sayfası,2016,Var,,,,,,,Önden Çekişli,,,,,8 ileri,Otomatik,EAT8 (Otomatik)
1429 kg,,1841 mm,4447 mm,1624 mm,,1482 lt,520 lt,,2022 Peugeot 3008 1.5 BlueHDi 130 HP EAT8 Allure (4x2),,2022 Peugeot 3008 1.5 BlueHDi 130 HP EAT8 Allure (4x2) Test Sürüşü Talep Sayfası,2022 Peugeot 3008 1.5 BlueHDi 130 HP EAT8 Allure (4x2) Ürün Kataloğu,"2 Yıl Sınırsız Km Mekanik
12 Yıl Paslanmazlık",Peugeot Assistance 0212 292 2626,Var,,,,,,,,,,,,Turbo,,4,1499 cc,Common Rail Direkt Enjeksiyon,11.5 saniye,189 km/s,300 nm,130 BG,Fransa,,Binek,Allure,,SUV,2022,İçten Yanmalı (Standart),2746 tl/yıl,C,3008,Dizel,https://www.epey.com/araba/2022-peugeot-3008-1-5-bluehdi-130-hp-eat8-allure-4x2.html,,,,,,,104 g/km,,4.0 lt,,53 lt,Euro 6,3.7 lt,4.4 lt,5 yıldız,2022 Peugeot 3008 1.5 BlueHDi 130 HP EAT8 Allure (4x2) NCAP/ANCAP Web Sayfası,2016,Var,,,,,,,Önden Çekişli,,,,,8 ileri,Otomatik,EAT8 (Otomatik)
1429 kg,,1841 mm,4447 mm,1624 mm,,1482 lt,520 lt,,2022 Peugeot 3008 1.5 BlueHDi 130 HP EAT8 GT (4x2),,2022 Peugeot 3008 1.5 BlueHDi 130 HP EAT8 GT (4x2) Test Sürüşü Talep Sayfası,2022 Peugeot 3008 1.5 BlueHDi 130 HP EAT8 GT (4x2) Ürün Kataloğu,"2 Yıl Sınırsız Km Mekanik
12 Yıl Paslanmazlık",Peugeot Assistance 0212 292 2626,Var,,,,,,,,,,,,Turbo,,4,1499 cc,Common Rail Direkt Enjeksiyon,11.5 saniye,189 km/s,300 nm,130 BG,Fransa,,Binek,GT,,SUV,2022,İçten Yanmalı (Standart),2746 tl/yıl,C,3008,Dizel,https://www.epey.com/araba/2022-peugeot-3008-1-5-bluehdi-130-hp-eat8-gt-4x2.html,,,,,,,104 g/km,,4.0 lt,,53 lt,Euro 6,3.7 lt,4.4 lt,5 yıldız,2022 Peugeot 3008 1.5 BlueHDi 130 HP EAT8 GT (4x2) NCAP/ANCAP Web Sayfası,2016,Var,,,,,,,Önden Çekişli,,,,,8 ileri,Otomatik,EAT8 (Otomatik)
1429 kg,,1841 mm,4447 mm,1624 mm,,1482 lt,520 lt,,2022 Peugeot 3008 1.6 180 HP EAT8 Allure (4x2),,2022 Peugeot 3008 1.6 180 HP EAT8 Allure (4x2) Test Sürüşü Talep Sayfası,2022 Peugeot 3008 1.6 180 HP EAT8 Allure (4x2) Ürün Kataloğu,"2 Yıl Sınırsız Km Mekanik
12 Yıl Paslanmazlık",Peugeot Assistance 0212 292 2626,Var,,,,,,,,,,,,Turbo,PureTech (Yakıt Tasarrufu),4,1598 cc,Çok Noktadan Enjeksiyon,8.0 saniye,222 km/s,250 nm,180 BG,Fransa,,Binek,Allure,,SUV,2022,İçten Yanmalı (Standart),2746 tl/yıl,C,3008,Benzin,https://www.epey.com/araba/2022-peugeot-3008-1-6-180-hp-eat8-allure-4x2.html,,,,,,,126 g/km,,5.5 lt,,53 lt,Euro 6,5.0 lt,6.5 lt,5 yıldız,2022 Peugeot 3008 1.6 180 HP EAT8 Allure (4x2) NCAP/ANCAP Web Sayfası,2016,Var,,,,,,,Önden Çekişli,,,,,8 ileri,Otomatik,EAT8 (Otomatik)
1429 kg,,1841 mm,4447 mm,1624 mm,,1482 lt,520 lt,,2022 Peugeot 3008 1.6 180 HP EAT8 GT (4x2),,2022 Peugeot 3008 1.6 180 HP EAT8 GT (4x2) Test Sürüşü Talep Sayfası,2022 Peugeot 3008 1.6 180 HP EAT8 GT (4x2) Ürün Kataloğu,"2 Yıl Sınırsız Km Mekanik
12 Yıl Paslanmazlık",Peugeot Assistance 0212 292 2626,Var,,,,,,,,,,,,Turbo,PureTech (Yakıt Tasarrufu),4,1598 cc,Çok Noktadan Enjeksiyon,8.0 saniye,222 km/s,250 nm,180 BG,Fransa,,Binek,GT,,SUV,2022,İçten Yanmalı (Standart),2746 tl/yıl,C,3008,Benzin,https://www.epey.com/araba/2022-peugeot-3008-1-6-180-hp-eat8-gt-4x2.html,,,,,,,126 g/km,,5.5 lt,,53 lt,Euro 6,5.0 lt,6.5 lt,5 yıldız,2022 Peugeot 3008 1.6 180 HP EAT8 GT (4x2) NCAP/ANCAP Web Sayfası,2016,Var,,,,,,,Önden Çekişli,,,,,8 ileri,Otomatik,EAT8 (Otomatik)
1291 kg,10.51 mt.,1852 mm,4367 mm,1441 mm,,1323 lt,412 lt,,2022 Peugeot 308 1.2 PureTech 130 HP EAT8 Active Prime,,,2022 Peugeot 308 1.2 PureTech 130 HP EAT8 Active Prime Ürün Kataloğu,,,,,,,,,,,,,,,Turbo,,3,1199 cc,Direkt Enjeksiyon,9.7 saniye,210 km/s,230 nm,130 BG,Fransa,,Binek,Active Prime,,Hatchback,2022,İçten Yanmalı (Standart),1576 tl/yıl,C,308,Benzin,https://www.epey.com/araba/2022-peugeot-308-1-2-puretech-130-hp-eat8-active-prime.html,,,,,,,,,,,52 lt,,,,4 yıldız,2022 Peugeot 308 1.2 PureTech 130 HP EAT8 Active Prime NCAP/ANCAP Web Sayfası,2022,Var,,,,,,,Önden Çekişli,,,,,8 ileri,Otomatik,EAT8 (Otomatik)
1291 kg,10.51 mt.,1852 mm,4367 mm,1441 mm,,1323 lt,412 lt,,2022 Peugeot 308 1.2 PureTech 130 HP EAT8 Allure,,,2022 Peugeot 308 1.2 PureTech 130 HP EAT8 Allure Ürün Kataloğu,,,,,,,,,,,,,,,Turbo,,3,1199 cc,Direkt Enjeksiyon,9.7 saniye,210 km/s,230 nm,130 BG,Fransa,,Binek,Allure,,Hatchback,2022,İçten Yanmalı (Standart),1576 tl/yıl,C,308,Benzin,https://www.epey.com/araba/2022-peugeot-308-1-2-puretech-130-hp-eat8-allure.html,,,,,,,,,,,52 lt,,,,4 yıldız,2022 Peugeot 308 1.2 PureTech 130 HP EAT8 Allure NCAP/ANCAP Web Sayfası,2022,Var,,,,,,,Önden Çekişli,,,,,8 ileri,Otomatik,EAT8 (Otomatik)
1291 kg,10.51 mt.,1852 mm,4367 mm,1441 mm,,1323 lt,412 lt,,2022 Peugeot 308 1.2 PureTech 130 HP EAT8 GT,,,2022 Peugeot 308 1.2 PureTech 130 HP EAT8 GT Ürün Kataloğu,,,,,,,,,,,,,,,Turbo,,3,1199 cc,Direkt Enjeksiyon,9.7 saniye,210 km/s,230 nm,130 BG,Fransa,,Binek,GT,,Hatchback,2022,İçten Yanmalı (Standart),1576 tl/yıl,C,308,Benzin,https://www.epey.com/araba/2022-peugeot-308-1-2-puretech-130-hp-eat8-gt.html,,,,,,,,,,,52 lt,,,,4 yıldız,2022 Peugeot 308 1.2 PureTech 130 HP EAT8 GT NCAP/ANCAP Web Sayfası,2022,Var,,,,,,,Önden Çekişli,,,,,8 ileri,Otomatik,EAT8 (Otomatik)
1342 kg,,1797 mm,4227 mm,1576 mm,,1275 lt,422 lt,,2022 Renault Captur 1.3 TCe 140 BG EDC Icon (4x2),,2022 Renault Captur 1.3 TCe 140 BG EDC Icon (4x2) Test Sürüşü Talep Sayfası,2022 Renault Captur 1.3 TCe 140 BG EDC Icon (4x2) Ürün Kataloğu,,,,,,,,,,,,,,,Turbo,,4,1333 cc,Direkt Enjeksiyon,9.2 saniye,196 km/s,260 nm,140 BG,Fransa,,Binek,Icon,,SUV,2022,İçten Yanmalı (Standart),2746 tl/yıl,B,Captur,Benzin,https://www.epey.com/araba/2022-renault-captur-1-3-tce-140-bg-edc-icon-4x2.html,,,,,,,122 g/km,,5.4 lt,,48 lt,Euro 6,4.7 lt,6.5 lt,5 yıldız,2022 Renault Captur 1.3 TCe 140 BG EDC Icon (4x2) NCAP/ANCAP Web Sayfası,2019,Var,,,,,,,Önden Çekişli,,,,,7 ileri,Otomatik,EDC (Çift Kavramalı Otm.)
1342 kg,,1797 mm,4227 mm,1576 mm,,1275 lt,422 lt,,2022 Renault Captur 1.3 TCe 140 BG EDC Touch (4x2),,2022 Renault Captur 1.3 TCe 140 BG EDC Touch (4x2) Test Sürüşü Talep Sayfası,2022 Renault Captur 1.3 TCe 140 BG EDC Touch (4x2) Ürün Kataloğu,,,,,,,,,,,,,,,Turbo,,4,1333 cc,Direkt Enjeksiyon,9.2 saniye,196 km/s,260 nm,140 BG,Fransa,,Binek,Touch,,SUV,2022,İçten Yanmalı (Standart),2746 tl/yıl,B,Captur,Benzin,https://www.epey.com/araba/2022-renault-captur-1-3-tce-140-bg-edc-touch-4x2.html,,,,,,,122 g/km,,5.4 lt,,48 lt,Euro 6,4.7 lt,6.5 lt,5 yıldız,2022 Renault Captur 1.3 TCe 140 BG EDC Touch (4x2) NCAP/ANCAP Web Sayfası,2019,Var,,,,,,,Önden Çekişli,,,,,7 ileri,Otomatik,EDC (Çift Kavramalı Otm.)
1342 kg,,1797 mm,4227 mm,1576 mm,,1275 lt,422 lt,,2022 Renault Captur 1.3 TCe 155 BG EDC RS Line (4x2),,2022 Renault Captur 1.3 TCe 155 BG EDC RS Line (4x2) Test Sürüşü Talep Sayfası,2022 Renault Captur 1.3 TCe 155 BG EDC RS Line (4x2) Ürün Kataloğu,,,,,,,,,,,,,,,Turbo,,4,1333 cc,Direkt Enjeksiyon,8.5 saniye,202 km/s,270 nm,155 BG,Fransa,,Binek,RS Line,,SUV,2022,İçten Yanmalı (Standart),2746 tl/yıl,B,Captur,Benzin,https://www.epey.com/araba/2022-renault-captur-1-3-tce-155-bg-edc-rs-line-4x2.html,,,,,,,123 g/km,,5.4 lt,,48 lt,Euro 6,4.7 lt,6.5 lt,5 yıldız,2022 Renault Captur 1.3 TCe 155 BG EDC RS Line (4x2) NCAP/ANCAP Web Sayfası,2019,Var,,,,,,,Önden Çekişli,,,,,7 ileri,Otomatik,EDC (Çift Kavramalı Otm.)
1103 kg,,1798 mm,4050 mm,1440 mm,,1069 lt,391 lt,,2022 Renault Clio 1.0 SCe 65 BG Joy,,2022 Renault Clio 1.0 SCe 65 BG Joy Test Sürüşü Talep Sayfası,2022 Renault Clio 1.0 SCe 65 BG Joy Ürün Kataloğu,,,,,,,,,,,,,,,Atmosferik,,3,999 cc,Çok Noktadan Enjeksiyon,17.1 saniye,160 km/s,95 nm,65 BG,Fransa,Hatchback,Binek,Joy,,Hatchback,2022,İçten Yanmalı (Standart),1576 tl/yıl,B,Clio,Benzin,https://www.epey.com/araba/2022-renault-clio-1-0-sce-65-bg-joy.html,,,,,,,113 g/km,,5.0 lt,,42 lt,Euro 6,4.2 lt,6.3 lt,5 yıldız,2022 Renault Clio 1.0 SCe 65 BG Joy NCAP/ANCAP Web Sayfası,2019,Var,,,,,,,Önden Çekişli,,,,,5 ileri,Manuel,
1225 kg,,1798 mm,4050 mm,1440 mm,,1069 lt,391 lt,,2022 Renault Clio 1.0 TCe ECO 100 BG Joy,,2022 Renault Clio 1.0 TCe ECO 100 BG Joy Test Sürüşü Talep Sayfası,2022 Renault Clio 1.0 TCe ECO 100 BG Joy Ürün Kataloğu,,,,,,,,,,,,,,,Turbo,,3,999 cc,Çok Noktadan Enjeksiyon,11.8 saniye,188 km/s,170 nm,100 BG,Fransa,Hatchback,Binek,Joy,,Hatchback,2022,İçten Yanmalı (Standart),1576 tl/yıl,B,Clio,Benzin & LPG,https://www.epey.com/araba/2022-renault-clio-1-0-tce-eco-100-bg-joy.html,Var,107 g/km,32 lt,6.8 lt,5.8 lt,8.5 lt,118 g/km,,5.2 lt,,39 lt,Euro 6,4.3 lt,6.5 lt,5 yıldız,2022 Renault Clio 1.0 TCe ECO 100 BG Joy NCAP/ANCAP Web Sayfası,2019,Var,,,,,,,Önden Çekişli,,,,,6 ileri,Manuel,
1201 kg,,1798 mm,4050 mm,1440 mm,,1069 lt,391 lt,,2022 Renault Clio 1.0 TCe X-Tronic 90 BG Icon,,2022 Renault Clio 1.0 TCe X-Tronic 90 BG Icon Test Sürüşü Talep Sayfası,2022 Renault Clio 1.0 TCe X-Tronic 90 BG Icon Ürün Kataloğu,,,,,,,,,,,,,,,Turbo,,3,999 cc,Çok Noktadan Enjeksiyon,12.4 saniye,175 km/s,142 nm,90 BG,Fransa,Hatchback,Binek,Icon,,Hatchback,2022,İçten Yanmalı (Standart),1576 tl/yıl,B,Clio,Benzin,https://www.epey.com/araba/2022-renault-clio-1-0-tce-x-tronic-90-bg-icon.html,,,,,,,116 g/km,,5.1 lt,,42 lt,Euro 6,4.5 lt,6.1 lt,5 yıldız,2022 Renault Clio 1.0 TCe X-Tronic 90 BG Icon NCAP/ANCAP Web Sayfası,2019,Var,,,,,,,Önden Çekişli,,,,,,Otomatik,X-Tronic (Değişken Oranlı)
1201 kg,,1798 mm,4050 mm,1440 mm,,1069 lt,391 lt,,2022 Renault Clio 1.0 TCe X-Tronic 90 BG Joy,,2022 Renault Clio 1.0 TCe X-Tronic 90 BG Joy Test Sürüşü Talep Sayfası,2022 Renault Clio 1.0 TCe X-Tronic 90 BG Joy Ürün Kataloğu,,,,,,,,,,,,,,,Turbo,,3,999 cc,Çok Noktadan Enjeksiyon,12.4 saniye,175 km/s,142 nm,90 BG,Fransa,Hatchback,Binek,Joy,,Hatchback,2022,İçten Yanmalı (Standart),1576 tl/yıl,B,Clio,Benzin,https://www.epey.com/araba/2022-renault-clio-1-0-tce-x-tronic-90-bg-joy.html,,,,,,,116 g/km,,5.1 lt,,42 lt,Euro 6,4.5 lt,6.1 lt,5 yıldız,2022 Renault Clio 1.0 TCe X-Tronic 90 BG Joy NCAP/ANCAP Web Sayfası,2019,Var,,,,,,,Önden Çekişli,,,,,,Otomatik,X-Tronic (Değişken Oranlı)
1201 kg,,1798 mm,4050 mm,1440 mm,,1069 lt,391 lt,,2022 Renault Clio 1.0 TCe X-Tronic 90 BG Touch,,2022 Renault Clio 1.0 TCe X-Tronic 90 BG Touch Test Sürüşü Talep Sayfası,2022 Renault Clio 1.0 TCe X-Tronic 90 BG Touch Ürün Kataloğu,,,,,,,,,,,,,,,Turbo,,3,999 cc,Çok Noktadan Enjeksiyon,12.4 saniye,175 km/s,142 nm,90 BG,Fransa,Hatchback,Binek,Touch,,Hatchback,2022,İçten Yanmalı (Standart),1576 tl/yıl,B,Clio,Benzin,https://www.epey.com/araba/2022-renault-clio-1-0-tce-x-tronic-90-bg-touch.html,,,,,,,116 g/km,,5.1 lt,,42 lt,Euro 6,4.5 lt,6.1 lt,5 yıldız,2022 Renault Clio 1.0 TCe X-Tronic 90 BG Touch NCAP/ANCAP Web Sayfası,2019,Var,,,,,,,Önden Çekişli,,,,,,Otomatik,X-Tronic (Değişken Oranlı)
1372 kg,11.10 mt.,2079 mm,4393 mm,1804 mm,,3000 lt,800 lt,,2022 Renault Express Combi 1.5 Blue dCi D-Full 95 BG Joy,,,2022 Renault Express Combi 1.5 Blue dCi D-Full 95 BG Joy Ürün Kataloğu,,,,,,,,,,,,,,,Turbo,,4,1461 cc,Common Rail Direkt Enjeksiyon,13.0 saniye,166 km/s,260 nm,95 BG,Fransa,Combi,Ticari,Joy,,Kombi,2022,İçten Yanmalı (Standart),2746 tl/yıl,Hafif Ticari,Express,Dizel,https://www.epey.com/araba/2022-renault-express-combi-1-5-blue-dci-d-full-95-bg-joy.html,,,,,,,137 g/km,,5.2 lt,,50 lt,euro6dfull,,,4 yıldız,2022 Renault Express Combi 1.5 Blue dCi D-Full 95 BG Joy NCAP/ANCAP Web Sayfası,2021,Var,,,,,,,Önden Çekişli,,,,,6 ileri,Manuel,
1372 kg,11.10 mt.,2079 mm,4393 mm,1804 mm,,3000 lt,800 lt,,2022 Renault Express Combi 1.5 Blue dCi D-Full 95 BG Touch,,,2022 Renault Express Combi 1.5 Blue dCi D-Full 95 BG Touch Ürün Kataloğu,,,,,,,,,,,,,,,Turbo,,4,1461 cc,Common Rail Direkt Enjeksiyon,13.0 saniye,166 km/s,260 nm,95 BG,Fransa,Combi,Ticari,Touch,,Kombi,2022,İçten Yanmalı (Standart),2746 tl/yıl,Hafif Ticari,Express,Dizel,https://www.epey.com/araba/2022-renault-express-combi-1-5-blue-dci-d-full-95-bg-touch.html,,,,,,,137 g/km,,5.2 lt,,50 lt,euro6dfull,,,4 yıldız,2022 Renault Express Combi 1.5 Blue dCi D-Full 95 BG Touch NCAP/ANCAP Web Sayfası,2021,Var,,,,,,,Önden Çekişli,,,,,6 ileri,Manuel,
1301 kg,11.10 mt.,2079 mm,4393 mm,1804 mm,,3300 lt,,,2022 Renault Express Van 1.5 Blue dCi D-Full 95 BG Joy,,,2022 Renault Express Van 1.5 Blue dCi D-Full 95 BG Joy Ürün Kataloğu,,,,,,,,,,,,,,,Turbo,,4,1461 cc,Common Rail Direkt Enjeksiyon,13.0 saniye,166 km/s,260 nm,95 BG,Fransa,Panelvan,Ticari,Joy,,Panelvan,2022,İçten Yanmalı (Standart),2093 tl/yıl,Hafif Ticari,Express,Dizel,https://www.epey.com/araba/2022-renault-express-van-1-5-blue-dci-d-full-95-bg-joy.html,,,,,,,134 g/km,,5.1 lt,,50 lt,euro6dfull,,,,,,,,,,,,,Önden Çekişli,,,,,6 ileri,Manuel,
1416 kg,,1836 mm,4489 mm,1613 mm,,,527 lt,,2022 Renault Kadjar 1.3 TCe 160 BG EDC Touch Roof (4x2),,2022 Renault Kadjar 1.3 TCe 160 BG EDC Touch Roof (4x2) Test Sürüşü Talep Sayfası,2022 Renault Kadjar 1.3 TCe 160 BG EDC Touch Roof (4x2) Ürün Kataloğu,"3 Yıl / 100 Bin Km Mekanik
3 Yıl Boya
12 Yıl Paslanmazlık",Renault Yardım 444 6247,Var,,,,,,,,,,,,Turbo,,4,1332 cc,Direkt Enjeksiyon,9.3 saniye,205 km/s,270 nm,160 BG,Fransa,,Binek,Touch Roof,,SUV,2022,İçten Yanmalı (Standart),2746 tl/yıl,C,Kadjar,Benzin,https://www.epey.com/araba/2022-renault-kadjar-1-3-tce-160-bg-edc-touch-roof-4x2.html,,,,,,,126 g/km,,5.5 lt,,55 lt,Euro 6,5.1 lt,7.1 lt,5 yıldız,2022 Renault Kadjar 1.3 TCe 160 BG EDC Touch Roof (4x2) NCAP/ANCAP Web Sayfası,2015,Var,,,,,,,Önden Çekişli,,,,,7 ileri,Otomatik,EDC (Çift Kavramalı Otm.)
1381 kg,,1814 mm,4632 mm,1443 mm,,987 lt,503 lt,,2022 Renault Megane 1.3 TCe 140 BG EDC Icon,,2022 Renault Megane 1.3 TCe 140 BG EDC Icon Test Sürüşü Talep Sayfası,2022 Renault Megane 1.3 TCe 140 BG EDC Icon Ürün Kataloğu,,,,,,,,,,,,,,,Turbo,,4,1332 cc,Direkt Enjeksiyon,9.8 saniye,205 km/s,240 nm,140 BG,Fransa,Sedan,Binek,Icon,,Sedan,2022,İçten Yanmalı (Standart),2746 tl/yıl,C,Megane,Benzin,https://www.epey.com/araba/2022-renault-megane-1-3-tce-140-bg-edc-icon.html,,,,,,,121 g/km,,5.3 lt,,50 lt,Euro 6,4.7 lt,6.4 lt,5 yıldız,2022 Renault Megane 1.3 TCe 140 BG EDC Icon NCAP/ANCAP Web Sayfası,2015,Var,,,,,,,Önden Çekişli,,,,,7 ileri,Otomatik,EDC (Çift Kavramalı Otm.)
1381 kg,,1814 mm,4632 mm,1443 mm,,987 lt,503 lt,,2022 Renault Megane 1.3 TCe 140 BG EDC Joy Comfort,,2022 Renault Megane 1.3 TCe 140 BG EDC Joy Comfort Test Sürüşü Talep Sayfası,2022 Renault Megane 1.3 TCe 140 BG EDC Joy Comfort Ürün Kataloğu,,,,,,,,,,,,,,,Turbo,,4,1332 cc,Direkt Enjeksiyon,9.8 saniye,205 km/s,240 nm,140 BG,Fransa,Sedan,Binek,Joy Comfort,,Sedan,2022,İçten Yanmalı (Standart),2746 tl/yıl,C,Megane,Benzin,https://www.epey.com/araba/2022-renault-megane-1-3-tce-140-bg-edc-joy-comfort.html,,,,,,,121 g/km,,5.3 lt,,50 lt,Euro 6,4.7 lt,6.4 lt,5 yıldız,2022 Renault Megane 1.3 TCe 140 BG EDC Joy Comfort NCAP/ANCAP Web Sayfası,2015,Var,,,,,,,Önden Çekişli,,,,,7 ileri,Otomatik,EDC (Çift Kavramalı Otm.)
1381 kg,,1814 mm,4632 mm,1443 mm,,987 lt,503 lt,,2022 Renault Megane 1.3 TCe 140 BG EDC Joy,,2022 Renault Megane 1.3 TCe 140 BG EDC Joy Test Sürüşü Talep Sayfası,2022 Renault Megane 1.3 TCe 140 BG EDC Joy Ürün Kataloğu,,,,,,,,,,,,,,,Turbo,,4,1332 cc,Direkt Enjeksiyon,9.8 saniye,205 km/s,240 nm,140 BG,Fransa,Sedan,Binek,Joy,,Sedan,2022,İçten Yanmalı (Standart),2746 tl/yıl,C,Megane,Benzin,https://www.epey.com/araba/2022-renault-megane-1-3-tce-140-bg-edc-joy.html,,,,,,,121 g/km,,5.3 lt,,50 lt,Euro 6,4.7 lt,6.4 lt,5 yıldız,2022 Renault Megane 1.3 TCe 140 BG EDC Joy NCAP/ANCAP Web Sayfası,2015,Var,,,,,,,Önden Çekişli,,,,,7 ileri,Otomatik,EDC (Çift Kavramalı Otm.)
1381 kg,,1814 mm,4632 mm,1443 mm,,987 lt,503 lt,,2022 Renault Megane 1.3 TCe 140 BG EDC Touch,,2022 Renault Megane 1.3 TCe 140 BG EDC Touch Test Sürüşü Talep Sayfası,2022 Renault Megane 1.3 TCe 140 BG EDC Touch Ürün Kataloğu,,,,,,,,,,,,,,,Turbo,,4,1332 cc,Direkt Enjeksiyon,9.8 saniye,205 km/s,240 nm,140 BG,Fransa,Sedan,Binek,Touch,,Sedan,2022,İçten Yanmalı (Standart),2746 tl/yıl,C,Megane,Benzin,https://www.epey.com/araba/2022-renault-megane-1-3-tce-140-bg-edc-touch.html,,,,,,,121 g/km,,5.3 lt,,50 lt,Euro 6,4.7 lt,6.4 lt,5 yıldız,2022 Renault Megane 1.3 TCe 140 BG EDC Touch NCAP/ANCAP Web Sayfası,2015,Var,,,,,,,Önden Çekişli,,,,,7 ileri,Otomatik,EDC (Çift Kavramalı Otm.)
1353 kg,,1814 mm,4632 mm,1443 mm,,987 lt,503 lt,,2022 Renault Megane 1.3 TCe 140 BG Joy Comfort,,2022 Renault Megane 1.3 TCe 140 BG Joy Comfort Test Sürüşü Talep Sayfası,2022 Renault Megane 1.3 TCe 140 BG Joy Comfort Ürün Kataloğu,,,,,,,,,,,,,,,Turbo,,4,1332 cc,Direkt Enjeksiyon,9.6 saniye,205 km/s,260 nm,140 BG,Fransa,Sedan,Binek,Joy Comfort,,Sedan,2022,İçten Yanmalı (Standart),2746 tl/yıl,C,Megane,Benzin,https://www.epey.com/araba/2022-renault-megane-1-3-tce-140-bg-joy-comfort.html,,,,,,,129 g/km,,5.7 lt,,50 lt,Euro 6,5.0 lt,7.4 lt,5 yıldız,2022 Renault Megane 1.3 TCe 140 BG Joy Comfort NCAP/ANCAP Web Sayfası,2015,Var,,,,,,,Önden Çekişli,,,,,6 ileri,Manuel,
1353 kg,,1814 mm,4632 mm,1443 mm,,987 lt,503 lt,,2022 Renault Megane 1.3 TCe 140 BG Joy,,2022 Renault Megane 1.3 TCe 140 BG Joy Test Sürüşü Talep Sayfası,2022 Renault Megane 1.3 TCe 140 BG Joy Ürün Kataloğu,,,,,,,,,,,,,,,Turbo,,4,1332 cc,Direkt Enjeksiyon,9.6 saniye,205 km/s,260 nm,140 BG,Fransa,Sedan,Binek,Joy,,Sedan,2022,İçten Yanmalı (Standart),2746 tl/yıl,C,Megane,Benzin,https://www.epey.com/araba/2022-renault-megane-1-3-tce-140-bg-joy.html,,,,,,,129 g/km,,5.7 lt,,50 lt,Euro 6,5.0 lt,7.4 lt,5 yıldız,2022 Renault Megane 1.3 TCe 140 BG Joy NCAP/ANCAP Web Sayfası,2015,Var,,,,,,,Önden Çekişli,,,,,6 ileri,Manuel,
1469 kg,,1814 mm,4632 mm,1443 mm,,987 lt,503 lt,,2022 Renault Megane 1.5 Blue dCi 115 BG EDC Icon,,2022 Renault Megane 1.5 Blue dCi 115 BG EDC Icon Test Sürüşü Talep Sayfası,2022 Renault Megane 1.5 Blue dCi 115 BG EDC Icon Ürün Kataloğu,,,,,,,,,,,,,,,Turbo,,4,1461 cc,Common Rail Direkt Enjeksiyon,11.2 saniye,190 km/s,270 nm,115 BG,Fransa,Sedan,Binek,Icon,,Sedan,2022,İçten Yanmalı (Standart),2746 tl/yıl,C,Megane,Dizel,https://www.epey.com/araba/2022-renault-megane-1-5-blue-dci-115-bg-edc-icon.html,,,,,,,108 g/km,,4.1 lt,,49 lt,Euro 6,3.8 lt,4.7 lt,5 yıldız,2022 Renault Megane 1.5 Blue dCi 115 BG EDC Icon NCAP/ANCAP Web Sayfası,2015,Var,,,,,,,Önden Çekişli,,,,,7 ileri,Otomatik,EDC (Çift Kavramalı Otm.)
1469 kg,,1814 mm,4632 mm,1443 mm,,987 lt,503 lt,,2022 Renault Megane 1.5 Blue dCi 115 BG EDC Joy Comfort,,2022 Renault Megane 1.5 Blue dCi 115 BG EDC Joy Comfort Test Sürüşü Talep Sayfası,2022 Renault Megane 1.5 Blue dCi 115 BG EDC Joy Comfort Ürün Kataloğu,,,,,,,,,,,,,,,Turbo,,4,1461 cc,Common Rail Direkt Enjeksiyon,11.2 saniye,190 km/s,270 nm,115 BG,Fransa,Sedan,Binek,Joy Comfort,,Sedan,2022,İçten Yanmalı (Standart),2746 tl/yıl,C,Megane,Dizel,https://www.epey.com/araba/2022-renault-megane-1-5-blue-dci-115-bg-edc-joy-comfort.html,,,,,,,108 g/km,,4.1 lt,,49 lt,Euro 6,3.8 lt,4.7 lt,5 yıldız,2022 Renault Megane 1.5 Blue dCi 115 BG EDC Joy Comfort NCAP/ANCAP Web Sayfası,2015,Var,,,,,,,Önden Çekişli,,,,,7 ileri,Otomatik,EDC (Çift Kavramalı Otm.)
1469 kg,,1814 mm,4632 mm,1443 mm,,987 lt,503 lt,,2022 Renault Megane 1.5 Blue dCi 115 BG EDC Joy,,2022 Renault Megane 1.5 Blue dCi 115 BG EDC Joy Test Sürüşü Talep Sayfası,2022 Renault Megane 1.5 Blue dCi 115 BG EDC Joy Ürün Kataloğu,,,,,,,,,,,,,,,Turbo,,4,1461 cc,Common Rail Direkt Enjeksiyon,11.2 saniye,190 km/s,270 nm,115 BG,Fransa,Sedan,Binek,Joy,,Sedan,2022,İçten Yanmalı (Standart),2746 tl/yıl,C,Megane,Dizel,https://www.epey.com/araba/2022-renault-megane-1-5-blue-dci-115-bg-edc-joy.html,,,,,,,108 g/km,,4.1 lt,,49 lt,Euro 6,3.8 lt,4.7 lt,5 yıldız,2022 Renault Megane 1.5 Blue dCi 115 BG EDC Joy NCAP/ANCAP Web Sayfası,2015,Var,,,,,,,Önden Çekişli,,,,,7 ileri,Otomatik,EDC (Çift Kavramalı Otm.)
1469 kg,,1814 mm,4632 mm,1443 mm,,987 lt,503 lt,,2022 Renault Megane 1.5 Blue dCi 115 BG EDC Touch,,2022 Renault Megane 1.5 Blue dCi 115 BG EDC Touch Test Sürüşü Talep Sayfası,2022 Renault Megane 1.5 Blue dCi 115 BG EDC Touch Ürün Kataloğu,,,,,,,,,,,,,,,Turbo,,4,1461 cc,Common Rail Direkt Enjeksiyon,11.2 saniye,190 km/s,270 nm,115 BG,Fransa,Sedan,Binek,Touch,,Sedan,2022,İçten Yanmalı (Standart),2746 tl/yıl,C,Megane,Dizel,https://www.epey.com/araba/2022-renault-megane-1-5-blue-dci-115-bg-edc-touch.html,,,,,,,108 g/km,,4.1 lt,,49 lt,Euro 6,3.8 lt,4.7 lt,5 yıldız,2022 Renault Megane 1.5 Blue dCi 115 BG EDC Touch NCAP/ANCAP Web Sayfası,2015,Var,,,,,,,Önden Çekişli,,,,,7 ileri,Otomatik,EDC (Çift Kavramalı Otm.)
1109 kg,,1848 mm,4396 mm,1501 mm,,,628 lt,,2022 Renault Taliant 1.0 Sce 65 BG Joy,,2022 Renault Taliant 1.0 Sce 65 BG Joy Test Sürüşü Talep Sayfası,2022 Renault Taliant 1.0 Sce 65 BG Joy Ürün Kataloğu,,,,,,,,,,,,,,,Atmosferik,,3,999 cc,Çok Noktadan Enjeksiyon,17.0 saniye,157 km/s,95 nm,65 BG,Fransa,,Binek,Joy,,Sedan,2022,İçten Yanmalı (Standart),1576 tl/yıl,B,Taliant,Benzin,https://www.epey.com/araba/2022-renault-taliant-1-0-sce-65-bg-joy.html,,,,,,,127 g/km,,5.7 lt,,50 lt,,,,,,,,,,,,,,Önden Çekişli,,,,,5 ileri,Manuel,
1212 kg,,1848 mm,4396 mm,1501 mm,,,628 lt,,2022 Renault Taliant 1.0 Turbo 90 BG X-tronic Joy,,2022 Renault Taliant 1.0 Turbo 90 BG X-tronic Joy Test Sürüşü Talep Sayfası,2022 Renault Taliant 1.0 Turbo 90 BG X-tronic Joy Ürün Kataloğu,,,,,,,,,,,,,,,Turbo,,3,999 cc,Çok Noktadan Enjeksiyon,13.9 saniye,169 km/s,142 nm,90 BG,Fransa,,Binek,Joy,,Sedan,2022,İçten Yanmalı (Standart),1576 tl/yıl,B,Taliant,Benzin,https://www.epey.com/araba/2022-renault-taliant-1-0-turbo-90-bg-x-tronic-joy.html,Yok,,,,,,139 g/km,,6.1 lt,,50 lt,,,,,,,,,,,,,,Önden Çekişli,,,,,,Otomatik,X-Tronic (Değişken Oranlı)
1212 kg,,1848 mm,4396 mm,1501 mm,,,628 lt,,2022 Renault Taliant 1.0 Turbo 90 BG X-tronic Touch,,2022 Renault Taliant 1.0 Turbo 90 BG X-tronic Touch Test Sürüşü Talep Sayfası,2022 Renault Taliant 1.0 Turbo 90 BG X-tronic Touch Ürün Kataloğu,,,,,,,,,,,,,,,Turbo,,3,999 cc,Çok Noktadan Enjeksiyon,13.9 saniye,169 km/s,142 nm,90 BG,Fransa,,Binek,Touch,,Sedan,2022,İçten Yanmalı (Standart),1576 tl/yıl,B,Taliant,Benzin,https://www.epey.com/araba/2022-renault-taliant-1-0-turbo-90-bg-x-tronic-touch.html,Yok,,,,,,139 g/km,,6.1 lt,,50 lt,,,,,,,,,,,,,,Önden Çekişli,,,,,,Otomatik,X-Tronic (Değişken Oranlı)
1226 kg,,1848 mm,4396 mm,1501 mm,,,628 lt,,2022 Renault Taliant 1.0 Turbo ECO 100 BG Joy,,2022 Renault Taliant 1.0 Turbo ECO 100 BG Joy Test Sürüşü Talep Sayfası,2022 Renault Taliant 1.0 Turbo ECO 100 BG Joy Ürün Kataloğu,,,,,,,,,,,,,,,Turbo,,3,999 cc,Çok Noktadan Enjeksiyon,11.7 saniye,184 km/s,170 nm,100 BG,Fransa,,Binek,Joy,,Sedan,2022,İçten Yanmalı (Standart),1576 tl/yıl,B,Taliant,Benzin & LPG,https://www.epey.com/araba/2022-renault-taliant-1-0-turbo-eco-100-bg-joy.html,Var,117 g/km,40 lt,,,,116 g/km,,7.5 lt,,50 lt,,,,,,,,,,,,,,Önden Çekişli,,,,,5 ileri,Manuel,
1497 kg,11.60 mt.,1869 mm,4853 mm,1463 mm,,1022 lt,608 lt,,2022 Renault Talisman 1.3 TCe 160 HP EDC Icon,,2022 Renault Talisman 1.3 TCe 160 HP EDC Icon Test Sürüşü Talep Sayfası,2022 Renault Talisman 1.3 TCe 160 HP EDC Icon Ürün Kataloğu,"3 Yıl / 150 Bin Km Mekanik
3 Yıl Boya
12 Yıl Paslanmazlık",Renault Yardım 444 6247,Var,,,,,,,,,,,,Turbo,,4,1332 cc,Direkt Enjeksiyon,9.6 saniye,207 km/s,270 nm,160 BG,Fransa,,Binek,Icon,,Sedan,2022,İçten Yanmalı (Standart),2746 tl/yıl,D,Talisman,Benzin,https://www.epey.com/araba/2022-renault-talisman-1-3-tce-160-hp-edc-icon.html,,,,,,,125 g/km,,5.5 lt,,50 lt,Euro 6,4.8 lt,6.7 lt,5 yıldız,2022 Renault Talisman 1.3 TCe 160 HP EDC Icon NCAP/ANCAP Web Sayfası,2015,Var,,,,,,,Önden Çekişli,,,,,7 ileri,Otomatik,EDC (Çift Kavramalı Otm.)
1216 kg,10.70 mt.,1780 mm,4108 mm,1461 mm,,1190 lt,380 lt,,2022 Skoda Fabia 1.0 TSI 110 PS DSG Elite,,2022 Skoda Fabia 1.0 TSI 110 PS DSG Elite Test Sürüşü Talep Sayfası,2022 Skoda Fabia 1.0 TSI 110 PS DSG Elite Ürün Kataloğu,,,,,,,,,,,,,,,Turbo,,3,999 cc,Direkt Enjeksiyon,9.9 saniye,205 km/s,200 nm,110 BG,Çek Cumhuriyeti > Almanya,,Binek,Elite,,Hatchback,2022,İçten Yanmalı (Standart),1576 tl/yıl,B,Fabia,Benzin,https://www.epey.com/araba/2022-skoda-fabia-1-0-tsi-110-ps-dsg-elite.html,,,,,,,105 g/km,,4.6 lt,,40 lt,,3.9 lt,5.8 lt,5 yıldız,2022 Skoda Fabia 1.0 TSI 110 PS DSG Elite NCAP/ANCAP Web Sayfası,2021,Var,,,,,,,Önden Çekişli,,,,,7 ileri,Otomatik,DSG (Yarı Otm.)
1216 kg,10.70 mt.,1780 mm,4108 mm,1461 mm,,1190 lt,380 lt,,2022 Skoda Fabia 1.0 TSI 110 PS DSG Premium,,2022 Skoda Fabia 1.0 TSI 110 PS DSG Premium Test Sürüşü Talep Sayfası,2022 Skoda Fabia 1.0 TSI 110 PS DSG Premium Ürün Kataloğu,,,,,,,,,,,,,,,Turbo,,3,999 cc,Direkt Enjeksiyon,9.9 saniye,205 km/s,200 nm,110 BG,Çek Cumhuriyeti > Almanya,,Binek,Premium,,Hatchback,2022,İçten Yanmalı (Standart),1576 tl/yıl,B,Fabia,Benzin,https://www.epey.com/araba/2022-skoda-fabia-1-0-tsi-110-ps-dsg-premium.html,,,,,,,105 g/km,,4.6 lt,,40 lt,,3.9 lt,5.8 lt,5 yıldız,2022 Skoda Fabia 1.0 TSI 110 PS DSG Premium NCAP/ANCAP Web Sayfası,2021,Var,,,,,,,Önden Çekişli,,,,,7 ileri,Otomatik,DSG (Yarı Otm.)
1147 kg,10.70 mt.,1780 mm,4108 mm,1461 mm,,1190 lt,380 lt,,2022 Skoda Fabia 1.0 TSI 95 PS Elite,,2022 Skoda Fabia 1.0 TSI 95 PS Elite Test Sürüşü Talep Sayfası,2022 Skoda Fabia 1.0 TSI 95 PS Elite Ürün Kataloğu,,,,,,,,,,,,,,,Turbo,,3,999 cc,Direkt Enjeksiyon,10.6 saniye,193 km/s,175 nm,95 BG,Çek Cumhuriyeti > Almanya,,Binek,Elite,,Hatchback,2022,İçten Yanmalı (Standart),1576 tl/yıl,B,Fabia,Benzin,https://www.epey.com/araba/2022-skoda-fabia-1-0-tsi-95-ps-elite.html,,,,,,,104 g/km,,4.6 lt,,40 lt,,3.7 lt,6.0 lt,5 yıldız,2022 Skoda Fabia 1.0 TSI 95 PS Elite NCAP/ANCAP Web Sayfası,2021,Var,,,,,,,Önden Çekişli,,,,,5 ileri,Manuel,
1251 kg,10.80 mt.,1793 mm,4241 mm,1531 mm,,1395 lt,400 lt,,2022 Skoda Kamiq 1.0 TSI 110 PS DSG Elite (4x2),,2022 Skoda Kamiq 1.0 TSI 110 PS DSG Elite (4x2) Test Sürüşü Talep Sayfası,2022 Skoda Kamiq 1.0 TSI 110 PS DSG Elite (4x2) Ürün Kataloğu,,,,,,,,,,,,,,,Turbo,,3,999 cc,Direkt Enjeksiyon,10.0 saniye,193 km/s,200 nm,110 BG,Çek Cumhuriyeti > Almanya,,Binek,Elite,,SUV,2022,İçten Yanmalı (Standart),1576 tl/yıl,B,Kamiq,Benzin,https://www.epey.com/araba/2022-skoda-kamiq-1-0-tsi-110-ps-dsg-elite-4x2.html,,,,,,,111 g/km,,4.9 lt,,50 lt,,4.4 lt,5.7 lt,5 yıldız,2022 Skoda Kamiq 1.0 TSI 110 PS DSG Elite (4x2) NCAP/ANCAP Web Sayfası,2019,Var,,,,,,,Önden Çekişli,,,,,7 ileri,Otomatik,DSG (Yarı Otm.)
1251 kg,10.80 mt.,1793 mm,4241 mm,1531 mm,,1395 lt,400 lt,,2022 Skoda Kamiq 1.0 TSI 110 PS DSG Premium (4x2),,2022 Skoda Kamiq 1.0 TSI 110 PS DSG Premium (4x2) Test Sürüşü Talep Sayfası,2022 Skoda Kamiq 1.0 TSI 110 PS DSG Premium (4x2) Ürün Kataloğu,,,,,,,,,,,,,,,Turbo,,3,999 cc,Direkt Enjeksiyon,10.0 saniye,193 km/s,200 nm,110 BG,Çek Cumhuriyeti > Almanya,,Binek,Premium,,SUV,2022,İçten Yanmalı (Standart),1576 tl/yıl,B,Kamiq,Benzin,https://www.epey.com/araba/2022-skoda-kamiq-1-0-tsi-110-ps-dsg-premium-4x2.html,,,,,,,111 g/km,,4.9 lt,,50 lt,,4.4 lt,5.7 lt,5 yıldız,2022 Skoda Kamiq 1.0 TSI 110 PS DSG Premium (4x2) NCAP/ANCAP Web Sayfası,2019,Var,,,,,,,Önden Çekişli,,,,,7 ileri,Otomatik,DSG (Yarı Otm.)
1277 kg,10.80 mt.,1793 mm,4241 mm,1531 mm,,1395 lt,400 lt,,2022 Skoda Kamiq 1.5 TSI ACT 150 PS DSG Premium (4x2),,2022 Skoda Kamiq 1.5 TSI ACT 150 PS DSG Premium (4x2) Test Sürüşü Talep Sayfası,2022 Skoda Kamiq 1.5 TSI ACT 150 PS DSG Premium (4x2) Ürün Kataloğu,,,,,,,,,,,,,,,Turbo,,4,1498 cc,Direkt Enjeksiyon,8.4 saniye,212 km/s,250 nm,150 BG,Çek Cumhuriyeti > Almanya,,Binek,Premium,,SUV,2022,İçten Yanmalı (Standart),2746 tl/yıl,B,Kamiq,Benzin,https://www.epey.com/araba/2022-skoda-kamiq-1-5-tsi-act-150-ps-dsg-premium-4x2.html,,,,,,,115 g/km,,5.0 lt,,50 lt,,4.3 lt,6.4 lt,5 yıldız,2022 Skoda Kamiq 1.5 TSI ACT 150 PS DSG Premium (4x2) NCAP/ANCAP Web Sayfası,2019,Var,,,,,,,Önden Çekişli,,,,,7 ileri,Otomatik,DSG (Yarı Otm.)
1393 kg,10.90 mt.,1841 mm,4382 mm,1603 mm,,1630 lt,521 lt,,2022 Skoda Karoq 1.5 TSI 150 PS ACT DSG Prestige (4x2),,2022 Skoda Karoq 1.5 TSI 150 PS ACT DSG Prestige (4x2) Test Sürüşü Talep Sayfası,2022 Skoda Karoq 1.5 TSI 150 PS ACT DSG Prestige (4x2) Ürün Kataloğu,"2 Yıl Sınırsız Km Mekanik
3 Yıl Boya
12 Yıl Paslanmazlık","Skoda Yol Yardımı 0212 216 4228
Skoda Yol Yardımı 0212 275 0121
Skoda Yol Yardımı 0800 211 4106",Var,,,,,,,,,,,,Turbo,ACT (Aktif Silindir Yönetimi),4,1498 cc,TSI - Doğrudan Enjeksiyon,8.6 saniye,203 km/s,250 nm,150 BG,Çek Cumhuriyeti > Almanya,,Binek,Prestige,,SUV,2022,İçten Yanmalı (Standart),2746 tl/yıl,C,Karoq,Benzin,https://www.epey.com/araba/2022-skoda-karoq-1-5-tsi-150-ps-act-dsg-prestige-4x2.html,,,,,,,127 g/km,,5.6 lt,,50 lt,Euro 6,5.0 lt,6.8 lt,5 yıldız,2022 Skoda Karoq 1.5 TSI 150 PS ACT DSG Prestige (4x2) NCAP/ANCAP Web Sayfası,2017,Var,,,,,,,Önden Çekişli,,,,,7 ileri,Otomatik,DSG (Yarı Otm.)
1417 kg,10.9 mt.,1841 mm,4440 mm,1616 mm,,1630 lt,521 lt,,2022 Skoda Karoq 1.5 TSI ACT 150 PS DSG Elite (4x2),,2022 Skoda Karoq 1.5 TSI ACT 150 PS DSG Elite (4x2) Test Sürüşü Talep Sayfası,2022 Skoda Karoq 1.5 TSI ACT 150 PS DSG Elite (4x2) Ürün Kataloğu,,,,,,,,,,,,,,,Turbo,,4,1498 cc,Direkt Enjeksiyon,8.8 saniye,210 km/s,250 nm,150 BG,Çek Cumhuriyeti > Almanya,,Binek,Elite,,SUV,2022,İçten Yanmalı (Standart),2746 tl/yıl,C,Karoq,Benzin,https://www.epey.com/araba/2022-skoda-karoq-1-5-tsi-act-150-ps-dsg-elite-4x2.html,,,,,,,124 g/km,,5.4 lt,,50 lt,,4.7 lt,6.7 lt,,,,,,,,,,,Önden Çekişli,,,,,7 ileri,Otomatik,DSG (Yarı Otm.)
1417 kg,10.9 mt.,1841 mm,4440 mm,1616 mm,,1630 lt,521 lt,,2022 Skoda Karoq 1.5 TSI ACT 150 PS DSG Prestige (4x2),,2022 Skoda Karoq 1.5 TSI ACT 150 PS DSG Prestige (4x2) Test Sürüşü Talep Sayfası,2022 Skoda Karoq 1.5 TSI ACT 150 PS DSG Prestige (4x2) Ürün Kataloğu,,,,,,,,,,,,,,,Turbo,,4,1498 cc,Direkt Enjeksiyon,8.8 saniye,210 km/s,250 nm,150 BG,Çek Cumhuriyeti > Almanya,,Binek,Prestige,,SUV,2022,İçten Yanmalı (Standart),2746 tl/yıl,C,Karoq,Benzin,https://www.epey.com/araba/2022-skoda-karoq-1-5-tsi-act-150-ps-dsg-prestige-4x2.html,,,,,,,124 g/km,,5.4 lt,,50 lt,,4.7 lt,6.7 lt,5 yıldız,2022 Skoda Karoq 1.5 TSI ACT 150 PS DSG Prestige (4x2) NCAP/ANCAP Web Sayfası,2017,Var,,,,,,,Önden Çekişli,,,,,7 ileri,Otomatik,DSG (Yarı Otm.)
1417 kg,10.9 mt.,1841 mm,4440 mm,1616 mm,,1630 lt,521 lt,,2022 Skoda Karoq 1.5 TSI ACT 150 PS DSG Sportline (4x2),,2022 Skoda Karoq 1.5 TSI ACT 150 PS DSG Sportline (4x2) Test Sürüşü Talep Sayfası,2022 Skoda Karoq 1.5 TSI ACT 150 PS DSG Sportline (4x2) Ürün Kataloğu,,,,,,,,,,,,,,,Turbo,,4,1498 cc,Direkt Enjeksiyon,8.8 saniye,210 km/s,250 nm,150 BG,Çek Cumhuriyeti > Almanya,,Binek,Sportline,,SUV,2022,İçten Yanmalı (Standart),2746 tl/yıl,C,Karoq,Benzin,https://www.epey.com/araba/2022-skoda-karoq-1-5-tsi-act-150-ps-dsg-sportline-4x2.html,,,,,,,124 g/km,,5.4 lt,,50 lt,,4.7 lt,6.7 lt,5 yıldız,2022 Skoda Karoq 1.5 TSI ACT 150 PS DSG Sportline (4x2) NCAP/ANCAP Web Sayfası,2017,Var,,,,,,,Önden Çekişli,,,,,7 ileri,Otomatik,DSG (Yarı Otm.)
1602 kg,12.20 mt.,1882 mm,4697 mm,1681 mm,,2065 lt,835 lt,,2022 Skoda Kodiaq 1.5 TSI 150 PS DSG Elite (4x2),,2022 Skoda Kodiaq 1.5 TSI 150 PS DSG Elite (4x2) Test Sürüşü Talep Sayfası,2022 Skoda Kodiaq 1.5 TSI 150 PS DSG Elite (4x2) Ürün Kataloğu,"2 Yıl Sınırsız Km Mekanik
3 Yıl Boya
12 Yıl Paslanmazlık","Skoda Yol Yardımı 0212 216 4228
Skoda Yol Yardımı 0212 275 0121
Skoda Yol Yardımı 0800 211 4106",Var,,,,,,,,,,,,Turbo,,4,1498 cc,TSI - Doğrudan Enjeksiyon,9.7 saniye,205 km/s,250 nm,150 BG,Çek Cumhuriyeti > Almanya,,Binek,Elite,,SUV,2022,İçten Yanmalı (Standart),2746 tl/yıl,D,Kodiaq,Benzin,https://www.epey.com/araba/2022-skoda-kodiaq-1-5-tsi-150-ps-dsg-elite-4x2.html,,,,,,,135 g/km,,5.9 lt,,58 lt,,5.2 lt,7.2 lt,5 yıldız,2022 Skoda Kodiaq 1.5 TSI 150 PS DSG Elite (4x2) NCAP/ANCAP Web Sayfası,2017,Var,,,,,,,Önden Çekişli,,,,,7 ileri,Otomatik,DSG (Yarı Otm.)
1602 kg,12.20 mt.,1882 mm,4697 mm,1681 mm,,2065 lt,835 lt,,2022 Skoda Kodiaq 1.5 TSI 150 PS DSG L&K Crystal (4x2),,2022 Skoda Kodiaq 1.5 TSI 150 PS DSG L&K Crystal (4x2) Test Sürüşü Talep Sayfası,2022 Skoda Kodiaq 1.5 TSI 150 PS DSG L&K Crystal (4x2) Ürün Kataloğu,"2 Yıl Sınırsız Km Mekanik
3 Yıl Boya
12 Yıl Paslanmazlık","Skoda Yol Yardımı 0212 216 4228
Skoda Yol Yardımı 0212 275 0121
Skoda Yol Yardımı 0800 211 4106",Var,,,,,,,,,,,,Turbo,,4,1498 cc,TSI - Doğrudan Enjeksiyon,9.7 saniye,205 km/s,250 nm,150 BG,Çek Cumhuriyeti > Almanya,,Binek,L&K Crystal,,SUV,2022,İçten Yanmalı (Standart),2746 tl/yıl,D,Kodiaq,Benzin,https://www.epey.com/araba/2022-skoda-kodiaq-1-5-tsi-150-ps-dsg-lk-crystal-4x2.html,,,,,,,135 g/km,,5.9 lt,,58 lt,,5.2 lt,7.2 lt,5 yıldız,2022 Skoda Kodiaq 1.5 TSI 150 PS DSG L&K Crystal (4x2) NCAP/ANCAP Web Sayfası,2017,Var,,,,,,,Önden Çekişli,,,,,7 ileri,Otomatik,DSG (Yarı Otm.)
1602 kg,12.20 mt.,1882 mm,4697 mm,1681 mm,,2065 lt,835 lt,,2022 Skoda Kodiaq 1.5 TSI 150 PS DSG Premium (4x2),,2022 Skoda Kodiaq 1.5 TSI 150 PS DSG Premium (4x2) Test Sürüşü Talep Sayfası,2022 Skoda Kodiaq 1.5 TSI 150 PS DSG Premium (4x2) Ürün Kataloğu,"2 Yıl Sınırsız Km Mekanik
3 Yıl Boya
12 Yıl Paslanmazlık","Skoda Yol Yardımı 0212 216 4228
Skoda Yol Yardımı 0212 275 0121
Skoda Yol Yardımı 0800 211 4106",Var,,,,,,,,,,,,Turbo,,4,1498 cc,TSI - Doğrudan Enjeksiyon,9.7 saniye,205 km/s,250 nm,150 BG,Çek Cumhuriyeti > Almanya,,Binek,Premium,,SUV,2022,İçten Yanmalı (Standart),2746 tl/yıl,D,Kodiaq,Benzin,https://www.epey.com/araba/2022-skoda-kodiaq-1-5-tsi-150-ps-dsg-premium-4x2.html,,,,,,,135 g/km,,5.9 lt,,58 lt,,5.2 lt,7.2 lt,5 yıldız,2022 Skoda Kodiaq 1.5 TSI 150 PS DSG Premium (4x2) NCAP/ANCAP Web Sayfası,2017,Var,,,,,,,Önden Çekişli,,,,,7 ileri,Otomatik,DSG (Yarı Otm.)
1602 kg,12.20 mt.,1882 mm,4697 mm,1681 mm,,2065 lt,835 lt,,2022 Skoda Kodiaq 1.5 TSI 150 PS DSG Prestige (4x2),,2022 Skoda Kodiaq 1.5 TSI 150 PS DSG Prestige (4x2) Test Sürüşü Talep Sayfası,2022 Skoda Kodiaq 1.5 TSI 150 PS DSG Prestige (4x2) Ürün Kataloğu,"2 Yıl Sınırsız Km Mekanik
3 Yıl Boya
12 Yıl Paslanmazlık","Skoda Yol Yardımı 0212 216 4228
Skoda Yol Yardımı 0212 275 0121
Skoda Yol Yardımı 0800 211 4106",Var,,,,,,,,,,,,Turbo,,4,1498 cc,TSI - Doğrudan Enjeksiyon,9.7 saniye,205 km/s,250 nm,150 BG,Çek Cumhuriyeti > Almanya,,Binek,Prestige,,SUV,2022,İçten Yanmalı (Standart),2746 tl/yıl,D,Kodiaq,Benzin,https://www.epey.com/araba/2022-skoda-kodiaq-1-5-tsi-150-ps-dsg-prestige-4x2.html,,,,,,,135 g/km,,5.9 lt,,58 lt,,5.2 lt,7.2 lt,5 yıldız,2022 Skoda Kodiaq 1.5 TSI 150 PS DSG Prestige (4x2) NCAP/ANCAP Web Sayfası,2017,Var,,,,,,,Önden Çekişli,,,,,7 ileri,Otomatik,DSG (Yarı Otm.)
1602 kg,12.20 mt.,1882 mm,4697 mm,1681 mm,,2065 lt,835 lt,,2022 Skoda Kodiaq 1.5 TSI 150 PS DSG Sportline (4x2),,2022 Skoda Kodiaq 1.5 TSI 150 PS DSG Sportline (4x2) Test Sürüşü Talep Sayfası,2022 Skoda Kodiaq 1.5 TSI 150 PS DSG Sportline (4x2) Ürün Kataloğu,"2 Yıl Sınırsız Km Mekanik
3 Yıl Boya
12 Yıl Paslanmazlık","Skoda Yol Yardımı 0212 216 4228
Skoda Yol Yardımı 0212 275 0121
Skoda Yol Yardımı 0800 211 4106",Var,,,,,,,,,,,,Turbo,,4,1498 cc,TSI - Doğrudan Enjeksiyon,9.7 saniye,205 km/s,250 nm,150 BG,Çek Cumhuriyeti > Almanya,,Binek,Sportline,,SUV,2022,İçten Yanmalı (Standart),2746 tl/yıl,D,Kodiaq,Benzin,https://www.epey.com/araba/2022-skoda-kodiaq-1-5-tsi-150-ps-dsg-sportline-4x2.html,,,,,,,135 g/km,,5.9 lt,,58 lt,,5.2 lt,7.2 lt,5 yıldız,2022 Skoda Kodiaq 1.5 TSI 150 PS DSG Sportline (4x2) NCAP/ANCAP Web Sayfası,2017,Var,,,,,,,Önden Çekişli,,,,,7 ileri,Otomatik,DSG (Yarı Otm.)
1843 kg,12.20 mt.,1882 mm,4697 mm,1681 mm,,2065 lt,835 lt,,2022 Skoda Kodiaq 2.0 TDI SCR 200 PS DSG L&K Crystal (4x4),,2022 Skoda Kodiaq 2.0 TDI SCR 200 PS DSG L&K Crystal (4x4) Test Sürüşü Talep Sayfası,2022 Skoda Kodiaq 2.0 TDI SCR 200 PS DSG L&K Crystal (4x4) Ürün Kataloğu,"2 Yıl Sınırsız Km Mekanik
3 Yıl Boya
12 Yıl Paslanmazlık","Skoda Yol Yardımı 0212 216 4228
Skoda Yol Yardımı 0212 275 0121
Skoda Yol Yardımı 0800 211 4106",Var,,,,,,,,,,,,Turbo,,4,1968 cc,Common Rail Direkt Enjeksiyon,7.7 saniye,218 km/s,400 nm,200 BG,Çek Cumhuriyeti > Almanya,,Binek,L&K Crystal,,SUV,2022,İçten Yanmalı (Standart),7641 tl/yıl,D,Kodiaq,Dizel,https://www.epey.com/araba/2022-skoda-kodiaq-2-0-tdi-scr-200-ps-dsg-lk-crystal-4x4.html,,,,,,,143 g/km,,5.4 lt,,58 lt,,4.8 lt,6.5 lt,5 yıldız,2022 Skoda Kodiaq 2.0 TDI SCR 200 PS DSG L&K Crystal (4x4) NCAP/ANCAP Web Sayfası,2017,Var,,,,,,,4x4 Çekişli,,,,,7 ileri,Otomatik,DSG (Yarı Otm.)
1833 kg,12.20 mt.,1882 mm,4697 mm,1681 mm,,2065 lt,835 lt,,2022 Skoda Kodiaq 2.0 TSI 245 PS DSG RS (4x4),,2022 Skoda Kodiaq 2.0 TSI 245 PS DSG RS (4x4) Test Sürüşü Talep Sayfası,2022 Skoda Kodiaq 2.0 TSI 245 PS DSG RS (4x4) Ürün Kataloğu,"2 Yıl Sınırsız Km Mekanik
3 Yıl Boya
12 Yıl Paslanmazlık","Skoda Yol Yardımı 0212 216 4228
Skoda Yol Yardımı 0212 275 0121
Skoda Yol Yardımı 0800 211 4106",Var,,,,,,,,,,,,Turbo,,4,1984 cc,Direkt Enjeksiyon,6.5 saniye,234 km/s,370 nm,245 BG,Çek Cumhuriyeti > Almanya,,Binek,RS,,SUV,2022,İçten Yanmalı (Standart),7641 tl/yıl,D,Kodiaq,Benzin,https://www.epey.com/araba/2022-skoda-kodiaq-2-0-tsi-245-ps-dsg-rs-4x4.html,,,,,,,170 g/km,,7.4 lt,,58 lt,,6.2 lt,9.5 lt,5 yıldız,2022 Skoda Kodiaq 2.0 TSI 245 PS DSG RS (4x4) NCAP/ANCAP Web Sayfası,2017,Var,,,,,,,4x4 Çekişli,,,,,7 ileri,Otomatik,DSG (Yarı Otm.)
1341 kg,10.40 mt.,1829 mm,4689 mm,1486 mm,,1555 lt,600 lt,,2022 Skoda Octavia 1.0 TSI E-Tec 110 PS DSG Elite,,2022 Skoda Octavia 1.0 TSI E-Tec 110 PS DSG Elite Test Sürüşü Talep Sayfası,2022 Skoda Octavia 1.0 TSI E-Tec 110 PS DSG Elite Ürün Kataloğu,,,,,,,Lityum İyon,48 V Elektrik Motoru,,,,,,,Turbo,,3,999 cc,,10.5 saniye,208 km/s,200 nm,110 BG,Çek Cumhuriyeti > Almanya,,Binek,Elite,,Sedan,2022,MHEV (Yarı Hibrit Sistem),1576 tl/yıl,C,Octavia,Benzin & Elektrik,https://www.epey.com/araba/2022-skoda-octavia-1-0-tsi-e-tec-110-ps-dsg-elite.html,,,,,,,98 g/km,,4.3 lt,,47.8 lt,,3.8 lt,5.1 lt,5 yıldız,2022 Skoda Octavia 1.0 TSI E-Tec 110 PS DSG Elite NCAP/ANCAP Web Sayfası,2019,Var,,,,,,,Önden Çekişli,,,,,7 ileri,Otomatik,DSG (Yarı Otm.)
1341 kg,10.40 mt.,1829 mm,4689 mm,1486 mm,,1555 lt,600 lt,,2022 Skoda Octavia 1.0 TSI E-Tec 110 PS DSG Premium,,2022 Skoda Octavia 1.0 TSI E-Tec 110 PS DSG Premium Test Sürüşü Talep Sayfası,2022 Skoda Octavia 1.0 TSI E-Tec 110 PS DSG Premium Ürün Kataloğu,,,,,,,Lityum İyon,48 V Elektrik Motoru,,,,,,,Turbo,,3,999 cc,,10.5 saniye,208 km/s,200 nm,110 BG,Çek Cumhuriyeti > Almanya,,Binek,Premium,,Sedan,2022,MHEV (Yarı Hibrit Sistem),1576 tl/yıl,C,Octavia,Benzin & Elektrik,https://www.epey.com/araba/2022-skoda-octavia-1-0-tsi-e-tec-110-ps-dsg-premium.html,,,,,,,98 g/km,,4.3 lt,,47.8 lt,,3.8 lt,5.1 lt,5 yıldız,2022 Skoda Octavia 1.0 TSI E-Tec 110 PS DSG Premium NCAP/ANCAP Web Sayfası,2019,Var,,,,,,,Önden Çekişli,,,,,7 ileri,Otomatik,DSG (Yarı Otm.)
1371 kg,10.40 mt.,1829 mm,4689 mm,1486 mm,,1555 lt,600 lt,,2022 Skoda Octavia 1.5 TSI E-Tec 150 PS ACT DSG Elite,,2022 Skoda Octavia 1.5 TSI E-Tec 150 PS ACT DSG Elite Test Sürüşü Talep Sayfası,2022 Skoda Octavia 1.5 TSI E-Tec 150 PS ACT DSG Elite Ürün Kataloğu,,,,,,,Lityum İyon,48 V Elektrik Motoru,,,,,,,Turbo,,4,1498 cc,,8.5 saniye,230 km/s,250 nm,150 BG,Çek Cumhuriyeti > Almanya,,Binek,Elite,,Sedan,2022,MHEV (Yarı Hibrit Sistem),2746 tl/yıl,C,Octavia,Benzin & Elektrik,https://www.epey.com/araba/2022-skoda-octavia-1-5-tsi-e-tec-150-ps-act-dsg-elite.html,,,,,,,107 g/km,,4.7 lt,,47.8 lt,,4.0 lt,5.9 lt,5 yıldız,2022 Skoda Octavia 1.5 TSI E-Tec 150 PS ACT DSG Elite NCAP/ANCAP Web Sayfası,2019,Var,,,,,,,Önden Çekişli,,,,,7 ileri,Otomatik,DSG (Yarı Otm.)
1371 kg,10.40 mt.,1829 mm,4689 mm,1486 mm,,1555 lt,600 lt,,2022 Skoda Octavia 1.5 TSI E-Tec 150 PS ACT DSG Premium,,2022 Skoda Octavia 1.5 TSI E-Tec 150 PS ACT DSG Premium Test Sürüşü Talep Sayfası,2022 Skoda Octavia 1.5 TSI E-Tec 150 PS ACT DSG Premium Ürün Kataloğu,,,,,,,Lityum İyon,48 V Elektrik Motoru,,,,,,,Turbo,,4,1498 cc,,8.5 saniye,230 km/s,250 nm,150 BG,Çek Cumhuriyeti > Almanya,,Binek,Premium,,Sedan,2022,MHEV (Yarı Hibrit Sistem),2746 tl/yıl,C,Octavia,Benzin & Elektrik,https://www.epey.com/araba/2022-skoda-octavia-1-5-tsi-e-tec-150-ps-act-dsg-premium.html,,,,,,,107 g/km,,4.7 lt,,47.8 lt,,4.0 lt,5.9 lt,5 yıldız,2022 Skoda Octavia 1.5 TSI E-Tec 150 PS ACT DSG Premium NCAP/ANCAP Web Sayfası,2019,Var,,,,,,,Önden Çekişli,,,,,7 ileri,Otomatik,DSG (Yarı Otm.)
1470 kg,11.70 mt.,1864 mm,4869 mm,1503 mm,,1730 lt,595 lt,,2022 Skoda Superb 1.5 TSI 150 HP DSG Elite,,2022 Skoda Superb 1.5 TSI 150 HP DSG Elite Test Sürüşü Talep Sayfası,2022 Skoda Superb 1.5 TSI 150 HP DSG Elite Ürün Kataloğu,"2 Yıl Sınırsız Km Mekanik
3 Yıl Boya
12 Yıl Paslanmazlık","Skoda Yol Yardımı 0212 216 4228
Skoda Yol Yardımı 0212 275 0121
Skoda Yol Yardımı 0800 211 4106",Var,,,,,,,,,,,,Turbo,,4,1498 cc,TSI - Doğrudan Enjeksiyon,9.2 saniye,219 km/s,250 nm,150 BG,Çek Cumhuriyeti > Almanya,,Binek,Elite,,Sedan,2022,İçten Yanmalı (Standart),2746 tl/yıl,D,Superb,Benzin,https://www.epey.com/araba/2022-skoda-superb-1-5-tsi-150-hp-dsg-elite.html,,,,,,,123 g/km,,5.4 lt,,66 lt,Euro 6,4.6 lt,6.8 lt,5 yıldız,2022 Skoda Superb 1.5 TSI 150 HP DSG Elite NCAP/ANCAP Web Sayfası,2015,Var,,,,,,,Önden Çekişli,,,,,7 ileri,Otomatik,DSG (Yarı Otm.)
1470 kg,11.70 mt.,1864 mm,4869 mm,1503 mm,,1730 lt,595 lt,,2022 Skoda Superb 1.5 TSI 150 HP DSG L&K Crystal,,2022 Skoda Superb 1.5 TSI 150 HP DSG L&K Crystal Test Sürüşü Talep Sayfası,2022 Skoda Superb 1.5 TSI 150 HP DSG L&K Crystal Ürün Kataloğu,"2 Yıl Sınırsız Km Mekanik
3 Yıl Boya
12 Yıl Paslanmazlık","Skoda Yol Yardımı 0212 216 4228
Skoda Yol Yardımı 0212 275 0121
Skoda Yol Yardımı 0800 211 4106",Var,,,,,,,,,,,,Turbo,,4,1498 cc,TSI - Doğrudan Enjeksiyon,9.2 saniye,219 km/s,250 nm,150 BG,Çek Cumhuriyeti > Almanya,,Binek,L&K Crystal,,Sedan,2022,İçten Yanmalı (Standart),2746 tl/yıl,D,Superb,Benzin,https://www.epey.com/araba/2022-skoda-superb-1-5-tsi-150-hp-dsg-lk-crystal.html,,,,,,,123 g/km,,5.4 lt,,66 lt,Euro 6,4.6 lt,6.8 lt,5 yıldız,2022 Skoda Superb 1.5 TSI 150 HP DSG L&K Crystal NCAP/ANCAP Web Sayfası,2015,Var,,,,,,,Önden Çekişli,,,,,7 ileri,Otomatik,DSG (Yarı Otm.)
1470 kg,11.70 mt.,1864 mm,4869 mm,1503 mm,,1730 lt,595 lt,,2022 Skoda Superb 1.5 TSI 150 HP DSG Premium,,2022 Skoda Superb 1.5 TSI 150 HP DSG Premium Test Sürüşü Talep Sayfası,2022 Skoda Superb 1.5 TSI 150 HP DSG Premium Ürün Kataloğu,"2 Yıl Sınırsız Km Mekanik
3 Yıl Boya
12 Yıl Paslanmazlık","Skoda Yol Yardımı 0212 216 4228
Skoda Yol Yardımı 0212 275 0121
Skoda Yol Yardımı 0800 211 4106",Var,,,,,,,,,,,,Turbo,,4,1498 cc,TSI - Doğrudan Enjeksiyon,9.2 saniye,219 km/s,250 nm,150 BG,Çek Cumhuriyeti > Almanya,,Binek,Premium,,Sedan,2022,İçten Yanmalı (Standart),2746 tl/yıl,D,Superb,Benzin,https://www.epey.com/araba/2022-skoda-superb-1-5-tsi-150-hp-dsg-premium.html,,,,,,,123 g/km,,5.4 lt,,66 lt,Euro 6,4.6 lt,6.8 lt,5 yıldız,2022 Skoda Superb 1.5 TSI 150 HP DSG Premium NCAP/ANCAP Web Sayfası,2015,Var,,,,,,,Önden Çekişli,,,,,7 ileri,Otomatik,DSG (Yarı Otm.)
1470 kg,11.70 mt.,1864 mm,4869 mm,1503 mm,,1730 lt,595 lt,,2022 Skoda Superb 1.5 TSI 150 HP DSG Prestige,,2022 Skoda Superb 1.5 TSI 150 HP DSG Prestige Test Sürüşü Talep Sayfası,2022 Skoda Superb 1.5 TSI 150 HP DSG Prestige Ürün Kataloğu,"2 Yıl Sınırsız Km Mekanik
3 Yıl Boya
12 Yıl Paslanmazlık","Skoda Yol Yardımı 0212 216 4228
Skoda Yol Yardımı 0212 275 0121
Skoda Yol Yardımı 0800 211 4106",Var,,,,,,,,,,,,Turbo,,4,1498 cc,TSI - Doğrudan Enjeksiyon,9.2 saniye,219 km/s,250 nm,150 BG,Çek Cumhuriyeti > Almanya,,Binek,Prestige,,Sedan,2022,İçten Yanmalı (Standart),2746 tl/yıl,D,Superb,Benzin,https://www.epey.com/araba/2022-skoda-superb-1-5-tsi-150-hp-dsg-prestige.html,,,,,,,123 g/km,,5.4 lt,,66 lt,Euro 6,4.6 lt,6.8 lt,5 yıldız,2022 Skoda Superb 1.5 TSI 150 HP DSG Prestige NCAP/ANCAP Web Sayfası,2015,Var,,,,,,,Önden Çekişli,,,,,7 ileri,Otomatik,DSG (Yarı Otm.)
1470 kg,11.70 mt.,1864 mm,4869 mm,1503 mm,,1730 lt,595 lt,,2022 Skoda Superb 1.5 TSI 150 HP DSG Sportline,,2022 Skoda Superb 1.5 TSI 150 HP DSG Sportline Test Sürüşü Talep Sayfası,2022 Skoda Superb 1.5 TSI 150 HP DSG Sportline Ürün Kataloğu,"2 Yıl Sınırsız Km Mekanik
3 Yıl Boya
12 Yıl Paslanmazlık","Skoda Yol Yardımı 0212 216 4228
Skoda Yol Yardımı 0212 275 0121
Skoda Yol Yardımı 0800 211 4106",Var,,,,,,,,,,,,Turbo,,4,1498 cc,TSI - Doğrudan Enjeksiyon,9.2 saniye,219 km/s,250 nm,150 BG,Çek Cumhuriyeti > Almanya,,Binek,Sportline,,Sedan,2022,İçten Yanmalı (Standart),2746 tl/yıl,D,Superb,Benzin,https://www.epey.com/araba/2022-skoda-superb-1-5-tsi-150-hp-dsg-sportline.html,,,,,,,123 g/km,,5.4 lt,,66 lt,Euro 6,4.6 lt,6.8 lt,5 yıldız,2022 Skoda Superb 1.5 TSI 150 HP DSG Sportline NCAP/ANCAP Web Sayfası,2015,Var,,,,,,,Önden Çekişli,,,,,7 ileri,Otomatik,DSG (Yarı Otm.)
1665 kg,11.70 mt.,1864 mm,4869 mm,1503 mm,,1730 lt,595 lt,,2022 Skoda Superb 2.0 TDI 190 HP DSG L&K Crystal (4x4),,2022 Skoda Superb 2.0 TDI 190 HP DSG L&K Crystal (4x4) Test Sürüşü Talep Sayfası,2022 Skoda Superb 2.0 TDI 190 HP DSG L&K Crystal (4x4) Ürün Kataloğu,"2 Yıl Sınırsız Km Mekanik
3 Yıl Boya
12 Yıl Paslanmazlık","Skoda Yol Yardımı 0212 216 4228
Skoda Yol Yardımı 0212 275 0121
Skoda Yol Yardımı 0800 211 4106",Var,,,,,,,,,,,,Turbo,,4,1968 cc,Common Rail Direkt Enjeksiyon,8.0 saniye,232 km/s,400 nm,190 BG,Çek Cumhuriyeti > Almanya,,Binek,L&K Crystal,,Sedan,2022,İçten Yanmalı (Standart),7641 tl/yıl,D,Superb,Dizel,https://www.epey.com/araba/2022-skoda-superb-2-0-tdi-190-hp-dsg-lk-crystal-4x4.html,,,,,,,129 g/km,,4.9 lt,,66 lt,Euro 6,4.4 lt,5.8 lt,5 yıldız,2022 Skoda Superb 2.0 TDI 190 HP DSG L&K Crystal (4x4) NCAP/ANCAP Web Sayfası,2015,Var,,,,,,,4x4 Çekişli,,,,,7 ileri,Otomatik,DSG (Yarı Otm.)
1495 kg,,1795 mm,4390 mm,1555 mm,377 Lt.Hacim (Lastik Tamir Kitli Modellerde),,297 lt,,2022 Toyota C-HR 1.8 Hybrid 122 PS e-CVT Flame (4x2),,2022 Toyota C-HR 1.8 Hybrid 122 PS e-CVT Flame (4x2) Test Sürüşü Talep Sayfası,2022 Toyota C-HR 1.8 Hybrid 122 PS e-CVT Flame (4x2) Ürün Kataloğu,"3 Yıl / 100 Bin Km Mekanik
3 Yıl Boya
12 Yıl Paslanmazlık","Toyota Asistanım 0212 233 3145
Toyota Asistanım 0800 211 6166
Toyota İletişim Merkezi 0212 354 0354",Var,163 nm,,,Lityum İyon,,,,,,,,Atmosferik,,4,1798 cc,EFI (Elektronik Yakıt Püskürtme),11.0 saniye,170 km/s,142 nm,122 BG,Japonya,,Binek,Flame,,SUV,2022,HEV (Benzinli & Elektrikli),4851 tl/yıl,B,C-HR,Benzin & Elektrik,https://www.epey.com/araba/2022-toyota-c-hr-1-8-hybrid-122-ps-e-cvt-flame-4x2.html,,,,,,,86 g/km,,3.8 lt,,43 lt,Euro 6,3.2 lt,4.2 lt,5 yıldız,2022 Toyota C-HR 1.8 Hybrid 122 PS e-CVT Flame (4x2) NCAP/ANCAP Web Sayfası,2017,Var,,,,,,,Önden Çekişli,,,,,,Otomatik,e-CVT (Elk.Kont.Sürekli Değişken)
1495 kg,,1795 mm,4390 mm,1555 mm,377 Lt.Hacim (Lastik Tamir Kitli Modellerde),,297 lt,,2022 Toyota C-HR 1.8 Hybrid 122 PS e-CVT Passion (4x2),,2022 Toyota C-HR 1.8 Hybrid 122 PS e-CVT Passion (4x2) Test Sürüşü Talep Sayfası,2022 Toyota C-HR 1.8 Hybrid 122 PS e-CVT Passion (4x2) Ürün Kataloğu,"3 Yıl / 100 Bin Km Mekanik
3 Yıl Boya
12 Yıl Paslanmazlık","Toyota Asistanım 0212 233 3145
Toyota Asistanım 0800 211 6166
Toyota İletişim Merkezi 0212 354 0354",Var,163 nm,,,Lityum İyon,,,,,,,,Atmosferik,,4,1798 cc,EFI (Elektronik Yakıt Püskürtme),11.0 saniye,170 km/s,142 nm,122 BG,Japonya,,Binek,Passion,,SUV,2022,HEV (Benzinli & Elektrikli),4851 tl/yıl,B,C-HR,Benzin & Elektrik,https://www.epey.com/araba/2022-toyota-c-hr-1-8-hybrid-122-ps-e-cvt-passion-4x2.html,,,,,,,86 g/km,,3.8 lt,,43 lt,Euro 6,3.2 lt,4.2 lt,5 yıldız,2022 Toyota C-HR 1.8 Hybrid 122 PS e-CVT Passion (4x2) NCAP/ANCAP Web Sayfası,2017,Var,,,,,,,Önden Çekişli,,,,,,Otomatik,e-CVT (Elk.Kont.Sürekli Değişken)
1495 kg,,1795 mm,4390 mm,1555 mm,377 Lt.Hacim (Lastik Tamir Kitli Modellerde),,297 lt,,2022 Toyota C-HR 1.8 Hybrid 122 PS e-CVT Passion X-Pack (4x2),,2022 Toyota C-HR 1.8 Hybrid 122 PS e-CVT Passion X-Pack (4x2) Test Sürüşü Talep Sayfası,2022 Toyota C-HR 1.8 Hybrid 122 PS e-CVT Passion X-Pack (4x2) Ürün Kataloğu,"3 Yıl / 100 Bin Km Mekanik
3 Yıl Boya
12 Yıl Paslanmazlık","Toyota Asistanım 0212 233 3145
Toyota Asistanım 0800 211 6166
Toyota İletişim Merkezi 0212 354 0354",Var,163 nm,,,Lityum İyon,,,,,,,,Atmosferik,,4,1798 cc,EFI (Elektronik Yakıt Püskürtme),11.0 saniye,170 km/s,142 nm,122 BG,Japonya,,Binek,Passion X-Pack,,SUV,2022,HEV (Benzinli & Elektrikli),4851 tl/yıl,B,C-HR,Benzin & Elektrik,https://www.epey.com/araba/2022-toyota-c-hr-1-8-hybrid-122-ps-e-cvt-passion-x-pack-4x2.html,,,,,,,86 g/km,,3.8 lt,,43 lt,Euro 6,3.2 lt,4.2 lt,5 yıldız,2022 Toyota C-HR 1.8 Hybrid 122 PS e-CVT Passion X-Pack (4x2) NCAP/ANCAP Web Sayfası,2017,Var,,,,,,,Önden Çekişli,,,,,,Otomatik,e-CVT (Elk.Kont.Sürekli Değişken)
1350 kg,,1780 mm,4630 mm,1435 mm,,,471 lt,,2022 Toyota Corolla 1.5 123 PS Dream,,2022 Toyota Corolla 1.5 123 PS Dream Test Sürüşü Talep Sayfası,2022 Toyota Corolla 1.5 123 PS Dream Ürün Kataloğu,"3 Yıl / 100 Bin Km Mekanik
3 Yıl Boya
12 Yıl Paslanmazlık","Toyota Asistanım 0212 233 3145
Toyota Asistanım 0800 211 6166
Toyota İletişim Merkezi 0212 354 0354",Var,,,,,,,,,,,,Atmosferik,,3,1490 cc,EFI (Elektronik Yakıt Püskürtme),12.1 saniye,190 km/s,153 nm,123 BG,Japonya,Sedan,Binek,Dream,,Sedan,2022,İçten Yanmalı (Standart),2746 tl/yıl,C,Corolla,Benzin,https://www.epey.com/araba/2022-toyota-corolla-1-5-123-ps-dream.html,,,,,,,128 g/km,,5.6 lt,,50 lt,,4.6 lt,7.5 lt,5 yıldız,2022 Toyota Corolla 1.5 123 PS Dream NCAP/ANCAP Web Sayfası,2013,Var,,,,,,,Önden Çekişli,,,,,6 ileri,Manuel,
1375 kg,,1780 mm,4630 mm,1435 mm,,,471 lt,,2022 Toyota Corolla 1.5 123 PS Multidrive S Dream,,2022 Toyota Corolla 1.5 123 PS Multidrive S Dream Test Sürüşü Talep Sayfası,2022 Toyota Corolla 1.5 123 PS Multidrive S Dream Ürün Kataloğu,"3 Yıl / 100 Bin Km Mekanik
3 Yıl Boya
12 Yıl Paslanmazlık","Toyota Asistanım 0212 233 3145
Toyota Asistanım 0800 211 6166
Toyota İletişim Merkezi 0212 354 0354",Var,,,,,,,,,,,,Atmosferik,,3,1490 cc,EFI (Elektronik Yakıt Püskürtme),12.1 saniye,190 km/s,153 nm,123 BG,Japonya,Sedan,Binek,Dream,,Sedan,2022,İçten Yanmalı (Standart),2746 tl/yıl,C,Corolla,Benzin,https://www.epey.com/araba/2022-toyota-corolla-1-5-123-ps-multidrive-s-dream.html,,,,,,,131 g/km,,5.8 lt,,50 lt,,5.0 lt,7.1 lt,5 yıldız,2022 Toyota Corolla 1.5 123 PS Multidrive S Dream NCAP/ANCAP Web Sayfası,2013,Var,,,,,,,Önden Çekişli,,,,,,Otomatik,Multidrive S (Değişken Oranlı CVT)
1375 kg,,1780 mm,4630 mm,1435 mm,,,471 lt,,2022 Toyota Corolla 1.5 123 PS Multidrive S Flame X-Pack,,2022 Toyota Corolla 1.5 123 PS Multidrive S Flame X-Pack Test Sürüşü Talep Sayfası,2022 Toyota Corolla 1.5 123 PS Multidrive S Flame X-Pack Ürün Kataloğu,"3 Yıl / 100 Bin Km Mekanik
3 Yıl Boya
12 Yıl Paslanmazlık","Toyota Asistanım 0212 233 3145
Toyota Asistanım 0800 211 6166
Toyota İletişim Merkezi 0212 354 0354",Var,,,,,,,,,,,,Atmosferik,,3,1490 cc,EFI (Elektronik Yakıt Püskürtme),12.1 saniye,190 km/s,153 nm,123 BG,Japonya,Sedan,Binek,Flame X-Pack,,Sedan,2022,İçten Yanmalı (Standart),2746 tl/yıl,C,Corolla,Benzin,https://www.epey.com/araba/2022-toyota-corolla-1-5-123-ps-multidrive-s-flame-x-pack.html,,,,,,,131 g/km,,5.8 lt,,50 lt,,5.0 lt,7.1 lt,5 yıldız,2022 Toyota Corolla 1.5 123 PS Multidrive S Flame X-Pack NCAP/ANCAP Web Sayfası,2013,Var,,,,,,,Önden Çekişli,,,,,,Otomatik,Multidrive S (Değişken Oranlı CVT)
1375 kg,,1780 mm,4630 mm,1435 mm,,,471 lt,,2022 Toyota Corolla 1.5 123 PS Multidrive S Flame,,2022 Toyota Corolla 1.5 123 PS Multidrive S Flame Test Sürüşü Talep Sayfası,2022 Toyota Corolla 1.5 123 PS Multidrive S Flame Ürün Kataloğu,"3 Yıl / 100 Bin Km Mekanik
3 Yıl Boya
12 Yıl Paslanmazlık","Toyota Asistanım 0212 233 3145
Toyota Asistanım 0800 211 6166
Toyota İletişim Merkezi 0212 354 0354",Var,,,,,,,,,,,,Atmosferik,,3,1490 cc,EFI (Elektronik Yakıt Püskürtme),12.1 saniye,190 km/s,153 nm,123 BG,Japonya,Sedan,Binek,Flame,,Sedan,2022,İçten Yanmalı (Standart),2746 tl/yıl,C,Corolla,Benzin,https://www.epey.com/araba/2022-toyota-corolla-1-5-123-ps-multidrive-s-flame.html,,,,,,,131 g/km,,5.8 lt,,50 lt,,5.0 lt,7.1 lt,5 yıldız,2022 Toyota Corolla 1.5 123 PS Multidrive S Flame NCAP/ANCAP Web Sayfası,2013,Var,,,,,,,Önden Çekişli,,,,,,Otomatik,Multidrive S (Değişken Oranlı CVT)
1375 kg,,1780 mm,4630 mm,1435 mm,,,471 lt,,2022 Toyota Corolla 1.5 123 PS Multidrive S Passion X-Pack,,2022 Toyota Corolla 1.5 123 PS Multidrive S Passion X-Pack Test Sürüşü Talep Sayfası,2022 Toyota Corolla 1.5 123 PS Multidrive S Passion X-Pack Ürün Kataloğu,"3 Yıl / 100 Bin Km Mekanik
3 Yıl Boya
12 Yıl Paslanmazlık","Toyota Asistanım 0212 233 3145
Toyota Asistanım 0800 211 6166
Toyota İletişim Merkezi 0212 354 0354",Var,,,,,,,,,,,,Atmosferik,,3,1490 cc,EFI (Elektronik Yakıt Püskürtme),12.1 saniye,190 km/s,153 nm,123 BG,Japonya,Sedan,Binek,Passion X-Pack,,Sedan,2022,İçten Yanmalı (Standart),2746 tl/yıl,C,Corolla,Benzin,https://www.epey.com/araba/2022-toyota-corolla-1-5-123-ps-multidrive-s-passion-x-pack.html,,,,,,,131 g/km,,5.8 lt,,50 lt,,5.0 lt,7.1 lt,5 yıldız,2022 Toyota Corolla 1.5 123 PS Multidrive S Passion X-Pack NCAP/ANCAP Web Sayfası,2013,Var,,,,,,,Önden Çekişli,,,,,,Otomatik,Multidrive S (Değişken Oranlı CVT)
1375 kg,,1780 mm,4630 mm,1435 mm,,,471 lt,,2022 Toyota Corolla 1.5 123 PS Multidrive S Vision,,2022 Toyota Corolla 1.5 123 PS Multidrive S Vision Test Sürüşü Talep Sayfası,2022 Toyota Corolla 1.5 123 PS Multidrive S Vision Ürün Kataloğu,"3 Yıl / 100 Bin Km Mekanik
3 Yıl Boya
12 Yıl Paslanmazlık","Toyota Asistanım 0212 233 3145
Toyota Asistanım 0800 211 6166
Toyota İletişim Merkezi 0212 354 0354",Var,,,,,,,,,,,,Atmosferik,,3,1490 cc,EFI (Elektronik Yakıt Püskürtme),12.1 saniye,190 km/s,153 nm,123 BG,Japonya,Sedan,Binek,Vision,,Sedan,2022,İçten Yanmalı (Standart),2746 tl/yıl,C,Corolla,Benzin,https://www.epey.com/araba/2022-toyota-corolla-1-5-123-ps-multidrive-s-vision.html,,,,,,,131 g/km,,5.8 lt,,50 lt,,5.0 lt,7.1 lt,5 yıldız,2022 Toyota Corolla 1.5 123 PS Multidrive S Vision NCAP/ANCAP Web Sayfası,2013,Var,,,,,,,Önden Çekişli,,,,,,Otomatik,Multidrive S (Değişken Oranlı CVT)
1350 kg,,1780 mm,4630 mm,1435 mm,,,471 lt,,2022 Toyota Corolla 1.5 123 PS Vision,,2022 Toyota Corolla 1.5 123 PS Vision Test Sürüşü Talep Sayfası,2022 Toyota Corolla 1.5 123 PS Vision Ürün Kataloğu,"3 Yıl / 100 Bin Km Mekanik
3 Yıl Boya
12 Yıl Paslanmazlık","Toyota Asistanım 0212 233 3145
Toyota Asistanım 0800 211 6166
Toyota İletişim Merkezi 0212 354 0354",Var,,,,,,,,,,,,Atmosferik,,3,1490 cc,EFI (Elektronik Yakıt Püskürtme),12.1 saniye,190 km/s,153 nm,123 BG,Japonya,Sedan,Binek,Vision,,Sedan,2022,İçten Yanmalı (Standart),2746 tl/yıl,C,Corolla,Benzin,https://www.epey.com/araba/2022-toyota-corolla-1-5-123-ps-vision.html,,,,,,,128 g/km,,5.6 lt,,50 lt,,4.6 lt,7.5 lt,5 yıldız,2022 Toyota Corolla 1.5 123 PS Vision NCAP/ANCAP Web Sayfası,2013,Var,,,,,,,Önden Çekişli,,,,,6 ileri,Manuel,
1385 kg,,1780 mm,4630 mm,1435 mm,,,471 lt,,2022 Toyota Corolla 1.8 Hybrid 122 PS e-CVT Dream,,2022 Toyota Corolla 1.8 Hybrid 122 PS e-CVT Dream Test Sürüşü Talep Sayfası,2022 Toyota Corolla 1.8 Hybrid 122 PS e-CVT Dream Ürün Kataloğu,"3 Yıl / 100 Bin Km Mekanik
3 Yıl Boya
12 Yıl Paslanmazlık","Toyota Asistanım 0212 233 3145
Toyota Asistanım 0800 211 6166
Toyota İletişim Merkezi 0212 354 0354",Var,163 nm,,,Nikel-Metal Hidrid (NiMH),,,,,,,,Atmosferik,,4,1798 cc,EFI (Elektronik Yakıt Püskürtme),11.0 saniye,180 km/s,142 nm,122 BG,Japonya,Sedan,Binek,Dream,,Sedan,2022,HEV (Benzinli & Elektrikli),4851 tl/yıl,C,Corolla,Benzin & Elektrik,https://www.epey.com/araba/2022-toyota-corolla-1-8-hybrid-122-ps-e-cvt-dream.html,,,,,,,87 g/km,,3.8 lt,,43 lt,,3.9 lt,3.6 lt,5 yıldız,2022 Toyota Corolla 1.8 Hybrid 122 PS e-CVT Dream NCAP/ANCAP Web Sayfası,2013,Var,,,,,,,Önden Çekişli,,,,,,Otomatik,e-CVT (Elk.Kont.Sürekli Değişken)
1385 kg,,1780 mm,4630 mm,1435 mm,,,471 lt,,2022 Toyota Corolla 1.8 Hybrid 122 PS e-CVT Flame X-Pack,,2022 Toyota Corolla 1.8 Hybrid 122 PS e-CVT Flame X-Pack Test Sürüşü Talep Sayfası,2022 Toyota Corolla 1.8 Hybrid 122 PS e-CVT Flame X-Pack Ürün Kataloğu,"3 Yıl / 100 Bin Km Mekanik
3 Yıl Boya
12 Yıl Paslanmazlık","Toyota Asistanım 0212 233 3145
Toyota Asistanım 0800 211 6166
Toyota İletişim Merkezi 0212 354 0354",Var,163 nm,,,Nikel-Metal Hidrid (NiMH),,,,,,,,Atmosferik,,4,1798 cc,EFI (Elektronik Yakıt Püskürtme),11.0 saniye,180 km/s,142 nm,122 BG,Japonya,Sedan,Binek,Flame X-Pack,,Sedan,2022,HEV (Benzinli & Elektrikli),4851 tl/yıl,C,Corolla,Benzin & Elektrik,https://www.epey.com/araba/2022-toyota-corolla-1-8-hybrid-122-ps-e-cvt-flame-x-pack.html,,,,,,,87 g/km,,3.8 lt,,43 lt,,3.9 lt,3.6 lt,5 yıldız,2022 Toyota Corolla 1.8 Hybrid 122 PS e-CVT Flame X-Pack NCAP/ANCAP Web Sayfası,2013,Var,,,,,,,Önden Çekişli,,,,,,Otomatik,e-CVT (Elk.Kont.Sürekli Değişken)
1385 kg,,1780 mm,4630 mm,1435 mm,,,471 lt,,2022 Toyota Corolla 1.8 Hybrid 122 PS e-CVT Flame,,2022 Toyota Corolla 1.8 Hybrid 122 PS e-CVT Flame Test Sürüşü Talep Sayfası,2022 Toyota Corolla 1.8 Hybrid 122 PS e-CVT Flame Ürün Kataloğu,"3 Yıl / 100 Bin Km Mekanik
3 Yıl Boya
12 Yıl Paslanmazlık","Toyota Asistanım 0212 233 3145
Toyota Asistanım 0800 211 6166
Toyota İletişim Merkezi 0212 354 0354",Var,163 nm,,,Nikel-Metal Hidrid (NiMH),,,,,,,,Atmosferik,,4,1798 cc,EFI (Elektronik Yakıt Püskürtme),11.0 saniye,180 km/s,142 nm,122 BG,Japonya,Sedan,Binek,Flame,,Sedan,2022,HEV (Benzinli & Elektrikli),4851 tl/yıl,C,Corolla,Benzin & Elektrik,https://www.epey.com/araba/2022-toyota-corolla-1-8-hybrid-122-ps-e-cvt-flame.html,,,,,,,87 g/km,,3.8 lt,,43 lt,,3.9 lt,3.6 lt,5 yıldız,2022 Toyota Corolla 1.8 Hybrid 122 PS e-CVT Flame NCAP/ANCAP Web Sayfası,2013,Var,,,,,,,Önden Çekişli,,,,,,Otomatik,e-CVT (Elk.Kont.Sürekli Değişken)
1385 kg,,1780 mm,4630 mm,1435 mm,,,471 lt,,2022 Toyota Corolla 1.8 Hybrid 122 PS e-CVT Passion X-Pack,,2022 Toyota Corolla 1.8 Hybrid 122 PS e-CVT Passion X-Pack Test Sürüşü Talep Sayfası,2022 Toyota Corolla 1.8 Hybrid 122 PS e-CVT Passion X-Pack Ürün Kataloğu,"3 Yıl / 100 Bin Km Mekanik
3 Yıl Boya
12 Yıl Paslanmazlık","Toyota Asistanım 0212 233 3145
Toyota Asistanım 0800 211 6166
Toyota İletişim Merkezi 0212 354 0354",Var,163 nm,,,Nikel-Metal Hidrid (NiMH),,,,,,,,Atmosferik,,4,1798 cc,EFI (Elektronik Yakıt Püskürtme),11.0 saniye,180 km/s,142 nm,122 BG,Japonya,Sedan,Binek,Passion X-Pack,,Sedan,2022,HEV (Benzinli & Elektrikli),4851 tl/yıl,C,Corolla,Benzin & Elektrik,https://www.epey.com/araba/2022-toyota-corolla-1-8-hybrid-122-ps-e-cvt-passion-x-pack.html,,,,,,,87 g/km,,3.8 lt,,43 lt,,3.9 lt,3.6 lt,5 yıldız,2022 Toyota Corolla 1.8 Hybrid 122 PS e-CVT Passion X-Pack NCAP/ANCAP Web Sayfası,2013,Var,,,,,,,Önden Çekişli,,,,,,Otomatik,e-CVT (Elk.Kont.Sürekli Değişken)
1330 kg,,1790 mm,4370 mm,1435 mm,,,361 lt,,2022 Toyota Corolla HB 1.2 Turbo 116 PS Multidrive S Dream X-Pack,,2022 Toyota Corolla HB 1.2 Turbo 116 PS Multidrive S Dream X-Pack Test Sürüşü Talep Sayfası,2022 Toyota Corolla HB 1.2 Turbo 116 PS Multidrive S Dream X-Pack Ürün Kataloğu,,,,,,,,,,,,,,,Turbo,,4,1197 cc,,10.0 saniye,195 km/s,185 nm,116 BG,Japonya,Hatchback,Binek,Dream X-Pack,,Hatchback,2022,İçten Yanmalı (Standart),1576 tl/yıl,C,Corolla,Benzin,https://www.epey.com/araba/2022-toyota-corolla-hb-1-2-turbo-116-ps-multidrive-s-dream-x-pack.html,,,,,,,134 g/km,,5.9 lt,,50 lt,Euro 6.2,5.1 lt,7.2 lt,5 yıldız,2022 Toyota Corolla HB 1.2 Turbo 116 PS Multidrive S Dream X-Pack NCAP/ANCAP Web Sayfası,2019,Var,,,,,,,Önden Çekişli,,,,,,Otomatik,Multidrive S (Değişken Oranlı CVT)
1330 kg,,1790 mm,4370 mm,1435 mm,,,361 lt,,2022 Toyota Corolla HB 1.2 Turbo 116 PS Multidrive S Dream,,2022 Toyota Corolla HB 1.2 Turbo 116 PS Multidrive S Dream Test Sürüşü Talep Sayfası,2022 Toyota Corolla HB 1.2 Turbo 116 PS Multidrive S Dream Ürün Kataloğu,,,,,,,,,,,,,,,Turbo,,4,1197 cc,,10.0 saniye,195 km/s,185 nm,116 BG,Japonya,Hatchback,Binek,Dream,,Hatchback,2022,İçten Yanmalı (Standart),1576 tl/yıl,C,Corolla,Benzin,https://www.epey.com/araba/2022-toyota-corolla-hb-1-2-turbo-116-ps-multidrive-s-dream.html,,,,,,,134 g/km,,5.9 lt,,50 lt,Euro 6.2,5.1 lt,7.2 lt,5 yıldız,2022 Toyota Corolla HB 1.2 Turbo 116 PS Multidrive S Dream NCAP/ANCAP Web Sayfası,2019,Var,,,,,,,Önden Çekişli,,,,,,Otomatik,Multidrive S (Değişken Oranlı CVT)
1330 kg,,1790 mm,4370 mm,1435 mm,,,361 lt,,2022 Toyota Corolla HB 1.2 Turbo 116 PS Multidrive S Flame X-Pack,,2022 Toyota Corolla HB 1.2 Turbo 116 PS Multidrive S Flame X-Pack Test Sürüşü Talep Sayfası,2022 Toyota Corolla HB 1.2 Turbo 116 PS Multidrive S Flame X-Pack Ürün Kataloğu,,,,,,,,,,,,,,,Turbo,,4,1197 cc,,10.0 saniye,195 km/s,185 nm,116 BG,Japonya,Hatchback,Binek,Flame X-Pack,,Hatchback,2022,İçten Yanmalı (Standart),1576 tl/yıl,C,Corolla,Benzin,https://www.epey.com/araba/2022-toyota-corolla-hb-1-2-turbo-116-ps-multidrive-s-flame-x-pack.html,,,,,,,134 g/km,,5.9 lt,,50 lt,Euro 6.2,5.1 lt,7.2 lt,5 yıldız,2022 Toyota Corolla HB 1.2 Turbo 116 PS Multidrive S Flame X-Pack NCAP/ANCAP Web Sayfası,2019,Var,,,,,,,Önden Çekişli,,,,,,Otomatik,Multidrive S (Değişken Oranlı CVT)
1330 kg,,1790 mm,4370 mm,1435 mm,,,361 lt,,2022 Toyota Corolla HB 1.2 Turbo 116 PS Multidrive S Flame,,2022 Toyota Corolla HB 1.2 Turbo 116 PS Multidrive S Flame Test Sürüşü Talep Sayfası,2022 Toyota Corolla HB 1.2 Turbo 116 PS Multidrive S Flame Ürün Kataloğu,,,,,,,,,,,,,,,Turbo,,4,1197 cc,,10.0 saniye,195 km/s,185 nm,116 BG,Japonya,Hatchback,Binek,Flame,,Hatchback,2022,İçten Yanmalı (Standart),1576 tl/yıl,C,Corolla,Benzin,https://www.epey.com/araba/2022-toyota-corolla-hb-1-2-turbo-116-ps-multidrive-s-flame.html,,,,,,,134 g/km,,5.9 lt,,50 lt,Euro 6.2,5.1 lt,7.2 lt,5 yıldız,2022 Toyota Corolla HB 1.2 Turbo 116 PS Multidrive S Flame NCAP/ANCAP Web Sayfası,2019,Var,,,,,,,Önden Çekişli,,,,,,Otomatik,Multidrive S (Değişken Oranlı CVT)
1360 kg,,1790 mm,4370 mm,1455 mm,,,361 lt,,2022 Toyota Corolla HB 1.8 Hybrid 122 PS e-CVT Dream X-Pack,,2022 Toyota Corolla HB 1.8 Hybrid 122 PS e-CVT Dream X-Pack Test Sürüşü Talep Sayfası,2022 Toyota Corolla HB 1.8 Hybrid 122 PS e-CVT Dream X-Pack Ürün Kataloğu,,,,163 nm,,,Lityum İyon,,,,,,,,,,4,1798 cc,Çok Noktadan Enjeksiyon,10.9 saniye,180 km/s,142 nm,122 BG,Japonya,Hatchback,Binek,Dream X-Pack,,Hatchback,2022,HEV (Benzinli & Elektrikli),4851 tl/yıl,C,Corolla,Benzin & Elektrik,https://www.epey.com/araba/2022-toyota-corolla-hb-1-8-hybrid-122-ps-e-cvt-dream-x-pack.html,,,,,,,83 g/km,,3.6 lt,,43 lt,Euro 6.2,3.8 lt,3.5 lt,5 yıldız,2022 Toyota Corolla HB 1.8 Hybrid 122 PS e-CVT Dream X-Pack NCAP/ANCAP Web Sayfası,2019,Var,,,,,,,Önden Çekişli,,,,,,Otomatik,e-CVT (Elk.Kont.Sürekli Değişken)
1360 kg,,1790 mm,4370 mm,1455 mm,,,361 lt,,2022 Toyota Corolla HB 1.8 Hybrid 122 PS e-CVT Dream,,2022 Toyota Corolla HB 1.8 Hybrid 122 PS e-CVT Dream Test Sürüşü Talep Sayfası,2022 Toyota Corolla HB 1.8 Hybrid 122 PS e-CVT Dream Ürün Kataloğu,,,,163 nm,,,Lityum İyon,,,,,,,,,,4,1798 cc,Çok Noktadan Enjeksiyon,10.9 saniye,180 km/s,142 nm,122 BG,Japonya,Hatchback,Binek,Dream,,Hatchback,2022,HEV (Benzinli & Elektrikli),4851 tl/yıl,C,Corolla,Benzin & Elektrik,https://www.epey.com/araba/2022-toyota-corolla-hb-1-8-hybrid-122-ps-e-cvt-dream.html,,,,,,,83 g/km,,3.6 lt,,43 lt,Euro 6.2,3.8 lt,3.5 lt,5 yıldız,2022 Toyota Corolla HB 1.8 Hybrid 122 PS e-CVT Dream NCAP/ANCAP Web Sayfası,2019,Var,,,,,,,Önden Çekişli,,,,,,Otomatik,e-CVT (Elk.Kont.Sürekli Değişken)
1360 kg,,1790 mm,4370 mm,1455 mm,,,361 lt,,2022 Toyota Corolla HB 1.8 Hybrid 122 PS e-CVT Flame X-Pack,,2022 Toyota Corolla HB 1.8 Hybrid 122 PS e-CVT Flame X-Pack Test Sürüşü Talep Sayfası,2022 Toyota Corolla HB 1.8 Hybrid 122 PS e-CVT Flame X-Pack Ürün Kataloğu,,,,163 nm,,,Lityum İyon,,,,,,,,,,4,1798 cc,Çok Noktadan Enjeksiyon,10.9 saniye,180 km/s,142 nm,122 BG,Japonya,Hatchback,Binek,Flame X-Pack,,Hatchback,2022,HEV (Benzinli & Elektrikli),4851 tl/yıl,C,Corolla,Benzin & Elektrik,https://www.epey.com/araba/2022-toyota-corolla-hb-1-8-hybrid-122-ps-e-cvt-flame-x-pack.html,,,,,,,83 g/km,,3.6 lt,,43 lt,Euro 6.2,3.8 lt,3.5 lt,5 yıldız,2022 Toyota Corolla HB 1.8 Hybrid 122 PS e-CVT Flame X-Pack NCAP/ANCAP Web Sayfası,2019,Var,,,,,,,Önden Çekişli,,,,,,Otomatik,e-CVT (Elk.Kont.Sürekli Değişken)
1360 kg,,1790 mm,4370 mm,1455 mm,,,361 lt,,2022 Toyota Corolla HB 1.8 Hybrid 122 PS e-CVT Flame,,2022 Toyota Corolla HB 1.8 Hybrid 122 PS e-CVT Flame Test Sürüşü Talep Sayfası,2022 Toyota Corolla HB 1.8 Hybrid 122 PS e-CVT Flame Ürün Kataloğu,,,,163 nm,,,Lityum İyon,,,,,,,,,,4,1798 cc,Çok Noktadan Enjeksiyon,10.9 saniye,180 km/s,142 nm,122 BG,Japonya,Hatchback,Binek,Flame,,Hatchback,2022,HEV (Benzinli & Elektrikli),4851 tl/yıl,C,Corolla,Benzin & Elektrik,https://www.epey.com/araba/2022-toyota-corolla-hb-1-8-hybrid-122-ps-e-cvt-flame.html,,,,,,,83 g/km,,3.6 lt,,43 lt,Euro 6.2,3.8 lt,3.5 lt,5 yıldız,2022 Toyota Corolla HB 1.8 Hybrid 122 PS e-CVT Flame NCAP/ANCAP Web Sayfası,2019,Var,,,,,,,Önden Çekişli,,,,,,Otomatik,e-CVT (Elk.Kont.Sürekli Değişken)
1035 kg,,1745 mm,3940 mm,1500 mm,,,286 lt,,2022 Toyota Yaris 1.0 72 PS Vision,,2022 Toyota Yaris 1.0 72 PS Vision Test Sürüşü Talep Sayfası,2022 Toyota Yaris 1.0 72 PS Vision Ürün Kataloğu,,,,,,,,,,,,,,,,,3,998 cc,Çok Noktalı Direkt Enjeksiyon,14.6 saniye,160 km/s,93 nm,72 BG,Japonya,,Binek,Vision,,Hatchback,2022,İçten Yanmalı (Standart),1576 tl/yıl,B,Yaris,Benzin,https://www.epey.com/araba/2022-toyota-yaris-1-0-72-ps-vision.html,,,,,,,101 g/km,,4.5 lt,,42 lt,,4.0 lt,5.3 lt,5 yıldız,2022 Toyota Yaris 1.0 72 PS Vision NCAP/ANCAP Web Sayfası,2020,Var,,,,,,,Önden Çekişli,,,,,5 ileri,Manuel,
1200 kg,,1745 mm,3940 mm,1500 mm,,,286 lt,,2022 Toyota Yaris 1.5 125 PS Multidrive S Dream X-Pack,,2022 Toyota Yaris 1.5 125 PS Multidrive S Dream X-Pack Test Sürüşü Talep Sayfası,2022 Toyota Yaris 1.5 125 PS Multidrive S Dream X-Pack Ürün Kataloğu,,,,,,,,,,,,,,,,,3,1490 cc,Çok Noktalı Direkt Enjeksiyon,10.2 saniye,180 km/s,153 nm,125 BG,Japonya,,Binek,Dream X-Pack,,Hatchback,2022,İçten Yanmalı (Standart),2746 tl/yıl,B,Yaris,Benzin,https://www.epey.com/araba/2022-toyota-yaris-1-5-125-ps-multidrive-s-dream-x-pack.html,,,,,,,112 g/km,,4.9 lt,,42 lt,,4.3 lt,6.0 lt,5 yıldız,2022 Toyota Yaris 1.5 125 PS Multidrive S Dream X-Pack NCAP/ANCAP Web Sayfası,2020,Var,,,,,,,Önden Çekişli,,,,,,Otomatik,Multidrive S (Otomatik)
1200 kg,,1745 mm,3940 mm,1500 mm,,,286 lt,,2022 Toyota Yaris 1.5 125 PS Multidrive S Dream,,2022 Toyota Yaris 1.5 125 PS Multidrive S Dream Test Sürüşü Talep Sayfası,2022 Toyota Yaris 1.5 125 PS Multidrive S Dream Ürün Kataloğu,,,,,,,,,,,,,,,,,3,1490 cc,Çok Noktalı Direkt Enjeksiyon,10.2 saniye,180 km/s,153 nm,125 BG,Japonya,,Binek,Dream,,Hatchback,2022,İçten Yanmalı (Standart),2746 tl/yıl,B,Yaris,Benzin,https://www.epey.com/araba/2022-toyota-yaris-1-5-125-ps-multidrive-s-dream.html,,,,,,,112 g/km,,4.9 lt,,42 lt,,4.3 lt,6.0 lt,5 yıldız,2022 Toyota Yaris 1.5 125 PS Multidrive S Dream NCAP/ANCAP Web Sayfası,2020,Var,,,,,,,Önden Çekişli,,,,,,Otomatik,Multidrive S (Otomatik)
1200 kg,,1745 mm,3940 mm,1500 mm,,,286 lt,,2022 Toyota Yaris 1.5 125 PS Multidrive S Flame X-Pack,,2022 Toyota Yaris 1.5 125 PS Multidrive S Flame X-Pack Test Sürüşü Talep Sayfası,2022 Toyota Yaris 1.5 125 PS Multidrive S Flame X-Pack Ürün Kataloğu,,,,,,,,,,,,,,,,,3,1490 cc,Çok Noktalı Direkt Enjeksiyon,10.2 saniye,180 km/s,153 nm,125 BG,Japonya,,Binek,Flame X-Pack,,Hatchback,2022,İçten Yanmalı (Standart),2746 tl/yıl,B,Yaris,Benzin,https://www.epey.com/araba/2022-toyota-yaris-1-5-125-ps-multidrive-s-flame-x-pack.html,,,,,,,112 g/km,,4.9 lt,,42 lt,,4.3 lt,6.0 lt,5 yıldız,2022 Toyota Yaris 1.5 125 PS Multidrive S Flame X-Pack NCAP/ANCAP Web Sayfası,2020,Var,,,,,,,Önden Çekişli,,,,,,Otomatik,Multidrive S (Otomatik)
1200 kg,,1745 mm,3940 mm,1500 mm,,,286 lt,,2022 Toyota Yaris 1.5 125 PS Multidrive S Flame,,2022 Toyota Yaris 1.5 125 PS Multidrive S Flame Test Sürüşü Talep Sayfası,2022 Toyota Yaris 1.5 125 PS Multidrive S Flame Ürün Kataloğu,,,,,,,,,,,,,,,,,3,1490 cc,Çok Noktalı Direkt Enjeksiyon,10.2 saniye,180 km/s,153 nm,125 BG,Japonya,,Binek,Flame,,Hatchback,2022,İçten Yanmalı (Standart),2746 tl/yıl,B,Yaris,Benzin,https://www.epey.com/araba/2022-toyota-yaris-1-5-125-ps-multidrive-s-flame.html,,,,,,,112 g/km,,4.9 lt,,42 lt,,4.3 lt,6.0 lt,5 yıldız,2022 Toyota Yaris 1.5 125 PS Multidrive S Flame NCAP/ANCAP Web Sayfası,2020,Var,,,,,,,Önden Çekişli,,,,,,Otomatik,Multidrive S (Otomatik)
1235 kg,,1745 mm,3940 mm,1500 mm,,,286 lt,,2022 Toyota Yaris 1.5 Hybrid 116 PS e-CVT Dream,,2022 Toyota Yaris 1.5 Hybrid 116 PS e-CVT Dream Test Sürüşü Talep Sayfası,2022 Toyota Yaris 1.5 Hybrid 116 PS e-CVT Dream Ürün Kataloğu,,,,141 nm,,,Lityum İyon,,,,,,,,,,3,1490 cc,Çok Noktalı Direkt Enjeksiyon,9.7 saniye,175 km/s,120 nm,116 BG,Japonya,,Binek,Dream,,Hatchback,2022,HEV (Benzinli & Elektrikli),2746 tl/yıl,B,Yaris,Benzin & Elektrik,https://www.epey.com/araba/2022-toyota-yaris-1-5-hybrid-116-ps-e-cvt-dream.html,,,,,,,73 g/km,,3.2 lt,,36 lt,,3.6 lt,2.7 lt,5 yıldız,2022 Toyota Yaris 1.5 Hybrid 116 PS e-CVT Dream NCAP/ANCAP Web Sayfası,2020,Var,,,,,,,Önden Çekişli,,,,,,Otomatik,e-CVT
1235 kg,,1745 mm,3940 mm,1500 mm,,,286 lt,,2022 Toyota Yaris 1.5 Hybrid 116 PS e-CVT Flame,,2022 Toyota Yaris 1.5 Hybrid 116 PS e-CVT Flame Test Sürüşü Talep Sayfası,2022 Toyota Yaris 1.5 Hybrid 116 PS e-CVT Flame Ürün Kataloğu,,,,141 nm,,,Lityum İyon,,,,,,,,,,3,1490 cc,Çok Noktalı Direkt Enjeksiyon,9.7 saniye,175 km/s,120 nm,116 BG,Japonya,,Binek,Flame,,Hatchback,2022,HEV (Benzinli & Elektrikli),2746 tl/yıl,B,Yaris,Benzin & Elektrik,https://www.epey.com/araba/2022-toyota-yaris-1-5-hybrid-116-ps-e-cvt-flame.html,,,,,,,73 g/km,,3.2 lt,,36 lt,,3.6 lt,2.7 lt,5 yıldız,2022 Toyota Yaris 1.5 Hybrid 116 PS e-CVT Flame NCAP/ANCAP Web Sayfası,2020,Var,,,,,,,Önden Çekişli,,,,,,Otomatik,e-CVT
1235 kg,,1745 mm,3940 mm,1500 mm,,,286 lt,,2022 Toyota Yaris 1.5 Hybrid 116 PS e-CVT Passion,,2022 Toyota Yaris 1.5 Hybrid 116 PS e-CVT Passion Test Sürüşü Talep Sayfası,2022 Toyota Yaris 1.5 Hybrid 116 PS e-CVT Passion Ürün Kataloğu,,,,141 nm,,,Lityum İyon,,,,,,,,,,3,1490 cc,Çok Noktalı Direkt Enjeksiyon,9.7 saniye,175 km/s,120 nm,116 BG,Japonya,,Binek,Passion,,Hatchback,2022,HEV (Benzinli & Elektrikli),2746 tl/yıl,B,Yaris,Benzin & Elektrik,https://www.epey.com/araba/2022-toyota-yaris-1-5-hybrid-116-ps-e-cvt-passion.html,,,,,,,73 g/km,,3.2 lt,,36 lt,,3.6 lt,2.7 lt,5 yıldız,2022 Toyota Yaris 1.5 Hybrid 116 PS e-CVT Passion NCAP/ANCAP Web Sayfası,2020,Var,,,,,,,Önden Çekişli,,,,,,Otomatik,e-CVT
1290 kg,,1765 mm,4172 mm,1595 mm,,1097 lt,397 lt,,2022 Toyota Yaris Cross Hybrid 1.5 92 PS e-CVT Dream (4x2),,2022 Toyota Yaris Cross Hybrid 1.5 92 PS e-CVT Dream (4x2) Test Sürüşü Talep Sayfası,2022 Toyota Yaris Cross Hybrid 1.5 92 PS e-CVT Dream (4x2) Ürün Kataloğu,,,,141 nm,,,Lityum İyon,,,,,,,,,,3,1490 cc,Çok Noktadan Enjeksiyon,11.2 saniye,170 km/s,120 nm,116 BG,Japonya,,Binek,Dream,,SUV,2022,HEV (Benzinli & Elektrikli),2746 tl/yıl,B,Yaris Cross,Benzin & Elektrik,https://www.epey.com/araba/2022-toyota-yaris-cross-hybrid-1-5-92-ps-e-cvt-dream-4x2.html,,,,,,,109 g/km,,4.8 lt,,36 lt,,,,5 yıldız,2022 Toyota Yaris Cross Hybrid 1.5 92 PS e-CVT Dream (4x2) NCAP/ANCAP Web Sayfası,2021,Var,,,,,,,Önden Çekişli,,,,,,Otomatik,e-CVT (Elk.Kont.Sürekli Değişken)
1290 kg,,1765 mm,4172 mm,1595 mm,,1097 lt,397 lt,,2022 Toyota Yaris Cross Hybrid 1.5 92 PS e-CVT Dream X-Pack (4x2),,2022 Toyota Yaris Cross Hybrid 1.5 92 PS e-CVT Dream X-Pack (4x2) Test Sürüşü Talep Sayfası,2022 Toyota Yaris Cross Hybrid 1.5 92 PS e-CVT Dream X-Pack (4x2) Ürün Kataloğu,,,,141 nm,,,Lityum İyon,,,,,,,,,,3,1490 cc,Çok Noktadan Enjeksiyon,11.2 saniye,170 km/s,120 nm,116 BG,Japonya,,Binek,Dream X-Pack,,SUV,2022,HEV (Benzinli & Elektrikli),2746 tl/yıl,B,Yaris Cross,Benzin & Elektrik,https://www.epey.com/araba/2022-toyota-yaris-cross-hybrid-1-5-92-ps-e-cvt-dream-x-pack-4x2.html,,,,,,,109 g/km,,4.8 lt,,36 lt,,,,5 yıldız,2022 Toyota Yaris Cross Hybrid 1.5 92 PS e-CVT Dream X-Pack (4x2) NCAP/ANCAP Web Sayfası,2021,Var,,,,,,,Önden Çekişli,,,,,,Otomatik,e-CVT (Elk.Kont.Sürekli Değişken)
1290 kg,,1765 mm,4172 mm,1595 mm,,1097 lt,397 lt,,2022 Toyota Yaris Cross Hybrid 1.5 92 PS e-CVT Flame X-Pack (4x2),,2022 Toyota Yaris Cross Hybrid 1.5 92 PS e-CVT Flame X-Pack (4x2) Test Sürüşü Talep Sayfası,2022 Toyota Yaris Cross Hybrid 1.5 92 PS e-CVT Flame X-Pack (4x2) Ürün Kataloğu,,,,141 nm,,,Lityum İyon,,,,,,,,,,3,1490 cc,Çok Noktadan Enjeksiyon,11.2 saniye,170 km/s,120 nm,116 BG,Japonya,,Binek,Flame X-Pack,,SUV,2022,HEV (Benzinli & Elektrikli),2746 tl/yıl,B,Yaris Cross,Benzin & Elektrik,https://www.epey.com/araba/2022-toyota-yaris-cross-hybrid-1-5-92-ps-e-cvt-flame-x-pack-4x2.html,,,,,,,109 g/km,,4.8 lt,,36 lt,,,,5 yıldız,2022 Toyota Yaris Cross Hybrid 1.5 92 PS e-CVT Flame X-Pack (4x2) NCAP/ANCAP Web Sayfası,2021,Var,,,,,,,Önden Çekişli,,,,,,Otomatik,e-CVT (Elk.Kont.Sürekli Değişken)
1290 kg,,1765 mm,4172 mm,1595 mm,,1097 lt,397 lt,,2022 Toyota Yaris Cross Hybrid 1.5 92 PS e-CVT Passion X-Pack (4x2),,2022 Toyota Yaris Cross Hybrid 1.5 92 PS e-CVT Passion X-Pack (4x2) Test Sürüşü Talep Sayfası,2022 Toyota Yaris Cross Hybrid 1.5 92 PS e-CVT Passion X-Pack (4x2) Ürün Kataloğu,,,,141 nm,,,Lityum İyon,,,,,,,,,,3,1490 cc,Çok Noktadan Enjeksiyon,11.2 saniye,170 km/s,120 nm,116 BG,Japonya,,Binek,Passion X-Pack,,SUV,2022,HEV (Benzinli & Elektrikli),2746 tl/yıl,B,Yaris Cross,Benzin & Elektrik,https://www.epey.com/araba/2022-toyota-yaris-cross-hybrid-1-5-92-ps-e-cvt-passion-x-pack-4x2.html,,,,,,,109 g/km,,4.8 lt,,36 lt,,,,5 yıldız,2022 Toyota Yaris Cross Hybrid 1.5 92 PS e-CVT Passion X-Pack (4x2) NCAP/ANCAP Web Sayfası,2021,Var,,,,,,,Önden Çekişli,,,,,,Otomatik,e-CVT (Elk.Kont.Sürekli Değişken)
1576 kg,11.40 mt.,1855 mm,4500 mm,1832 mm,,,1213 lt,,2022 Volkswagen Caddy 2.0 TDI 122 PS DSG Impression,,,2022 Volkswagen Caddy 2.0 TDI 122 PS DSG Impression Ürün Kataloğu,,,,,,,,,,,,,,,Turbo,,4,1968 cc,Common Rail Direkt Enjeksiyon,11.4 saniye,186 km/s,320 nm,122 BG,Almanya,Combi,Ticari,Impression,,Kombi,2022,İçten Yanmalı (Standart),3151 tl/yıl,Hafif Ticari,Caddy,Dizel,https://www.epey.com/araba/2022-volkswagen-caddy-2-0-tdi-122-ps-dsg-impression.html,,,,,,,130 g/km,,4.9 lt,,50 lt,,4.4 lt,5.8 lt,4 yıldız,2022 Volkswagen Caddy 2.0 TDI 122 PS DSG Impression NCAP/ANCAP Web Sayfası,2015,Var,,,,,,,Önden Çekişli,,,,,7 ileri,Otomatik,DSG (Yarı Otm.)
1576 kg,11.40 mt.,1855 mm,4500 mm,1832 mm,,,1213 lt,,2022 Volkswagen Caddy 2.0 TDI 122 PS DSG Life,,,2022 Volkswagen Caddy 2.0 TDI 122 PS DSG Life Ürün Kataloğu,,,,,,,,,,,,,,,Turbo,,4,1968 cc,Common Rail Direkt Enjeksiyon,11.4 saniye,186 km/s,320 nm,122 BG,Almanya,Combi,Ticari,Life,,Kombi,2022,İçten Yanmalı (Standart),3151 tl/yıl,Hafif Ticari,Caddy,Dizel,https://www.epey.com/araba/2022-volkswagen-caddy-2-0-tdi-122-ps-dsg-life.html,,,,,,,130 g/km,,4.9 lt,,50 lt,,4.4 lt,5.8 lt,4 yıldız,2022 Volkswagen Caddy 2.0 TDI 122 PS DSG Life NCAP/ANCAP Web Sayfası,2015,Var,,,,,,,Önden Çekişli,,,,,7 ileri,Otomatik,DSG (Yarı Otm.)
1576 kg,11.40 mt.,1855 mm,4500 mm,1832 mm,,,1213 lt,,2022 Volkswagen Caddy 2.0 TDI 122 PS DSG Style,,,2022 Volkswagen Caddy 2.0 TDI 122 PS DSG Style Ürün Kataloğu,,,,,,,,,,,,,,,Turbo,,4,1968 cc,Common Rail Direkt Enjeksiyon,11.4 saniye,186 km/s,320 nm,122 BG,Almanya,Combi,Ticari,Style,,Kombi,2022,İçten Yanmalı (Standart),3151 tl/yıl,Hafif Ticari,Caddy,Dizel,https://www.epey.com/araba/2022-volkswagen-caddy-2-0-tdi-122-ps-dsg-style.html,,,,,,,130 g/km,,4.9 lt,,50 lt,,4.4 lt,5.8 lt,4 yıldız,2022 Volkswagen Caddy 2.0 TDI 122 PS DSG Style NCAP/ANCAP Web Sayfası,2015,Var,,,,,,,Önden Çekişli,,,,,7 ileri,Otomatik,DSG (Yarı Otm.)
1546 kg,11.40 mt.,1855 mm,4500 mm,1832 mm,,,1213 lt,,2022 Volkswagen Caddy 2.0 TDI 122 PS Impression,,,2022 Volkswagen Caddy 2.0 TDI 122 PS Impression Ürün Kataloğu,,,,,,,,,,,,,,,Turbo,,4,1968 cc,Common Rail Direkt Enjeksiyon,11.2 saniye,187 km/s,320 nm,122 BG,Almanya,Combi,Ticari,Impression,,Kombi,2022,İçten Yanmalı (Standart),3151 tl/yıl,Hafif Ticari,Caddy,Dizel,https://www.epey.com/araba/2022-volkswagen-caddy-2-0-tdi-122-ps-impression.html,,,,,,,129 g/km,,4.9 lt,,50 lt,,4.2 lt,6.1 lt,4 yıldız,2022 Volkswagen Caddy 2.0 TDI 122 PS Impression NCAP/ANCAP Web Sayfası,2015,Var,,,,,,,Önden Çekişli,,,,,6 ileri,Manuel,
1546 kg,11.40 mt.,1855 mm,4500 mm,1832 mm,,,1213 lt,,2022 Volkswagen Caddy 2.0 TDI 122 PS Life,,,2022 Volkswagen Caddy 2.0 TDI 122 PS Life Ürün Kataloğu,,,,,,,,,,,,,,,Turbo,,4,1968 cc,Common Rail Direkt Enjeksiyon,11.2 saniye,187 km/s,320 nm,122 BG,Almanya,Combi,Ticari,Life,,Kombi,2022,İçten Yanmalı (Standart),3151 tl/yıl,Hafif Ticari,Caddy,Dizel,https://www.epey.com/araba/2022-volkswagen-caddy-2-0-tdi-122-ps-life.html,,,,,,,129 g/km,,4.9 lt,,50 lt,,4.2 lt,6.1 lt,4 yıldız,2022 Volkswagen Caddy 2.0 TDI 122 PS Life NCAP/ANCAP Web Sayfası,2015,Var,,,,,,,Önden Çekişli,,,,,6 ileri,Manuel,
1302 kg,10.90 mt.,1789 mm,4286 mm,1491 mm,,,380 lt,,2022 Volkswagen Golf 1.0 eTSI 110 PS DSG Life,,2022 Volkswagen Golf 1.0 eTSI 110 PS DSG Life Test Sürüşü Talep Sayfası,2022 Volkswagen Golf 1.0 eTSI 110 PS DSG Life Ürün Kataloğu,,,,,,,,,,,,,,,Turbo,,3,999 cc,Direkt Enjeksiyon,10.2 saniye,202 km/s,200 nm,110 BG,Almanya,,Binek,Life,,Hatchback,2022,MHEV (Yarı Hibrit Sistem),1576 tl/yıl,C,Golf,Benzin & Elektrik,https://www.epey.com/araba/2022-volkswagen-golf-1-0-etsi-110-ps-dsg-life.html,,,,,,,112 g/km,,4.9 lt,,50 lt,,4.6 lt,5.4 lt,5 yıldız,2022 Volkswagen Golf 1.0 eTSI 110 PS DSG Life NCAP/ANCAP Web Sayfası,2019,Var,,,,,,,Önden Çekişli,,,,,7 ileri,Otomatik,DSG (Yarı Otm.)
1302 kg,10.90 mt.,1789 mm,4286 mm,1491 mm,,,380 lt,,2022 Volkswagen Golf 1.0 eTSI 110 PS DSG R-Line,,2022 Volkswagen Golf 1.0 eTSI 110 PS DSG R-Line Test Sürüşü Talep Sayfası,2022 Volkswagen Golf 1.0 eTSI 110 PS DSG R-Line Ürün Kataloğu,,,,,,,,,,,,,,,Turbo,,3,999 cc,Direkt Enjeksiyon,10.2 saniye,202 km/s,200 nm,110 BG,Almanya,,Binek,R-Line,,Hatchback,2022,MHEV (Yarı Hibrit Sistem),1576 tl/yıl,C,Golf,Benzin & Elektrik,https://www.epey.com/araba/2022-volkswagen-golf-1-0-etsi-110-ps-dsg-r-line.html,,,,,,,112 g/km,,4.9 lt,,50 lt,,4.6 lt,5.4 lt,5 yıldız,2022 Volkswagen Golf 1.0 eTSI 110 PS DSG R-Line NCAP/ANCAP Web Sayfası,2019,Var,,,,,,,Önden Çekişli,,,,,7 ileri,Otomatik,DSG (Yarı Otm.)
1302 kg,10.90 mt.,1789 mm,4286 mm,1491 mm,,,380 lt,,2022 Volkswagen Golf 1.0 eTSI 110 PS DSG Style,,2022 Volkswagen Golf 1.0 eTSI 110 PS DSG Style Test Sürüşü Talep Sayfası,2022 Volkswagen Golf 1.0 eTSI 110 PS DSG Style Ürün Kataloğu,,,,,,,,,,,,,,,Turbo,,3,999 cc,Direkt Enjeksiyon,10.2 saniye,202 km/s,200 nm,110 BG,Almanya,,Binek,Style,,Hatchback,2022,MHEV (Yarı Hibrit Sistem),1576 tl/yıl,C,Golf,Benzin & Elektrik,https://www.epey.com/araba/2022-volkswagen-golf-1-0-etsi-110-ps-dsg-style.html,,,,,,,112 g/km,,4.9 lt,,50 lt,,4.6 lt,5.4 lt,5 yıldız,2022 Volkswagen Golf 1.0 eTSI 110 PS DSG Style NCAP/ANCAP Web Sayfası,2019,Var,,,,,,,Önden Çekişli,,,,,7 ileri,Otomatik,DSG (Yarı Otm.)
1264 kg,10.90 mt.,1789 mm,4286 mm,1491 mm,,,380 lt,,2022 Volkswagen Golf 1.0 TSI 110 PS Impression,,2022 Volkswagen Golf 1.0 TSI 110 PS Impression Test Sürüşü Talep Sayfası,2022 Volkswagen Golf 1.0 TSI 110 PS Impression Ürün Kataloğu,,,,,,,,,,,,,,,Turbo,,3,999 cc,Direkt Enjeksiyon,10.2 saniye,202 km/s,200 nm,110 BG,Almanya,,Binek,Impression,,Hatchback,2022,İçten Yanmalı (Standart),1576 tl/yıl,C,Golf,Benzin,https://www.epey.com/araba/2022-volkswagen-golf-1-0-tsi-110-ps-impression.html,,,,,,,120 g/km,,5.3 lt,,50 lt,,4.9 lt,6.0 lt,5 yıldız,2022 Volkswagen Golf 1.0 TSI 110 PS Impression NCAP/ANCAP Web Sayfası,2019,Var,,,,,,,Önden Çekişli,,,,,6 ileri,Manuel,
1366 kg,10.90 mt.,1789 mm,4286 mm,1491 mm,,,380 lt,,2022 Volkswagen Golf 1.5 eTSI 150 PS DSG R-Line,,2022 Volkswagen Golf 1.5 eTSI 150 PS DSG R-Line Test Sürüşü Talep Sayfası,2022 Volkswagen Golf 1.5 eTSI 150 PS DSG R-Line Ürün Kataloğu,,,,,,,,,,,,,,,Turbo,,4,1498 cc,Direkt Enjeksiyon,8.5 saniye,224 km/s,250 nm,150 BG,Almanya,,Binek,R-Line,,Hatchback,2022,MHEV (Yarı Hibrit Sistem),2746 tl/yıl,C,Golf,Benzin & Elektrik,https://www.epey.com/araba/2022-volkswagen-golf-1-5-etsi-150-ps-dsg-r-line.html,,,,,,,122 g/km,,5.3 lt,,50 lt,,4.7 lt,6.3 lt,5 yıldız,2022 Volkswagen Golf 1.5 eTSI 150 PS DSG R-Line NCAP/ANCAP Web Sayfası,2019,Var,,,,,,,Önden Çekişli,,,,,7 ileri,Otomatik,DSG (Yarı Otm.)
1366 kg,10.90 mt.,1789 mm,4286 mm,1491 mm,,,380 lt,,2022 Volkswagen Golf 1.5 eTSI 150 PS DSG Style,,2022 Volkswagen Golf 1.5 eTSI 150 PS DSG Style Test Sürüşü Talep Sayfası,2022 Volkswagen Golf 1.5 eTSI 150 PS DSG Style Ürün Kataloğu,,,,,,,,,,,,,,,Turbo,,4,1498 cc,Direkt Enjeksiyon,8.5 saniye,224 km/s,250 nm,150 BG,Almanya,,Binek,Style,,Hatchback,2022,MHEV (Yarı Hibrit Sistem),2746 tl/yıl,C,Golf,Benzin & Elektrik,https://www.epey.com/araba/2022-volkswagen-golf-1-5-etsi-150-ps-dsg-style.html,,,,,,,122 g/km,,5.3 lt,,50 lt,,4.7 lt,6.3 lt,5 yıldız,2022 Volkswagen Golf 1.5 eTSI 150 PS DSG Style NCAP/ANCAP Web Sayfası,2019,Var,,,,,,,Önden Çekişli,,,,,7 ileri,Otomatik,DSG (Yarı Otm.)
1435 kg,11.70 mt.,1832 mm,4775 mm,1442 mm,,,586 lt,,2022 Volkswagen Passat 1.5 TSI ACT 150 PS DSG Business,,2022 Volkswagen Passat 1.5 TSI ACT 150 PS DSG Business Test Sürüşü Talep Sayfası,2022 Volkswagen Passat 1.5 TSI ACT 150 PS DSG Business Ürün Kataloğu,"2 Yıl Mekanik
3 Yıl Boya
12 Yıl Paslanmazlık","Volkswagen Çağrı24 0212 335 0404
Volkswagen Çağrı24 0800 211 0870",Var,,,,,,,,,,,,Turbo,,4,1498 cc,Direkt Enjeksiyon,8.7 saniye,220 km/s,250 nm,150 BG,Almanya,Passat Sedan,Binek,Business,,Sedan,2022,İçten Yanmalı (Standart),2746 tl/yıl,D,Passat,Benzin,https://www.epey.com/araba/2022-volkswagen-passat-1-5-tsi-act-150-ps-dsg-business.html,,,,,,,117 g/km,,5.1 lt,,59 lt,,4.3 lt,6.6 lt,5 yıldız,2022 Volkswagen Passat 1.5 TSI ACT 150 PS DSG Business NCAP/ANCAP Web Sayfası,2014,Var,,,,,,,Önden Çekişli,,,,,7 ileri,Otomatik,DSG (Yarı Otm.)
1435 kg,11.70 mt.,1832 mm,4775 mm,1442 mm,,,586 lt,,2022 Volkswagen Passat 1.5 TSI ACT 150 PS DSG Elegance,,2022 Volkswagen Passat 1.5 TSI ACT 150 PS DSG Elegance Test Sürüşü Talep Sayfası,2022 Volkswagen Passat 1.5 TSI ACT 150 PS DSG Elegance Ürün Kataloğu,"2 Yıl Mekanik
3 Yıl Boya
12 Yıl Paslanmazlık","Volkswagen Çağrı24 0212 335 0404
Volkswagen Çağrı24 0800 211 0870",Var,,,,,,,,,,,,Turbo,,4,1498 cc,Direkt Enjeksiyon,8.7 saniye,220 km/s,250 nm,150 BG,Almanya,Passat Sedan,Binek,Elegance,,Sedan,2022,İçten Yanmalı (Standart),2746 tl/yıl,D,Passat,Benzin,https://www.epey.com/araba/2022-volkswagen-passat-1-5-tsi-act-150-ps-dsg-elegance.html,,,,,,,117 g/km,,5.1 lt,,59 lt,,4.3 lt,6.6 lt,5 yıldız,2022 Volkswagen Passat 1.5 TSI ACT 150 PS DSG Elegance NCAP/ANCAP Web Sayfası,2014,Var,,,,,,,Önden Çekişli,,,,,7 ileri,Otomatik,DSG (Yarı Otm.)
1435 kg,11.70 mt.,1832 mm,4775 mm,1442 mm,,,586 lt,,2022 Volkswagen Passat 1.5 TSI ACT 150 PS DSG Impression,,2022 Volkswagen Passat 1.5 TSI ACT 150 PS DSG Impression Test Sürüşü Talep Sayfası,2022 Volkswagen Passat 1.5 TSI ACT 150 PS DSG Impression Ürün Kataloğu,"2 Yıl Mekanik
3 Yıl Boya
12 Yıl Paslanmazlık","Volkswagen Çağrı24 0212 335 0404
Volkswagen Çağrı24 0800 211 0870",Var,,,,,,,,,,,,Turbo,,4,1498 cc,Direkt Enjeksiyon,8.7 saniye,220 km/s,250 nm,150 BG,Almanya,Passat Sedan,Binek,Impression,,Sedan,2022,İçten Yanmalı (Standart),2746 tl/yıl,D,Passat,Benzin,https://www.epey.com/araba/2022-volkswagen-passat-1-5-tsi-act-150-ps-dsg-impression.html,,,,,,,117 g/km,,5.1 lt,,59 lt,,4.3 lt,6.6 lt,5 yıldız,2022 Volkswagen Passat 1.5 TSI ACT 150 PS DSG Impression NCAP/ANCAP Web Sayfası,2014,Var,,,,,,,Önden Çekişli,,,,,7 ileri,Otomatik,DSG (Yarı Otm.)
1550 kg,11.70 mt.,1832 mm,4775 mm,1442 mm,,,586 lt,,2022 Volkswagen Passat 2.0 TDI 150 PS DSG Business,,2022 Volkswagen Passat 2.0 TDI 150 PS DSG Business Test Sürüşü Talep Sayfası,2022 Volkswagen Passat 2.0 TDI 150 PS DSG Business Ürün Kataloğu,"2 Yıl Mekanik
3 Yıl Boya
12 Yıl Paslanmazlık","Volkswagen Çağrı24 0212 335 0404
Volkswagen Çağrı24 0800 211 0870",Var,,,,,,,,,,,,Turbo,,4,1968 cc,Common Rail Direkt Enjeksiyon,8.7 saniye,220 km/s,340 nm,150 BG,Almanya,Passat Sedan,Binek,Business,,Sedan,2022,İçten Yanmalı (Standart),7641 tl/yıl,D,Passat,Dizel,https://www.epey.com/araba/2022-volkswagen-passat-2-0-tdi-150-ps-dsg-business.html,,,,,,,109 g/km,,4.1 lt,,59 lt,,3.9 lt,4.6 lt,5 yıldız,2022 Volkswagen Passat 2.0 TDI 150 PS DSG Business NCAP/ANCAP Web Sayfası,2014,Var,,,,,,,Önden Çekişli,,,,,7 ileri,Otomatik,DSG (Yarı Otm.)
1550 kg,11.70 mt.,1832 mm,4775 mm,1442 mm,,,586 lt,,2022 Volkswagen Passat 2.0 TDI 150 PS DSG Elegance,,2022 Volkswagen Passat 2.0 TDI 150 PS DSG Elegance Test Sürüşü Talep Sayfası,2022 Volkswagen Passat 2.0 TDI 150 PS DSG Elegance Ürün Kataloğu,"2 Yıl Mekanik
3 Yıl Boya
12 Yıl Paslanmazlık","Volkswagen Çağrı24 0212 335 0404
Volkswagen Çağrı24 0800 211 0870",Var,,,,,,,,,,,,Turbo,,4,1968 cc,Common Rail Direkt Enjeksiyon,8.7 saniye,220 km/s,340 nm,150 BG,Almanya,Passat Sedan,Binek,Elegance,,Sedan,2022,İçten Yanmalı (Standart),7641 tl/yıl,D,Passat,Dizel,https://www.epey.com/araba/2022-volkswagen-passat-2-0-tdi-150-ps-dsg-elegance.html,,,,,,,109 g/km,,4.1 lt,,59 lt,,3.9 lt,4.6 lt,5 yıldız,2022 Volkswagen Passat 2.0 TDI 150 PS DSG Elegance NCAP/ANCAP Web Sayfası,2014,Var,,,,,,,Önden Çekişli,,,,,7 ileri,Otomatik,DSG (Yarı Otm.)
1132 kg,,1751 mm,4074 mm,1451 mm,,,351 lt,,2022 Volkswagen Polo 1.0 80 PS Impression,,2022 Volkswagen Polo 1.0 80 PS Impression Test Sürüşü Talep Sayfası,2022 Volkswagen Polo 1.0 80 PS Impression Ürün Kataloğu,2 Yıl Sınırsız Km Mekanik,"Volkswagen Çağrı24 0212 335 0404
Volkswagen Çağrı24 0800 211 0870",Var,,,,,,,,,,,,Atmosferik,,3,999 cc,Çok Noktadan Enjeksiyon,15.5 saniye,171 km/s,93 nm,80 BG,Almanya,,Binek,Impression,,Hatchback,2022,İçten Yanmalı (Standart),1576 tl/yıl,B,Polo,Benzin,https://www.epey.com/araba/2022-volkswagen-polo-1-0-80-ps-impression.html,,,,,,,117 g/km,,5.1 lt,,40 lt,,4.6 lt,6.0 lt,5 yıldız,2022 Volkswagen Polo 1.0 80 PS Impression NCAP/ANCAP Web Sayfası,2017,Var,,,,,,,Önden Çekişli,,,,,5 ileri,Manuel,
1204 kg,,1751 mm,4074 mm,1451 mm,,,351 lt,,2022 Volkswagen Polo 1.0 TSI 95 PS DSG Life,,2022 Volkswagen Polo 1.0 TSI 95 PS DSG Life Test Sürüşü Talep Sayfası,2022 Volkswagen Polo 1.0 TSI 95 PS DSG Life Ürün Kataloğu,2 Yıl Sınırsız Km Mekanik,"Volkswagen Çağrı24 0212 335 0404
Volkswagen Çağrı24 0800 211 0870",Var,,,,,,,,,,,,Turbo,,3,999 cc,Çok Noktadan Enjeksiyon,10.8 saniye,187 km/s,175 nm,95 BG,Almanya,,Binek,Life,,Hatchback,2022,İçten Yanmalı (Standart),1576 tl/yıl,B,Polo,Benzin,https://www.epey.com/araba/2022-volkswagen-polo-1-0-tsi-95-ps-dsg-life.html,,,,,,,115 g/km,,5.0 lt,,40 lt,,4.8 lt,5.8 lt,5 yıldız,2022 Volkswagen Polo 1.0 TSI 95 PS DSG Life NCAP/ANCAP Web Sayfası,2017,Var,,,,,,,Önden Çekişli,,,,,7 ileri,Otomatik,DSG (Yarı Otm.)
1204 kg,,1751 mm,4074 mm,1451 mm,,,351 lt,,2022 Volkswagen Polo 1.0 TSI 95 PS DSG Style,,2022 Volkswagen Polo 1.0 TSI 95 PS DSG Style Test Sürüşü Talep Sayfası,2022 Volkswagen Polo 1.0 TSI 95 PS DSG Style Ürün Kataloğu,2 Yıl Sınırsız Km Mekanik,"Volkswagen Çağrı24 0212 335 0404
Volkswagen Çağrı24 0800 211 0870",Var,,,,,,,,,,,,Turbo,,3,999 cc,Çok Noktadan Enjeksiyon,10.8 saniye,187 km/s,175 nm,95 BG,Almanya,,Binek,Style,,Hatchback,2022,İçten Yanmalı (Standart),1576 tl/yıl,B,Polo,Benzin,https://www.epey.com/araba/2022-volkswagen-polo-1-0-tsi-95-ps-dsg-style.html,,,,,,,115 g/km,,5.0 lt,,40 lt,,4.8 lt,5.8 lt,5 yıldız,2022 Volkswagen Polo 1.0 TSI 95 PS DSG Style NCAP/ANCAP Web Sayfası,2017,Var,,,,,,,Önden Çekişli,,,,,7 ileri,Otomatik,DSG (Yarı Otm.)
1172 kg,,1751 mm,4074 mm,1451 mm,,,351 lt,,2022 Volkswagen Polo 1.0 TSI 95 PS Life,,2022 Volkswagen Polo 1.0 TSI 95 PS Life Test Sürüşü Talep Sayfası,2022 Volkswagen Polo 1.0 TSI 95 PS Life Ürün Kataloğu,2 Yıl Sınırsız Km Mekanik,"Volkswagen Çağrı24 0212 335 0404
Volkswagen Çağrı24 0800 211 0870",Var,,,,,,,,,,,,Turbo,,3,999 cc,Çok Noktadan Enjeksiyon,10.8 saniye,187 km/s,175 nm,95 BG,Almanya,,Binek,Life,,Hatchback,2022,İçten Yanmalı (Standart),1576 tl/yıl,B,Polo,Benzin,https://www.epey.com/araba/2022-volkswagen-polo-1-0-tsi-95-ps-life.html,,,,,,,117 g/km,,5.1 lt,,40 lt,,4.5 lt,6.1 lt,5 yıldız,2022 Volkswagen Polo 1.0 TSI 95 PS Life NCAP/ANCAP Web Sayfası,2017,Var,,,,,,,Önden Çekişli,,,,,5 ileri,Manuel,
1541 kg,,1839 mm,4509 mm,1675 mm,,,615 lt,,2022 Volkswagen Tiguan 1.5 TSI ACT 150 PS DSG Elegance (4x2),,2022 Volkswagen Tiguan 1.5 TSI ACT 150 PS DSG Elegance (4x2) Test Sürüşü Talep Sayfası,2022 Volkswagen Tiguan 1.5 TSI ACT 150 PS DSG Elegance (4x2) Ürün Kataloğu,"2 Yıl Mekanik
3 Yıl Boya
12 Yıl Paslanmazlık","Volkswagen Çağrı24 0212 335 0404
Volkswagen Çağrı24 0800 211 0870",Var,,,,,,,,,,,,Turbo,,4,1498 cc,Direkt Enjeksiyon,,202 km/s,250 nm,150 BG,Almanya,,Binek,Elegance,,SUV,2022,İçten Yanmalı (Standart),2746 tl/yıl,C,Tiguan,Benzin,https://www.epey.com/araba/2022-volkswagen-tiguan-1-5-tsi-act-150-ps-dsg-elegance-4x2.html,,,,,,,128 g/km,,5.6 lt,,60 lt,,5.2 lt,6.5 lt,5 yıldız,2022 Volkswagen Tiguan 1.5 TSI ACT 150 PS DSG Elegance (4x2) NCAP/ANCAP Web Sayfası,2016,Var,,,,,,,Önden Çekişli,,,,,7 ileri,Otomatik,DSG (Yarı Otm.)
1541 kg,,1839 mm,4509 mm,1675 mm,,,615 lt,,2022 Volkswagen Tiguan 1.5 TSI ACT 150 PS DSG Life (4x2),,2022 Volkswagen Tiguan 1.5 TSI ACT 150 PS DSG Life (4x2) Test Sürüşü Talep Sayfası,2022 Volkswagen Tiguan 1.5 TSI ACT 150 PS DSG Life (4x2) Ürün Kataloğu,"2 Yıl Mekanik
3 Yıl Boya
12 Yıl Paslanmazlık","Volkswagen Çağrı24 0212 335 0404
Volkswagen Çağrı24 0800 211 0870",Var,,,,,,,,,,,,Turbo,,4,1498 cc,Direkt Enjeksiyon,,202 km/s,250 nm,150 BG,Almanya,,Binek,Life,,SUV,2022,İçten Yanmalı (Standart),2746 tl/yıl,C,Tiguan,Benzin,https://www.epey.com/araba/2022-volkswagen-tiguan-1-5-tsi-act-150-ps-dsg-life-4x2.html,,,,,,,128 g/km,,5.6 lt,,60 lt,,5.2 lt,6.5 lt,5 yıldız,2022 Volkswagen Tiguan 1.5 TSI ACT 150 PS DSG Life (4x2) NCAP/ANCAP Web Sayfası,2016,Var,,,,,,,Önden Çekişli,,,,,7 ileri,Otomatik,DSG (Yarı Otm.)
1541 kg,,1839 mm,4509 mm,1675 mm,,,615 lt,,2022 Volkswagen Tiguan 1.5 TSI ACT 150 PS DSG R-Line (4x2),,2022 Volkswagen Tiguan 1.5 TSI ACT 150 PS DSG R-Line (4x2) Test Sürüşü Talep Sayfası,2022 Volkswagen Tiguan 1.5 TSI ACT 150 PS DSG R-Line (4x2) Ürün Kataloğu,"2 Yıl Mekanik
3 Yıl Boya
12 Yıl Paslanmazlık","Volkswagen Çağrı24 0212 335 0404
Volkswagen Çağrı24 0800 211 0870",Var,,,,,,,,,,,,Turbo,,4,1498 cc,Direkt Enjeksiyon,,202 km/s,250 nm,150 BG,Almanya,,Binek,R-Line,,SUV,2022,İçten Yanmalı (Standart),2746 tl/yıl,C,Tiguan,Benzin,https://www.epey.com/araba/2022-volkswagen-tiguan-1-5-tsi-act-150-ps-dsg-r-line-4x2.html,,,,,,,128 g/km,,5.6 lt,,60 lt,,5.2 lt,6.5 lt,5 yıldız,2022 Volkswagen Tiguan 1.5 TSI ACT 150 PS DSG R-Line (4x2) NCAP/ANCAP Web Sayfası,2016,Var,,,,,,,Önden Çekişli,,,,,7 ileri,Otomatik,DSG (Yarı Otm.)
1715 kg,,1839 mm,4509 mm,1675 mm,,,615 lt,,2022 Volkswagen Tiguan 2.0 TDI 150 PS 4MOTION DSG Elegance (4x4),,2022 Volkswagen Tiguan 2.0 TDI 150 PS 4MOTION DSG Elegance (4x4) Test Sürüşü Talep Sayfası,2022 Volkswagen Tiguan 2.0 TDI 150 PS 4MOTION DSG Elegance (4x4) Ürün Kataloğu,"2 Yıl Mekanik
3 Yıl Boya
12 Yıl Paslanmazlık","Volkswagen Çağrı24 0212 335 0404
Volkswagen Çağrı24 0800 211 0870",Var,,,,,,,,,,,,Turbo,,4,1968 cc,Common Rail Direkt Enjeksiyon,,198 km/s,360 nm,150 BG,Almanya,,Binek,Elegance,,SUV,2022,İçten Yanmalı (Standart),7641 tl/yıl,C,Tiguan,Dizel,https://www.epey.com/araba/2022-volkswagen-tiguan-2-0-tdi-150-ps-4motion-dsg-elegance-4x4.html,,,,,,,125 g/km,,4.8 lt,,63 lt,,4.3 lt,5.6 lt,5 yıldız,2022 Volkswagen Tiguan 2.0 TDI 150 PS 4MOTION DSG Elegance (4x4) NCAP/ANCAP Web Sayfası,2016,Var,,,,,,,4x4 Çekişli,,,,,7 ileri,Otomatik,DSG (Yarı Otm.)
1715 kg,,1839 mm,4509 mm,1675 mm,,,615 lt,,2022 Volkswagen Tiguan 2.0 TDI 150 PS 4MOTION DSG R-Line (4x4),,2022 Volkswagen Tiguan 2.0 TDI 150 PS 4MOTION DSG R-Line (4x4) Test Sürüşü Talep Sayfası,2022 Volkswagen Tiguan 2.0 TDI 150 PS 4MOTION DSG R-Line (4x4) Ürün Kataloğu,"2 Yıl Mekanik
3 Yıl Boya
12 Yıl Paslanmazlık","Volkswagen Çağrı24 0212 335 0404
Volkswagen Çağrı24 0800 211 0870",Var,,,,,,,,,,,,Turbo,,4,1968 cc,Common Rail Direkt Enjeksiyon,,198 km/s,360 nm,150 BG,Almanya,,Binek,R-Line,,SUV,2022,İçten Yanmalı (Standart),7641 tl/yıl,C,Tiguan,Dizel,https://www.epey.com/araba/2022-volkswagen-tiguan-2-0-tdi-150-ps-4motion-dsg-r-line-4x4.html,,,,,,,125 g/km,,4.8 lt,,63 lt,,4.3 lt,5.6 lt,5 yıldız,2022 Volkswagen Tiguan 2.0 TDI 150 PS 4MOTION DSG R-Line (4x4) NCAP/ANCAP Web Sayfası,2016,Var,,,,,,,4x4 Çekişli,,,,,7 ileri,Otomatik,DSG (Yarı Otm.)
,13.20 mt.,1904 mm,5304 mm,1990 mm,,,,,2022 Volkswagen Transporter Camlı Van 2.0 TDI 150 PS (4+1 Uzun),Uzun,,2022 Volkswagen Transporter Camlı Van 2.0 TDI 150 PS (4+1 Uzun) Ürün Kataloğu,"2 Yıl Sınırsız Km Mekanik
3 Yıl Boya
8 Yıl Paslanmazlık","Volkswagen Çağrı24 0212 335 0404
Volkswagen Çağrı24 0800 211 0870",Var,,,,,,,,,,,,Değişken Geometrili Turbo,,4,1968 cc,Common Rail Direkt Enjeksiyon,12.0 saniye,181 km/s,340 nm,150 BG,Almanya,Camlı Van,Ticari,Standart,,Kombi,2022,İçten Yanmalı (Standart),3151 tl/yıl,Hafif Ticari,Transporter,Dizel,https://www.epey.com/araba/2022-volkswagen-transporter-camli-van-2-0-tdi-150-ps-4-plus1-uzun.html,,,,,,,,,7.8 lt,,70 lt,,7.4 lt,8.4 lt,,,,,6.7 m³,,3000 kg,1627 mm,1397 mm,1244 mm,Önden Çekişli,,,2500 kg,750 kg,6 ileri,Manuel,
,11.90 mt.,1904 mm,4904 mm,1990 mm,,,,,2022 Volkswagen Transporter Camlı Van 2.0 TDI 150 PS (4+1),Standart,,2022 Volkswagen Transporter Camlı Van 2.0 TDI 150 PS (4+1) Ürün Kataloğu,"2 Yıl Sınırsız Km Mekanik
3 Yıl Boya
8 Yıl Paslanmazlık","Volkswagen Çağrı24 0212 335 0404
Volkswagen Çağrı24 0800 211 0870",Var,,,,,,,,,,,,Değişken Geometrili Turbo,,4,1968 cc,Common Rail Direkt Enjeksiyon,12.0 saniye,181 km/s,340 nm,150 BG,Almanya,Camlı Van,Ticari,Standart,,Kombi,2022,İçten Yanmalı (Standart),3151 tl/yıl,Hafif Ticari,Transporter,Dizel,https://www.epey.com/araba/2022-volkswagen-transporter-camli-van-2-0-tdi-150-ps-4-plus1.html,,,,,,,,,7.8 lt,,70 lt,,7.4 lt,8.4 lt,,,,,5.8 m³,,3000 kg,1627 mm,1397 mm,1244 mm,Önden Çekişli,,,2500 kg,750 kg,6 ileri,Manuel,
1638 kg,,1859 mm,4500 mm,1695 mm,,720 lt,580 lt,,2022 Citroen C5 Aircross 1.5 BlueHDi 130 HP EAT8 Feel Bold (4x2),,2022 Citroen C5 Aircross 1.5 BlueHDi 130 HP EAT8 Feel Bold (4x2) Test Sürüşü Talep Sayfası,,,,,,,,,,,,,,,,Turbo,,4,1499 cc,Common Rail Direkt Enjeksiyon,10.6 saniye,189 km/s,300 nm,130 BG,Fransa,,Binek,Feel Bold,,SUV,2022,İçten Yanmalı (Standart),2746 tl/yıl,C,C5 Aircross,Dizel,https://www.epey.com/araba/2022-yeni-citroen-c5-aircross-1-5-bluehdi-130-hp-eat8-feel-bold-4x2-2.html,,,,,,,108 g/km,,4.1 lt,,53 lt,,3.9 lt,4.5 lt,4 yıldız,2022 Citroen C5 Aircross 1.5 BlueHDi 130 HP EAT8 Feel Bold (4x2) NCAP/ANCAP Web Sayfası,2019,Var,,,,,,,Önden Çekişli,,,,,8 ileri,Otomatik,
1638 kg,,1859 mm,4500 mm,1695 mm,,720 lt,580 lt,,2022 Citroen C5 Aircross 1.5 BlueHDi 130 HP EAT8 Shine (4x2),,2022 Citroen C5 Aircross 1.5 BlueHDi 130 HP EAT8 Shine (4x2) Test Sürüşü Talep Sayfası,,,,,,,,,,,,,,,,Turbo,,4,1499 cc,Common Rail Direkt Enjeksiyon,10.6 saniye,189 km/s,300 nm,130 BG,Fransa,,Binek,Shine,,SUV,2022,İçten Yanmalı (Standart),2746 tl/yıl,C,C5 Aircross,Dizel,https://www.epey.com/araba/2022-yeni-citroen-c5-aircross-1-5-bluehdi-130-hp-eat8-shine-4x2-2.html,,,,,,,108 g/km,,4.1 lt,,53 lt,,3.9 lt,4.5 lt,4 yıldız,2022 Citroen C5 Aircross 1.5 BlueHDi 130 HP EAT8 Shine (4x2) NCAP/ANCAP Web Sayfası,2019,Var,,,,,,,Önden Çekişli,,,,,8 ileri,Otomatik,
1638 kg,,1859 mm,4500 mm,1695 mm,,720 lt,580 lt,,2022 Citroen C5 Aircross 1.5 BlueHDi 130 HP EAT8 Shine Bold (4x2),,2022 Citroen C5 Aircross 1.5 BlueHDi 130 HP EAT8 Shine Bold (4x2) Test Sürüşü Talep Sayfası,,,,,,,,,,,,,,,,Turbo,,4,1499 cc,Common Rail Direkt Enjeksiyon,10.6 saniye,189 km/s,300 nm,130 BG,Fransa,,Binek,Shine Bold,,SUV,2022,İçten Yanmalı (Standart),2746 tl/yıl,C,C5 Aircross,Dizel,https://www.epey.com/araba/2022-yeni-citroen-c5-aircross-1-5-bluehdi-130-hp-eat8-shine-bold-4x2-2.html,,,,,,,108 g/km,,4.1 lt,,53 lt,,3.9 lt,4.5 lt,4 yıldız,2022 Citroen C5 Aircross 1.5 BlueHDi 130 HP EAT8 Shine Bold (4x2) NCAP/ANCAP Web Sayfası,2019,Var,,,,,,,Önden Çekişli,,,,,8 ileri,Otomatik,
1638 kg,,1859 mm,4500 mm,1695 mm,,720 lt,580 lt,,2022 Citroen C5 Aircross 1.6 PureTech 180 HP EAT8 Shine Bold (4x2),,2022 Citroen C5 Aircross 1.6 PureTech 180 HP EAT8 Shine Bold (4x2) Test Sürüşü Talep Sayfası,,,,,,,,,,,,,,,,Turbo,,4,1598 cc,Direkt Enjeksiyon,8.2 saniye,207 km/s,250 nm,180 BG,Fransa,,Binek,Shine Bold,,SUV,2022,İçten Yanmalı (Standart),2746 tl/yıl,C,C5 Aircross,Benzin,https://www.epey.com/araba/2022-yeni-citroen-c5-aircross-1-6-puretech-180-hp-eat8-shine-bold-4x2.html,,,,,,,123 g/km,,5.4 lt,,53 lt,,4.9 lt,6.2 lt,4 yıldız,2022 Citroen C5 Aircross 1.6 PureTech 180 HP EAT8 Shine Bold (4x2) NCAP/ANCAP Web Sayfası,2019,Var,,,,,,,Önden Çekişli,,,,,8 ileri,Otomatik,
1385 kg,,1799 mm,4319 mm,1434 mm,,1200 lt,380 lt,,2023 BMW 1 116d 1.5 116 BG Otomatik M Sport,,2023 BMW 1 116d 1.5 116 BG Otomatik M Sport Test Sürüşü Talep Sayfası,2023 BMW 1 116d 1.5 116 BG Otomatik M Sport Ürün Kataloğu,,,,,,,,,,,,,,,Turbo,,3,1496 cc,,10.1 saniye,198 km/s,270 nm,116 BG,Almanya,,Binek,M Sport,,Hatchback,2023,İçten Yanmalı (Standart),4434 tl/yıl,Premium C,1 Serisi,Dizel,https://www.epey.com/araba/2023-bmw-1-116d-1-5-116-bg-otomatik-m-sport.html,,,,,,,120 g/km,,4.6 lt,,42 lt,,4.3 lt,5.0 lt,5 yıldız,2023 BMW 1 116d 1.5 116 BG Otomatik M Sport NCAP/ANCAP Web Sayfası,2019,Var,,,,,,,Önden Çekişli,,,,,7 ileri,Otomatik,
1385 kg,,1799 mm,4319 mm,1434 mm,,1200 lt,380 lt,,2023 BMW 116d 1.5 116 BG Otomatik Sport Line,,2023 BMW 116d 1.5 116 BG Otomatik Sport Line Test Sürüşü Talep Sayfası,2023 BMW 116d 1.5 116 BG Otomatik Sport Line Ürün Kataloğu,,,,,,,,,,,,,,,Turbo,,3,1496 cc,,10.1 saniye,198 km/s,270 nm,116 BG,Almanya,,Binek,Sport Line,,Hatchback,2023,İçten Yanmalı (Standart),4434 tl/yıl,Premium C,1 Serisi,Dizel,https://www.epey.com/araba/2023-bmw-116d-1-5-116-bg-otomatik-sport-line.html,,,,,,,120 g/km,,4.6 lt,,42 lt,,4.3 lt,5.0 lt,5 yıldız,2023 BMW 116d 1.5 116 BG Otomatik Sport Line NCAP/ANCAP Web Sayfası,2019,Var,,,,,,,Önden Çekişli,,,,,7 ileri,Otomatik,
1320 kg,,1799 mm,4319 mm,1434 mm,,1200 lt,380 lt,,2023 BMW 118i 1.5 140 BG Otomatik M Sport,,2023 BMW 118i 1.5 140 BG Otomatik M Sport Test Sürüşü Talep Sayfası,2023 BMW 118i 1.5 140 BG Otomatik M Sport Ürün Kataloğu,,,,,,,,,,,,,,,Turbo,,3,1499 cc,,8.5 saniye,211 km/s,220 nm,140 BG,Almanya,,Binek,M Sport,,Hatchback,2023,İçten Yanmalı (Standart),4434 tl/yıl,Premium C,1 Serisi,Benzin,https://www.epey.com/araba/2023-bmw-118i-1-5-140-bg-otomatik-m-sport.html,,,,,,,135 g/km,,5.9 lt,,42 lt,,5.3 lt,7.0 lt,5 yıldız,2023 BMW 118i 1.5 140 BG Otomatik M Sport NCAP/ANCAP Web Sayfası,2019,Var,,,,,,,Önden Çekişli,,,,,7 ileri,Otomatik,
1320 kg,,1799 mm,4319 mm,1434 mm,,1200 lt,380 lt,,2023 BMW 118i 1.5 140 BG Otomatik Sport Line,,2023 BMW 118i 1.5 140 BG Otomatik Sport Line Test Sürüşü Talep Sayfası,2023 BMW 118i 1.5 140 BG Otomatik Sport Line Ürün Kataloğu,,,,,,,,,,,,,,,Turbo,,3,1499 cc,,8.5 saniye,211 km/s,220 nm,140 BG,Almanya,,Binek,Sport Line,,Hatchback,2023,İçten Yanmalı (Standart),4434 tl/yıl,Premium C,1 Serisi,Benzin,https://www.epey.com/araba/2023-bmw-118i-1-5-140-bg-otomatik-sport-line.html,,,,,,,135 g/km,,5.9 lt,,42 lt,,5.3 lt,7.0 lt,5 yıldız,2023 BMW 118i 1.5 140 BG Otomatik Sport Line NCAP/ANCAP Web Sayfası,2019,Var,,,,,,,Önden Çekişli,,,,,7 ileri,Otomatik,
1590 kg,,1827 mm,4713 mm,1440 mm,,,480 lt,,2023 BMW 320i 1.6 170 BG Otomatik M Sport,,2023 BMW 320i 1.6 170 BG Otomatik M Sport Test Sürüşü Talep Sayfası,2023 BMW 320i 1.6 170 BG Otomatik M Sport Ürün Kataloğu,"2 Yıl Sınırsız Km Mekanik
12 Yıl Paslanmazlık",BMW Acil Yardım 444 2299,Var,,,,,,,,,,,,,,4,1597 cc,,8.1 saniye,228 km/s,250 nm,170 BG,Almanya,,Binek,M Sport,,Sedan,2023,İçten Yanmalı (Standart),4434 tl/yıl,Premium D,3 Serisi,Benzin,https://www.epey.com/araba/2023-bmw-320i-1-6-170-bg-otomatik-m-sport.html,,,,,,,184 g/km,,8.2 lt,,59 lt,,,,5 yıldız,2023 BMW 320i 1.6 170 BG Otomatik M Sport NCAP/ANCAP Web Sayfası,2019,Var,,,,,,,Arkadan İtişli,,,,,,Otomatik,
1735 kg,,1868 mm,4963 mm,1457 mm,,,,,2023 BMW 520d xDrive 2.0 190 BG Otomatik Luxury Line (4x4),,2023 BMW 520d xDrive 2.0 190 BG Otomatik Luxury Line (4x4) Test Sürüşü Talep Sayfası,2023 BMW 520d xDrive 2.0 190 BG Otomatik Luxury Line (4x4) Ürün Kataloğu,,,,,,,,,,,,,,,Turbo,,4,1995 cc,,7.3 saniye,232 km/s,400 nm,190 BG,Almanya,,Binek,Luxury Line,,Sedan,2023,İçten Yanmalı (Standart),12340 tl/yıl,E,5 Serisi,Dizel,https://www.epey.com/araba/2023-bmw-520d-xdrive-2-0-190-bg-otomatik-luxury-line-4x4.html,,,,,,,144 g/km,,5.5 lt,,66 lt,,,,5 yıldız,2023 BMW 520d xDrive 2.0 190 BG Otomatik Luxury Line (4x4) NCAP/ANCAP Web Sayfası,2017,Var,,,,,,,4x4 Çekişli,Var,xDrive (BMW 4 Tekerlekten Çekiş Sistemi),,,8 ileri,Otomatik,
1735 kg,,1868 mm,4963 mm,1457 mm,,,,,2023 BMW 520d xDrive 2.0 190 BG Otomatik M Sport (4x4),,2023 BMW 520d xDrive 2.0 190 BG Otomatik M Sport (4x4) Test Sürüşü Talep Sayfası,2023 BMW 520d xDrive 2.0 190 BG Otomatik M Sport (4x4) Ürün Kataloğu,,,,,,,,,,,,,,,Turbo,,4,1995 cc,,7.3 saniye,232 km/s,400 nm,190 BG,Almanya,,Binek,M Sport,,Sedan,2023,İçten Yanmalı (Standart),12340 tl/yıl,E,5 Serisi,Dizel,https://www.epey.com/araba/2023-bmw-520d-xdrive-2-0-190-bg-otomatik-m-sport-4x4.html,,,,,,,144 g/km,,5.5 lt,,66 lt,,,,5 yıldız,2023 BMW 520d xDrive 2.0 190 BG Otomatik M Sport (4x4) NCAP/ANCAP Web Sayfası,2017,Var,,,,,,,4x4 Çekişli,Var,xDrive (BMW 4 Tekerlekten Çekiş Sistemi),,,8 ileri,Otomatik,
1580 kg,,1868 mm,4963 mm,1457 mm,,,,,2023 BMW 520i 1.6 170 BG Otomatik Luxury Line,,2023 BMW 520i 1.6 170 BG Otomatik Luxury Line Test Sürüşü Talep Sayfası,2023 BMW 520i 1.6 170 BG Otomatik Luxury Line Ürün Kataloğu,,,,,,,,,,,,,,,Turbo,,4,1597 cc,,8.3 saniye,226 km/s,250 nm,170 BG,Almanya,,Binek,Luxury Line,,Sedan,2023,İçten Yanmalı (Standart),4434 tl/yıl,E,5 Serisi,Benzin,https://www.epey.com/araba/2023-bmw-520i-1-6-170-bg-otomatik-luxury-line.html,,,,,,,162 g/km,,7.1 lt,,68 lt,,,,5 yıldız,2023 BMW 520i 1.6 170 BG Otomatik Luxury Line NCAP/ANCAP Web Sayfası,2017,Var,,,,,,,Arkadan İtişli,,,,,8 ileri,Otomatik,
1580 kg,,1868 mm,4963 mm,1457 mm,,,,,2023 BMW 520i 1.6 170 BG Otomatik M Sport,,2023 BMW 520i 1.6 170 BG Otomatik M Sport Test Sürüşü Talep Sayfası,2023 BMW 520i 1.6 170 BG Otomatik M Sport Ürün Kataloğu,,,,,,,,,,,,,,,Turbo,,4,1597 cc,,8.3 saniye,226 km/s,250 nm,170 BG,Almanya,,Binek,M Sport,,Sedan,2023,İçten Yanmalı (Standart),4434 tl/yıl,E,5 Serisi,Benzin,https://www.epey.com/araba/2023-bmw-520i-1-6-170-bg-otomatik-m-sport.html,,,,,,,162 g/km,,7.1 lt,,68 lt,,,,5 yıldız,2023 BMW 520i 1.6 170 BG Otomatik M Sport NCAP/ANCAP Web Sayfası,2017,Var,,,,,,,Arkadan İtişli,,,,,8 ileri,Otomatik,
1680 kg,,1868 mm,4963 mm,1457 mm,,,,,2023 BMW 530i xDrive 2.0 252 BG Otomatik Luxury Line (4x4),,2023 BMW 530i xDrive 2.0 252 BG Otomatik Luxury Line (4x4) Test Sürüşü Talep Sayfası,2023 BMW 530i xDrive 2.0 252 BG Otomatik Luxury Line (4x4) Ürün Kataloğu,,,,,,,,,,,,,,,Turbo,,4,1998 cc,,6.3 saniye,250 km/s,350 nm,252 BG,Almanya,,Binek,Luxury Line,,Sedan,2023,MHEV (Yarı Hibrit Sistem),12340 tl/yıl,E,5 Serisi,Benzin & Elektrik,https://www.epey.com/araba/2023-bmw-530i-xdrive-2-0-252-bg-otomatik-luxury-line-4x4.html,,,,,,,166 g/km,,7.3 lt,,68 lt,,,,5 yıldız,2023 BMW 530i xDrive 2.0 252 BG Otomatik Luxury Line (4x4) NCAP/ANCAP Web Sayfası,2017,Var,,,,,,,4x4 Çekişli,Var,xDrive (BMW 4 Tekerlekten Çekiş Sistemi),,,8 ileri,Otomatik,
1680 kg,,1868 mm,4963 mm,1457 mm,,,,,2023 BMW 530i xDrive 2.0 252 BG Otomatik M Sport (4x4),,2023 BMW 530i xDrive 2.0 252 BG Otomatik M Sport (4x4) Test Sürüşü Talep Sayfası,2023 BMW 530i xDrive 2.0 252 BG Otomatik M Sport (4x4) Ürün Kataloğu,,,,,,,,,,,,,,,Turbo,,4,1998 cc,,6.3 saniye,250 km/s,350 nm,252 BG,Almanya,,Binek,M Sport,,Sedan,2023,MHEV (Yarı Hibrit Sistem),12340 tl/yıl,E,5 Serisi,Benzin & Elektrik,https://www.epey.com/araba/2023-bmw-530i-xdrive-2-0-252-bg-otomatik-m-sport-4x4.html,,,,,,,166 g/km,,7.3 lt,,68 lt,,,,5 yıldız,2023 BMW 530i xDrive 2.0 252 BG Otomatik M Sport (4x4) NCAP/ANCAP Web Sayfası,2017,Var,,,,,,,4x4 Çekişli,Var,xDrive (BMW 4 Tekerlekten Çekiş Sistemi),,,8 ileri,Otomatik,
1461 kg,,2107 mm,4403 mm,1844 mm,,1414 lt,775 lt,,2023 Citroen Berlingo 1.5 BlueHDi 130 HP EAT8 Feel Bold,,,2023 Citroen Berlingo 1.5 BlueHDi 130 HP EAT8 Feel Bold Ürün Kataloğu,"2 Yıl Boya
2 Yıl Sınırsız Km Mekanik
5 Yıl Paslanmazlık",Citroen Destek 0212 359 6363,Var,,,,,,,,,,,,Turbo,,4,1499 cc,Common Rail Direkt Enjeksiyon,11.0 saniye,184 km/s,300 nm,130 BG,Fransa,,Binek,Feel Bold,,MPV,2023,İçten Yanmalı (Standart),4434 tl/yıl,C,Berlingo,Dizel,https://www.epey.com/araba/2023-citroen-berlingo-1-5-bluehdi-130-hp-eat8-feel-bold.html,,,,,,,116 g/km,,4.1 lt,,50 lt,Euro 6.2,4.0 lt,4.4 lt,4 yıldız,2023 Citroen Berlingo 1.5 BlueHDi 130 HP EAT8 Feel Bold NCAP/ANCAP Web Sayfası,2018,Var,,,,,,,Önden Çekişli,,,,,8 ileri,Otomatik,EAT8 (Otomatik)
1461 kg,,2107 mm,4403 mm,1844 mm,,1414 lt,775 lt,,2023 Citroen Berlingo 1.5 BlueHDi 130 HP EAT8 Shine Bold,,,2023 Citroen Berlingo 1.5 BlueHDi 130 HP EAT8 Shine Bold Ürün Kataloğu,"2 Yıl Boya
2 Yıl Sınırsız Km Mekanik
5 Yıl Paslanmazlık",Citroen Destek 0212 359 6363,Var,,,,,,,,,,,,Turbo,,4,1499 cc,Common Rail Direkt Enjeksiyon,11.0 saniye,184 km/s,300 nm,130 BG,Fransa,,Binek,Shine Bold,,MPV,2023,İçten Yanmalı (Standart),4434 tl/yıl,C,Berlingo,Dizel,https://www.epey.com/araba/2023-citroen-berlingo-1-5-bluehdi-130-hp-eat8-shine-bold.html,,,,,,,116 g/km,,4.1 lt,,50 lt,Euro 6.2,4.0 lt,4.4 lt,4 yıldız,2023 Citroen Berlingo 1.5 BlueHDi 130 HP EAT8 Shine Bold NCAP/ANCAP Web Sayfası,2018,Var,,,,,,,Önden Çekişli,,,,,8 ileri,Otomatik,EAT8 (Otomatik)
1461 kg,,2107 mm,4403 mm,1844 mm,,1414 lt,775 lt,,2023 Citroen Berlingo 1.5 BlueHDi 130 HP EAT8 Shine,,,2023 Citroen Berlingo 1.5 BlueHDi 130 HP EAT8 Shine Ürün Kataloğu,"2 Yıl Boya
2 Yıl Sınırsız Km Mekanik
5 Yıl Paslanmazlık",Citroen Destek 0212 359 6363,Var,,,,,,,,,,,,Turbo,,4,1499 cc,Common Rail Direkt Enjeksiyon,11.0 saniye,184 km/s,300 nm,130 BG,Fransa,,Binek,Shine,,MPV,2023,İçten Yanmalı (Standart),4434 tl/yıl,C,Berlingo,Dizel,https://www.epey.com/araba/2023-citroen-berlingo-1-5-bluehdi-130-hp-eat8-shine.html,,,,,,,116 g/km,,4.1 lt,,50 lt,Euro 6.2,4.0 lt,4.4 lt,4 yıldız,2023 Citroen Berlingo 1.5 BlueHDi 130 HP EAT8 Shine NCAP/ANCAP Web Sayfası,2018,Var,,,,,,,Önden Çekişli,,,,,8 ileri,Otomatik,EAT8 (Otomatik)
1467 kg,,2107 mm,4403 mm,1844 mm,,1414 lt,775 lt,,2023 Citroen Berlingo 1.5 BlueHDi 130 HP Feel Bold,,,2023 Citroen Berlingo 1.5 BlueHDi 130 HP Feel Bold Ürün Kataloğu,"2 Yıl Boya
2 Yıl Sınırsız Km Mekanik
5 Yıl Paslanmazlık",Citroen Destek 0212 359 6363,Var,,,,,,,,,,,,Turbo,,4,1499 cc,Common Rail Direkt Enjeksiyon,10.3 saniye,185 km/s,300 nm,130 BG,Fransa,,Binek,Feel Bold,,MPV,2023,İçten Yanmalı (Standart),4434 tl/yıl,C,Berlingo,Dizel,https://www.epey.com/araba/2023-citroen-berlingo-1-5-bluehdi-130-hp-feel-bold.html,,,,,,,117 g/km,,4.3 lt,,50 lt,Euro 6.2,4.0 lt,4.7 lt,4 yıldız,2023 Citroen Berlingo 1.5 BlueHDi 130 HP Feel Bold NCAP/ANCAP Web Sayfası,2018,Var,,,,,,,Önden Çekişli,,,,,6 ileri,Manuel,
1165 kg,,1748 mm,4416 mm,1477 mm,,,506 lt,,2023 Citroen C-Elysee 1.5 BlueHDi 100 HP Feel Bold,,,2023 Citroen C-Elysee 1.5 BlueHDi 100 HP Feel Bold Ürün Kataloğu,"2 Yıl Sınırsız Km Mekanik
3 Yıl Boya
12 Yıl Paslanmazlık",Citroen Destek 0212 359 6363,Var,,,,,,,,,,,,Turbo,,4,1499 cc,Common Rail Direkt Enjeksiyon,9.0 saniye,191 km/s,250 nm,100 BG,Fransa,,Binek,Feel Bold,,Sedan,2023,İçten Yanmalı (Standart),4434 tl/yıl,B,C-Elysee,Dizel,https://www.epey.com/araba/2023-citroen-c-elysee-1-5-bluehdi-100-hp-feel-bold.html,,,,,,,97 g/km,,3.7 lt,,50 lt,,3.3 lt,4.3 lt,3 yıldız,2023 Citroen C-Elysee 1.5 BlueHDi 100 HP Feel Bold NCAP/ANCAP Web Sayfası,2014,Var,,,,,,,Önden Çekişli,,,,,6 ileri,Manuel,
,,1749 mm,3996 mm,1490 mm,,,300 lt,,2023 Citroen C3 1.2 PureTech 110 HP EAT6 Feel Bold,,,2023 Citroen C3 1.2 PureTech 110 HP EAT6 Feel Bold Ürün Kataloğu,"2 Yıl Sınırsız Km Mekanik
3 Yıl Boya
12 Yıl Paslanmazlık",Citroen Destek 0212 359 6363,Var,,,,,,,,,,,,Turbo,,3,1199 cc,Direkt Enjeksiyon,10.0 saniye,193 km/s,205 nm,110 BG,Fransa,,Binek,Feel Bold,,Hatchback,2023,İçten Yanmalı (Standart),2545 tl/yıl,B,C3,Benzin,https://www.epey.com/araba/2023-citroen-c3-1-2-puretech-110-hp-eat6-feel-bold.html,,,,,,,109 g/km,,4.8 lt,,47 lt,,4.3 lt,5.7 lt,4 yıldız,2023 Citroen C3 1.2 PureTech 110 HP EAT6 Feel Bold NCAP/ANCAP Web Sayfası,2017,Var,,,,,,,Önden Çekişli,,,,,6 ileri,Otomatik,EAT6 (Otomatik)
,,1749 mm,3996 mm,1490 mm,,,300 lt,,2023 Citroen C3 1.2 PureTech 110 HP EAT6 Shine,,,2023 Citroen C3 1.2 PureTech 110 HP EAT6 Shine Ürün Kataloğu,"2 Yıl Sınırsız Km Mekanik
3 Yıl Boya
12 Yıl Paslanmazlık",Citroen Destek 0212 359 6363,Var,,,,,,,,,,,,Turbo,,3,1199 cc,Direkt Enjeksiyon,10.0 saniye,193 km/s,205 nm,110 BG,Fransa,,Binek,Shine,,Hatchback,2023,İçten Yanmalı (Standart),2545 tl/yıl,B,C3,Benzin,https://www.epey.com/araba/2023-citroen-c3-1-2-puretech-110-hp-eat6-shine.html,,,,,,,109 g/km,,4.8 lt,,47 lt,,4.3 lt,5.7 lt,4 yıldız,2023 Citroen C3 1.2 PureTech 110 HP EAT6 Shine NCAP/ANCAP Web Sayfası,2017,Var,,,,,,,Önden Çekişli,,,,,6 ileri,Otomatik,EAT6 (Otomatik)
,,1749 mm,3996 mm,1490 mm,,,300 lt,,2023 Citroen C3 1.2 PureTech 83 HP S&S Feel,,,2023 Citroen C3 1.2 PureTech 83 HP S&S Feel Ürün Kataloğu,"2 Yıl Sınırsız Km Mekanik
3 Yıl Boya
12 Yıl Paslanmazlık",Citroen Destek 0212 359 6363,Var,,,,,,,,,,,,Atmosferik,,3,1199 cc,Direkt Enjeksiyon,13.3 saniye,169 km/s,118 nm,83 BG,Fransa,,Binek,Feel,,Hatchback,2023,İçten Yanmalı (Standart),2545 tl/yıl,B,C3,Benzin,https://www.epey.com/araba/2023-citroen-c3-1-2-puretech-83-hp-ss-feel.html,,,,,,,96 g/km,,4.2 lt,,47 lt,,3.8 lt,4.9 lt,4 yıldız,2023 Citroen C3 1.2 PureTech 83 HP S&S Feel NCAP/ANCAP Web Sayfası,2017,Var,,,,,,,Önden Çekişli,,,,,5 ileri,Manuel,
1280 kg,,1765 mm,4155 mm,1648 mm,,520 lt,410 lt,,2023 Citroen C3 Aircross 1.2 PureTech 130 HP EAT6 Feel (4x2),,2023 Citroen C3 Aircross 1.2 PureTech 130 HP EAT6 Feel (4x2) Test Sürüşü Talep Sayfası,,,,,,,,,,,,,,,,Turbo,,3,1199 cc,Çok Noktadan Enjeksiyon,9.2 saniye,195 km/s,230 nm,130 BG,Fransa,,Binek,Feel,,SUV,2023,İçten Yanmalı (Standart),2545 tl/yıl,B,C3 Aircross,Benzin,https://www.epey.com/araba/2023-citroen-c3-aircross-1-2-puretech-130-hp-eat6-feel-4x2.html,,,,,,,114 g/km,,5.0 lt,,45 lt,,4.5 lt,5.9 lt,5 yıldız,2023 Citroen C3 Aircross 1.2 PureTech 130 HP EAT6 Feel (4x2) NCAP/ANCAP Web Sayfası,2017,Var,,,,,,,Önden Çekişli,,,,,6 ileri,Otomatik,EAT6 (Otomatik)
1280 kg,,1765 mm,4155 mm,1648 mm,,520 lt,410 lt,,2023 Citroen C3 Aircross 1.2 PureTech 130 HP EAT6 Feel Bold (4x2),,2023 Citroen C3 Aircross 1.2 PureTech 130 HP EAT6 Feel Bold (4x2) Test Sürüşü Talep Sayfası,,,,,,,,,,,,,,,,Turbo,,3,1199 cc,Çok Noktadan Enjeksiyon,9.2 saniye,195 km/s,230 nm,130 BG,Fransa,,Binek,Feel Bold,,SUV,2023,İçten Yanmalı (Standart),2545 tl/yıl,B,C3 Aircross,Benzin,https://www.epey.com/araba/2023-citroen-c3-aircross-1-2-puretech-130-hp-eat6-feel-bold-4x2.html,,,,,,,114 g/km,,5.0 lt,,45 lt,,4.5 lt,5.9 lt,5 yıldız,2023 Citroen C3 Aircross 1.2 PureTech 130 HP EAT6 Feel Bold (4x2) NCAP/ANCAP Web Sayfası,2017,Var,,,,,,,Önden Çekişli,,,,,6 ileri,Otomatik,EAT6 (Otomatik)
1280 kg,,1765 mm,4155 mm,1648 mm,,520 lt,410 lt,,2023 Citroen C3 Aircross 1.2 PureTech 130 HP EAT6 Shine (4x2),,2023 Citroen C3 Aircross 1.2 PureTech 130 HP EAT6 Shine (4x2) Test Sürüşü Talep Sayfası,,,,,,,,,,,,,,,,Turbo,,3,1199 cc,Çok Noktadan Enjeksiyon,9.2 saniye,195 km/s,230 nm,130 BG,Fransa,,Binek,Shine,,SUV,2023,İçten Yanmalı (Standart),2545 tl/yıl,B,C3 Aircross,Benzin,https://www.epey.com/araba/2023-citroen-c3-aircross-1-2-puretech-130-hp-eat6-shine-4x2.html,,,,,,,114 g/km,,5.0 lt,,45 lt,,4.5 lt,5.9 lt,5 yıldız,2023 Citroen C3 Aircross 1.2 PureTech 130 HP EAT6 Shine (4x2) NCAP/ANCAP Web Sayfası,2017,Var,,,,,,,Önden Çekişli,,,,,6 ileri,Otomatik,EAT6 (Otomatik)
1280 kg,,1765 mm,4155 mm,1648 mm,,520 lt,410 lt,,2023 Citroen C3 Aircross 1.2 PureTech 130 HP EAT6 Shine (Çift Renk) (4x2),,2023 Citroen C3 Aircross 1.2 PureTech 130 HP EAT6 Shine (Çift Renk) (4x2) Test Sürüşü Talep Sayfası,,,,,,,,,,,,,,,,Turbo,,3,1199 cc,Çok Noktadan Enjeksiyon,9.2 saniye,195 km/s,230 nm,130 BG,Fransa,,Binek,Shine (Çift Renk),,SUV,2023,İçten Yanmalı (Standart),2545 tl/yıl,B,C3 Aircross,Benzin,https://www.epey.com/araba/2023-citroen-c3-aircross-1-2-puretech-130-hp-eat6-shine-cift-renk-4x2.html,,,,,,,114 g/km,,5.0 lt,,45 lt,,4.5 lt,5.9 lt,5 yıldız,2023 Citroen C3 Aircross 1.2 PureTech 130 HP EAT6 Shine (Çift Renk) (4x2) NCAP/ANCAP Web Sayfası,2017,Var,,,,,,,Önden Çekişli,,,,,6 ileri,Otomatik,EAT6 (Otomatik)
1209 kg,10.90 mt.,1834 mm,4360 mm,1525 mm,,,380 lt,,2023 Citroen C4 1.2 PureTech 100 HP Feel,,2023 Citroen C4 1.2 PureTech 100 HP Feel Test Sürüşü Talep Sayfası,,,,,,,,,,,,,,,,Turbo,,3,1199 cc,Direkt Enjeksiyon,12.0 saniye,184 km/s,205 nm,100 BG,Fransa,,Binek,Feel,,SUV,2023,İçten Yanmalı (Standart),2545 tl/yıl,C,C4,Benzin,https://www.epey.com/araba/2023-citroen-c4-1-2-puretech-100-hp-feel.html,,,,,,,108 g/km,,4.6 lt,,50 lt,,4.0 lt,5.7 lt,4 yıldız,2023 Citroen C4 1.2 PureTech 100 HP Feel NCAP/ANCAP Web Sayfası,2021,Var,,,,,,,Önden Çekişli,,,,,6 ileri,Manuel,
1263 kg,10.90 mt.,1834 mm,4360 mm,1525 mm,,,380 lt,,2023 Citroen C4 1.2 PureTech 130 HP EAT8 Feel Bold,,2023 Citroen C4 1.2 PureTech 130 HP EAT8 Feel Bold Test Sürüşü Talep Sayfası,,,,,,,,,,,,,,,,Turbo,,3,1199 cc,Direkt Enjeksiyon,10.2 saniye,200 km/s,230 nm,130 BG,Fransa,,Binek,Feel Bold,,SUV,2023,İçten Yanmalı (Standart),2545 tl/yıl,C,C4,Benzin,https://www.epey.com/araba/2023-citroen-c4-1-2-puretech-130-hp-eat8-feel-bold.html,,,,,,,112 g/km,,5.0 lt,,50 lt,,4.6 lt,5.8 lt,4 yıldız,2023 Citroen C4 1.2 PureTech 130 HP EAT8 Feel Bold NCAP/ANCAP Web Sayfası,2021,Var,,,,,,,Önden Çekişli,,,,,8 ileri,Otomatik,EAT8 (Otomatik)
1263 kg,10.90 mt.,1834 mm,4360 mm,1525 mm,,,380 lt,,2023 Citroen C4 1.2 PureTech 130 HP EAT8 Shine Bold,,2023 Citroen C4 1.2 PureTech 130 HP EAT8 Shine Bold Test Sürüşü Talep Sayfası,,,,,,,,,,,,,,,,Turbo,,3,1199 cc,Direkt Enjeksiyon,10.2 saniye,200 km/s,230 nm,130 BG,Fransa,,Binek,Shine Bold,,SUV,2023,İçten Yanmalı (Standart),2545 tl/yıl,C,C4,Benzin,https://www.epey.com/araba/2023-citroen-c4-1-2-puretech-130-hp-eat8-shine-bold.html,,,,,,,112 g/km,,5.0 lt,,50 lt,,4.6 lt,5.8 lt,4 yıldız,2023 Citroen C4 1.2 PureTech 130 HP EAT8 Shine Bold NCAP/ANCAP Web Sayfası,2021,Var,,,,,,,Önden Çekişli,,,,,8 ileri,Otomatik,EAT8 (Otomatik)
1263 kg,10.90 mt.,1834 mm,4360 mm,1525 mm,,,380 lt,,2023 Citroen C4 1.2 PureTech 130 HP EAT8 Shine,,2023 Citroen C4 1.2 PureTech 130 HP EAT8 Shine Test Sürüşü Talep Sayfası,,,,,,,,,,,,,,,,Turbo,,3,1199 cc,Direkt Enjeksiyon,10.2 saniye,200 km/s,230 nm,130 BG,Fransa,,Binek,Shine,,SUV,2023,İçten Yanmalı (Standart),2545 tl/yıl,C,C4,Benzin,https://www.epey.com/araba/2023-citroen-c4-1-2-puretech-130-hp-eat8-shine.html,,,,,,,112 g/km,,5.0 lt,,50 lt,,4.6 lt,5.8 lt,4 yıldız,2023 Citroen C4 1.2 PureTech 130 HP EAT8 Shine NCAP/ANCAP Web Sayfası,2021,Var,,,,,,,Önden Çekişli,,,,,8 ileri,Otomatik,EAT8 (Otomatik)
1314 kg,10.90 mt.,1834 mm,4360 mm,1525 mm,,,380 lt,,2023 Citroen C4 1.5 BlueHDi 130 HP EAT8 Feel Bold,,2023 Citroen C4 1.5 BlueHDi 130 HP EAT8 Feel Bold Test Sürüşü Talep Sayfası,,,,,,,,,,,,,,,,Turbo,,4,1499 cc,Common Rail Direkt Enjeksiyon,10.6 saniye,206 km/s,300 nm,130 BG,Fransa,,Binek,Feel Bold,,SUV,2023,İçten Yanmalı (Standart),4434 tl/yıl,C,C4,Dizel,https://www.epey.com/araba/2023-citroen-c4-1-5-bluehdi-130-hp-eat8-feel-bold.html,,,,,,,99 g/km,,3.8 lt,,50 lt,,3.6 lt,4.2 lt,4 yıldız,2023 Citroen C4 1.5 BlueHDi 130 HP EAT8 Feel Bold NCAP/ANCAP Web Sayfası,2021,Var,,,,,,,Önden Çekişli,,,,,8 ileri,Otomatik,EAT8 (Otomatik)
1314 kg,10.90 mt.,1834 mm,4360 mm,1525 mm,,,380 lt,,2023 Citroen C4 1.5 BlueHDi 130 HP EAT8 Shine Bold,,2023 Citroen C4 1.5 BlueHDi 130 HP EAT8 Shine Bold Test Sürüşü Talep Sayfası,,,,,,,,,,,,,,,,Turbo,,4,1499 cc,Common Rail Direkt Enjeksiyon,10.6 saniye,206 km/s,300 nm,130 BG,Fransa,,Binek,Shine Bold,,SUV,2023,İçten Yanmalı (Standart),4434 tl/yıl,C,C4,Dizel,https://www.epey.com/araba/2023-citroen-c4-1-5-bluehdi-130-hp-eat8-shine-bold.html,,,,,,,99 g/km,,3.8 lt,,50 lt,,3.6 lt,4.2 lt,4 yıldız,2023 Citroen C4 1.5 BlueHDi 130 HP EAT8 Shine Bold NCAP/ANCAP Web Sayfası,2021,Var,,,,,,,Önden Çekişli,,,,,8 ileri,Otomatik,EAT8 (Otomatik)
1638 kg,,1859 mm,4500 mm,1695 mm,,720 lt,580 lt,,2023 Citroen C5 Aircross 1.5 BlueHDi 130 HP EAT8 Feel Bold (4x2),,2023 Citroen C5 Aircross 1.5 BlueHDi 130 HP EAT8 Feel Bold (4x2) Test Sürüşü Talep Sayfası,,,,,,,,,,,,,,,,Turbo,,4,1499 cc,Common Rail Direkt Enjeksiyon,10.6 saniye,189 km/s,300 nm,130 BG,Fransa,,Binek,Feel Bold,,SUV,2023,İçten Yanmalı (Standart),4434 tl/yıl,C,C5 Aircross,Dizel,https://www.epey.com/araba/2023-citroen-c5-aircross-1-5-bluehdi-130-hp-eat8-feel-bold-4x2.html,,,,,,,108 g/km,,4.1 lt,,53 lt,,3.9 lt,4.5 lt,4 yıldız,2023 Citroen C5 Aircross 1.5 BlueHDi 130 HP EAT8 Feel Bold (4x2) NCAP/ANCAP Web Sayfası,2019,Var,,,,,,,Önden Çekişli,,,,,8 ileri,Otomatik,
1638 kg,,1859 mm,4500 mm,1695 mm,,720 lt,580 lt,,2023 Citroen C5 Aircross 1.5 BlueHDi 130 HP EAT8 Shine (4x2),,2023 Citroen C5 Aircross 1.5 BlueHDi 130 HP EAT8 Shine (4x2) Test Sürüşü Talep Sayfası,,,,,,,,,,,,,,,,Turbo,,4,1499 cc,Common Rail Direkt Enjeksiyon,10.6 saniye,189 km/s,300 nm,130 BG,Fransa,,Binek,Shine,,SUV,2023,İçten Yanmalı (Standart),4434 tl/yıl,C,C5 Aircross,Dizel,https://www.epey.com/araba/2023-citroen-c5-aircross-1-5-bluehdi-130-hp-eat8-shine-4x2.html,,,,,,,108 g/km,,4.1 lt,,53 lt,,3.9 lt,4.5 lt,4 yıldız,2023 Citroen C5 Aircross 1.5 BlueHDi 130 HP EAT8 Shine (4x2) NCAP/ANCAP Web Sayfası,2019,Var,,,,,,,Önden Çekişli,,,,,8 ileri,Otomatik,
1638 kg,,1859 mm,4500 mm,1695 mm,,720 lt,580 lt,,2023 Citroen C5 Aircross 1.5 BlueHDi 130 HP EAT8 Shine Bold (4x2),,2023 Citroen C5 Aircross 1.5 BlueHDi 130 HP EAT8 Shine Bold (4x2) Test Sürüşü Talep Sayfası,,,,,,,,,,,,,,,,Turbo,,4,1499 cc,Common Rail Direkt Enjeksiyon,10.6 saniye,189 km/s,300 nm,130 BG,Fransa,,Binek,Shine Bold,,SUV,2023,İçten Yanmalı (Standart),4434 tl/yıl,C,C5 Aircross,Dizel,https://www.epey.com/araba/2023-citroen-c5-aircross-1-5-bluehdi-130-hp-eat8-shine-bold-4x2.html,,,,,,,108 g/km,,4.1 lt,,53 lt,,3.9 lt,4.5 lt,4 yıldız,2023 Citroen C5 Aircross 1.5 BlueHDi 130 HP EAT8 Shine Bold (4x2) NCAP/ANCAP Web Sayfası,2019,Var,,,,,,,Önden Çekişli,,,,,8 ileri,Otomatik,
1331 kg,,1804 mm,4341 mm,1693 mm,,,478 lt,,2023 Dacia Duster 1.0 ECO-G Turbo 100 BG Expression (4x2),,2023 Dacia Duster 1.0 ECO-G Turbo 100 BG Expression (4x2) Test Sürüşü Talep Sayfası,2023 Dacia Duster 1.0 ECO-G Turbo 100 BG Expression (4x2) Ürün Kataloğu,,,,,,,,,,,,,,,Turbo,,3,999 cc,Çok Noktadan Enjeksiyon,13.8 saniye,168 km/s,170 nm,100 BG,Romanya > Fransa,,Binek,Expression,,SUV,2023,İçten Yanmalı (Standart),2545 tl/yıl,C,Duster,Benzin & LPG,https://www.epey.com/araba/2023-dacia-duster-1-0-eco-g-turbo-100-bg-expression-4x2.html,Var,129 g/km,49.8 lt,8.0 lt,,,,147 g/km,,6.5 lt,50 lt,,,,3 yıldız,2023 Dacia Duster 1.0 ECO-G Turbo 100 BG Expression (4x2) NCAP/ANCAP Web Sayfası,2017,Var,,,,,,,Önden Çekişli,,,,,6 ileri,Manuel,
1264 kg,,1804 mm,4341 mm,1693 mm,,,478 lt,,2023 Dacia Duster 1.0 Turbo 90 BG Essential (4x2),,2023 Dacia Duster 1.0 Turbo 90 BG Essential (4x2) Test Sürüşü Talep Sayfası,2023 Dacia Duster 1.0 Turbo 90 BG Essential (4x2) Ürün Kataloğu,,,,,,,,,,,,,,,Turbo,,3,999 cc,Çok Noktadan Enjeksiyon,13.1 saniye,166 km/s,160 nm,90 BG,Romanya > Fransa,,Binek,Essential,,SUV,2023,İçten Yanmalı (Standart),2545 tl/yıl,C,Duster,Benzin,https://www.epey.com/araba/2023-dacia-duster-1-0-turbo-90-bg-essential-4x2.html,,,,,,,,143 g/km,,6.4 lt,50 lt,,,,3 yıldız,2023 Dacia Duster 1.0 Turbo 90 BG Essential (4x2) NCAP/ANCAP Web Sayfası,2017,Var,,,,,,,Önden Çekişli,,,,,6 ileri,Manuel,
1338 kg,,1804 mm,4341 mm,1682 mm,,,467 lt,,2023 Dacia Duster 1.3 Turbo 150 BG EDC Essential (4x2),,2023 Dacia Duster 1.3 Turbo 150 BG EDC Essential (4x2) Test Sürüşü Talep Sayfası,2023 Dacia Duster 1.3 Turbo 150 BG EDC Essential (4x2) Ürün Kataloğu,,,,,,,,,,,,,,,Turbo,,4,1332 cc,Direkt Enjeksiyon,9.7 saniye,180 km/s,250 nm,150 BG,Romanya > Fransa,,Binek,Essential,,SUV,2023,İçten Yanmalı (Standart),4434 tl/yıl,C,Duster,Benzin,https://www.epey.com/araba/2023-dacia-duster-1-3-turbo-150-bg-edc-essential-4x2.html,,,,,,,,145 g/km,,6.4 lt,50 lt,,,,3 yıldız,2023 Dacia Duster 1.3 Turbo 150 BG EDC Essential (4x2) NCAP/ANCAP Web Sayfası,2017,Var,,,,,,,Önden Çekişli,,,,,6 ileri,Otomatik,
1338 kg,,1804 mm,4341 mm,1682 mm,,,467 lt,,2023 Dacia Duster 1.3 Turbo 150 BG EDC Journey (4x2),,2023 Dacia Duster 1.3 Turbo 150 BG EDC Journey (4x2) Test Sürüşü Talep Sayfası,2023 Dacia Duster 1.3 Turbo 150 BG EDC Journey (4x2) Ürün Kataloğu,,,,,,,,,,,,,,,Turbo,,4,1332 cc,Direkt Enjeksiyon,9.7 saniye,180 km/s,250 nm,150 BG,Romanya > Fransa,,Binek,Journey,,SUV,2023,İçten Yanmalı (Standart),4434 tl/yıl,C,Duster,Benzin,https://www.epey.com/araba/2023-dacia-duster-1-3-turbo-150-bg-edc-journey-4x2.html,,,,,,,,145 g/km,,6.4 lt,50 lt,,,,3 yıldız,2023 Dacia Duster 1.3 Turbo 150 BG EDC Journey (4x2) NCAP/ANCAP Web Sayfası,2017,Var,,,,,,,Önden Çekişli,,,,,6 ileri,Otomatik,
1399 kg,,1804 mm,4341 mm,1682 mm,,,467 lt,,2023 Dacia Duster 1.3 Turbo 150 BG Essential (4x4),,2023 Dacia Duster 1.3 Turbo 150 BG Essential (4x4) Test Sürüşü Talep Sayfası,2023 Dacia Duster 1.3 Turbo 150 BG Essential (4x4) Ürün Kataloğu,,,,,,,,,,,,,,,Turbo,,4,1332 cc,Direkt Enjeksiyon,10.4 saniye,183 km/s,250 nm,150 BG,Romanya > Fransa,,Binek,Essential,,SUV,2023,İçten Yanmalı (Standart),4434 tl/yıl,C,Duster,Benzin,https://www.epey.com/araba/2023-dacia-duster-1-3-turbo-150-bg-essential-4x4.html,,,,,,,,155 g/km,,6.9 lt,50 lt,,,,3 yıldız,2023 Dacia Duster 1.3 Turbo 150 BG Essential (4x4) NCAP/ANCAP Web Sayfası,2017,Var,,,,,,,4x4 Çekişli,,,,,6 ileri,Manuel,
1488 kg,,1804 mm,4341 mm,1682 mm,,,414 lt,,2023 Dacia Duster 1.5 Blue dCi 115 BG Essential Blue (4x4),,2023 Dacia Duster 1.5 Blue dCi 115 BG Essential Blue (4x4) Test Sürüşü Talep Sayfası,2023 Dacia Duster 1.5 Blue dCi 115 BG Essential Blue (4x4) Ürün Kataloğu,,,,,,,,,,,,,,,Turbo,,4,1461 cc,Common Rail Direkt Enjeksiyon,10.2 saniye,175 km/s,260 nm,115 BG,Romanya > Fransa,,Binek,Essential Blue,,SUV,2023,İçten Yanmalı (Standart),2545 tl/yıl,C,Duster,Dizel,https://www.epey.com/araba/2023-dacia-duster-1-5-blue-dci-115-bg-essential-blue-4x4.html,,,,,,,,141 g/km,,5.4 lt,50 lt,,,,3 yıldız,2023 Dacia Duster 1.5 Blue dCi 115 BG Essential Blue (4x4) NCAP/ANCAP Web Sayfası,2017,Var,,,,,,,4x4 Çekişli,,,,,6 ileri,Manuel,
1174 kg,,1848 mm,4088 mm,1499 mm,,,410 lt,,2023 Dacia Sandero 1.0 Tce 90 BG X-tronic Essential,,2023 Dacia Sandero 1.0 Tce 90 BG X-tronic Essential Test Sürüşü Talep Sayfası,2023 Dacia Sandero 1.0 Tce 90 BG X-tronic Essential Ürün Kataloğu,,,,,,,,,,,,,,,Turbo,,3,999 cc,Çok Noktadan Enjeksiyon,13.4 saniye,169 km/s,142 nm,90 BG,Romanya > Fransa,,Binek,Essential,,Hatchback,2023,İçten Yanmalı (Standart),2545 tl/yıl,B,Sandero,Benzin,https://www.epey.com/araba/2023-dacia-sandero-1-0-tce-90-bg-x-tronic-essential.html,,,,,,,142 g/km,142 g/km,,6.3 lt,50 lt,Euro 6,,,,,,,,,,,,,Önden Çekişli,,,,,,Otomatik,X-Tronic CVT
1520 kg,,1832 mm,4406 mm,1845 mm,,3200 lt,790 lt,,2023 Fiat Doblo Kombi 1.6 MultiJet 120 HP Easy,,,2023 Fiat Doblo Kombi 1.6 MultiJet 120 HP Easy Ürün Kataloğu,"3 Yıl / 150 Bin Km Mekanik
3 Yıl Boya
8 Yıl Paslanmazlık",Fiat Acil Servis 444 2255,Var,,,,,,,,,,,,Turbo,,4,1598 cc,Common Rail Direkt Enjeksiyon,13.4 saniye,176 km/s,320 nm,120 BG,İtalya,Combi,Ticari,Easy,,Kombi,2023,İçten Yanmalı (Standart),3380 tl/yıl,Hafif Ticari,Doblo,Dizel,https://www.epey.com/araba/2023-fiat-doblo-kombi-1-6-multijet-120-hp-easy.html,,,,,,,179 g/km,,6.8 lt,,60 lt,Euro 6,,,3 yıldız,2023 Fiat Doblo Kombi 1.6 MultiJet 120 HP Easy NCAP/ANCAP Web Sayfası,2017,Var,,710 kg,2090 kg,,,,Önden Çekişli,,,,,6 ileri,Manuel,
1520 kg,,1832 mm,4406 mm,1845 mm,,3200 lt,790 lt,,2023 Fiat Doblo Kombi 1.6 MultiJet 120 HP Premio Plus,,,2023 Fiat Doblo Kombi 1.6 MultiJet 120 HP Premio Plus Ürün Kataloğu,"3 Yıl / 150 Bin Km Mekanik
3 Yıl Boya
8 Yıl Paslanmazlık",Fiat Acil Servis 444 2255,Var,,,,,,,,,,,,Turbo,,4,1598 cc,Common Rail Direkt Enjeksiyon,13.4 saniye,176 km/s,320 nm,120 BG,İtalya,Combi,Ticari,Premio Plus,,Kombi,2023,İçten Yanmalı (Standart),3380 tl/yıl,Hafif Ticari,Doblo,Dizel,https://www.epey.com/araba/2023-fiat-doblo-kombi-1-6-multijet-120-hp-premio-plus.html,,,,,,,179 g/km,,6.8 lt,,60 lt,Euro 6,,,3 yıldız,2023 Fiat Doblo Kombi 1.6 MultiJet 120 HP Premio Plus NCAP/ANCAP Web Sayfası,2017,Var,,710 kg,2090 kg,,,,Önden Çekişli,,,,,6 ileri,Manuel,
1520 kg,,1832 mm,4406 mm,1845 mm,,3200 lt,790 lt,,2023 Fiat Doblo Kombi 1.6 MultiJet 120 HP Safeline,,,2023 Fiat Doblo Kombi 1.6 MultiJet 120 HP Safeline Ürün Kataloğu,"3 Yıl / 150 Bin Km Mekanik
3 Yıl Boya
8 Yıl Paslanmazlık",Fiat Acil Servis 444 2255,Var,,,,,,,,,,,,Turbo,,4,1598 cc,Common Rail Direkt Enjeksiyon,13.4 saniye,176 km/s,320 nm,120 BG,İtalya,Combi,Ticari,Safeline,,Kombi,2023,İçten Yanmalı (Standart),3380 tl/yıl,Hafif Ticari,Doblo,Dizel,https://www.epey.com/araba/2023-fiat-doblo-kombi-1-6-multijet-120-hp-safeline.html,,,,,,,179 g/km,,6.8 lt,,60 lt,Euro 6,,,3 yıldız,2023 Fiat Doblo Kombi 1.6 MultiJet 120 HP Safeline NCAP/ANCAP Web Sayfası,2017,Var,,710 kg,2090 kg,,,,Önden Çekişli,,,,,6 ileri,Manuel,
1520 kg,,1832 mm,4406 mm,1845 mm,,3200 lt,790 lt,,2023 Fiat Doblo Kombi 1.6 MultiJet 120 HP Trekking,,,2023 Fiat Doblo Kombi 1.6 MultiJet 120 HP Trekking Ürün Kataloğu,"3 Yıl / 150 Bin Km Mekanik
3 Yıl Boya
8 Yıl Paslanmazlık",Fiat Acil Servis 444 2255,Var,,,,,,,,,,,,Turbo,,4,1598 cc,Common Rail Direkt Enjeksiyon,13.4 saniye,176 km/s,320 nm,120 BG,İtalya,Combi,Ticari,Trekking,,Kombi,2023,İçten Yanmalı (Standart),4434 tl/yıl,Hafif Ticari,Doblo,Dizel,https://www.epey.com/araba/2023-fiat-doblo-kombi-1-6-multijet-120-hp-trekking.html,,,,,,,179 g/km,,6.8 lt,,60 lt,Euro 6,,,3 yıldız,2023 Fiat Doblo Kombi 1.6 MultiJet 120 HP Trekking NCAP/ANCAP Web Sayfası,2017,Var,,710 kg,2090 kg,,,,Önden Çekişli,,,,,6 ileri,Manuel,
1240 kg,10.90 mt.,1792 mm,4532 mm,1497 mm,,,520 lt,,2023 Fiat Egea 1.3 Multijet 95 HP Easy Plus,,2023 Fiat Egea 1.3 Multijet 95 HP Easy Plus Test Sürüşü Talep Sayfası,2023 Fiat Egea 1.3 Multijet 95 HP Easy Plus Ürün Kataloğu,"3 Yıl Boya
5 Yıl / 100 Bin Km Mekanik
8 Yıl Paslanmazlık",Fiat Acil Servis 444 2255,Var,,,,,,,,,,,,Turbo,,4,1248 cc,Common Rail Direkt Enjeksiyon,12.8 saniye,184 km/s,200 nm,95 BG,İtalya,Sedan,Binek,Easy Plus,Var,Sedan,2023,İçten Yanmalı (Standart),2545 tl/yıl,C,Egea,Dizel,https://www.epey.com/araba/2023-fiat-egea-1-3-multijet-95-hp-easy-plus.html,,,,,,,113 g/km,,4.2 lt,,50 lt,Euro 6d-FINAL,,,3 yıldız,2023 Fiat Egea 1.3 Multijet 95 HP Easy Plus NCAP/ANCAP Web Sayfası,2016,Var,,,,,,,Önden Çekişli,,,,,5 ileri,Manuel,
1240 kg,10.90 mt.,1792 mm,4532 mm,1497 mm,,,520 lt,,2023 Fiat Egea 1.3 Multijet 95 HP Easy,,2023 Fiat Egea 1.3 Multijet 95 HP Easy Test Sürüşü Talep Sayfası,2023 Fiat Egea 1.3 Multijet 95 HP Easy Ürün Kataloğu,"3 Yıl Boya
5 Yıl / 100 Bin Km Mekanik
8 Yıl Paslanmazlık",Fiat Acil Servis 444 2255,Var,,,,,,,,,,,,Turbo,,4,1248 cc,Common Rail Direkt Enjeksiyon,12.8 saniye,184 km/s,200 nm,95 BG,İtalya,Sedan,Binek,Easy,Var,Sedan,2023,İçten Yanmalı (Standart),2545 tl/yıl,C,Egea,Dizel,https://www.epey.com/araba/2023-fiat-egea-1-3-multijet-95-hp-easy.html,,,,,,,113 g/km,,4.2 lt,,50 lt,Euro 6d-FINAL,,,3 yıldız,2023 Fiat Egea 1.3 Multijet 95 HP Easy NCAP/ANCAP Web Sayfası,2016,Var,,,,,,,Önden Çekişli,,,,,5 ileri,Manuel,
1240 kg,10.90 mt.,1792 mm,4532 mm,1497 mm,,,520 lt,,2023 Fiat Egea 1.3 Multijet 95 HP Lounge,,2023 Fiat Egea 1.3 Multijet 95 HP Lounge Test Sürüşü Talep Sayfası,2023 Fiat Egea 1.3 Multijet 95 HP Lounge Ürün Kataloğu,"3 Yıl Boya
5 Yıl / 100 Bin Km Mekanik
8 Yıl Paslanmazlık",Fiat Acil Servis 444 2255,Var,,,,,,,,,,,,Turbo,,4,1248 cc,Common Rail Direkt Enjeksiyon,12.8 saniye,184 km/s,200 nm,95 BG,İtalya,Sedan,Binek,Lounge,Var,Sedan,2023,İçten Yanmalı (Standart),2545 tl/yıl,C,Egea,Dizel,https://www.epey.com/araba/2023-fiat-egea-1-3-multijet-95-hp-lounge.html,,,,,,,113 g/km,,4.2 lt,,50 lt,Euro 6d-FINAL,,,3 yıldız,2023 Fiat Egea 1.3 Multijet 95 HP Lounge NCAP/ANCAP Web Sayfası,2016,Var,,,,,,,Önden Çekişli,,,,,5 ileri,Manuel,
1240 kg,10.90 mt.,1792 mm,4532 mm,1497 mm,,,520 lt,,2023 Fiat Egea 1.3 Multijet 95 HP Urban,,2023 Fiat Egea 1.3 Multijet 95 HP Urban Test Sürüşü Talep Sayfası,2023 Fiat Egea 1.3 Multijet 95 HP Urban Ürün Kataloğu,"3 Yıl Boya
5 Yıl / 100 Bin Km Mekanik
8 Yıl Paslanmazlık",Fiat Acil Servis 444 2255,Var,,,,,,,,,,,,Turbo,,4,1248 cc,Common Rail Direkt Enjeksiyon,12.8 saniye,184 km/s,200 nm,95 BG,İtalya,Sedan,Binek,Urban,Var,Sedan,2023,İçten Yanmalı (Standart),2545 tl/yıl,C,Egea,Dizel,https://www.epey.com/araba/2023-fiat-egea-1-3-multijet-95-hp-urban.html,,,,,,,113 g/km,,4.2 lt,,50 lt,Euro 6d-FINAL,,,3 yıldız,2023 Fiat Egea 1.3 Multijet 95 HP Urban NCAP/ANCAP Web Sayfası,2016,Var,,,,,,,Önden Çekişli,,,,,5 ileri,Manuel,
1150 kg,10.90 mt.,1792 mm,4532 mm,1497 mm,,,520 lt,,2023 Fiat Egea 1.4 Fire 95 HP Easy Plus,,2023 Fiat Egea 1.4 Fire 95 HP Easy Plus Test Sürüşü Talep Sayfası,2023 Fiat Egea 1.4 Fire 95 HP Easy Plus Ürün Kataloğu,"3 Yıl Boya
5 Yıl / 100 Bin Km Mekanik
8 Yıl Paslanmazlık",Fiat Acil Servis 444 2255,Var,,,,,,,,,,,,Atmosferik,,4,1368 cc,Çok Noktadan Enjeksiyon,11.8 saniye,186 km/s,127 nm,95 BG,İtalya,Sedan,Binek,Easy Plus,Var,Sedan,2023,İçten Yanmalı (Standart),4434 tl/yıl,C,Egea,Benzin,https://www.epey.com/araba/2023-fiat-egea-1-4-fire-95-hp-easy-plus.html,,,,,,,150 g/km,,6.5 lt,,50 lt,Euro 6d-FINAL,,,3 yıldız,2023 Fiat Egea 1.4 Fire 95 HP Easy Plus NCAP/ANCAP Web Sayfası,2016,Var,,,,,,,Önden Çekişli,,,,,6 ileri,Manuel,
1150 kg,10.90 mt.,1792 mm,4532 mm,1497 mm,,,520 lt,,2023 Fiat Egea 1.4 Fire 95 HP Easy,,2023 Fiat Egea 1.4 Fire 95 HP Easy Test Sürüşü Talep Sayfası,2023 Fiat Egea 1.4 Fire 95 HP Easy Ürün Kataloğu,"3 Yıl Boya
5 Yıl / 100 Bin Km Mekanik
8 Yıl Paslanmazlık",Fiat Acil Servis 444 2255,Var,,,,,,,,,,,,Atmosferik,,4,1368 cc,Çok Noktadan Enjeksiyon,11.8 saniye,186 km/s,127 nm,95 BG,İtalya,Sedan,Binek,Easy,Var,Sedan,2023,İçten Yanmalı (Standart),4434 tl/yıl,C,Egea,Benzin,https://www.epey.com/araba/2023-fiat-egea-1-4-fire-95-hp-easy.html,,,,,,,150 g/km,,6.5 lt,,50 lt,Euro 6d-FINAL,,,3 yıldız,2023 Fiat Egea 1.4 Fire 95 HP Easy NCAP/ANCAP Web Sayfası,2016,Var,,,,,,,Önden Çekişli,,,,,6 ileri,Manuel,
1150 kg,10.90 mt.,1792 mm,4532 mm,1497 mm,,,520 lt,,2023 Fiat Egea 1.4 Fire 95 HP Lounge,,2023 Fiat Egea 1.4 Fire 95 HP Lounge Test Sürüşü Talep Sayfası,2023 Fiat Egea 1.4 Fire 95 HP Lounge Ürün Kataloğu,"3 Yıl Boya
5 Yıl / 100 Bin Km Mekanik
8 Yıl Paslanmazlık",Fiat Acil Servis 444 2255,Var,,,,,,,,,,,,Atmosferik,,4,1368 cc,Çok Noktadan Enjeksiyon,11.8 saniye,186 km/s,127 nm,95 BG,İtalya,Sedan,Binek,Lounge,Var,Sedan,2023,İçten Yanmalı (Standart),4434 tl/yıl,C,Egea,Benzin,https://www.epey.com/araba/2023-fiat-egea-1-4-fire-95-hp-lounge.html,,,,,,,150 g/km,,6.5 lt,,50 lt,Euro 6d-FINAL,,,3 yıldız,2023 Fiat Egea 1.4 Fire 95 HP Lounge NCAP/ANCAP Web Sayfası,2016,Var,,,,,,,Önden Çekişli,,,,,6 ileri,Manuel,
1150 kg,10.90 mt.,1792 mm,4532 mm,1497 mm,,,520 lt,,2023 Fiat Egea 1.4 Fire 95 HP Urban,,2023 Fiat Egea 1.4 Fire 95 HP Urban Test Sürüşü Talep Sayfası,2023 Fiat Egea 1.4 Fire 95 HP Urban Ürün Kataloğu,"3 Yıl Boya
5 Yıl / 100 Bin Km Mekanik
8 Yıl Paslanmazlık",Fiat Acil Servis 444 2255,Var,,,,,,,,,,,,Atmosferik,,4,1368 cc,Çok Noktadan Enjeksiyon,11.8 saniye,186 km/s,127 nm,95 BG,İtalya,Sedan,Binek,Urban,Var,Sedan,2023,İçten Yanmalı (Standart),4434 tl/yıl,C,Egea,Benzin,https://www.epey.com/araba/2023-fiat-egea-1-4-fire-95-hp-urban.html,,,,,,,150 g/km,,6.5 lt,,50 lt,Euro 6d-FINAL,,,3 yıldız,2023 Fiat Egea 1.4 Fire 95 HP Urban NCAP/ANCAP Web Sayfası,2016,Var,,,,,,,Önden Çekişli,,,,,6 ileri,Manuel,
1375 kg,10.90 mt.,1792 mm,4532 mm,1497 mm,,,520 lt,,2023 Fiat Egea 1.5 T4 Hibrit 130 HP Otomatik Easy,,2023 Fiat Egea 1.5 T4 Hibrit 130 HP Otomatik Easy Test Sürüşü Talep Sayfası,2023 Fiat Egea 1.5 T4 Hibrit 130 HP Otomatik Easy Ürün Kataloğu,"3 Yıl Boya
5 Yıl / 100 Bin Km Mekanik
8 Yıl Paslanmazlık",Fiat Acil Servis 444 2255,Var,,,15 kW/sa,,,,,,,,,Turbo,,4,1469 cc,,8.6 saniye,196 km/s,240 nm,130 BG,İtalya,Sedan,Binek,Easy,Var,Sedan,2023,HEV (Benzinli & Elektrikli),4434 tl/yıl,C,Egea,Benzin & Elektrik,https://www.epey.com/araba/2023-fiat-egea-1-5-t4-hibrit-130-hp-otomatik-easy.html,,,,,,,117 g/km,,5.1 lt,,50 lt,Euro 6d-FINAL,,,3 yıldız,2023 Fiat Egea 1.5 T4 Hibrit 130 HP Otomatik Easy NCAP/ANCAP Web Sayfası,2016,Var,,,,,,,Önden Çekişli,,,,,7 ileri,Otomatik,
1375 kg,10.90 mt.,1792 mm,4532 mm,1497 mm,,,520 lt,,2023 Fiat Egea 1.5 T4 Hibrit 130 HP Otomatik Lounge,,2023 Fiat Egea 1.5 T4 Hibrit 130 HP Otomatik Lounge Test Sürüşü Talep Sayfası,2023 Fiat Egea 1.5 T4 Hibrit 130 HP Otomatik Lounge Ürün Kataloğu,"3 Yıl Boya
5 Yıl / 100 Bin Km Mekanik
8 Yıl Paslanmazlık",Fiat Acil Servis 444 2255,Var,,,15 kW/sa,,,,,,,,,Turbo,,4,1469 cc,,8.6 saniye,196 km/s,240 nm,130 BG,İtalya,Sedan,Binek,Lounge,Var,Sedan,2023,HEV (Benzinli & Elektrikli),4434 tl/yıl,C,Egea,Benzin & Elektrik,https://www.epey.com/araba/2023-fiat-egea-1-5-t4-hibrit-130-hp-otomatik-lounge.html,,,,,,,117 g/km,,5.1 lt,,50 lt,Euro 6d-FINAL,,,3 yıldız,2023 Fiat Egea 1.5 T4 Hibrit 130 HP Otomatik Lounge NCAP/ANCAP Web Sayfası,2016,Var,,,,,,,Önden Çekişli,,,,,7 ileri,Otomatik,
1375 kg,10.90 mt.,1792 mm,4532 mm,1497 mm,,,520 lt,,2023 Fiat Egea 1.5 T4 Hibrit 130 HP Otomatik Urban,,2023 Fiat Egea 1.5 T4 Hibrit 130 HP Otomatik Urban Test Sürüşü Talep Sayfası,2023 Fiat Egea 1.5 T4 Hibrit 130 HP Otomatik Urban Ürün Kataloğu,"3 Yıl Boya
5 Yıl / 100 Bin Km Mekanik
8 Yıl Paslanmazlık",Fiat Acil Servis 444 2255,Var,,,15 kW/sa,,,,,,,,,Turbo,,4,1469 cc,,8.6 saniye,196 km/s,240 nm,130 BG,İtalya,Sedan,Binek,Urban,Var,Sedan,2023,HEV (Benzinli & Elektrikli),4434 tl/yıl,C,Egea,Benzin & Elektrik,https://www.epey.com/araba/2023-fiat-egea-1-5-t4-hibrit-130-hp-otomatik-urban.html,,,,,,,117 g/km,,5.1 lt,,50 lt,Euro 6d-FINAL,,,3 yıldız,2023 Fiat Egea 1.5 T4 Hibrit 130 HP Otomatik Urban NCAP/ANCAP Web Sayfası,2016,Var,,,,,,,Önden Çekişli,,,,,7 ileri,Otomatik,
1355 kg,10.90 mt.,1792 mm,4532 mm,1497 mm,,,520 lt,,2023 Fiat Egea 1.6 Multijet 130 HP DCT Easy,,2023 Fiat Egea 1.6 Multijet 130 HP DCT Easy Test Sürüşü Talep Sayfası,2023 Fiat Egea 1.6 Multijet 130 HP DCT Easy Ürün Kataloğu,"3 Yıl Boya
5 Yıl / 100 Bin Km Mekanik
8 Yıl Paslanmazlık",Fiat Acil Servis 444 2255,Var,,,,,,,,,,,,Turbo,,4,1598 cc,Common Rail Direkt Enjeksiyon,9.8 saniye,209 km/s,320 nm,130 BG,İtalya,Sedan,Binek,Easy,Var,Sedan,2023,İçten Yanmalı (Standart),4434 tl/yıl,C,Egea,Dizel,https://www.epey.com/araba/2023-fiat-egea-1-6-multijet-130-hp-dct-easy.html,,,,,,,118 g/km,,4.5 lt,,50 lt,Euro 6d-FINAL,,,3 yıldız,2023 Fiat Egea 1.6 Multijet 130 HP DCT Easy NCAP/ANCAP Web Sayfası,2016,Var,,,,,,,Önden Çekişli,,,,,6 ileri,Otomatik,DCT (Yarı Otm.)
1355 kg,10.90 mt.,1792 mm,4532 mm,1497 mm,,,520 lt,,2023 Fiat Egea 1.6 Multijet 130 HP DCT Lounge,,2023 Fiat Egea 1.6 Multijet 130 HP DCT Lounge Test Sürüşü Talep Sayfası,2023 Fiat Egea 1.6 Multijet 130 HP DCT Lounge Ürün Kataloğu,"3 Yıl Boya
5 Yıl / 100 Bin Km Mekanik
8 Yıl Paslanmazlık",Fiat Acil Servis 444 2255,Var,,,,,,,,,,,,Turbo,,4,1598 cc,Common Rail Direkt Enjeksiyon,9.8 saniye,209 km/s,320 nm,130 BG,İtalya,Sedan,Binek,Lounge,Var,Sedan,2023,İçten Yanmalı (Standart),4434 tl/yıl,C,Egea,Dizel,https://www.epey.com/araba/2023-fiat-egea-1-6-multijet-130-hp-dct-lounge.html,,,,,,,118 g/km,,4.5 lt,,50 lt,Euro 6d-FINAL,,,3 yıldız,2023 Fiat Egea 1.6 Multijet 130 HP DCT Lounge NCAP/ANCAP Web Sayfası,2016,Var,,,,,,,Önden Çekişli,,,,,6 ileri,Otomatik,DCT (Yarı Otm.)
1355 kg,10.90 mt.,1792 mm,4532 mm,1497 mm,,,520 lt,,2023 Fiat Egea 1.6 Multijet 130 HP DCT Urban,,2023 Fiat Egea 1.6 Multijet 130 HP DCT Urban Test Sürüşü Talep Sayfası,2023 Fiat Egea 1.6 Multijet 130 HP DCT Urban Ürün Kataloğu,"3 Yıl Boya
5 Yıl / 100 Bin Km Mekanik
8 Yıl Paslanmazlık",Fiat Acil Servis 444 2255,Var,,,,,,,,,,,,Turbo,,4,1598 cc,Common Rail Direkt Enjeksiyon,9.8 saniye,209 km/s,320 nm,130 BG,İtalya,Sedan,Binek,Urban,Var,Sedan,2023,İçten Yanmalı (Standart),4434 tl/yıl,C,Egea,Dizel,https://www.epey.com/araba/2023-fiat-egea-1-6-multijet-130-hp-dct-urban.html,,,,,,,118 g/km,,4.5 lt,,50 lt,Euro 6d-FINAL,,,3 yıldız,2023 Fiat Egea 1.6 Multijet 130 HP DCT Urban NCAP/ANCAP Web Sayfası,2016,Var,,,,,,,Önden Çekişli,,,,,6 ileri,Otomatik,DCT (Yarı Otm.)
1300 kg,10.90 mt.,1792 mm,4532 mm,1497 mm,,,520 lt,,2023 Fiat Egea 1.6 Multijet 130 HP Urban,,2023 Fiat Egea 1.6 Multijet 130 HP Urban Test Sürüşü Talep Sayfası,2023 Fiat Egea 1.6 Multijet 130 HP Urban Ürün Kataloğu,"3 Yıl Boya
5 Yıl / 100 Bin Km Mekanik
8 Yıl Paslanmazlık",Fiat Acil Servis 444 2255,Var,,,,,,,,,,,,Turbo,,4,1598 cc,Common Rail Direkt Enjeksiyon,9.6 saniye,212 km/s,320 nm,130 BG,İtalya,Sedan,Binek,Urban,Var,Sedan,2023,İçten Yanmalı (Standart),4434 tl/yıl,C,Egea,Dizel,https://www.epey.com/araba/2023-fiat-egea-1-6-multijet-130-hp-urban.html,,,,,,,118 g/km,,4.5 lt,,50 lt,Euro 6d-FINAL,,,3 yıldız,2023 Fiat Egea 1.6 Multijet 130 HP Urban NCAP/ANCAP Web Sayfası,2016,Var,,,,,,,Önden Çekişli,,,,,6 ileri,Manuel,
1315 kg,10.90 mt.,1802 mm,4386 mm,1556 mm,,,440 lt,,2023 Fiat Egea Cross 1.3 Mjet 95 HP Street,,2023 Fiat Egea Cross 1.3 Mjet 95 HP Street Test Sürüşü Talep Sayfası,2023 Fiat Egea Cross 1.3 Mjet 95 HP Street Ürün Kataloğu,5 Yıl / 100 Bin Km Mekanik,Fiat Acil Servis 444 2255,Var,,,,,,,,,,,,Turbo,,4,1248 cc,Common Rail Direkt Enjeksiyon,13.8 saniye,173 km/s,200 nm,95 BG,İtalya,Cross,Binek,Street,Var,SUV,2023,İçten Yanmalı (Standart),2545 tl/yıl,C,Egea,Dizel,https://www.epey.com/araba/2023-fiat-egea-cross-1-3-mjet-95-hp-street.html,,,,,,,118 g/km,,4.5 lt,,50 lt,Euro 6d-FINAL,,,,,,,,,,,,,Önden Çekişli,,,,,5 ileri,Manuel,
1315 kg,10.90 mt.,1802 mm,4386 mm,1556 mm,,,440 lt,,2023 Fiat Egea Cross 1.3 Mjet 95 HP Urban,,2023 Fiat Egea Cross 1.3 Mjet 95 HP Urban Test Sürüşü Talep Sayfası,2023 Fiat Egea Cross 1.3 Mjet 95 HP Urban Ürün Kataloğu,5 Yıl / 100 Bin Km Mekanik,Fiat Acil Servis 444 2255,Var,,,,,,,,,,,,Turbo,,4,1248 cc,Common Rail Direkt Enjeksiyon,13.8 saniye,173 km/s,200 nm,95 BG,İtalya,Cross,Binek,Urban,Var,SUV,2023,İçten Yanmalı (Standart),2545 tl/yıl,C,Egea,Dizel,https://www.epey.com/araba/2023-fiat-egea-cross-1-3-mjet-95-hp-urban.html,,,,,,,118 g/km,,4.5 lt,,50 lt,Euro 6d-FINAL,,,,,,,,,,,,,Önden Çekişli,,,,,5 ileri,Manuel,
1220 kg,10.90 mt.,1802 mm,4386 mm,1556 mm,,,440 lt,,2023 Fiat Egea Cross 1.4 Fire 95 HP Lounge,,2023 Fiat Egea Cross 1.4 Fire 95 HP Lounge Test Sürüşü Talep Sayfası,2023 Fiat Egea Cross 1.4 Fire 95 HP Lounge Ürün Kataloğu,5 Yıl / 100 Bin Km Mekanik,Fiat Acil Servis 444 2255,Var,,,,,,,,,,,,Atmosferik,,4,1368 cc,Çok Noktadan Enjeksiyon,12.9 saniye,174 km/s,127 nm,95 BG,İtalya,Cross,Binek,Lounge,Var,SUV,2023,İçten Yanmalı (Standart),4434 tl/yıl,C,Egea,Benzin,https://www.epey.com/araba/2023-fiat-egea-cross-1-4-fire-95-hp-lounge.html,,,,,,,157 g/km,,6.9 lt,,50 lt,Euro 6d-FINAL,,,,,,,,,,,,,Önden Çekişli,,,,,6 ileri,Manuel,
1220 kg,10.90 mt.,1802 mm,4386 mm,1556 mm,,,440 lt,,2023 Fiat Egea Cross 1.4 Fire 95 HP Street,,2023 Fiat Egea Cross 1.4 Fire 95 HP Street Test Sürüşü Talep Sayfası,2023 Fiat Egea Cross 1.4 Fire 95 HP Street Ürün Kataloğu,5 Yıl / 100 Bin Km Mekanik,Fiat Acil Servis 444 2255,Var,,,,,,,,,,,,Atmosferik,,4,1368 cc,Çok Noktadan Enjeksiyon,12.9 saniye,174 km/s,127 nm,95 BG,İtalya,Cross,Binek,Street,Var,SUV,2023,İçten Yanmalı (Standart),4434 tl/yıl,C,Egea,Benzin,https://www.epey.com/araba/2023-fiat-egea-cross-1-4-fire-95-hp-street.html,,,,,,,157 g/km,,6.9 lt,,50 lt,Euro 6d-FINAL,,,,,,,,,,,,,Önden Çekişli,,,,,6 ileri,Manuel,
1220 kg,10.90 mt.,1802 mm,4386 mm,1556 mm,,,440 lt,,2023 Fiat Egea Cross 1.4 Fire 95 HP Urban,,2023 Fiat Egea Cross 1.4 Fire 95 HP Urban Test Sürüşü Talep Sayfası,2023 Fiat Egea Cross 1.4 Fire 95 HP Urban Ürün Kataloğu,5 Yıl / 100 Bin Km Mekanik,Fiat Acil Servis 444 2255,Var,,,,,,,,,,,,Atmosferik,,4,1368 cc,Çok Noktadan Enjeksiyon,12.9 saniye,174 km/s,127 nm,95 BG,İtalya,Cross,Binek,Urban,Var,SUV,2023,İçten Yanmalı (Standart),4434 tl/yıl,C,Egea,Benzin,https://www.epey.com/araba/2023-fiat-egea-cross-1-4-fire-95-hp-urban.html,,,,,,,157 g/km,,6.9 lt,,50 lt,Euro 6d-FINAL,,,,,,,,,,,,,Önden Çekişli,,,,,6 ileri,Manuel,
1425 kg,10.90 mt.,1818 mm,4386 mm,1556 mm,,,440 lt,,2023 Fiat Egea Cross 1.5 T4 Hibrit 130 HP Otomatik Lounge,,2023 Fiat Egea Cross 1.5 T4 Hibrit 130 HP Otomatik Lounge Test Sürüşü Talep Sayfası,2023 Fiat Egea Cross 1.5 T4 Hibrit 130 HP Otomatik Lounge Ürün Kataloğu,"3 Yıl Boya
5 Yıl / 100 Bin Km Mekanik
8 Yıl Paslanmazlık",Fiat Acil Servis 444 2255,Var,,,15 kW/sa,,,,,,,,,Turbo,,4,1469 cc,,9.0 saniye,202 km/s,240 nm,130 BG,İtalya,Cross,Binek,Lounge,Var,SUV,2023,HEV (Benzinli & Elektrikli),4434 tl/yıl,C,Egea,Benzin & Elektrik,https://www.epey.com/araba/2023-fiat-egea-cross-1-5-t4-hibrit-130-hp-otomatik-lounge.html,,,,,,,124 g/km,,5.4 lt,,50 lt,Euro 6d-FINAL,,,,,,,,,,,,,Önden Çekişli,,,,,7 ileri,Otomatik,
1425 kg,10.90 mt.,1818 mm,4386 mm,1556 mm,,,440 lt,,2023 Fiat Egea Cross 1.5 T4 Hibrit 130 HP Otomatik Street,,2023 Fiat Egea Cross 1.5 T4 Hibrit 130 HP Otomatik Street Test Sürüşü Talep Sayfası,2023 Fiat Egea Cross 1.5 T4 Hibrit 130 HP Otomatik Street Ürün Kataloğu,"3 Yıl Boya
5 Yıl / 100 Bin Km Mekanik
8 Yıl Paslanmazlık",Fiat Acil Servis 444 2255,Var,,,15 kW/sa,,,,,,,,,Turbo,,4,1469 cc,,9.0 saniye,202 km/s,240 nm,130 BG,İtalya,Cross,Binek,Street,Var,SUV,2023,HEV (Benzinli & Elektrikli),4434 tl/yıl,C,Egea,Benzin & Elektrik,https://www.epey.com/araba/2023-fiat-egea-cross-1-5-t4-hibrit-130-hp-otomatik-street.html,,,,,,,124 g/km,,5.4 lt,,50 lt,Euro 6d-FINAL,,,,,,,,,,,,,Önden Çekişli,,,,,7 ileri,Otomatik,
1425 kg,10.90 mt.,1818 mm,4386 mm,1556 mm,,,440 lt,,2023 Fiat Egea Cross 1.5 T4 Hibrit 130 HP Otomatik Urban,,2023 Fiat Egea Cross 1.5 T4 Hibrit 130 HP Otomatik Urban Test Sürüşü Talep Sayfası,2023 Fiat Egea Cross 1.5 T4 Hibrit 130 HP Otomatik Urban Ürün Kataloğu,"3 Yıl Boya
5 Yıl / 100 Bin Km Mekanik
8 Yıl Paslanmazlık",Fiat Acil Servis 444 2255,Var,,,15 kW/sa,,,,,,,,,Turbo,,4,1469 cc,,9.0 saniye,202 km/s,240 nm,130 BG,İtalya,Cross,Binek,Urban,Var,SUV,2023,HEV (Benzinli & Elektrikli),4434 tl/yıl,C,Egea,Benzin & Elektrik,https://www.epey.com/araba/2023-fiat-egea-cross-1-5-t4-hibrit-130-hp-otomatik-urban.html,,,,,,,124 g/km,,5.4 lt,,50 lt,Euro 6d-FINAL,,,,,,,,,,,,,Önden Çekişli,,,,,7 ileri,Otomatik,
1360 kg,10.90 mt.,1802 mm,4386 mm,1556 mm,,,440 lt,,2023 Fiat Egea Cross 1.6 Mjet 130 HP DCT Lounge,,2023 Fiat Egea Cross 1.6 Mjet 130 HP DCT Lounge Test Sürüşü Talep Sayfası,2023 Fiat Egea Cross 1.6 Mjet 130 HP DCT Lounge Ürün Kataloğu,5 Yıl / 100 Bin Km Mekanik,Fiat Acil Servis 444 2255,Var,,,,,,,,,,,,Turbo,,4,1598 cc,Common Rail Direkt Enjeksiyon,10.2 saniye,200 km/s,320 nm,130 BG,İtalya,Cross,Binek,Lounge,Var,SUV,2023,İçten Yanmalı (Standart),4434 tl/yıl,C,Egea,Dizel,https://www.epey.com/araba/2023-fiat-egea-cross-1-6-mjet-130-hp-dct-lounge.html,,,,,,,120 g/km,,4.6 lt,,50 lt,Euro 6d-FINAL,,,,,,,,,,,,,Önden Çekişli,,,,,6 ileri,Otomatik,DCT (Yarı Otm.)
1360 kg,10.90 mt.,1802 mm,4386 mm,1556 mm,,,440 lt,,2023 Fiat Egea Cross 1.6 Mjet 130 HP DCT Street,,2023 Fiat Egea Cross 1.6 Mjet 130 HP DCT Street Test Sürüşü Talep Sayfası,2023 Fiat Egea Cross 1.6 Mjet 130 HP DCT Street Ürün Kataloğu,5 Yıl / 100 Bin Km Mekanik,Fiat Acil Servis 444 2255,Var,,,,,,,,,,,,Turbo,,4,1598 cc,Common Rail Direkt Enjeksiyon,10.2 saniye,200 km/s,320 nm,130 BG,İtalya,Cross,Binek,Street,Var,SUV,2023,İçten Yanmalı (Standart),4434 tl/yıl,C,Egea,Dizel,https://www.epey.com/araba/2023-fiat-egea-cross-1-6-mjet-130-hp-dct-street.html,,,,,,,120 g/km,,4.6 lt,,50 lt,Euro 6d-FINAL,,,,,,,,,,,,,Önden Çekişli,,,,,6 ileri,Otomatik,DCT (Yarı Otm.)
1360 kg,10.90 mt.,1802 mm,4386 mm,1556 mm,,,440 lt,,2023 Fiat Egea Cross 1.6 Mjet 130 HP DCT Urban,,2023 Fiat Egea Cross 1.6 Mjet 130 HP DCT Urban Test Sürüşü Talep Sayfası,2023 Fiat Egea Cross 1.6 Mjet 130 HP DCT Urban Ürün Kataloğu,5 Yıl / 100 Bin Km Mekanik,Fiat Acil Servis 444 2255,Var,,,,,,,,,,,,Turbo,,4,1598 cc,Common Rail Direkt Enjeksiyon,10.2 saniye,200 km/s,320 nm,130 BG,İtalya,Cross,Binek,Urban,Var,SUV,2023,İçten Yanmalı (Standart),4434 tl/yıl,C,Egea,Dizel,https://www.epey.com/araba/2023-fiat-egea-cross-1-6-mjet-130-hp-dct-urban.html,,,,,,,120 g/km,,4.6 lt,,50 lt,Euro 6d-FINAL,,,,,,,,,,,,,Önden Çekişli,,,,,6 ileri,Otomatik,DCT (Yarı Otm.)
1200 kg,10.90 mt.,1792 mm,4368 mm,1495 mm,,,,,2023 Fiat Egea HB 1.4 Fire 95 HP Street,,2023 Fiat Egea HB 1.4 Fire 95 HP Street Test Sürüşü Talep Sayfası,2023 Fiat Egea HB 1.4 Fire 95 HP Street Ürün Kataloğu,5 Yıl / 100 Bin Km Mekanik,Fiat Acil Servis 444 2255,Var,,,,,,,,,,,,Atmosferik,,4,1368 cc,Çok Noktadan Enjeksiyon,12.4 saniye,182 km/s,127 nm,95 BG,İtalya,Hatchback,Binek,Street,,Hatchback,2023,İçten Yanmalı (Standart),4434 tl/yıl,C,Egea,Benzin,https://www.epey.com/araba/2023-fiat-egea-hb-1-4-fire-95-hp-street.html,,,,,,,158 g/km,,6.8 lt,,50 lt,Euro 6d-FINAL,,,3 yıldız,2023 Fiat Egea HB 1.4 Fire 95 HP Street NCAP/ANCAP Web Sayfası,2016,Var,,,,,,,Önden Çekişli,,,,,6 ileri,Manuel,
1257 kg,,1716 mm,3864 mm,1721 mm,,2500 lt,356 lt,,2023 Fiat Fiorino Combi 1.3 Mjet 95 Pop,,,2023 Fiat Fiorino Combi 1.3 Mjet 95 Pop Ürün Kataloğu,"3 Yıl / 150 Bin Km Mekanik
3 Yıl Boya
8 Yıl Paslanmazlık","Fiat Acil Servis 444 2255
1 Yıl Ücretsiz (Garanti Süresi İçinde)",Var,,,,,,,,,,,,Turbo,,4,1248 cc,Common Rail Direkt Enjeksiyon,,167 km/s,200 nm,95 BG,İtalya,Combi,Binek,Pop,,Kombi,2023,İçten Yanmalı (Standart),3380 tl/yıl,Mini Ticari,Fiorino,Dizel,https://www.epey.com/araba/2023-fiat-fiorino-combi-1-3-mjet-95-pop.html,,,,,,,144 g/km,,5.4 lt,,45 lt,,,,3 yıldız,2023 Fiat Fiorino Combi 1.3 Mjet 95 Pop NCAP/ANCAP Web Sayfası,2010,Var,,,,,,,Önden Çekişli,,,,,5 ileri,Manuel,
1257 kg,,1716 mm,3864 mm,1721 mm,,2500 lt,356 lt,,2023 Fiat Fiorino Combi 1.3 Mjet 95 Premio,,,2023 Fiat Fiorino Combi 1.3 Mjet 95 Premio Ürün Kataloğu,"3 Yıl / 150 Bin Km Mekanik
3 Yıl Boya
8 Yıl Paslanmazlık","Fiat Acil Servis 444 2255
1 Yıl Ücretsiz (Garanti Süresi İçinde)",Var,,,,,,,,,,,,Turbo,,4,1248 cc,Common Rail Direkt Enjeksiyon,,167 km/s,200 nm,95 BG,İtalya,Combi,Binek,Premio,,Kombi,2023,İçten Yanmalı (Standart),3380 tl/yıl,Mini Ticari,Fiorino,Dizel,https://www.epey.com/araba/2023-fiat-fiorino-combi-1-3-mjet-95-premio.html,,,,,,,144 g/km,,5.4 lt,,45 lt,,,,3 yıldız,2023 Fiat Fiorino Combi 1.3 Mjet 95 Premio NCAP/ANCAP Web Sayfası,2010,Var,,,,,,,Önden Çekişli,,,,,5 ileri,Manuel,
1257 kg,,1716 mm,3864 mm,1721 mm,,2500 lt,356 lt,,2023 Fiat Fiorino Combi 1.3 Mjet 95 Safeline,,,2023 Fiat Fiorino Combi 1.3 Mjet 95 Safeline Ürün Kataloğu,"3 Yıl / 150 Bin Km Mekanik
3 Yıl Boya
8 Yıl Paslanmazlık","Fiat Acil Servis 444 2255
1 Yıl Ücretsiz (Garanti Süresi İçinde)",Var,,,,,,,,,,,,Turbo,,4,1248 cc,Common Rail Direkt Enjeksiyon,,167 km/s,200 nm,95 BG,İtalya,Combi,Binek,Safeline,,Kombi,2023,İçten Yanmalı (Standart),3380 tl/yıl,Mini Ticari,Fiorino,Dizel,https://www.epey.com/araba/2023-fiat-fiorino-combi-1-3-mjet-95-safeline.html,,,,,,,144 g/km,,5.4 lt,,45 lt,,,,3 yıldız,2023 Fiat Fiorino Combi 1.3 Mjet 95 Safeline NCAP/ANCAP Web Sayfası,2010,Var,,,,,,,Önden Çekişli,,,,,5 ileri,Manuel,
1257 kg,,1716 mm,3864 mm,1721 mm,,2500 lt,356 lt,,2023 Fiat Fiorino Combi 1.4 EKO 77 HP Pop,,,2023 Fiat Fiorino Combi 1.4 EKO 77 HP Pop Ürün Kataloğu,"3 Yıl / 150 Bin Km Mekanik
3 Yıl Boya
8 Yıl Paslanmazlık","Fiat Acil Servis 444 2255
1 Yıl Ücretsiz (Garanti Süresi İçinde)",Var,,,,,,,,,,,,Atmosferik,,4,1368 cc,Çok Noktadan Enjeksiyon,,155 km/s,110 nm,77 BG,İtalya,Combi,Binek,Pop,,Kombi,2023,İçten Yanmalı (Standart),3380 tl/yıl,Mini Ticari,Fiorino,Benzin & LPG,https://www.epey.com/araba/2023-fiat-fiorino-combi-1-4-eko-77-hp-pop.html,Var,,30 lt,8.3 lt,7.0 lt,10.7 lt,143 g/km,,7.3 lt,,45 lt,,6.1 lt,9.4 lt,3 yıldız,2023 Fiat Fiorino Combi 1.4 EKO 77 HP Pop NCAP/ANCAP Web Sayfası,2010,Var,,,,,,,Önden Çekişli,,,,,5 ileri,Manuel,
1257 kg,,1716 mm,3864 mm,1721 mm,,2500 lt,356 lt,,2023 Fiat Fiorino Combi 1.4 EKO 77 HP Premio,,,2023 Fiat Fiorino Combi 1.4 EKO 77 HP Premio Ürün Kataloğu,"3 Yıl / 150 Bin Km Mekanik
3 Yıl Boya
8 Yıl Paslanmazlık","Fiat Acil Servis 444 2255
1 Yıl Ücretsiz (Garanti Süresi İçinde)",Var,,,,,,,,,,,,Atmosferik,,4,1368 cc,Çok Noktadan Enjeksiyon,,155 km/s,110 nm,77 BG,İtalya,Combi,Binek,Premio,,Kombi,2023,İçten Yanmalı (Standart),3380 tl/yıl,Mini Ticari,Fiorino,Benzin & LPG,https://www.epey.com/araba/2023-fiat-fiorino-combi-1-4-eko-77-hp-premio.html,Var,,30 lt,8.3 lt,7.0 lt,10.7 lt,143 g/km,,7.3 lt,,45 lt,,6.1 lt,9.4 lt,3 yıldız,2023 Fiat Fiorino Combi 1.4 EKO 77 HP Premio NCAP/ANCAP Web Sayfası,2010,Var,,,,,,,Önden Çekişli,,,,,5 ileri,Manuel,
1257 kg,,1716 mm,3864 mm,1721 mm,,2500 lt,356 lt,,2023 Fiat Fiorino Combi 1.4 EKO 77 HP Safeline,,,2023 Fiat Fiorino Combi 1.4 EKO 77 HP Safeline Ürün Kataloğu,"3 Yıl / 150 Bin Km Mekanik
3 Yıl Boya
8 Yıl Paslanmazlık","Fiat Acil Servis 444 2255
1 Yıl Ücretsiz (Garanti Süresi İçinde)",Var,,,,,,,,,,,,Atmosferik,,4,1368 cc,Çok Noktadan Enjeksiyon,,155 km/s,110 nm,77 BG,İtalya,Combi,Binek,Safeline,,Kombi,2023,İçten Yanmalı (Standart),3380 tl/yıl,Mini Ticari,Fiorino,Benzin & LPG,https://www.epey.com/araba/2023-fiat-fiorino-combi-1-4-eko-77-hp-safeline.html,Var,,30 lt,8.3 lt,7.0 lt,10.7 lt,143 g/km,,7.3 lt,,45 lt,,6.1 lt,9.4 lt,3 yıldız,2023 Fiat Fiorino Combi 1.4 EKO 77 HP Safeline NCAP/ANCAP Web Sayfası,2010,Var,,,,,,,Önden Çekişli,,,,,5 ileri,Manuel,
1257 kg,,1716 mm,3864 mm,1721 mm,,2500 lt,356 lt,,2023 Fiat Fiorino Combi 1.4 Fire 77 HP Pop,,,2023 Fiat Fiorino Combi 1.4 Fire 77 HP Pop Ürün Kataloğu,"3 Yıl / 150 Bin Km Mekanik
3 Yıl Boya
8 Yıl Paslanmazlık","Fiat Acil Servis 444 2255
1 Yıl Ücretsiz (Garanti Süresi İçinde)",Var,,,,,,,,,,,,Atmosferik,,4,1368 cc,Çok Noktadan Enjeksiyon,,156 km/s,115 nm,77 BG,İtalya,Combi,Binek,Pop,,Kombi,2023,İçten Yanmalı (Standart),3380 tl/yıl,Mini Ticari,Fiorino,Benzin,https://www.epey.com/araba/2023-fiat-fiorino-combi-1-4-fire-77-hp-pop.html,,,,,,,167 g/km,,7.3 lt,,45 lt,,6.1 lt,9.4 lt,3 yıldız,2023 Fiat Fiorino Combi 1.4 Fire 77 HP Pop NCAP/ANCAP Web Sayfası,2010,Var,,,,,,,Önden Çekişli,,,,,5 ileri,Manuel,
1257 kg,,1716 mm,3864 mm,1721 mm,,2500 lt,356 lt,,2023 Fiat Fiorino Combi 1.4 Fire 77 HP Premio,,,2023 Fiat Fiorino Combi 1.4 Fire 77 HP Premio Ürün Kataloğu,"3 Yıl / 150 Bin Km Mekanik
3 Yıl Boya
8 Yıl Paslanmazlık","Fiat Acil Servis 444 2255
1 Yıl Ücretsiz (Garanti Süresi İçinde)",Var,,,,,,,,,,,,Atmosferik,,4,1368 cc,Çok Noktadan Enjeksiyon,,156 km/s,115 nm,77 BG,İtalya,Combi,Binek,Premio,,Kombi,2023,İçten Yanmalı (Standart),3380 tl/yıl,Mini Ticari,Fiorino,Benzin,https://www.epey.com/araba/2023-fiat-fiorino-combi-1-4-fire-77-hp-premio.html,,,,,,,167 g/km,,7.3 lt,,45 lt,,6.1 lt,9.4 lt,3 yıldız,2023 Fiat Fiorino Combi 1.4 Fire 77 HP Premio NCAP/ANCAP Web Sayfası,2010,Var,,,,,,,Önden Çekişli,,,,,5 ileri,Manuel,
1257 kg,,1716 mm,3864 mm,1721 mm,,2500 lt,356 lt,,2023 Fiat Fiorino Combi 1.4 Fire 77 HP Safeline,,,2023 Fiat Fiorino Combi 1.4 Fire 77 HP Safeline Ürün Kataloğu,"3 Yıl / 150 Bin Km Mekanik
3 Yıl Boya
8 Yıl Paslanmazlık","Fiat Acil Servis 444 2255
1 Yıl Ücretsiz (Garanti Süresi İçinde)",Var,,,,,,,,,,,,Atmosferik,,4,1368 cc,Çok Noktadan Enjeksiyon,,156 km/s,115 nm,77 BG,İtalya,Combi,Binek,Safeline,,Kombi,2023,İçten Yanmalı (Standart),3380 tl/yıl,Mini Ticari,Fiorino,Benzin,https://www.epey.com/araba/2023-fiat-fiorino-combi-1-4-fire-77-hp-safeline.html,,,,,,,167 g/km,,7.3 lt,,45 lt,,6.1 lt,9.4 lt,3 yıldız,2023 Fiat Fiorino Combi 1.4 Fire 77 HP Safeline NCAP/ANCAP Web Sayfası,2010,Var,,,,,,,Önden Çekişli,,,,,5 ileri,Manuel,
1415 kg,,1825 mm,4651 mm,1452 mm,,,511 lt,,2023 Ford Focus 1.5 EcoBlue 120 PS Otomatik Titanium,,2023 Ford Focus 1.5 EcoBlue 120 PS Otomatik Titanium Test Sürüşü Talep Sayfası,2023 Ford Focus 1.5 EcoBlue 120 PS Otomatik Titanium Ürün Kataloğu,,,,,,,,,,,,,,,Turbo,,4,1499 cc,Common Rail Direkt Enjeksiyon,10.6 saniye,193 km/s,300 nm,120 BG,Amerika,Sedan,Binek,Titanium,,Sedan,2023,İçten Yanmalı (Standart),4434 tl/yıl,C,Focus,Dizel,https://www.epey.com/araba/2023-ford-focus-1-5-ecoblue-120-ps-otomatik-titanium.html,,,,,,,129 g/km,,4.9 lt,,52 lt,Euro 6.2,,,5 yıldız,2023 Ford Focus 1.5 EcoBlue 120 PS Otomatik Titanium NCAP/ANCAP Web Sayfası,2018,Var,,,,,,,Önden Çekişli,,,,,8 ileri,Otomatik,
1415 kg,,1825 mm,4651 mm,1452 mm,,,511 lt,,2023 Ford Focus 1.5 EcoBlue 120 PS Otomatik Trend X,,2023 Ford Focus 1.5 EcoBlue 120 PS Otomatik Trend X Test Sürüşü Talep Sayfası,2023 Ford Focus 1.5 EcoBlue 120 PS Otomatik Trend X Ürün Kataloğu,,,,,,,,,,,,,,,Turbo,,4,1499 cc,Common Rail Direkt Enjeksiyon,10.6 saniye,193 km/s,300 nm,120 BG,Amerika,Sedan,Binek,Trend X,,Sedan,2023,İçten Yanmalı (Standart),4434 tl/yıl,C,Focus,Dizel,https://www.epey.com/araba/2023-ford-focus-1-5-ecoblue-120-ps-otomatik-trend-x.html,,,,,,,129 g/km,,4.9 lt,,52 lt,Euro 6.2,,,5 yıldız,2023 Ford Focus 1.5 EcoBlue 120 PS Otomatik Trend X NCAP/ANCAP Web Sayfası,2018,Var,,,,,,,Önden Çekişli,,,,,8 ileri,Otomatik,
1332 kg,,1825 mm,4651 mm,1452 mm,,,511 lt,,2023 Ford Focus 1.5 Ti-VCT 123 PS Otomatik Titanium,,2023 Ford Focus 1.5 Ti-VCT 123 PS Otomatik Titanium Test Sürüşü Talep Sayfası,2023 Ford Focus 1.5 Ti-VCT 123 PS Otomatik Titanium Ürün Kataloğu,,,,,,,,,,,,,,,Atmosferik,Ti-VCT (İkiz Egzantrik Zamanlama),3,1500 cc,,12.4 saniye,191 km/s,150 nm,123 BG,Amerika,Sedan,Binek,Titanium,,Sedan,2023,İçten Yanmalı (Standart),4434 tl/yıl,C,Focus,Benzin,https://www.epey.com/araba/2023-ford-focus-1-5-ti-vct-123-ps-otomatik-titanium.html,,,,,,,162 g/km,,7.1 lt,,52 lt,Euro 6.2,,,5 yıldız,2023 Ford Focus 1.5 Ti-VCT 123 PS Otomatik Titanium NCAP/ANCAP Web Sayfası,2018,Var,,,,,,,Önden Çekişli,,,,,6 ileri,Otomatik,
1332 kg,,1825 mm,4651 mm,1452 mm,,,511 lt,,2023 Ford Focus 1.5 Ti-VCT 123 PS Otomatik Trend X,,2023 Ford Focus 1.5 Ti-VCT 123 PS Otomatik Trend X Test Sürüşü Talep Sayfası,2023 Ford Focus 1.5 Ti-VCT 123 PS Otomatik Trend X Ürün Kataloğu,,,,,,,,,,,,,,,Atmosferik,Ti-VCT (İkiz Egzantrik Zamanlama),3,1500 cc,,12.4 saniye,191 km/s,150 nm,123 BG,Amerika,Sedan,Binek,Trend X,,Sedan,2023,İçten Yanmalı (Standart),4434 tl/yıl,C,Focus,Benzin,https://www.epey.com/araba/2023-ford-focus-1-5-ti-vct-123-ps-otomatik-trend-x.html,,,,,,,162 g/km,,7.1 lt,,52 lt,Euro 6.2,,,5 yıldız,2023 Ford Focus 1.5 Ti-VCT 123 PS Otomatik Trend X NCAP/ANCAP Web Sayfası,2018,Var,,,,,,,Önden Çekişli,,,,,6 ileri,Otomatik,
1312 kg,,1825 mm,4651 mm,1452 mm,,,511 lt,,2023 Ford Focus 1.5 Ti-VCT 123 PS Trend X,,2023 Ford Focus 1.5 Ti-VCT 123 PS Trend X Test Sürüşü Talep Sayfası,2023 Ford Focus 1.5 Ti-VCT 123 PS Trend X Ürün Kataloğu,,,,,,,,,,,,,,,Atmosferik,Ti-VCT (İkiz Egzantrik Zamanlama),3,1500 cc,,11.2 saniye,193 km/s,150 nm,123 BG,Amerika,Sedan,Binek,Trend X,,Sedan,2023,İçten Yanmalı (Standart),4434 tl/yıl,C,Focus,Benzin,https://www.epey.com/araba/2023-ford-focus-1-5-ti-vct-123-ps-trend-x.html,,,,,,,142 g/km,,6.3 lt,,52 lt,Euro 6.2,,,5 yıldız,2023 Ford Focus 1.5 Ti-VCT 123 PS Trend X NCAP/ANCAP Web Sayfası,2018,Var,,,,,,,Önden Çekişli,,,,,6 ileri,Manuel,
1451 kg,,1848 mm,4397 mm,1452 mm,,,358 lt,,2023 Ford Focus HB 1.0 mHEV EcoBoost 125 PS Otomatik Active,,2023 Ford Focus HB 1.0 mHEV EcoBoost 125 PS Otomatik Active Test Sürüşü Talep Sayfası,2023 Ford Focus HB 1.0 mHEV EcoBoost 125 PS Otomatik Active Ürün Kataloğu,,,,,,,,,,,,,,,Turbo,,3,999 cc,Direkt Enjeksiyon,8.4 saniye,208 km/s,220 nm,125 BG,Amerika,,Binek,Active,,Hatchback,2023,MHEV (Yarı Hibrit Sistem),2545 tl/yıl,C,Focus,Benzin & Elektrik,https://www.epey.com/araba/2023-ford-focus-hb-1-0-mhev-ecoboost-125-ps-otomatik-active.html,,,,,,,131 g/km,,5.8 lt,,52 lt,Euro 6.2,,,5 yıldız,2023 Ford Focus HB 1.0 mHEV EcoBoost 125 PS Otomatik Active NCAP/ANCAP Web Sayfası,2018,Var,,,,,,,Önden Çekişli,,,,,7 ileri,Otomatik,
1451 kg,,1848 mm,4397 mm,1452 mm,,,358 lt,,2023 Ford Focus HB 1.0 mHEV EcoBoost 125 PS Otomatik ST-Line,,2023 Ford Focus HB 1.0 mHEV EcoBoost 125 PS Otomatik ST-Line Test Sürüşü Talep Sayfası,2023 Ford Focus HB 1.0 mHEV EcoBoost 125 PS Otomatik ST-Line Ürün Kataloğu,,,,,,,,,,,,,,,Turbo,,3,999 cc,Direkt Enjeksiyon,8.4 saniye,208 km/s,220 nm,125 BG,Amerika,,Binek,ST Line,,Hatchback,2023,MHEV (Yarı Hibrit Sistem),2545 tl/yıl,C,Focus,Benzin & Elektrik,https://www.epey.com/araba/2023-ford-focus-hb-1-0-mhev-ecoboost-125-ps-otomatik-st-line.html,,,,,,,131 g/km,,5.8 lt,,52 lt,Euro 6.2,,,5 yıldız,2023 Ford Focus HB 1.0 mHEV EcoBoost 125 PS Otomatik ST-Line NCAP/ANCAP Web Sayfası,2018,Var,,,,,,,Önden Çekişli,,,,,7 ileri,Otomatik,
1451 kg,,1848 mm,4397 mm,1452 mm,,,358 lt,,2023 Ford Focus HB 1.0 mHEV EcoBoost 125 PS Otomatik Titanium,,2023 Ford Focus HB 1.0 mHEV EcoBoost 125 PS Otomatik Titanium Test Sürüşü Talep Sayfası,2023 Ford Focus HB 1.0 mHEV EcoBoost 125 PS Otomatik Titanium Ürün Kataloğu,,,,,,,,,,,,,,,Turbo,,3,999 cc,Direkt Enjeksiyon,8.4 saniye,208 km/s,220 nm,125 BG,Amerika,,Binek,Titanium,,Hatchback,2023,MHEV (Yarı Hibrit Sistem),2545 tl/yıl,C,Focus,Benzin & Elektrik,https://www.epey.com/araba/2023-ford-focus-hb-1-0-mhev-ecoboost-125-ps-otomatik-titanium.html,,,,,,,131 g/km,,5.8 lt,,52 lt,Euro 6.2,,,5 yıldız,2023 Ford Focus HB 1.0 mHEV EcoBoost 125 PS Otomatik Titanium NCAP/ANCAP Web Sayfası,2018,Var,,,,,,,Önden Çekişli,,,,,7 ileri,Otomatik,
1415 kg,,1848 mm,4397 mm,1452 mm,,,358 lt,,2023 Ford Focus HB 1.5 EcoBlue 120 PS Otomatik Active,,2023 Ford Focus HB 1.5 EcoBlue 120 PS Otomatik Active Test Sürüşü Talep Sayfası,2023 Ford Focus HB 1.5 EcoBlue 120 PS Otomatik Active Ürün Kataloğu,,,,,,,,,,,,,,,Turbo,,4,1500 cc,Common Rail Direkt Enjeksiyon,10.6 saniye,193 km/s,300 nm,120 BG,Amerika,,Binek,Active,,Hatchback,2023,İçten Yanmalı (Standart),4434 tl/yıl,C,Focus,Dizel,https://www.epey.com/araba/2023-ford-focus-hb-1-5-ecoblue-120-ps-otomatik-active.html,,,,,,,129 g/km,,4.9 lt,,47 lt,Euro 6.2,,,5 yıldız,2023 Ford Focus HB 1.5 EcoBlue 120 PS Otomatik Active NCAP/ANCAP Web Sayfası,2018,Var,,,,,,,Önden Çekişli,,,,,8 ileri,Otomatik,
1415 kg,,1848 mm,4397 mm,1452 mm,,,358 lt,,2023 Ford Focus HB 1.5 EcoBlue 120 PS Otomatik ST-Line,,2023 Ford Focus HB 1.5 EcoBlue 120 PS Otomatik ST-Line Test Sürüşü Talep Sayfası,2023 Ford Focus HB 1.5 EcoBlue 120 PS Otomatik ST-Line Ürün Kataloğu,,,,,,,,,,,,,,,Turbo,,4,1500 cc,Common Rail Direkt Enjeksiyon,10.6 saniye,193 km/s,300 nm,120 BG,Amerika,,Binek,ST Line,,Hatchback,2023,İçten Yanmalı (Standart),4434 tl/yıl,C,Focus,Dizel,https://www.epey.com/araba/2023-ford-focus-hb-1-5-ecoblue-120-ps-otomatik-st-line.html,,,,,,,129 g/km,,4.9 lt,,47 lt,Euro 6.2,,,5 yıldız,2023 Ford Focus HB 1.5 EcoBlue 120 PS Otomatik ST-Line NCAP/ANCAP Web Sayfası,2018,Var,,,,,,,Önden Çekişli,,,,,8 ileri,Otomatik,
1415 kg,,1848 mm,4397 mm,1452 mm,,,358 lt,,2023 Ford Focus HB 1.5 EcoBlue 120 PS Otomatik Titanium,,2023 Ford Focus HB 1.5 EcoBlue 120 PS Otomatik Titanium Test Sürüşü Talep Sayfası,2023 Ford Focus HB 1.5 EcoBlue 120 PS Otomatik Titanium Ürün Kataloğu,,,,,,,,,,,,,,,Turbo,,4,1500 cc,Common Rail Direkt Enjeksiyon,10.6 saniye,193 km/s,300 nm,120 BG,Amerika,,Binek,Titanium,,Hatchback,2023,İçten Yanmalı (Standart),4434 tl/yıl,C,Focus,Dizel,https://www.epey.com/araba/2023-ford-focus-hb-1-5-ecoblue-120-ps-otomatik-titanium.html,,,,,,,129 g/km,,4.9 lt,,47 lt,Euro 6.2,,,5 yıldız,2023 Ford Focus HB 1.5 EcoBlue 120 PS Otomatik Titanium NCAP/ANCAP Web Sayfası,2018,Var,,,,,,,Önden Çekişli,,,,,8 ileri,Otomatik,
1564 kg,,2000 mm,4614 mm,1678 mm,,1478 lt,511 lt,,2023 Ford Kuga 1.5 EcoBoost 120 PS Style (4x2),,2023 Ford Kuga 1.5 EcoBoost 120 PS Style (4x2) Test Sürüşü Talep Sayfası,2023 Ford Kuga 1.5 EcoBoost 120 PS Style (4x2) Ürün Kataloğu,,,,,,,,,,,,,,,Turbo,,3,1497 cc,Direkt Enjeksiyon,11.6 saniye,184 km/s,240 nm,120 BG,Amerika,,Binek,Style,,SUV,2023,İçten Yanmalı (Standart),4434 tl/yıl,C,Kuga,Benzin,https://www.epey.com/araba/2023-ford-kuga-1-5-ecoboost-120-ps-style-4x2.html,,,,,,,127 g/km,,5.6 lt,,54 lt,Eu 6d Temp,4.9 lt,6.8 lt,5 yıldız,2023 Ford Kuga 1.5 EcoBoost 120 PS Style (4x2) NCAP/ANCAP Web Sayfası,2019,Var,,,,,,,Önden Çekişli,,,,,6 ileri,Manuel,
1719 kg,,1838 mm,4500 mm,1855 mm,,2761 lt,1529 lt,,2023 Ford Tourneo Connect 2.0 EcoBlue 122 PS Active (4x4),,2023 Ford Tourneo Connect 2.0 EcoBlue 122 PS Active (4x4) Test Sürüşü Talep Sayfası,2023 Ford Tourneo Connect 2.0 EcoBlue 122 PS Active (4x4) Ürün Kataloğu,,,,,,,,,,,,,,,Turbo,,4,1968 cc,Common Rail Direkt Enjeksiyon,,,320 nm,122 BG,Amerika,Kombi,Binek,Active,,MPV,2023,İçten Yanmalı (Standart),12340 tl/yıl,B,Tourneo Connect,Dizel,https://www.epey.com/araba/2023-ford-tourneo-connect-2-0-ecoblue-122-ps-active-4x4.html,,,,,,,148 g/km,,5.7 lt,,50 lt,Euro 6.2,,,4 yıldız,2023 Ford Tourneo Connect 2.0 EcoBlue 122 PS Active (4x4) NCAP/ANCAP Web Sayfası,2018,Var,,,,,,,4x4 Çekişli,,,,,6 ileri,Manuel,
1651 kg,,1838 mm,4500 mm,1855 mm,,2761 lt,1529 lt,,2023 Ford Tourneo Connect 2.0 EcoBlue 122 PS Otomatik Active,,2023 Ford Tourneo Connect 2.0 EcoBlue 122 PS Otomatik Active Test Sürüşü Talep Sayfası,2023 Ford Tourneo Connect 2.0 EcoBlue 122 PS Otomatik Active Ürün Kataloğu,,,,,,,,,,,,,,,Turbo,,4,1968 cc,Common Rail Direkt Enjeksiyon,,,320 nm,122 BG,Amerika,Kombi,Binek,Active,,MPV,2023,İçten Yanmalı (Standart),12340 tl/yıl,B,Tourneo Connect,Dizel,https://www.epey.com/araba/2023-ford-tourneo-connect-2-0-ecoblue-122-ps-otomatik-active.html,,,,,,,143 g/km,,5.5 lt,,50 lt,Euro 6.2,,,4 yıldız,2023 Ford Tourneo Connect 2.0 EcoBlue 122 PS Otomatik Active NCAP/ANCAP Web Sayfası,2018,Var,,,,,,,Önden Çekişli,,,,,7 ileri,Otomatik,PowerShift (Yarı Otm.)
1651 kg,,1838 mm,4500 mm,1855 mm,,2761 lt,1529 lt,,2023 Ford Tourneo Connect 2.0 EcoBlue 122 PS Otomatik Titanium,,2023 Ford Tourneo Connect 2.0 EcoBlue 122 PS Otomatik Titanium Test Sürüşü Talep Sayfası,2023 Ford Tourneo Connect 2.0 EcoBlue 122 PS Otomatik Titanium Ürün Kataloğu,,,,,,,,,,,,,,,Turbo,,4,1968 cc,Common Rail Direkt Enjeksiyon,11.4 saniye,186 km/s,320 nm,122 BG,Amerika,Kombi,Binek,Titanium,,MPV,2023,İçten Yanmalı (Standart),12340 tl/yıl,B,Tourneo Connect,Dizel,https://www.epey.com/araba/2023-ford-tourneo-connect-2-0-ecoblue-122-ps-otomatik-titanium.html,,,,,,,143 g/km,,5.5 lt,,50 lt,Euro 6.2,,,4 yıldız,2023 Ford Tourneo Connect 2.0 EcoBlue 122 PS Otomatik Titanium NCAP/ANCAP Web Sayfası,2018,Var,,,,,,,Önden Çekişli,,,,,7 ileri,Otomatik,PowerShift (Yarı Otm.)
1389 kg,,1802 mm,4677 mm,1407 mm,,,512 lt,,2023 Honda Civic 1.5 VTEC Turbo 182 PS Otomatik Elegance,,2023 Honda Civic 1.5 VTEC Turbo 182 PS Otomatik Elegance Test Sürüşü Talep Sayfası,2023 Honda Civic 1.5 VTEC Turbo 182 PS Otomatik Elegance Ürün Kataloğu,,,,,,,,,,,,,,,Turbo,,4,1498 cc,PGM-FI (Direkt Enjeksiyon),8.1 saniye,200 km/s,240 nm,182 BG,Japonya,,Binek,Elegance,,Sedan,2023,İçten Yanmalı (Standart),4434 tl/yıl,C,Civic,Benzin,https://www.epey.com/araba/2023-honda-civic-1-5-vtec-turbo-182-ps-otomatik-elegance.html,Yok,,,,,,151 g/km,,6.7 lt,,47 lt,,,,5 yıldız,2023 Honda Civic 1.5 VTEC Turbo 182 PS Otomatik Elegance NCAP/ANCAP Web Sayfası,2022,Var,,,,,,,Önden Çekişli,,,,,,Otomatik,CVT
1389 kg,,1802 mm,4677 mm,1407 mm,,,512 lt,,2023 Honda Civic 1.5 VTEC Turbo 182 PS Otomatik Executive+,,2023 Honda Civic 1.5 VTEC Turbo 182 PS Otomatik Executive+ Test Sürüşü Talep Sayfası,2023 Honda Civic 1.5 VTEC Turbo 182 PS Otomatik Executive+ Ürün Kataloğu,,,,,,,,,,,,,,,Turbo,,4,1498 cc,PGM-FI (Direkt Enjeksiyon),8.1 saniye,200 km/s,240 nm,182 BG,Japonya,,Binek,Executive+,,Sedan,2023,İçten Yanmalı (Standart),4434 tl/yıl,C,Civic,Benzin,https://www.epey.com/araba/2023-honda-civic-1-5-vtec-turbo-182-ps-otomatik-executive-plus.html,Yok,,,,,,151 g/km,,6.7 lt,,47 lt,,,,5 yıldız,2023 Honda Civic 1.5 VTEC Turbo 182 PS Otomatik Executive+ NCAP/ANCAP Web Sayfası,2022,Var,,,,,,,Önden Çekişli,,,,,,Otomatik,CVT
1375 kg,,1802 mm,4677 mm,1407 mm,,,512 lt,,2023 Honda Civic 1.5 VTEC Turbo ECO 129 PS Otomatik Elegance,,2023 Honda Civic 1.5 VTEC Turbo ECO 129 PS Otomatik Elegance Test Sürüşü Talep Sayfası,2023 Honda Civic 1.5 VTEC Turbo ECO 129 PS Otomatik Elegance Ürün Kataloğu,,,,,,,,,,,,,,,Turbo,,4,1498 cc,PGM-FI (Direkt Enjeksiyon),10.5 saniye,200 km/s,180 nm,129 BG,Japonya,,Binek,Elegance,,Sedan,2023,İçten Yanmalı (Standart),4434 tl/yıl,C,Civic,Benzin & LPG,https://www.epey.com/araba/2023-honda-civic-1-5-vtec-turbo-eco-129-ps-otomatik-elegance.html,Var,,,,,,148 g/km,,6.5 lt,,47 lt,,,,5 yıldız,2023 Honda Civic 1.5 VTEC Turbo ECO 129 PS Otomatik Elegance NCAP/ANCAP Web Sayfası,2022,Var,,,,,,,Önden Çekişli,,,,,,Otomatik,CVT
1375 kg,,1802 mm,4677 mm,1407 mm,,,512 lt,,2023 Honda Civic 1.5 VTEC Turbo ECO 129 PS Otomatik Executive+,,2023 Honda Civic 1.5 VTEC Turbo ECO 129 PS Otomatik Executive+ Test Sürüşü Talep Sayfası,2023 Honda Civic 1.5 VTEC Turbo ECO 129 PS Otomatik Executive+ Ürün Kataloğu,,,,,,,,,,,,,,,Turbo,,4,1498 cc,PGM-FI (Direkt Enjeksiyon),10.5 saniye,200 km/s,180 nm,129 BG,Japonya,,Binek,Executive+,,Sedan,2023,İçten Yanmalı (Standart),4434 tl/yıl,C,Civic,Benzin & LPG,https://www.epey.com/araba/2023-honda-civic-1-5-vtec-turbo-eco-129-ps-otomatik-executive-plus.html,Var,,,,,,148 g/km,,6.5 lt,,47 lt,,,,5 yıldız,2023 Honda Civic 1.5 VTEC Turbo ECO 129 PS Otomatik Executive+ NCAP/ANCAP Web Sayfası,2022,Var,,,,,,,Önden Çekişli,,,,,,Otomatik,CVT
1375 kg,,1802 mm,4677 mm,1407 mm,,,512 lt,,2023 Honda Civic 1.5 VTEC Turbo ECO 129 PS Otomatik Premium,,2023 Honda Civic 1.5 VTEC Turbo ECO 129 PS Otomatik Premium Test Sürüşü Talep Sayfası,2023 Honda Civic 1.5 VTEC Turbo ECO 129 PS Otomatik Premium Ürün Kataloğu,,,,,,,,,,,,,,,Turbo,,4,1498 cc,PGM-FI (Direkt Enjeksiyon),10.5 saniye,200 km/s,180 nm,129 BG,Japonya,,Binek,Premium,,Sedan,2023,İçten Yanmalı (Standart),4434 tl/yıl,C,Civic,Benzin & LPG,https://www.epey.com/araba/2023-honda-civic-1-5-vtec-turbo-eco-129-ps-otomatik-premium.html,Var,,,,,,148 g/km,,6.5 lt,,47 lt,,,,5 yıldız,2023 Honda Civic 1.5 VTEC Turbo ECO 129 PS Otomatik Premium NCAP/ANCAP Web Sayfası,2022,Var,,,,,,,Önden Çekişli,,,,,,Otomatik,CVT
1669 kg,,1855 mm,4600 mm,1681 mm,,,561 lt,,2023 Honda CR-V 1.5 VTEC 193 BG Otomatik Elegance (4x4),,2023 Honda CR-V 1.5 VTEC 193 BG Otomatik Elegance (4x4) Test Sürüşü Talep Sayfası,2023 Honda CR-V 1.5 VTEC 193 BG Otomatik Elegance (4x4) Ürün Kataloğu,,,,,,,,,,,,,,,Turbo,,4,1498 cc,PGM-FI (Direkt Enjeksiyon),10.0 saniye,200 km/s,243 nm,193 BG,Japonya,,Binek,Elegance,,SUV,2023,İçten Yanmalı (Standart),4434 tl/yıl,C,CR-V,Benzin,https://www.epey.com/araba/2023-honda-cr-v-1-5-vtec-193-bg-otomatik-elegance-4x4.html,,,,,,,162 g/km,,7.1 lt,,57 lt,,6.2 lt,8.6 lt,5 yıldız,2023 Honda CR-V 1.5 VTEC 193 BG Otomatik Elegance (4x4) NCAP/ANCAP Web Sayfası,2019,Var,,,,,,,4x4 Çekişli,,,,,,Otomatik,CVT (Değişken Oranlı)
1669 kg,,1855 mm,4600 mm,1681 mm,,,561 lt,,2023 Honda CR-V 1.5 VTEC 193 BG Otomatik Executive (4x4),,2023 Honda CR-V 1.5 VTEC 193 BG Otomatik Executive (4x4) Test Sürüşü Talep Sayfası,2023 Honda CR-V 1.5 VTEC 193 BG Otomatik Executive (4x4) Ürün Kataloğu,,,,,,,,,,,,,,,Turbo,,4,1498 cc,PGM-FI (Direkt Enjeksiyon),10.0 saniye,200 km/s,243 nm,193 BG,Japonya,,Binek,Executive,,SUV,2023,İçten Yanmalı (Standart),4434 tl/yıl,C,CR-V,Benzin,https://www.epey.com/araba/2023-honda-cr-v-1-5-vtec-193-bg-otomatik-executive-4x4.html,,,,,,,162 g/km,,7.1 lt,,57 lt,,6.2 lt,8.6 lt,5 yıldız,2023 Honda CR-V 1.5 VTEC 193 BG Otomatik Executive (4x4) NCAP/ANCAP Web Sayfası,2019,Var,,,,,,,4x4 Çekişli,,,,,,Otomatik,CVT (Değişken Oranlı)
1669 kg,,1855 mm,4600 mm,1681 mm,,,561 lt,,2023 Honda CR-V 1.5 VTEC 193 BG Otomatik Executive+ (4x4),,2023 Honda CR-V 1.5 VTEC 193 BG Otomatik Executive+ (4x4) Test Sürüşü Talep Sayfası,2023 Honda CR-V 1.5 VTEC 193 BG Otomatik Executive+ (4x4) Ürün Kataloğu,,,,,,,,,,,,,,,Turbo,,4,1498 cc,PGM-FI (Direkt Enjeksiyon),10.0 saniye,200 km/s,243 nm,193 BG,Japonya,,Binek,Executive+,,SUV,2023,İçten Yanmalı (Standart),4434 tl/yıl,C,CR-V,Benzin,https://www.epey.com/araba/2023-honda-cr-v-1-5-vtec-193-bg-otomatik-executive-plus-4x4.html,,,,,,,162 g/km,,7.1 lt,,57 lt,,6.2 lt,8.6 lt,5 yıldız,2023 Honda CR-V 1.5 VTEC 193 BG Otomatik Executive+ (4x4) NCAP/ANCAP Web Sayfası,2019,Var,,,,,,,4x4 Çekişli,,,,,,Otomatik,CVT (Değişken Oranlı)
1743 kg,,1855 mm,4600 mm,1681 mm,,,497 lt,,2023 Honda CR-V 2.0 i-MMD Hybrid 184 PS E-CVT Executive+ (4x4),,2023 Honda CR-V 2.0 i-MMD Hybrid 184 PS E-CVT Executive+ (4x4) Test Sürüşü Talep Sayfası,2023 Honda CR-V 2.0 i-MMD Hybrid 184 PS E-CVT Executive+ (4x4) Ürün Kataloğu,"Periyodik Bakım Şartı
Satarken Garantiyi Devredebilme
6 Yıl / 150 Bin Km Mekanik","Garanti Süresi Boyunca Ücretsiz
Honda Aktif Acil Yol Yardım 0212 234 6632",Var,,,1.3 kW/sa,Lityum İyon,,,,,,,,Atmosferik,,4,1993 cc,PGM-FI (Direkt Enjeksiyon),9.2 saniye,180 km/s,315 nm,184 BG,Japonya,,Binek,Executive+,,SUV,2023,HEV (Benzinli & Elektrikli),12340 tl/yıl,C,CR-V,Benzin & Elektrik,https://www.epey.com/araba/2023-honda-cr-v-2-0-i-mmd-hybrid-184-ps-e-cvt-executive-plus-4x4.html,,,,,,,126 g/km,,5.5 lt,,57 lt,,5.1 lt,5.7 lt,5 yıldız,2023 Honda CR-V 2.0 i-MMD Hybrid 184 PS E-CVT Executive+ (4x4) NCAP/ANCAP Web Sayfası,2019,Var,,,,,,,4x4 Çekişli,,,,,,Otomatik,E-CVT (Elektronik Sabit Hızlı)
1327 kg,,1725 mm,4090 mm,1556 mm,,,298 lt,,2023 Honda Jazz 1.5 i-MMD Hybrid 98 PS Otomatik Crosstar Executive,,,2023 Honda Jazz 1.5 i-MMD Hybrid 98 PS Otomatik Crosstar Executive Ürün Kataloğu,,,,253 nm,,,,,,,,,,,Atmosferik,,4,1498 cc,PGM-FI (Direkt Enjeksiyon),9.9 saniye,175 km/s,131 nm,98 BG,Japonya,,Binek,Crosstar Executive,,Hatchback,2023,HEV (Benzinli & Elektrikli),4434 tl/yıl,B,Jazz,Benzin & Elektrik,https://www.epey.com/araba/2023-honda-jazz-1-5-i-mmd-hybrid-98-ps-otomatik-crosstar-executive.html,,,,,,,88 g/km,,3.8 lt,,40 lt,,4.5 lt,2.7 lt,5 yıldız,2023 Honda Jazz 1.5 i-MMD Hybrid 98 PS Otomatik Crosstar Executive NCAP/ANCAP Web Sayfası,2020,Var,,,,,,,Önden Çekişli,,,,,,Otomatik,E-CVT (Elektronik Sabit Hızlı)
1300 kg,,1694 mm,4044 mm,1526 mm,,,304 lt,,2023 Honda Jazz 1.5 i-MMD Hybrid 98 PS Otomatik Executive,,,2023 Honda Jazz 1.5 i-MMD Hybrid 98 PS Otomatik Executive Ürün Kataloğu,,,,253 nm,,,,,,,,,,,Atmosferik,,4,1498 cc,PGM-FI (Direkt Enjeksiyon),9.5 saniye,175 km/s,131 nm,98 BG,Japonya,,Binek,Executive,,Hatchback,2023,HEV (Benzinli & Elektrikli),4434 tl/yıl,B,Jazz,Benzin & Elektrik,https://www.epey.com/araba/2023-honda-jazz-1-5-i-mmd-hybrid-98-ps-otomatik-executive.html,,,,,,,84 g/km,,3.7 lt,,40 lt,,4.3 lt,2.5 lt,5 yıldız,2023 Honda Jazz 1.5 i-MMD Hybrid 98 PS Otomatik Executive NCAP/ANCAP Web Sayfası,2020,Var,,,,,,,Önden Çekişli,,,,,,Otomatik,E-CVT (Elektronik Sabit Hızlı)
1275 kg,,1775 mm,4040 mm,1450 mm,,1165 lt,352 lt,,2023 Hyundai i20 1.0 T-GDI 100 PS DCT Style,,2023 Hyundai i20 1.0 T-GDI 100 PS DCT Style Test Sürüşü Talep Sayfası,2023 Hyundai i20 1.0 T-GDI 100 PS DCT Style Ürün Kataloğu,,,,,,,,,,,,,,,Turbo,,3,998 cc,Direkt Enjeksiyon,11.4 saniye,185 km/s,172 nm,100 BG,Güney Kore,,Binek,Style,Var,Hatchback,2023,İçten Yanmalı (Standart),2545 tl/yıl,B,i20,Benzin,https://www.epey.com/araba/2023-hyundai-i20-1-0-t-gdi-100-ps-dct-style.html,,,,,,,139 g/km,,6.1 lt,,40 lt,Euro 6d,6.3 lt,8.2 lt,4 yıldız,2023 Hyundai i20 1.0 T-GDI 100 PS DCT Style NCAP/ANCAP Web Sayfası,2015,Var,,,,,,,Önden Çekişli,,,,,7 ileri,Otomatik,DCT (Yarı Otm.)
1100 kg,,1775 mm,4040 mm,1450 mm,,1165 lt,352 lt,,2023 Hyundai i20 1.4 MPI 100 PS Jump,,2023 Hyundai i20 1.4 MPI 100 PS Jump Test Sürüşü Talep Sayfası,2023 Hyundai i20 1.4 MPI 100 PS Jump Ürün Kataloğu,,,,,,,,,,,,,,,Atmosferik,,4,1368 cc,Çok Noktadan Enjeksiyon,12.2 saniye,176 km/s,134 nm,100 BG,Güney Kore,,Binek,Jump,Var,Hatchback,2023,İçten Yanmalı (Standart),4434 tl/yıl,B,i20,Benzin,https://www.epey.com/araba/2023-hyundai-i20-1-4-mpi-100-ps-jump.html,,,,,,,148 g/km,,6.5 lt,,40 lt,Euro 6d,6.7 lt,8.5 lt,4 yıldız,2023 Hyundai i20 1.4 MPI 100 PS Jump NCAP/ANCAP Web Sayfası,2015,Var,,,,,,,Önden Çekişli,,,,,6 ileri,Manuel,
1240 kg,,1775 mm,4040 mm,1450 mm,,1165 lt,352 lt,,2023 Hyundai i20 1.4 MPI 100 PS Otomatik Elite,,2023 Hyundai i20 1.4 MPI 100 PS Otomatik Elite Test Sürüşü Talep Sayfası,2023 Hyundai i20 1.4 MPI 100 PS Otomatik Elite Ürün Kataloğu,,,,,,,,,,,,,,,Atmosferik,,4,1368 cc,Çok Noktadan Enjeksiyon,12.9 saniye,176 km/s,134 nm,100 BG,Güney Kore,,Binek,Elite,Var,Hatchback,2023,İçten Yanmalı (Standart),4434 tl/yıl,B,i20,Benzin,https://www.epey.com/araba/2023-hyundai-i20-1-4-mpi-100-ps-otomatik-elite.html,,,,,,,140 g/km,,7.1 lt,,40 lt,Euro 6d,7.3 lt,9.7 lt,4 yıldız,2023 Hyundai i20 1.4 MPI 100 PS Otomatik Elite NCAP/ANCAP Web Sayfası,2015,Var,,,,,,,Önden Çekişli,,,,,6 ileri,Otomatik,
1240 kg,,1775 mm,4040 mm,1450 mm,,1165 lt,352 lt,,2023 Hyundai i20 1.4 MPI 100 PS Otomatik Jump,,2023 Hyundai i20 1.4 MPI 100 PS Otomatik Jump Test Sürüşü Talep Sayfası,2023 Hyundai i20 1.4 MPI 100 PS Otomatik Jump Ürün Kataloğu,,,,,,,,,,,,,,,Atmosferik,,4,1368 cc,Çok Noktadan Enjeksiyon,12.9 saniye,176 km/s,134 nm,100 BG,Güney Kore,,Binek,Jump,Var,Hatchback,2023,İçten Yanmalı (Standart),4434 tl/yıl,B,i20,Benzin,https://www.epey.com/araba/2023-hyundai-i20-1-4-mpi-100-ps-otomatik-jump.html,,,,,,,140 g/km,,7.1 lt,,40 lt,Euro 6d,7.3 lt,9.7 lt,4 yıldız,2023 Hyundai i20 1.4 MPI 100 PS Otomatik Jump NCAP/ANCAP Web Sayfası,2015,Var,,,,,,,Önden Çekişli,,,,,6 ileri,Otomatik,
1240 kg,,1775 mm,4040 mm,1450 mm,,1165 lt,352 lt,,2023 Hyundai i20 1.4 MPI 100 PS Otomatik Style Plus,,2023 Hyundai i20 1.4 MPI 100 PS Otomatik Style Plus Test Sürüşü Talep Sayfası,2023 Hyundai i20 1.4 MPI 100 PS Otomatik Style Plus Ürün Kataloğu,,,,,,,,,,,,,,,Atmosferik,,4,1368 cc,Çok Noktadan Enjeksiyon,12.9 saniye,176 km/s,134 nm,100 BG,Güney Kore,,Binek,Style Plus,Var,Hatchback,2023,İçten Yanmalı (Standart),4434 tl/yıl,B,i20,Benzin,https://www.epey.com/araba/2023-hyundai-i20-1-4-mpi-100-ps-otomatik-style-plus.html,,,,,,,140 g/km,,7.1 lt,,40 lt,Euro 6d,7.3 lt,9.7 lt,4 yıldız,2023 Hyundai i20 1.4 MPI 100 PS Otomatik Style Plus NCAP/ANCAP Web Sayfası,2015,Var,,,,,,,Önden Çekişli,,,,,6 ileri,Otomatik,
1240 kg,,1775 mm,4040 mm,1450 mm,,1165 lt,352 lt,,2023 Hyundai i20 1.4 MPI 100 PS Otomatik Style,,2023 Hyundai i20 1.4 MPI 100 PS Otomatik Style Test Sürüşü Talep Sayfası,,,,,,,,,,,,,,,,Atmosferik,,4,1368 cc,Çok Noktadan Enjeksiyon,12.9 saniye,176 km/s,134 nm,100 BG,Güney Kore,,Binek,Style,Var,Hatchback,2023,İçten Yanmalı (Standart),4434 tl/yıl,B,i20,Benzin,https://www.epey.com/araba/2023-hyundai-i20-1-4-mpi-100-ps-otomatik-style.html,,,,,,,140 g/km,,7.1 lt,,40 lt,Euro 6d,7.3 lt,9.7 lt,4 yıldız,2023 Hyundai i20 1.4 MPI 100 PS Otomatik Style NCAP/ANCAP Web Sayfası,2015,Var,,,,,,,Önden Çekişli,,,,,6 ileri,Otomatik,
1697 kg,,1865 mm,4500 mm,1650 mm,,1799 lt,620 lt,,2023 Hyundai Tucson 1.6 T-GDI 180 PS DCT Prime Plus (4X2),,2023 Hyundai Tucson 1.6 T-GDI 180 PS DCT Prime Plus (4X2) Test Sürüşü Talep Sayfası,2023 Hyundai Tucson 1.6 T-GDI 180 PS DCT Prime Plus (4X2) Ürün Kataloğu,,,,,,,,,,,,,,,Turbo,,4,1598 cc,Direkt Enjeksiyon,8.8 saniye,201 km/s,265 nm,180 BG,Güney Kore,,Binek,Prime Plus,,SUV,2023,İçten Yanmalı (Standart),4434 tl/yıl,C,Tucson,Benzin,https://www.epey.com/araba/2023-hyundai-tucson-1-6-t-gdi-180-ps-dct-prime-plus-4x2.html,,,,,,,167 g/km,,7.3 lt,,54 lt,Euro 6.2,,,5 yıldız,2023 Hyundai Tucson 1.6 T-GDI 180 PS DCT Prime Plus (4X2) NCAP/ANCAP Web Sayfası,2021,Var,,,,,,,Önden Çekişli,,,,,7 ileri,Otomatik,DCT (Yarı Otm.)
1830 kg,,1865 mm,4500 mm,1650 mm,,1795 lt,616 lt,,2023 Hyundai Tucson 1.6 T-GDI HEV 230 PS Otomatik Elite Plus (4X4),,2023 Hyundai Tucson 1.6 T-GDI HEV 230 PS Otomatik Elite Plus (4X4) Test Sürüşü Talep Sayfası,2023 Hyundai Tucson 1.6 T-GDI HEV 230 PS Otomatik Elite Plus (4X4) Ürün Kataloğu,,,,,,1.49 kW/sa,,,,,,,,,Turbo,,4,1598 cc,Direkt Enjeksiyon,8.3 saniye,193 km/s,350 nm,230 BG,Güney Kore,,Binek,Elite Plus,,SUV,2023,HEV (Benzinli & Elektrikli),4434 tl/yıl,C,Tucson,Benzin & Elektrik,https://www.epey.com/araba/2023-hyundai-tucson-1-6-t-gdi-hev-230-ps-otomatik-elite-plus-4x4.html,,,,,,,,149 g/km,,6.6 lt,52 lt,Euro 6d,,,5 yıldız,2023 Hyundai Tucson 1.6 T-GDI HEV 230 PS Otomatik Elite Plus (4X4) NCAP/ANCAP Web Sayfası,2021,Var,,,,,,,4x4 Çekişli,,,,,6 ileri,Otomatik,
1090 kg,,1725 mm,4065 mm,1450 mm,,1078 lt,300 lt,,2023 Kia Rio HB 1.4 100 PS Otomatik Cool,,,2023 Kia Rio HB 1.4 100 PS Otomatik Cool Ürün Kataloğu,,,,,,,,,,,,,,,,,4,1368 cc,,12.9 saniye,183 km/s,133.4 nm,100 BG,Güney Kore,,Binek,Cool,,Hatchback,2023,İçten Yanmalı (Standart),4434 tl/yıl,B,Rio,Benzin,https://www.epey.com/araba/2023-kia-rio-hb-1-4-100-ps-otomatik-cool.html,,,,,,,142 g/km,,6.2 lt,,45 lt,,5.0 lt,8.2 lt,3 yıldız,2023 Kia Rio HB 1.4 100 PS Otomatik Cool NCAP/ANCAP Web Sayfası,2017,Var,,,,,,,Önden Çekişli,,,,,6 ileri,Otomatik,
1090 kg,,1725 mm,4065 mm,1450 mm,,1078 lt,300 lt,,2023 Kia Rio HB 1.4 100 PS Otomatik Elegance Konfor,,,2023 Kia Rio HB 1.4 100 PS Otomatik Elegance Konfor Ürün Kataloğu,,,,,,,,,,,,,,,,,4,1368 cc,,12.9 saniye,183 km/s,133.4 nm,100 BG,Güney Kore,,Binek,Elegance Konfor,,Hatchback,2023,İçten Yanmalı (Standart),4434 tl/yıl,B,Rio,Benzin,https://www.epey.com/araba/2023-kia-rio-hb-1-4-100-ps-otomatik-elegance-konfor.html,,,,,,,142 g/km,,6.2 lt,,45 lt,,5.0 lt,8.2 lt,3 yıldız,2023 Kia Rio HB 1.4 100 PS Otomatik Elegance Konfor NCAP/ANCAP Web Sayfası,2017,Var,,,,,,,Önden Çekişli,,,,,6 ileri,Otomatik,
1662 kg,10.92 mt.,1865 mm,4515 mm,1645 mm,,1715 lt,526 lt,,2023 Kia Sportage 1.6 CRDI Mild Hybrid 136 HP DCT Cool (4x2),,2023 Kia Sportage 1.6 CRDI Mild Hybrid 136 HP DCT Cool (4x2) Test Sürüşü Talep Sayfası,2023 Kia Sportage 1.6 CRDI Mild Hybrid 136 HP DCT Cool (4x2) Ürün Kataloğu,,,,,,,,,,,,,,,Turbo,,4,1598 cc,Common Rail Direkt Enjeksiyon,11.4 saniye,180 km/s,320 nm,136 BG,Güney Kore,,Binek,Cool,,SUV,2023,MHEV (Yarı Hibrit Sistem),4434 tl/yıl,C,Sportage,Dizel & Elektrik,https://www.epey.com/araba/2023-kia-sportage-1-6-crdi-mild-hybrid-136-hp-dct-cool-4x2.html,,,,,,,117 g/km,,4.4 lt,,54 lt,,4.4 lt,4.6 lt,5 yıldız,2023 Kia Sportage 1.6 CRDI Mild Hybrid 136 HP DCT Cool (4x2) NCAP/ANCAP Web Sayfası,2015,Var,,,,,,,Önden Çekişli,,,,,7 ileri,Otomatik,DCT (Yarı Otm.)
1662 kg,10.92 mt.,1865 mm,4515 mm,1645 mm,,1715 lt,526 lt,,2023 Kia Sportage 1.6 CRDI Mild Hybrid 136 HP DCT Elegance Konfor (4x2),,2023 Kia Sportage 1.6 CRDI Mild Hybrid 136 HP DCT Elegance Konfor (4x2) Test Sürüşü Talep Sayfası,2023 Kia Sportage 1.6 CRDI Mild Hybrid 136 HP DCT Elegance Konfor (4x2) Ürün Kataloğu,,,,,,,,,,,,,,,Turbo,,4,1598 cc,Common Rail Direkt Enjeksiyon,11.4 saniye,180 km/s,320 nm,136 BG,Güney Kore,,Binek,Elegance Konfor,,SUV,2023,MHEV (Yarı Hibrit Sistem),4434 tl/yıl,C,Sportage,Dizel & Elektrik,https://www.epey.com/araba/2023-kia-sportage-1-6-crdi-mild-hybrid-136-hp-dct-elegance-konfor-4x2.html,,,,,,,117 g/km,,4.4 lt,,54 lt,,4.4 lt,4.6 lt,5 yıldız,2023 Kia Sportage 1.6 CRDI Mild Hybrid 136 HP DCT Elegance Konfor (4x2) NCAP/ANCAP Web Sayfası,2015,Var,,,,,,,Önden Çekişli,,,,,7 ileri,Otomatik,DCT (Yarı Otm.)
1662 kg,10.92 mt.,1865 mm,4515 mm,1645 mm,,1715 lt,526 lt,,2023 Kia Sportage 1.6 CRDI Mild Hybrid 136 HP DCT Prestige (4x2),,2023 Kia Sportage 1.6 CRDI Mild Hybrid 136 HP DCT Prestige (4x2) Test Sürüşü Talep Sayfası,2023 Kia Sportage 1.6 CRDI Mild Hybrid 136 HP DCT Prestige (4x2) Ürün Kataloğu,,,,,,,,,,,,,,,Turbo,,4,1598 cc,Common Rail Direkt Enjeksiyon,11.4 saniye,180 km/s,320 nm,136 BG,Güney Kore,,Binek,Prestige,,SUV,2023,MHEV (Yarı Hibrit Sistem),4434 tl/yıl,C,Sportage,Dizel & Elektrik,https://www.epey.com/araba/2023-kia-sportage-1-6-crdi-mild-hybrid-136-hp-dct-prestige-4x2.html,,,,,,,117 g/km,,4.4 lt,,54 lt,,4.4 lt,4.6 lt,5 yıldız,2023 Kia Sportage 1.6 CRDI Mild Hybrid 136 HP DCT Prestige (4x2) NCAP/ANCAP Web Sayfası,2015,Var,,,,,,,Önden Çekişli,,,,,7 ileri,Otomatik,DCT (Yarı Otm.)
1653 kg,10.92 mt.,1865 mm,4515 mm,1645 mm,,1751 lt,562 lt,,2023 Kia Sportage 1.6 TGDI Mild Hybrid 150 HP DCT Cool (4x2),,2023 Kia Sportage 1.6 TGDI Mild Hybrid 150 HP DCT Cool (4x2) Test Sürüşü Talep Sayfası,2023 Kia Sportage 1.6 TGDI Mild Hybrid 150 HP DCT Cool (4x2) Ürün Kataloğu,,,,,,,,,,,,,,,Turbo,,4,1598 cc,GDI (Doğrudan Enjeksiyon),9.6 saniye,189 km/s,250 nm,150 BG,Güney Kore,,Binek,Cool,,SUV,2023,MHEV (Yarı Hibrit Sistem),4434 tl/yıl,C,Sportage,Benzin & Elektrik,https://www.epey.com/araba/2023-kia-sportage-1-6-tgdi-mild-hybrid-150-hp-dct-cool-4x2.html,,,,,,,130 g/km,,5.7 lt,,54 lt,,5.2 lt,6.6 lt,5 yıldız,2023 Kia Sportage 1.6 TGDI Mild Hybrid 150 HP DCT Cool (4x2) NCAP/ANCAP Web Sayfası,2015,,,,,,,,Önden Çekişli,,,,,7 ileri,Otomatik,DCT (Yarı Otm.)
1653 kg,10.92 mt.,1865 mm,4515 mm,1645 mm,,1751 lt,562 lt,,2023 Kia Sportage 1.6 TGDI Mild Hybrid 150 HP DCT Elegance Konfor (4x2),,2023 Kia Sportage 1.6 TGDI Mild Hybrid 150 HP DCT Elegance Konfor (4x2) Test Sürüşü Talep Sayfası,,,,,,,,,,,,,,,,Turbo,,4,1598 cc,GDI (Doğrudan Enjeksiyon),9.6 saniye,189 km/s,250 nm,150 BG,Güney Kore,,Binek,Elegance Konfor,,SUV,2023,MHEV (Yarı Hibrit Sistem),4434 tl/yıl,C,Sportage,Benzin & Elektrik,https://www.epey.com/araba/2023-kia-sportage-1-6-tgdi-mild-hybrid-150-hp-dct-elegance-konfor-4x2.html,,,,,,,130 g/km,,5.7 lt,,54 lt,,5.2 lt,6.6 lt,5 yıldız,2023 Kia Sportage 1.6 TGDI Mild Hybrid 150 HP DCT Elegance Konfor (4x2) NCAP/ANCAP Web Sayfası,2015,Var,,,,,,,Önden Çekişli,,,,,7 ileri,Otomatik,DCT (Yarı Otm.)
1653 kg,10.92 mt.,1865 mm,4515 mm,1645 mm,,1751 lt,562 lt,,2023 Kia Sportage 1.6 TGDI Mild Hybrid 150 HP DCT Prestige (4x2),,2023 Kia Sportage 1.6 TGDI Mild Hybrid 150 HP DCT Prestige (4x2) Test Sürüşü Talep Sayfası,,,,,,,,,,,,,,,,Turbo,,4,1598 cc,GDI (Doğrudan Enjeksiyon),9.6 saniye,189 km/s,250 nm,150 BG,Güney Kore,,Binek,Prestige,,SUV,2023,MHEV (Yarı Hibrit Sistem),4434 tl/yıl,C,Sportage,Benzin & Elektrik,https://www.epey.com/araba/2023-kia-sportage-1-6-tgdi-mild-hybrid-150-hp-dct-prestige-4x2.html,,,,,,,130 g/km,,5.7 lt,,54 lt,,5.2 lt,6.6 lt,5 yıldız,2023 Kia Sportage 1.6 TGDI Mild Hybrid 150 HP DCT Prestige (4x2) NCAP/ANCAP Web Sayfası,2015,Var,,,,,,,Önden Çekişli,,,,,7 ileri,Otomatik,DCT (Yarı Otm.)
1748 kg,10.92 mt.,1865 mm,4515 mm,1650 mm,,1751 lt,562 lt,,2023 Kia Sportage 1.6 TGDI Mild Hybrid 230 HP Otomatik Prestige Smart (4x4),,2023 Kia Sportage 1.6 TGDI Mild Hybrid 230 HP Otomatik Prestige Smart (4x4) Test Sürüşü Talep Sayfası,2023 Kia Sportage 1.6 TGDI Mild Hybrid 230 HP Otomatik Prestige Smart (4x4) Ürün Kataloğu,,,,,,,,,,,,,,,Turbo,,4,1598 cc,GDI (Doğrudan Enjeksiyon),8.3 saniye,193 km/s,350 nm,230 BG,Güney Kore,,Binek,Prestige Smart,,SUV,2023,MHEV (Yarı Hibrit Sistem),4434 tl/yıl,C,Sportage,Benzin & Elektrik,https://www.epey.com/araba/2023-kia-sportage-1-6-tgdi-mild-hybrid-230-hp-otomatik-prestige-smart-4x4.html,,,,,,,,143 g/km,,6.3 lt,54 lt,,,,5 yıldız,2023 Kia Sportage 1.6 TGDI Mild Hybrid 230 HP Otomatik Prestige Smart (4x4) NCAP/ANCAP Web Sayfası,2015,Var,,,,,,,4x4 Çekişli,,,,,6 ileri,Otomatik,
1669 kg,,1840 mm,4680 mm,1725 mm,,1424 lt,585 lt,,2023 Nissan X-Trail 1.5 DIG-T 163 BG X-Tronic CVT Platinum Premium (4x2),,2023 Nissan X-Trail 1.5 DIG-T 163 BG X-Tronic CVT Platinum Premium (4x2) Test Sürüşü Talep Sayfası,2023 Nissan X-Trail 1.5 DIG-T 163 BG X-Tronic CVT Platinum Premium (4x2) Ürün Kataloğu,,,,,,0.14 kW/sa,Lityum İyon,,,,,,,,Turbo,,3,1497 cc,,9.6 saniye,200 km/s,300 nm,163 BG,Japonya,,Binek,Platinum Premium,,SUV,2023,MHEV (Yarı Hibrit Sistem),4434 tl/yıl,D,X-Trail,Benzin & Elektrik,https://www.epey.com/araba/2023-nissan-x-trail-1-5-dig-t-163-bg-x-tronic-cvt-platinum-premium-4x2.html,,,,,,,,161 g/km,,7.1 lt,55 lt,,,,5 yıldız,2023 Nissan X-Trail 1.5 DIG-T 163 BG X-Tronic CVT Platinum Premium (4x2) NCAP/ANCAP Web Sayfası,2021,Var,,,,,,,Önden Çekişli,,,,,,Otomatik,CVT
1669 kg,,1840 mm,4680 mm,1725 mm,,1424 lt,585 lt,,2023 Nissan X-Trail 1.5 DIG-T 163 BG X-Tronic CVT Skypack (4x2),,2023 Nissan X-Trail 1.5 DIG-T 163 BG X-Tronic CVT Skypack (4x2) Test Sürüşü Talep Sayfası,2023 Nissan X-Trail 1.5 DIG-T 163 BG X-Tronic CVT Skypack (4x2) Ürün Kataloğu,,,,,,0.14 kW/sa,Lityum İyon,,,,,,,,Turbo,,3,1497 cc,,9.6 saniye,200 km/s,300 nm,163 BG,Japonya,,Binek,Skypack,,SUV,2023,MHEV (Yarı Hibrit Sistem),4434 tl/yıl,D,X-Trail,Benzin & Elektrik,https://www.epey.com/araba/2023-nissan-x-trail-1-5-dig-t-163-bg-x-tronic-cvt-skypack-4x2.html,,,,,,,,161 g/km,,7.1 lt,55 lt,,,,5 yıldız,2023 Nissan X-Trail 1.5 DIG-T 163 BG X-Tronic CVT Skypack (4x2) NCAP/ANCAP Web Sayfası,2021,Var,,,,,,,Önden Çekişli,,,,,,Otomatik,CVT
1373 kg,,1797 mm,4227 mm,1576 mm,,1275 lt,422 lt,,2023 Renault Captur 1.3 Mild Hybrid 140 BG EDC Icon (4x2),,2023 Renault Captur 1.3 Mild Hybrid 140 BG EDC Icon (4x2) Test Sürüşü Talep Sayfası,2023 Renault Captur 1.3 Mild Hybrid 140 BG EDC Icon (4x2) Ürün Kataloğu,,,,,,,,,,,,,,,Turbo,,4,1332 cc,Direkt Enjeksiyon,9.2 saniye,196 km/s,260 nm,140 BG,Fransa,,Binek,Icon,,SUV,2023,MHEV (Yarı Hibrit Sistem),4434 tl/yıl,B,Captur,Benzin & Elektrik,https://www.epey.com/araba/2023-renault-captur-1-3-mild-hybrid-140-bg-edc-icon-4x2.html,,,,,,,139 g/km,,6.2 lt,,48 lt,Euro 6,,,5 yıldız,2023 Renault Captur 1.3 Mild Hybrid 140 BG EDC Icon (4x2) NCAP/ANCAP Web Sayfası,2019,Var,,,,,,,Önden Çekişli,,,,,7 ileri,Otomatik,EDC (Çift Kavramalı Otm.)
1373 kg,,1797 mm,4227 mm,1576 mm,,1275 lt,422 lt,,2023 Renault Captur 1.3 Mild Hybrid 140 BG EDC Touch Plus (4x2),,2023 Renault Captur 1.3 Mild Hybrid 140 BG EDC Touch Plus (4x2) Test Sürüşü Talep Sayfası,2023 Renault Captur 1.3 Mild Hybrid 140 BG EDC Touch Plus (4x2) Ürün Kataloğu,,,,,,,,,,,,,,,Turbo,,4,1332 cc,Direkt Enjeksiyon,9.2 saniye,196 km/s,260 nm,140 BG,Fransa,,Binek,Touch Plus,,SUV,2023,MHEV (Yarı Hibrit Sistem),4434 tl/yıl,B,Captur,Benzin & Elektrik,https://www.epey.com/araba/2023-renault-captur-1-3-mild-hybrid-140-bg-edc-touch-plus-4x2.html,,,,,,,139 g/km,,6.2 lt,,48 lt,Euro 6,,,5 yıldız,2023 Renault Captur 1.3 Mild Hybrid 140 BG EDC Touch Plus (4x2) NCAP/ANCAP Web Sayfası,2019,Var,,,,,,,Önden Çekişli,,,,,7 ileri,Otomatik,EDC (Çift Kavramalı Otm.)
1373 kg,,1797 mm,4227 mm,1576 mm,,1275 lt,422 lt,,2023 Renault Captur 1.3 Mild Hybrid 155 BG EDC R.S.Line (4x2),,2023 Renault Captur 1.3 Mild Hybrid 155 BG EDC R.S.Line (4x2) Test Sürüşü Talep Sayfası,2023 Renault Captur 1.3 Mild Hybrid 155 BG EDC R.S.Line (4x2) Ürün Kataloğu,,,,,,,,,,,,,,,Turbo,,4,1332 cc,Direkt Enjeksiyon,8.5 saniye,204 km/s,270 nm,155 BG,Fransa,,Binek,R.S. Line,,SUV,2023,MHEV (Yarı Hibrit Sistem),4434 tl/yıl,B,Captur,Benzin & Elektrik,https://www.epey.com/araba/2023-renault-captur-1-3-mild-hybrid-155-bg-edc-r-s-line-4x2.html,,,,,,,138 g/km,,6.1 lt,,48 lt,Euro 6,,,5 yıldız,2023 Renault Captur 1.3 Mild Hybrid 155 BG EDC R.S.Line (4x2) NCAP/ANCAP Web Sayfası,2019,Var,,,,,,,Önden Çekişli,,,,,7 ileri,Otomatik,EDC (Çift Kavramalı Otm.)
1103 kg,,1798 mm,4050 mm,1440 mm,,1069 lt,391 lt,,2023 Renault Clio 1.0 SCe 65 BG Joy,,2023 Renault Clio 1.0 SCe 65 BG Joy Test Sürüşü Talep Sayfası,2023 Renault Clio 1.0 SCe 65 BG Joy Ürün Kataloğu,,,,,,,,,,,,,,,Atmosferik,,3,999 cc,Çok Noktadan Enjeksiyon,17.1 saniye,160 km/s,95 nm,65 BG,Fransa,Hatchback,Binek,Joy,,Hatchback,2023,İçten Yanmalı (Standart),2545 tl/yıl,B,Clio,Benzin,https://www.epey.com/araba/2023-renault-clio-1-0-sce-65-bg-joy.html,,,,,,,113 g/km,,5.0 lt,,42 lt,Euro 6,4.2 lt,6.3 lt,5 yıldız,2023 Renault Clio 1.0 SCe 65 BG Joy NCAP/ANCAP Web Sayfası,2019,Var,,,,,,,Önden Çekişli,,,,,5 ileri,Manuel,
1157 kg,,1798 mm,4050 mm,1440 mm,,1069 lt,391 lt,,2023 Renault Clio 1.0 TCe 90 BG Touch,,2023 Renault Clio 1.0 TCe 90 BG Touch Test Sürüşü Talep Sayfası,2023 Renault Clio 1.0 TCe 90 BG Touch Ürün Kataloğu,,,,,,,,,,,,,,,Turbo,,3,999 cc,Çok Noktadan Enjeksiyon,12.2 saniye,180 km/s,160 nm,90 BG,Fransa,Hatchback,Binek,Touch,,Hatchback,2023,İçten Yanmalı (Standart),2545 tl/yıl,B,Clio,Benzin,https://www.epey.com/araba/2023-renault-clio-1-0-tce-90-bg-touch.html,,,,,,,114 g/km,,5.0 lt,,42 lt,Euro 6,4.2 lt,6.3 lt,5 yıldız,2023 Renault Clio 1.0 TCe 90 BG Touch NCAP/ANCAP Web Sayfası,2019,Var,,,,,,,Önden Çekişli,,,,,6 ileri,Manuel,
1201 kg,,1798 mm,4050 mm,1440 mm,,1069 lt,391 lt,,2023 Renault Clio 1.0 TCe X-Tronic 90 BG Icon,,2023 Renault Clio 1.0 TCe X-Tronic 90 BG Icon Test Sürüşü Talep Sayfası,2023 Renault Clio 1.0 TCe X-Tronic 90 BG Icon Ürün Kataloğu,,,,,,,,,,,,,,,Turbo,,3,999 cc,Çok Noktadan Enjeksiyon,12.4 saniye,175 km/s,142 nm,90 BG,Fransa,Hatchback,Binek,Icon,,Hatchback,2023,İçten Yanmalı (Standart),2545 tl/yıl,B,Clio,Benzin,https://www.epey.com/araba/2023-renault-clio-1-0-tce-x-tronic-90-bg-icon.html,,,,,,,116 g/km,,5.1 lt,,42 lt,Euro 6,4.5 lt,6.1 lt,5 yıldız,2023 Renault Clio 1.0 TCe X-Tronic 90 BG Icon NCAP/ANCAP Web Sayfası,2019,Var,,,,,,,Önden Çekişli,,,,,,Otomatik,X-Tronic (Değişken Oranlı)
1201 kg,,1798 mm,4050 mm,1440 mm,,1069 lt,391 lt,,2023 Renault Clio 1.0 TCe X-Tronic 90 BG Joy,,2023 Renault Clio 1.0 TCe X-Tronic 90 BG Joy Test Sürüşü Talep Sayfası,2023 Renault Clio 1.0 TCe X-Tronic 90 BG Joy Ürün Kataloğu,,,,,,,,,,,,,,,Turbo,,3,999 cc,Çok Noktadan Enjeksiyon,12.4 saniye,175 km/s,142 nm,90 BG,Fransa,Hatchback,Binek,Joy,,Hatchback,2023,İçten Yanmalı (Standart),2545 tl/yıl,B,Clio,Benzin,https://www.epey.com/araba/2023-renault-clio-1-0-tce-x-tronic-90-bg-joy.html,,,,,,,116 g/km,,5.1 lt,,42 lt,Euro 6,4.5 lt,6.1 lt,5 yıldız,2023 Renault Clio 1.0 TCe X-Tronic 90 BG Joy NCAP/ANCAP Web Sayfası,2019,Var,,,,,,,Önden Çekişli,,,,,,Otomatik,X-Tronic (Değişken Oranlı)
1201 kg,,1798 mm,4050 mm,1440 mm,,1069 lt,391 lt,,2023 Renault Clio 1.0 TCe X-Tronic 90 BG Touch,,2023 Renault Clio 1.0 TCe X-Tronic 90 BG Touch Test Sürüşü Talep Sayfası,2023 Renault Clio 1.0 TCe X-Tronic 90 BG Touch Ürün Kataloğu,,,,,,,,,,,,,,,Turbo,,3,999 cc,Çok Noktadan Enjeksiyon,12.4 saniye,175 km/s,142 nm,90 BG,Fransa,Hatchback,Binek,Touch,,Hatchback,2023,İçten Yanmalı (Standart),2545 tl/yıl,B,Clio,Benzin,https://www.epey.com/araba/2023-renault-clio-1-0-tce-x-tronic-90-bg-touch.html,,,,,,,116 g/km,,5.1 lt,,42 lt,Euro 6,4.5 lt,6.1 lt,5 yıldız,2023 Renault Clio 1.0 TCe X-Tronic 90 BG Touch NCAP/ANCAP Web Sayfası,2019,Var,,,,,,,Önden Çekişli,,,,,,Otomatik,X-Tronic (Değişken Oranlı)
1381 kg,,1814 mm,4632 mm,1443 mm,,987 lt,503 lt,,2023 Renault Megane 1.3 TCe 140 BG EDC Icon,,2023 Renault Megane 1.3 TCe 140 BG EDC Icon Test Sürüşü Talep Sayfası,2023 Renault Megane 1.3 TCe 140 BG EDC Icon Ürün Kataloğu,,,,,,,,,,,,,,,Turbo,,4,1332 cc,Direkt Enjeksiyon,9.8 saniye,205 km/s,240 nm,140 BG,Fransa,Sedan,Binek,Icon,Var,Sedan,2023,İçten Yanmalı (Standart),4434 tl/yıl,C,Megane,Benzin,https://www.epey.com/araba/2023-renault-megane-1-3-tce-140-bg-edc-icon.html,,,,,,,121 g/km,,5.3 lt,,50 lt,Euro 6,4.7 lt,6.4 lt,5 yıldız,2023 Renault Megane 1.3 TCe 140 BG EDC Icon NCAP/ANCAP Web Sayfası,2015,Var,,,,,,,Önden Çekişli,,,,,7 ileri,Otomatik,EDC (Çift Kavramalı Otm.)
1381 kg,,1814 mm,4632 mm,1443 mm,,987 lt,503 lt,,2023 Renault Megane 1.3 TCe 140 BG EDC Joy Comfort,,2023 Renault Megane 1.3 TCe 140 BG EDC Joy Comfort Test Sürüşü Talep Sayfası,2023 Renault Megane 1.3 TCe 140 BG EDC Joy Comfort Ürün Kataloğu,,,,,,,,,,,,,,,Turbo,,4,1332 cc,Direkt Enjeksiyon,9.8 saniye,205 km/s,240 nm,140 BG,Fransa,Sedan,Binek,Joy Comfort,Var,Sedan,2023,İçten Yanmalı (Standart),4434 tl/yıl,C,Megane,Benzin,https://www.epey.com/araba/2023-renault-megane-1-3-tce-140-bg-edc-joy-comfort.html,,,,,,,121 g/km,,5.3 lt,,50 lt,Euro 6,4.7 lt,6.4 lt,5 yıldız,2023 Renault Megane 1.3 TCe 140 BG EDC Joy Comfort NCAP/ANCAP Web Sayfası,2015,Var,,,,,,,Önden Çekişli,,,,,7 ileri,Otomatik,EDC (Çift Kavramalı Otm.)
1381 kg,,1814 mm,4632 mm,1443 mm,,987 lt,503 lt,,2023 Renault Megane 1.3 TCe 140 BG EDC Touch,,2023 Renault Megane 1.3 TCe 140 BG EDC Touch Test Sürüşü Talep Sayfası,2023 Renault Megane 1.3 TCe 140 BG EDC Touch Ürün Kataloğu,,,,,,,,,,,,,,,Turbo,,4,1332 cc,Direkt Enjeksiyon,9.8 saniye,205 km/s,240 nm,140 BG,Fransa,Sedan,Binek,Touch,Var,Sedan,2023,İçten Yanmalı (Standart),4434 tl/yıl,C,Megane,Benzin,https://www.epey.com/araba/2023-renault-megane-1-3-tce-140-bg-edc-touch.html,,,,,,,121 g/km,,5.3 lt,,50 lt,Euro 6,4.7 lt,6.4 lt,5 yıldız,2023 Renault Megane 1.3 TCe 140 BG EDC Touch NCAP/ANCAP Web Sayfası,2015,Var,,,,,,,Önden Çekişli,,,,,7 ileri,Otomatik,EDC (Çift Kavramalı Otm.)
1353 kg,,1814 mm,4632 mm,1443 mm,,987 lt,503 lt,,2023 Renault Megane 1.3 TCe 140 BG Joy,,2023 Renault Megane 1.3 TCe 140 BG Joy Test Sürüşü Talep Sayfası,2023 Renault Megane 1.3 TCe 140 BG Joy Ürün Kataloğu,,,,,,,,,,,,,,,Turbo,,4,1332 cc,Direkt Enjeksiyon,9.6 saniye,205 km/s,260 nm,140 BG,Fransa,Sedan,Binek,Joy,Var,Sedan,2023,İçten Yanmalı (Standart),4434 tl/yıl,C,Megane,Benzin,https://www.epey.com/araba/2023-renault-megane-1-3-tce-140-bg-joy.html,,,,,,,129 g/km,,5.7 lt,,50 lt,Euro 6,5.0 lt,7.4 lt,5 yıldız,2023 Renault Megane 1.3 TCe 140 BG Joy NCAP/ANCAP Web Sayfası,2015,Var,,,,,,,Önden Çekişli,,,,,6 ileri,Manuel,
1469 kg,,1814 mm,4632 mm,1443 mm,,987 lt,503 lt,,2023 Renault Megane 1.5 Blue dCi 115 BG EDC Icon,,2023 Renault Megane 1.5 Blue dCi 115 BG EDC Icon Test Sürüşü Talep Sayfası,2023 Renault Megane 1.5 Blue dCi 115 BG EDC Icon Ürün Kataloğu,,,,,,,,,,,,,,,Turbo,,4,1461 cc,Common Rail Direkt Enjeksiyon,11.2 saniye,190 km/s,270 nm,115 BG,Fransa,Sedan,Binek,Icon,Var,Sedan,2023,İçten Yanmalı (Standart),4434 tl/yıl,C,Megane,Dizel,https://www.epey.com/araba/2023-renault-megane-1-5-blue-dci-115-bg-edc-icon.html,,,,,,,108 g/km,,4.1 lt,,49 lt,Euro 6,3.8 lt,4.7 lt,5 yıldız,2023 Renault Megane 1.5 Blue dCi 115 BG EDC Icon NCAP/ANCAP Web Sayfası,2015,Var,,,,,,,Önden Çekişli,,,,,7 ileri,Otomatik,EDC (Çift Kavramalı Otm.)
1469 kg,,1814 mm,4632 mm,1443 mm,,987 lt,503 lt,,2023 Renault Megane 1.5 Blue dCi 115 BG EDC Touch,,2023 Renault Megane 1.5 Blue dCi 115 BG EDC Touch Test Sürüşü Talep Sayfası,2023 Renault Megane 1.5 Blue dCi 115 BG EDC Touch Ürün Kataloğu,,,,,,,,,,,,,,,Turbo,,4,1461 cc,Common Rail Direkt Enjeksiyon,11.2 saniye,190 km/s,270 nm,115 BG,Fransa,Sedan,Binek,Touch,Var,Sedan,2023,İçten Yanmalı (Standart),4434 tl/yıl,C,Megane,Dizel,https://www.epey.com/araba/2023-renault-megane-1-5-blue-dci-115-bg-edc-touch.html,,,,,,,108 g/km,,4.1 lt,,49 lt,Euro 6,3.8 lt,4.7 lt,5 yıldız,2023 Renault Megane 1.5 Blue dCi 115 BG EDC Touch NCAP/ANCAP Web Sayfası,2015,Var,,,,,,,Önden Çekişli,,,,,7 ileri,Otomatik,EDC (Çift Kavramalı Otm.)
1109 kg,,1848 mm,4396 mm,1501 mm,,,628 lt,,2023 Renault Taliant 1.0 Sce 65 BG Joy,,2023 Renault Taliant 1.0 Sce 65 BG Joy Test Sürüşü Talep Sayfası,2023 Renault Taliant 1.0 Sce 65 BG Joy Ürün Kataloğu,,,,,,,,,,,,,,,Atmosferik,,3,999 cc,Çok Noktadan Enjeksiyon,17.0 saniye,157 km/s,95 nm,65 BG,Fransa,,Binek,Joy,,Sedan,2023,İçten Yanmalı (Standart),2545 tl/yıl,B,Taliant,Benzin,https://www.epey.com/araba/2023-renault-taliant-1-0-sce-65-bg-joy.html,,,,,,,127 g/km,,5.7 lt,,50 lt,,,,,,,,,,,,,,Önden Çekişli,,,,,5 ileri,Manuel,
1212 kg,,1848 mm,4396 mm,1501 mm,,,628 lt,,2023 Renault Taliant 1.0 Turbo 90 BG X-tronic Joy,,2023 Renault Taliant 1.0 Turbo 90 BG X-tronic Joy Test Sürüşü Talep Sayfası,2023 Renault Taliant 1.0 Turbo 90 BG X-tronic Joy Ürün Kataloğu,,,,,,,,,,,,,,,Turbo,,3,999 cc,Çok Noktadan Enjeksiyon,13.9 saniye,169 km/s,142 nm,90 BG,Fransa,,Binek,Joy,,Sedan,2023,İçten Yanmalı (Standart),2545 tl/yıl,B,Taliant,Benzin,https://www.epey.com/araba/2023-renault-taliant-1-0-turbo-90-bg-x-tronic-joy.html,Yok,,,,,,139 g/km,,6.1 lt,,50 lt,,,,,,,,,,,,,,Önden Çekişli,,,,,,Otomatik,X-Tronic (Değişken Oranlı)
1212 kg,,1848 mm,4396 mm,1501 mm,,,628 lt,,2023 Renault Taliant 1.0 Turbo 90 BG X-tronic Touch,,2023 Renault Taliant 1.0 Turbo 90 BG X-tronic Touch Test Sürüşü Talep Sayfası,2023 Renault Taliant 1.0 Turbo 90 BG X-tronic Touch Ürün Kataloğu,,,,,,,,,,,,,,,Turbo,,3,999 cc,Çok Noktadan Enjeksiyon,13.9 saniye,169 km/s,142 nm,90 BG,Fransa,,Binek,Touch,,Sedan,2023,İçten Yanmalı (Standart),2545 tl/yıl,B,Taliant,Benzin,https://www.epey.com/araba/2023-renault-taliant-1-0-turbo-90-bg-x-tronic-touch.html,Yok,,,,,,139 g/km,,6.1 lt,,50 lt,,,,,,,,,,,,,,Önden Çekişli,,,,,,Otomatik,X-Tronic (Değişken Oranlı)
1216 kg,10.70 mt.,1780 mm,4108 mm,1461 mm,,1190 lt,380 lt,,2023 Skoda Fabia 1.0 TSI 110 PS DSG Elite,,2023 Skoda Fabia 1.0 TSI 110 PS DSG Elite Test Sürüşü Talep Sayfası,2023 Skoda Fabia 1.0 TSI 110 PS DSG Elite Ürün Kataloğu,,,,,,,,,,,,,,,Turbo,,3,999 cc,Direkt Enjeksiyon,9.9 saniye,205 km/s,200 nm,110 BG,Çek Cumhuriyeti > Almanya,,Binek,Elite,,Hatchback,2023,İçten Yanmalı (Standart),2545 tl/yıl,B,Fabia,Benzin,https://www.epey.com/araba/2023-skoda-fabia-1-0-tsi-110-ps-dsg-elite.html,,,,,,,105 g/km,,4.6 lt,,40 lt,,3.9 lt,5.8 lt,5 yıldız,2023 Skoda Fabia 1.0 TSI 110 PS DSG Elite NCAP/ANCAP Web Sayfası,2021,Var,,,,,,,Önden Çekişli,,,,,7 ileri,Otomatik,DSG (Yarı Otm.)
1216 kg,10.70 mt.,1780 mm,4108 mm,1461 mm,,1190 lt,380 lt,,2023 Skoda Fabia 1.0 TSI 110 PS DSG Premium,,2023 Skoda Fabia 1.0 TSI 110 PS DSG Premium Test Sürüşü Talep Sayfası,2023 Skoda Fabia 1.0 TSI 110 PS DSG Premium Ürün Kataloğu,,,,,,,,,,,,,,,Turbo,,3,999 cc,Direkt Enjeksiyon,9.9 saniye,205 km/s,200 nm,110 BG,Çek Cumhuriyeti > Almanya,,Binek,Premium,,Hatchback,2023,İçten Yanmalı (Standart),2545 tl/yıl,B,Fabia,Benzin,https://www.epey.com/araba/2023-skoda-fabia-1-0-tsi-110-ps-dsg-premium.html,,,,,,,105 g/km,,4.6 lt,,40 lt,,3.9 lt,5.8 lt,5 yıldız,2023 Skoda Fabia 1.0 TSI 110 PS DSG Premium NCAP/ANCAP Web Sayfası,2021,Var,,,,,,,Önden Çekişli,,,,,7 ileri,Otomatik,DSG (Yarı Otm.)
1147 kg,10.70 mt.,1780 mm,4108 mm,1461 mm,,1190 lt,380 lt,,2023 Skoda Fabia 1.0 TSI 95 PS Elite,,2023 Skoda Fabia 1.0 TSI 95 PS Elite Test Sürüşü Talep Sayfası,2023 Skoda Fabia 1.0 TSI 95 PS Elite Ürün Kataloğu,,,,,,,,,,,,,,,Turbo,,3,999 cc,Direkt Enjeksiyon,10.6 saniye,193 km/s,175 nm,95 BG,Çek Cumhuriyeti > Almanya,,Binek,Elite,,Hatchback,2023,İçten Yanmalı (Standart),2545 tl/yıl,B,Fabia,Benzin,https://www.epey.com/araba/2023-skoda-fabia-1-0-tsi-95-ps-elite.html,,,,,,,104 g/km,,4.6 lt,,40 lt,,3.7 lt,6.0 lt,5 yıldız,2023 Skoda Fabia 1.0 TSI 95 PS Elite NCAP/ANCAP Web Sayfası,2021,Var,,,,,,,Önden Çekişli,,,,,5 ileri,Manuel,
1244 kg,10.70 mt.,1780 mm,4108 mm,1461 mm,,1190 lt,380 lt,,2023 Skoda Fabia 1.5 TSI ACT 150 PS DSG Monte Carlo,,2023 Skoda Fabia 1.5 TSI ACT 150 PS DSG Monte Carlo Test Sürüşü Talep Sayfası,2023 Skoda Fabia 1.5 TSI ACT 150 PS DSG Monte Carlo Ürün Kataloğu,,,,,,,,,,,,,,,Turbo,,4,1498 cc,Direkt Enjeksiyon,8.0 saniye,225 km/s,250 nm,150 BG,Çek Cumhuriyeti > Almanya,,Binek,Monte Carlo,,Hatchback,2023,İçten Yanmalı (Standart),4434 tl/yıl,B,Fabia,Benzin,https://www.epey.com/araba/2023-skoda-fabia-1-5-tsi-act-150-ps-dsg-monte-carlo.html,,,,,,,,129 g/km,,5.7 lt,40 lt,,,,5 yıldız,2023 Skoda Fabia 1.5 TSI ACT 150 PS DSG Monte Carlo NCAP/ANCAP Web Sayfası,2021,Var,,,,,,,Önden Çekişli,,,,,7 ileri,Otomatik,DSG (Yarı Otm.)
1417 kg,10.9 mt.,1841 mm,4440 mm,1616 mm,,1630 lt,521 lt,,2023 Skoda Karoq 1.5 TSI ACT 150 PS DSG Elite (4x2),,2023 Skoda Karoq 1.5 TSI ACT 150 PS DSG Elite (4x2) Test Sürüşü Talep Sayfası,2023 Skoda Karoq 1.5 TSI ACT 150 PS DSG Elite (4x2) Ürün Kataloğu,,,,,,,,,,,,,,,Turbo,,4,1498 cc,Direkt Enjeksiyon,8.8 saniye,210 km/s,250 nm,150 BG,Çek Cumhuriyeti > Almanya,,Binek,Elite,,SUV,2023,İçten Yanmalı (Standart),4434 tl/yıl,C,Karoq,Benzin,https://www.epey.com/araba/2023-skoda-karoq-1-5-tsi-act-150-ps-dsg-elite-4x2.html,,,,,,,124 g/km,,5.4 lt,,50 lt,,4.7 lt,6.7 lt,5 yıldız,2023 Skoda Karoq 1.5 TSI ACT 150 PS DSG Elite (4x2) NCAP/ANCAP Web Sayfası,2017,Var,,,,,,,Önden Çekişli,,,,,7 ileri,Otomatik,DSG (Yarı Otm.)
1417 kg,10.9 mt.,1841 mm,4440 mm,1616 mm,,1630 lt,521 lt,,2023 Skoda Karoq 1.5 TSI ACT 150 PS DSG Prestige (4x2),,2023 Skoda Karoq 1.5 TSI ACT 150 PS DSG Prestige (4x2) Test Sürüşü Talep Sayfası,2023 Skoda Karoq 1.5 TSI ACT 150 PS DSG Prestige (4x2) Ürün Kataloğu,,,,,,,,,,,,,,,Turbo,,4,1498 cc,Direkt Enjeksiyon,8.8 saniye,210 km/s,250 nm,150 BG,Çek Cumhuriyeti > Almanya,,Binek,Prestige,,SUV,2023,İçten Yanmalı (Standart),4434 tl/yıl,C,Karoq,Benzin,https://www.epey.com/araba/2023-skoda-karoq-1-5-tsi-act-150-ps-dsg-prestige-4x2.html,,,,,,,124 g/km,,5.4 lt,,50 lt,,4.7 lt,6.7 lt,5 yıldız,2023 Skoda Karoq 1.5 TSI ACT 150 PS DSG Prestige (4x2) NCAP/ANCAP Web Sayfası,2017,Var,,,,,,,Önden Çekişli,,,,,7 ileri,Otomatik,DSG (Yarı Otm.)
1417 kg,10.9 mt.,1841 mm,4440 mm,1616 mm,,1630 lt,521 lt,,2023 Skoda Karoq 1.5 TSI ACT 150 PS DSG Sportline (4x2),,2023 Skoda Karoq 1.5 TSI ACT 150 PS DSG Sportline (4x2) Test Sürüşü Talep Sayfası,2023 Skoda Karoq 1.5 TSI ACT 150 PS DSG Sportline (4x2) Ürün Kataloğu,,,,,,,,,,,,,,,Turbo,,4,1498 cc,Direkt Enjeksiyon,8.8 saniye,210 km/s,250 nm,150 BG,Çek Cumhuriyeti > Almanya,,Binek,Sportline,,SUV,2023,İçten Yanmalı (Standart),4434 tl/yıl,C,Karoq,Benzin,https://www.epey.com/araba/2023-skoda-karoq-1-5-tsi-act-150-ps-dsg-sportline-4x2.html,,,,,,,124 g/km,,5.4 lt,,50 lt,,4.7 lt,6.7 lt,5 yıldız,2023 Skoda Karoq 1.5 TSI ACT 150 PS DSG Sportline (4x2) NCAP/ANCAP Web Sayfası,2017,Var,,,,,,,Önden Çekişli,,,,,7 ileri,Otomatik,DSG (Yarı Otm.)
1602 kg,12.20 mt.,1882 mm,4697 mm,1681 mm,,2065 lt,835 lt,,2023 Skoda Kodiaq 1.5 TSI 150 PS DSG Elite (4x2),,2023 Skoda Kodiaq 1.5 TSI 150 PS DSG Elite (4x2) Test Sürüşü Talep Sayfası,2023 Skoda Kodiaq 1.5 TSI 150 PS DSG Elite (4x2) Ürün Kataloğu,"2 Yıl Sınırsız Km Mekanik
3 Yıl Boya
12 Yıl Paslanmazlık","Skoda Yol Yardımı 0212 216 4228
Skoda Yol Yardımı 0212 275 0121
Skoda Yol Yardımı 0800 211 4106",Var,,,,,,,,,,,,Turbo,,4,1498 cc,TSI - Doğrudan Enjeksiyon,9.7 saniye,205 km/s,250 nm,150 BG,Çek Cumhuriyeti > Almanya,,Binek,Elite,,SUV,2023,İçten Yanmalı (Standart),4434 tl/yıl,D,Kodiaq,Benzin,https://www.epey.com/araba/2023-skoda-kodiaq-1-5-tsi-150-ps-dsg-elite-4x2.html,,,,,,,135 g/km,,5.9 lt,,58 lt,,5.2 lt,7.2 lt,5 yıldız,2023 Skoda Kodiaq 1.5 TSI 150 PS DSG Elite (4x2) NCAP/ANCAP Web Sayfası,2017,Var,,,,,,,Önden Çekişli,,,,,7 ileri,Otomatik,DSG (Yarı Otm.)
1602 kg,12.20 mt.,1882 mm,4697 mm,1681 mm,,2065 lt,835 lt,,2023 Skoda Kodiaq 1.5 TSI 150 PS DSG L&K Crystal (4x2),,2023 Skoda Kodiaq 1.5 TSI 150 PS DSG L&K Crystal (4x2) Test Sürüşü Talep Sayfası,2023 Skoda Kodiaq 1.5 TSI 150 PS DSG L&K Crystal (4x2) Ürün Kataloğu,"2 Yıl Sınırsız Km Mekanik
3 Yıl Boya
12 Yıl Paslanmazlık","Skoda Yol Yardımı 0212 216 4228
Skoda Yol Yardımı 0212 275 0121
Skoda Yol Yardımı 0800 211 4106",Var,,,,,,,,,,,,Turbo,,4,1498 cc,TSI - Doğrudan Enjeksiyon,9.7 saniye,205 km/s,250 nm,150 BG,Çek Cumhuriyeti > Almanya,,Binek,L&K Crystal,,SUV,2023,İçten Yanmalı (Standart),4434 tl/yıl,D,Kodiaq,Benzin,https://www.epey.com/araba/2023-skoda-kodiaq-1-5-tsi-150-ps-dsg-lk-crystal-4x2.html,,,,,,,135 g/km,,5.9 lt,,58 lt,,5.2 lt,7.2 lt,5 yıldız,2023 Skoda Kodiaq 1.5 TSI 150 PS DSG L&K Crystal (4x2) NCAP/ANCAP Web Sayfası,2017,Var,,,,,,,Önden Çekişli,,,,,7 ileri,Otomatik,DSG (Yarı Otm.)
1602 kg,12.20 mt.,1882 mm,4697 mm,1681 mm,,2065 lt,835 lt,,2023 Skoda Kodiaq 1.5 TSI 150 PS DSG Premium (4x2),,2023 Skoda Kodiaq 1.5 TSI 150 PS DSG Premium (4x2) Test Sürüşü Talep Sayfası,2023 Skoda Kodiaq 1.5 TSI 150 PS DSG Premium (4x2) Ürün Kataloğu,"2 Yıl Sınırsız Km Mekanik
3 Yıl Boya
12 Yıl Paslanmazlık","Skoda Yol Yardımı 0212 216 4228
Skoda Yol Yardımı 0212 275 0121
Skoda Yol Yardımı 0800 211 4106",Var,,,,,,,,,,,,Turbo,,4,1498 cc,TSI - Doğrudan Enjeksiyon,9.7 saniye,205 km/s,250 nm,150 BG,Çek Cumhuriyeti > Almanya,,Binek,Premium,,SUV,2023,İçten Yanmalı (Standart),4434 tl/yıl,D,Kodiaq,Benzin,https://www.epey.com/araba/2023-skoda-kodiaq-1-5-tsi-150-ps-dsg-premium-4x2.html,,,,,,,135 g/km,,5.9 lt,,58 lt,,5.2 lt,7.2 lt,5 yıldız,2023 Skoda Kodiaq 1.5 TSI 150 PS DSG Premium (4x2) NCAP/ANCAP Web Sayfası,2017,Var,,,,,,,Önden Çekişli,,,,,7 ileri,Otomatik,DSG (Yarı Otm.)
1602 kg,12.20 mt.,1882 mm,4697 mm,1681 mm,,2065 lt,835 lt,,2023 Skoda Kodiaq 1.5 TSI 150 PS DSG Prestige (4x2),,2023 Skoda Kodiaq 1.5 TSI 150 PS DSG Prestige (4x2) Test Sürüşü Talep Sayfası,2023 Skoda Kodiaq 1.5 TSI 150 PS DSG Prestige (4x2) Ürün Kataloğu,"2 Yıl Sınırsız Km Mekanik
3 Yıl Boya
12 Yıl Paslanmazlık","Skoda Yol Yardımı 0212 216 4228
Skoda Yol Yardımı 0212 275 0121
Skoda Yol Yardımı 0800 211 4106",Var,,,,,,,,,,,,Turbo,,4,1498 cc,TSI - Doğrudan Enjeksiyon,9.7 saniye,205 km/s,250 nm,150 BG,Çek Cumhuriyeti > Almanya,,Binek,Prestige,,SUV,2023,İçten Yanmalı (Standart),4434 tl/yıl,D,Kodiaq,Benzin,https://www.epey.com/araba/2023-skoda-kodiaq-1-5-tsi-150-ps-dsg-prestige-4x2.html,,,,,,,135 g/km,,5.9 lt,,58 lt,,5.2 lt,7.2 lt,5 yıldız,2023 Skoda Kodiaq 1.5 TSI 150 PS DSG Prestige (4x2) NCAP/ANCAP Web Sayfası,2017,Var,,,,,,,Önden Çekişli,,,,,7 ileri,Otomatik,DSG (Yarı Otm.)
1602 kg,12.20 mt.,1882 mm,4697 mm,1681 mm,,2065 lt,835 lt,,2023 Skoda Kodiaq 1.5 TSI 150 PS DSG Sportline (4x2),,2023 Skoda Kodiaq 1.5 TSI 150 PS DSG Sportline (4x2) Test Sürüşü Talep Sayfası,2023 Skoda Kodiaq 1.5 TSI 150 PS DSG Sportline (4x2) Ürün Kataloğu,"2 Yıl Sınırsız Km Mekanik
3 Yıl Boya
12 Yıl Paslanmazlık","Skoda Yol Yardımı 0212 216 4228
Skoda Yol Yardımı 0212 275 0121
Skoda Yol Yardımı 0800 211 4106",Var,,,,,,,,,,,,Turbo,,4,1498 cc,TSI - Doğrudan Enjeksiyon,9.7 saniye,205 km/s,250 nm,150 BG,Çek Cumhuriyeti > Almanya,,Binek,Sportline,,SUV,2023,İçten Yanmalı (Standart),4434 tl/yıl,D,Kodiaq,Benzin,https://www.epey.com/araba/2023-skoda-kodiaq-1-5-tsi-150-ps-dsg-sportline-4x2.html,,,,,,,135 g/km,,5.9 lt,,58 lt,,5.2 lt,7.2 lt,5 yıldız,2023 Skoda Kodiaq 1.5 TSI 150 PS DSG Sportline (4x2) NCAP/ANCAP Web Sayfası,2017,Var,,,,,,,Önden Çekişli,,,,,7 ileri,Otomatik,DSG (Yarı Otm.)
1843 kg,12.20 mt.,1882 mm,4697 mm,1681 mm,,2065 lt,835 lt,,2023 Skoda Kodiaq 2.0 TDI SCR 200 PS DSG L&K Crystal (4x4),,2023 Skoda Kodiaq 2.0 TDI SCR 200 PS DSG L&K Crystal (4x4) Test Sürüşü Talep Sayfası,2023 Skoda Kodiaq 2.0 TDI SCR 200 PS DSG L&K Crystal (4x4) Ürün Kataloğu,"2 Yıl Sınırsız Km Mekanik
3 Yıl Boya
12 Yıl Paslanmazlık","Skoda Yol Yardımı 0212 216 4228
Skoda Yol Yardımı 0212 275 0121
Skoda Yol Yardımı 0800 211 4106",Var,,,,,,,,,,,,Turbo,,4,1968 cc,Common Rail Direkt Enjeksiyon,7.7 saniye,218 km/s,400 nm,200 BG,Çek Cumhuriyeti > Almanya,,Binek,L&K Crystal,,SUV,2023,İçten Yanmalı (Standart),12340 tl/yıl,D,Kodiaq,Dizel,https://www.epey.com/araba/2023-skoda-kodiaq-2-0-tdi-scr-200-ps-dsg-lk-crystal-4x4.html,,,,,,,143 g/km,,5.4 lt,,58 lt,,4.8 lt,6.5 lt,5 yıldız,2023 Skoda Kodiaq 2.0 TDI SCR 200 PS DSG L&K Crystal (4x4) NCAP/ANCAP Web Sayfası,2017,Var,,,,,,,4x4 Çekişli,,,,,7 ileri,Otomatik,DSG (Yarı Otm.)
1843 kg,12.20 mt.,1882 mm,4697 mm,1681 mm,,2065 lt,835 lt,,2023 Skoda Kodiaq 2.0 TDI SCR 200 PS DSG Sportline (4x4),,2023 Skoda Kodiaq 2.0 TDI SCR 200 PS DSG Sportline (4x4) Test Sürüşü Talep Sayfası,2023 Skoda Kodiaq 2.0 TDI SCR 200 PS DSG Sportline (4x4) Ürün Kataloğu,"2 Yıl Sınırsız Km Mekanik
3 Yıl Boya
12 Yıl Paslanmazlık","Skoda Yol Yardımı 0212 216 4228
Skoda Yol Yardımı 0212 275 0121
Skoda Yol Yardımı 0800 211 4106",Var,,,,,,,,,,,,Turbo,,4,1968 cc,Common Rail Direkt Enjeksiyon,7.7 saniye,218 km/s,400 nm,200 BG,Çek Cumhuriyeti > Almanya,,Binek,Sportline,,SUV,2023,İçten Yanmalı (Standart),12340 tl/yıl,D,Kodiaq,Dizel,https://www.epey.com/araba/2023-skoda-kodiaq-2-0-tdi-scr-200-ps-dsg-sportline-4x4.html,,,,,,,143 g/km,,5.4 lt,,58 lt,,4.8 lt,6.5 lt,5 yıldız,2023 Skoda Kodiaq 2.0 TDI SCR 200 PS DSG Sportline (4x4) NCAP/ANCAP Web Sayfası,2017,Var,,,,,,,4x4 Çekişli,,,,,7 ileri,Otomatik,DSG (Yarı Otm.)
1833 kg,12.20 mt.,1882 mm,4697 mm,1681 mm,,2065 lt,835 lt,,2023 Skoda Kodiaq 2.0 TSI 245 PS DSG RS (4x4),,2023 Skoda Kodiaq 2.0 TSI 245 PS DSG RS (4x4) Test Sürüşü Talep Sayfası,2023 Skoda Kodiaq 2.0 TSI 245 PS DSG RS (4x4) Ürün Kataloğu,"2 Yıl Sınırsız Km Mekanik
3 Yıl Boya
12 Yıl Paslanmazlık","Skoda Yol Yardımı 0212 216 4228
Skoda Yol Yardımı 0212 275 0121
Skoda Yol Yardımı 0800 211 4106",Var,,,,,,,,,,,,Turbo,,4,1984 cc,Direkt Enjeksiyon,6.5 saniye,234 km/s,370 nm,245 BG,Çek Cumhuriyeti > Almanya,,Binek,RS,,SUV,2023,İçten Yanmalı (Standart),12340 tl/yıl,D,Kodiaq,Benzin,https://www.epey.com/araba/2023-skoda-kodiaq-2-0-tsi-245-ps-dsg-rs-4x4.html,,,,,,,170 g/km,,7.4 lt,,58 lt,,6.2 lt,9.5 lt,5 yıldız,2023 Skoda Kodiaq 2.0 TSI 245 PS DSG RS (4x4) NCAP/ANCAP Web Sayfası,2017,Var,,,,,,,4x4 Çekişli,,,,,7 ileri,Otomatik,DSG (Yarı Otm.)
1341 kg,10.40 mt.,1829 mm,4689 mm,1486 mm,,1555 lt,600 lt,,2023 Skoda Octavia 1.0 TSI E-Tec 110 PS DSG Elite,,2023 Skoda Octavia 1.0 TSI E-Tec 110 PS DSG Elite Test Sürüşü Talep Sayfası,2023 Skoda Octavia 1.0 TSI E-Tec 110 PS DSG Elite Ürün Kataloğu,,,,,,,Lityum İyon,48 V Elektrik Motoru,,,,,,,Turbo,,3,999 cc,,10.5 saniye,208 km/s,200 nm,110 BG,Çek Cumhuriyeti > Almanya,,Binek,Elite,,Sedan,2023,MHEV (Yarı Hibrit Sistem),2545 tl/yıl,C,Octavia,Benzin & Elektrik,https://www.epey.com/araba/2023-skoda-octavia-1-0-tsi-e-tec-110-ps-dsg-elite.html,,,,,,,98 g/km,,4.3 lt,,47.8 lt,,3.8 lt,5.1 lt,5 yıldız,2023 Skoda Octavia 1.0 TSI E-Tec 110 PS DSG Elite NCAP/ANCAP Web Sayfası,2019,Var,,,,,,,Önden Çekişli,,,,,7 ileri,Otomatik,DSG (Yarı Otm.)
1341 kg,10.40 mt.,1829 mm,4689 mm,1486 mm,,1555 lt,600 lt,,2023 Skoda Octavia 1.0 TSI E-Tec 110 PS DSG Premium,,2023 Skoda Octavia 1.0 TSI E-Tec 110 PS DSG Premium Test Sürüşü Talep Sayfası,2023 Skoda Octavia 1.0 TSI E-Tec 110 PS DSG Premium Ürün Kataloğu,,,,,,,Lityum İyon,48 V Elektrik Motoru,,,,,,,Turbo,,3,999 cc,,10.5 saniye,208 km/s,200 nm,110 BG,Çek Cumhuriyeti > Almanya,,Binek,Premium,,Sedan,2023,MHEV (Yarı Hibrit Sistem),2545 tl/yıl,C,Octavia,Benzin & Elektrik,https://www.epey.com/araba/2023-skoda-octavia-1-0-tsi-e-tec-110-ps-dsg-premium.html,,,,,,,98 g/km,,4.3 lt,,47.8 lt,,3.8 lt,5.1 lt,5 yıldız,2023 Skoda Octavia 1.0 TSI E-Tec 110 PS DSG Premium NCAP/ANCAP Web Sayfası,2019,Var,,,,,,,Önden Çekişli,,,,,7 ileri,Otomatik,DSG (Yarı Otm.)
1371 kg,10.40 mt.,1829 mm,4689 mm,1486 mm,,1555 lt,600 lt,,2023 Skoda Octavia 1.5 TSI E-Tec 150 PS ACT DSG Elite,,2023 Skoda Octavia 1.5 TSI E-Tec 150 PS ACT DSG Elite Test Sürüşü Talep Sayfası,2023 Skoda Octavia 1.5 TSI E-Tec 150 PS ACT DSG Elite Ürün Kataloğu,,,,,,,Lityum İyon,48 V Elektrik Motoru,,,,,,,Turbo,,4,1498 cc,,8.5 saniye,230 km/s,250 nm,150 BG,Çek Cumhuriyeti > Almanya,,Binek,Elite,,Sedan,2023,MHEV (Yarı Hibrit Sistem),4434 tl/yıl,C,Octavia,Benzin & Elektrik,https://www.epey.com/araba/2023-skoda-octavia-1-5-tsi-e-tec-150-ps-act-dsg-elite.html,,,,,,,107 g/km,,4.7 lt,,47.8 lt,,4.0 lt,5.9 lt,5 yıldız,2023 Skoda Octavia 1.5 TSI E-Tec 150 PS ACT DSG Elite NCAP/ANCAP Web Sayfası,2019,Var,,,,,,,Önden Çekişli,,,,,7 ileri,Otomatik,DSG (Yarı Otm.)
1371 kg,10.40 mt.,1829 mm,4689 mm,1486 mm,,1555 lt,600 lt,,2023 Skoda Octavia 1.5 TSI E-Tec 150 PS ACT DSG Premium,,2023 Skoda Octavia 1.5 TSI E-Tec 150 PS ACT DSG Premium Test Sürüşü Talep Sayfası,2023 Skoda Octavia 1.5 TSI E-Tec 150 PS ACT DSG Premium Ürün Kataloğu,,,,,,,Lityum İyon,48 V Elektrik Motoru,,,,,,,Turbo,,4,1498 cc,,8.5 saniye,230 km/s,250 nm,150 BG,Çek Cumhuriyeti > Almanya,,Binek,Premium,,Sedan,2023,MHEV (Yarı Hibrit Sistem),4434 tl/yıl,C,Octavia,Benzin & Elektrik,https://www.epey.com/araba/2023-skoda-octavia-1-5-tsi-e-tec-150-ps-act-dsg-premium.html,,,,,,,107 g/km,,4.7 lt,,47.8 lt,,4.0 lt,5.9 lt,5 yıldız,2023 Skoda Octavia 1.5 TSI E-Tec 150 PS ACT DSG Premium NCAP/ANCAP Web Sayfası,2019,Var,,,,,,,Önden Çekişli,,,,,7 ileri,Otomatik,DSG (Yarı Otm.)
1371 kg,10.40 mt.,1829 mm,4689 mm,1486 mm,,1555 lt,600 lt,,2023 Skoda Octavia 1.5 TSI E-Tec 150 PS ACT DSG Sportline,,2023 Skoda Octavia 1.5 TSI E-Tec 150 PS ACT DSG Sportline Test Sürüşü Talep Sayfası,2023 Skoda Octavia 1.5 TSI E-Tec 150 PS ACT DSG Sportline Ürün Kataloğu,,,,,,,Lityum İyon,48 V Elektrik Motoru,,,,,,,Turbo,,4,1498 cc,,8.5 saniye,230 km/s,250 nm,150 BG,Çek Cumhuriyeti > Almanya,,Binek,Sportline,,Sedan,2023,MHEV (Yarı Hibrit Sistem),4434 tl/yıl,C,Octavia,Benzin & Elektrik,https://www.epey.com/araba/2023-skoda-octavia-1-5-tsi-e-tec-150-ps-act-dsg-sportline.html,,,,,,,107 g/km,,4.7 lt,,47.8 lt,,4.0 lt,5.9 lt,5 yıldız,2023 Skoda Octavia 1.5 TSI E-Tec 150 PS ACT DSG Sportline NCAP/ANCAP Web Sayfası,2019,Var,,,,,,,Önden Çekişli,,,,,7 ileri,Otomatik,DSG (Yarı Otm.)
1609 kg,10.40 mt.,1829 mm,4689 mm,1486 mm,,1555 lt,600 lt,,2023 Skoda Octavia 2.0 TDI 200 PS DSG RS (4x4),,2023 Skoda Octavia 2.0 TDI 200 PS DSG RS (4x4) Test Sürüşü Talep Sayfası,2023 Skoda Octavia 2.0 TDI 200 PS DSG RS (4x4) Ürün Kataloğu,,,,,,,,,,,,,,,Turbo,,4,1968 cc,Common Rail Direkt Enjeksiyon,7.1 saniye,240 km/s,400 nm,200 BG,Çek Cumhuriyeti > Almanya,,Binek,RS,,Sedan,2023,İçten Yanmalı (Standart),12340 tl/yıl,C,Octavia,Dizel,https://www.epey.com/araba/2023-skoda-octavia-2-0-tdi-200-ps-dsg-rs-4x4.html,,,,,,,,146 g/km,,5.6 lt,,,,,5 yıldız,2023 Skoda Octavia 2.0 TDI 200 PS DSG RS (4x4) NCAP/ANCAP Web Sayfası,2019,Var,,,,,,,Önden Çekişli,,,,,7 ileri,Otomatik,DSG (Yarı Otm.)
1470 kg,11.70 mt.,1864 mm,4869 mm,1503 mm,,1730 lt,595 lt,,2023 Skoda Superb 1.5 TSI 150 HP DSG Elite,,2023 Skoda Superb 1.5 TSI 150 HP DSG Elite Test Sürüşü Talep Sayfası,2023 Skoda Superb 1.5 TSI 150 HP DSG Elite Ürün Kataloğu,"2 Yıl Sınırsız Km Mekanik
3 Yıl Boya
12 Yıl Paslanmazlık","Skoda Yol Yardımı 0212 216 4228
Skoda Yol Yardımı 0212 275 0121
Skoda Yol Yardımı 0800 211 4106",Var,,,,,,,,,,,,Turbo,,4,1498 cc,TSI - Doğrudan Enjeksiyon,9.2 saniye,219 km/s,250 nm,150 BG,Çek Cumhuriyeti > Almanya,,Binek,Elite,,Sedan,2023,İçten Yanmalı (Standart),4434 tl/yıl,D,Superb,Benzin,https://www.epey.com/araba/2023-skoda-superb-1-5-tsi-150-hp-dsg-elite.html,,,,,,,123 g/km,,5.4 lt,,66 lt,Euro 6,4.6 lt,6.8 lt,5 yıldız,2023 Skoda Superb 1.5 TSI 150 HP DSG Elite NCAP/ANCAP Web Sayfası,2015,Var,,,,,,,Önden Çekişli,,,,,7 ileri,Otomatik,DSG (Yarı Otm.)
1470 kg,11.70 mt.,1864 mm,4869 mm,1503 mm,,1730 lt,595 lt,,2023 Skoda Superb 1.5 TSI 150 HP DSG L&K Crystal,,2023 Skoda Superb 1.5 TSI 150 HP DSG L&K Crystal Test Sürüşü Talep Sayfası,2023 Skoda Superb 1.5 TSI 150 HP DSG L&K Crystal Ürün Kataloğu,"2 Yıl Sınırsız Km Mekanik
3 Yıl Boya
12 Yıl Paslanmazlık","Skoda Yol Yardımı 0212 216 4228
Skoda Yol Yardımı 0212 275 0121
Skoda Yol Yardımı 0800 211 4106",Var,,,,,,,,,,,,Turbo,,4,1498 cc,TSI - Doğrudan Enjeksiyon,9.2 saniye,219 km/s,250 nm,150 BG,Çek Cumhuriyeti > Almanya,,Binek,L&K Crystal,,Sedan,2023,İçten Yanmalı (Standart),4434 tl/yıl,D,Superb,Benzin,https://www.epey.com/araba/2023-skoda-superb-1-5-tsi-150-hp-dsg-lk-crystal.html,,,,,,,123 g/km,,5.4 lt,,66 lt,Euro 6,4.6 lt,6.8 lt,5 yıldız,2023 Skoda Superb 1.5 TSI 150 HP DSG L&K Crystal NCAP/ANCAP Web Sayfası,2015,Var,,,,,,,Önden Çekişli,,,,,7 ileri,Otomatik,DSG (Yarı Otm.)
1470 kg,11.70 mt.,1864 mm,4869 mm,1503 mm,,1730 lt,595 lt,,2023 Skoda Superb 1.5 TSI 150 HP DSG Premium,,2023 Skoda Superb 1.5 TSI 150 HP DSG Premium Test Sürüşü Talep Sayfası,2023 Skoda Superb 1.5 TSI 150 HP DSG Premium Ürün Kataloğu,"2 Yıl Sınırsız Km Mekanik
3 Yıl Boya
12 Yıl Paslanmazlık","Skoda Yol Yardımı 0212 216 4228
Skoda Yol Yardımı 0212 275 0121
Skoda Yol Yardımı 0800 211 4106",Var,,,,,,,,,,,,Turbo,,4,1498 cc,TSI - Doğrudan Enjeksiyon,9.2 saniye,219 km/s,250 nm,150 BG,Çek Cumhuriyeti > Almanya,,Binek,Premium,,Sedan,2023,İçten Yanmalı (Standart),4434 tl/yıl,D,Superb,Benzin,https://www.epey.com/araba/2023-skoda-superb-1-5-tsi-150-hp-dsg-premium.html,,,,,,,123 g/km,,5.4 lt,,66 lt,Euro 6,4.6 lt,6.8 lt,5 yıldız,2023 Skoda Superb 1.5 TSI 150 HP DSG Premium NCAP/ANCAP Web Sayfası,2015,Var,,,,,,,Önden Çekişli,,,,,7 ileri,Otomatik,DSG (Yarı Otm.)
1470 kg,11.70 mt.,1864 mm,4869 mm,1503 mm,,1730 lt,595 lt,,2023 Skoda Superb 1.5 TSI 150 HP DSG Prestige,,2023 Skoda Superb 1.5 TSI 150 HP DSG Prestige Test Sürüşü Talep Sayfası,2023 Skoda Superb 1.5 TSI 150 HP DSG Prestige Ürün Kataloğu,"2 Yıl Sınırsız Km Mekanik
3 Yıl Boya
12 Yıl Paslanmazlık","Skoda Yol Yardımı 0212 216 4228
Skoda Yol Yardımı 0212 275 0121
Skoda Yol Yardımı 0800 211 4106",Var,,,,,,,,,,,,Turbo,,4,1498 cc,TSI - Doğrudan Enjeksiyon,9.2 saniye,219 km/s,250 nm,150 BG,Çek Cumhuriyeti > Almanya,,Binek,Prestige,,Sedan,2023,İçten Yanmalı (Standart),4434 tl/yıl,D,Superb,Benzin,https://www.epey.com/araba/2023-skoda-superb-1-5-tsi-150-hp-dsg-prestige.html,,,,,,,123 g/km,,5.4 lt,,66 lt,Euro 6,4.6 lt,6.8 lt,5 yıldız,2023 Skoda Superb 1.5 TSI 150 HP DSG Prestige NCAP/ANCAP Web Sayfası,2015,Var,,,,,,,Önden Çekişli,,,,,7 ileri,Otomatik,DSG (Yarı Otm.)
1470 kg,11.70 mt.,1864 mm,4869 mm,1503 mm,,1730 lt,595 lt,,2023 Skoda Superb 1.5 TSI 150 HP DSG Sportline,,2023 Skoda Superb 1.5 TSI 150 HP DSG Sportline Test Sürüşü Talep Sayfası,2023 Skoda Superb 1.5 TSI 150 HP DSG Sportline Ürün Kataloğu,"2 Yıl Sınırsız Km Mekanik
3 Yıl Boya
12 Yıl Paslanmazlık","Skoda Yol Yardımı 0212 216 4228
Skoda Yol Yardımı 0212 275 0121
Skoda Yol Yardımı 0800 211 4106",Var,,,,,,,,,,,,Turbo,,4,1498 cc,TSI - Doğrudan Enjeksiyon,9.2 saniye,219 km/s,250 nm,150 BG,Çek Cumhuriyeti > Almanya,,Binek,Sportline,,Sedan,2023,İçten Yanmalı (Standart),4434 tl/yıl,D,Superb,Benzin,https://www.epey.com/araba/2023-skoda-superb-1-5-tsi-150-hp-dsg-sportline.html,,,,,,,123 g/km,,5.4 lt,,66 lt,Euro 6,4.6 lt,6.8 lt,5 yıldız,2023 Skoda Superb 1.5 TSI 150 HP DSG Sportline NCAP/ANCAP Web Sayfası,2015,Var,,,,,,,Önden Çekişli,,,,,7 ileri,Otomatik,DSG (Yarı Otm.)
1718 kg,11.70 mt.,1864 mm,4869 mm,1488 mm,,1730 lt,595 lt,,2023 Skoda Superb 2.0 TDI 200 HP DSG L&K Crystal (4x4),,2023 Skoda Superb 2.0 TDI 200 HP DSG L&K Crystal (4x4) Test Sürüşü Talep Sayfası,2023 Skoda Superb 2.0 TDI 200 HP DSG L&K Crystal (4x4) Ürün Kataloğu,"2 Yıl Sınırsız Km Mekanik
3 Yıl Boya
12 Yıl Paslanmazlık","Skoda Yol Yardımı 0212 216 4228
Skoda Yol Yardımı 0212 275 0121
Skoda Yol Yardımı 0800 211 4106",Var,,,,,,,,,,,,Turbo,,4,1968 cc,Common Rail Direkt Enjeksiyon,7.2 saniye,236 km/s,400 nm,200 BG,Çek Cumhuriyeti > Almanya,,Binek,L&K Crystal,,Sedan,2023,İçten Yanmalı (Standart),12340 tl/yıl,D,Superb,Dizel,https://www.epey.com/araba/2023-skoda-superb-2-0-tdi-190-hp-dsg-lk-crystal-4x4.html,,,,,,,,159 g/km,,6.1 lt,66 lt,Euro 6,,,5 yıldız,2023 Skoda Superb 2.0 TDI 200 HP DSG L&K Crystal (4x4) NCAP/ANCAP Web Sayfası,2015,Var,,,,,,,4x4 Çekişli,,,,,7 ileri,Otomatik,DSG (Yarı Otm.)
1712 kg,11.70 mt.,1864 mm,4869 mm,1488 mm,,1730 lt,595 lt,,2023 Skoda Superb 2.0 TSI ACT 280 HP DSG L&K Crystal (4x4),,2023 Skoda Superb 2.0 TSI ACT 280 HP DSG L&K Crystal (4x4) Test Sürüşü Talep Sayfası,2023 Skoda Superb 2.0 TSI ACT 280 HP DSG L&K Crystal (4x4) Ürün Kataloğu,"2 Yıl Sınırsız Km Mekanik
3 Yıl Boya
12 Yıl Paslanmazlık","Skoda Yol Yardımı 0212 216 4228
Skoda Yol Yardımı 0212 275 0121
Skoda Yol Yardımı 0800 211 4106",Var,,,,,,,,,,,,Turbo,,4,1984 cc,TSI - Doğrudan Enjeksiyon,5.3 saniye,250 km/s,400 nm,280 BG,Çek Cumhuriyeti > Almanya,,Binek,L&K Crystal,,Sedan,2023,İçten Yanmalı (Standart),12340 tl/yıl,D,Superb,Benzin,https://www.epey.com/araba/2023-skoda-superb-2-0-tsi-act-280-hp-dsg-lk-crystal-4x4.html,,,,,,,,192 g/km,,8.5 lt,66 lt,Euro 6,,,5 yıldız,2023 Skoda Superb 2.0 TSI ACT 280 HP DSG L&K Crystal (4x4) NCAP/ANCAP Web Sayfası,2015,Var,,,,,,,4x4 Çekişli,,,,,7 ileri,Otomatik,DSG (Yarı Otm.)
2068 kg,,1963 mm,5021 mm,1431 mm,,793 lt,,,2023 Tesla Model S 670 HP (4x4),,2023 Tesla Model S 670 HP (4x4) Test Sürüşü Talep Sayfası,,,Tesla Yol Yardım 0212 922 2450,Var,,,100 kW/sa,Lityum İyon,,,634 km,,,,,,,,,,3.2 saniye,250 km/s,,670 BG,Amerika,Plaid,Binek,,,Sedan,2023,BEV (Elektrikli),,S,Model S,Elektrik,https://www.epey.com/araba/2023-tesla-model-s-4x4.html,,,,,,,,,,,,,,,5 yıldız,2023 Tesla Model S 670 HP (4x4) NCAP/ANCAP Web Sayfası,2022,Var,,,,,,,4x4 Çekişli,,,,,,Otomatik,
2167 kg,,1963 mm,5021 mm,1431 mm,,793 lt,,,2023 Tesla Model S Plaid 1020 HP (4x4),,2023 Tesla Model S Plaid 1020 HP (4x4) Test Sürüşü Talep Sayfası,,,Tesla Yol Yardım 0212 922 2450,Var,,,100 kW/sa,Lityum İyon,,,600 km,,,,,,,,,,2.1 saniye,322 km/s,,1020 BG,Amerika,Plaid,Binek,,,Sedan,2023,BEV (Elektrikli),,S,Model S,Elektrik,https://www.epey.com/araba/2023-tesla-model-s-plaid-4x4.html,,,,,,,,,,,,,,,5 yıldız,2023 Tesla Model S Plaid 1020 HP (4x4) NCAP/ANCAP Web Sayfası,2022,Var,,,,,,,4x4 Çekişli,,,,,,Otomatik,
2335 kg,,1999 mm,5057 mm,1680 mm,,,,,2023 Tesla Model X 670 HP (4x4),,2023 Tesla Model X 670 HP (4x4) Test Sürüşü Talep Sayfası,,,,,,,100 kW/sa,Lityum İyon,,,576 km,,,,,,,,,,3.9 saniye,250 km/s,,670 BG,Amerika,Plaid,Binek,,,SUV,2023,BEV (Elektrikli),,F,Model X,Elektrik,https://www.epey.com/araba/2023-tesla-model-x-4x4.html,,,,,,,,,,,,,,,5 yıldız,2023 Tesla Model X 670 HP (4x4) NCAP/ANCAP Web Sayfası,2019,Var,,,,,,,4x4 Çekişli,,,,,,Otomatik,
2462 kg,,1999 mm,5057 mm,1680 mm,,,,,2023 Tesla Model X Plaid 1020 HP (4x4),,2023 Tesla Model X Plaid 1020 HP (4x4) Test Sürüşü Talep Sayfası,,,,,,,100 kW/sa,Lityum İyon,,,543 km,,,,,,,,,,2.6 saniye,262 km/s,,1020 BG,Amerika,Plaid,Binek,,,SUV,2023,BEV (Elektrikli),,F,Model X,Elektrik,https://www.epey.com/araba/2023-tesla-model-x-plaid-4x4.html,,,,,,,,,,,,,,,5 yıldız,2023 Tesla Model X Plaid 1020 HP (4x4) NCAP/ANCAP Web Sayfası,2019,Var,,,,,,,4x4 Çekişli,,,,,,Otomatik,
1979 kg,,1921 mm,4751 mm,1624 mm,,2158 lt,971 lt,,2023 Tesla Model Y Long Range AWD 345 HP (4x4),,2023 Tesla Model Y Long Range AWD 345 HP (4x4) Test Sürüşü Talep Sayfası,2023 Tesla Model Y Long Range AWD 345 HP (4x4) Ürün Kataloğu,"Akü & Tahrik Ünitesi 8 Yıl / 192 Bin Km
Araç 4 Yıl / 80 Bin Km",Tesla Yol Yardım 0212 922 2450,Var,,,75 kW/sa,,,,533 km,,,,,,,,,,5.0 saniye,217 km/s,,345 BG,Amerika,Long Range AWD,Binek,,,SUV,2023,BEV (Elektrikli),,C,Model Y,Elektrik,https://www.epey.com/araba/2023-tesla-model-y-long-range-awd-4x4.html,,,,,,,,,,,,,,,5 yıldız,2023 Tesla Model Y Long Range AWD 345 HP (4x4) NCAP/ANCAP Web Sayfası,2022,Var,,,,,,,4x4 Çekişli,,,,,,Otomatik,
1995 kg,,1921 mm,4751 mm,1624 mm,,2158 lt,971 lt,,2023 Tesla Model Y Performance 534 HP (4x4),,2023 Tesla Model Y Performance 534 HP (4x4) Test Sürüşü Talep Sayfası,2023 Tesla Model Y Performance 534 HP (4x4) Ürün Kataloğu,"Akü & Tahrik Ünitesi 8 Yıl / 192 Bin Km
Araç 4 Yıl / 80 Bin Km",Tesla Yol Yardım 0212 922 2450,Var,,,75 kW/sa,,,,514 km,,,,,,,,,,3.7 saniye,250 km/s,,534 BG,Amerika,Performance,Binek,,,SUV,2023,BEV (Elektrikli),,C,Model Y,Elektrik,https://www.epey.com/araba/2023-tesla-model-y-performance-4x4.html,,,,,,,,,,,,,,,5 yıldız,2023 Tesla Model Y Performance 534 HP (4x4) NCAP/ANCAP Web Sayfası,2022,Var,,,,,,,4x4 Çekişli,,,,,,Otomatik,
1909 kg,,1921 mm,4751 mm,1624 mm,,2158 lt,971 lt,,2023 Tesla Model Y Standart 299 HP (4x2),,2023 Tesla Model Y Standart 299 HP (4x2) Test Sürüşü Talep Sayfası,2023 Tesla Model Y Standart 299 HP (4x2) Ürün Kataloğu,"Akü & Tahrik Ünitesi 8 Yıl / 160 Bin Km
Araç 4 Yıl / 80 Bin Km",Tesla Yol Yardım 0212 922 2450,Var,,,57.5 kW/sa,,,,455 km,,,,,,,,,,6.9 saniye,217 km/s,,299 BG,Amerika,Standart,Binek,,,SUV,2023,BEV (Elektrikli),,C,Model Y,Elektrik,https://www.epey.com/araba/2023-tesla-model-y-standart-4x2.html,,,,,,,,,,,,,,,5 yıldız,2023 Tesla Model Y Standart 299 HP (4x2) NCAP/ANCAP Web Sayfası,2022,Var,,,,,,,Arkadan İtişli,,,,,,Otomatik,
1972 kg,,1886 mm,4599 mm,1676 mm,,1515 lt,441 lt,,2023 TOGG T10X V1 218 BG Otomatik (4x2),,2023 TOGG T10X V1 218 BG Otomatik (4x2) Test Sürüşü Talep Sayfası,2023 TOGG T10X V1 218 BG Otomatik (4x2) Ürün Kataloğu,,,,350 nm,,52.4 kW/sa,Lityum İyon,,,314 km,,160 kW,16.7 kWsa/100km,"AC (11 kW) (%20 - %80) 195dk.
DC (180 kW) (%20 - %80) 28dk.",,,,,,7.4 saniye,185 km/s,350 nm,218 BG,Türkiye,,Binek,V1 RWD Standart Menzil,Var,SUV,2023,BEV (Elektrikli),6452 tl/yıl,C,T10X,Elektrik,https://www.epey.com/araba/2023-togg-t10x-v1-218-bg-otomatik-4x2.html,,,,,,,Yok,,,,,,,,5 yıldız,2023 TOGG T10X V1 218 BG Otomatik (4x2) NCAP/ANCAP Web Sayfası,2025,Var,,,,,,,Arkadan İtişli,,,,,,Otomatik,
2010 kg,,1886 mm,4599 mm,1676 mm,,1515 lt,441 lt,,2023 TOGG T10X V2 218 BG Otomatik (4x2),,2023 TOGG T10X V2 218 BG Otomatik (4x2) Test Sürüşü Talep Sayfası,2023 TOGG T10X V2 218 BG Otomatik (4x2) Ürün Kataloğu,,,,350 nm,,52.4 kW/sa,Lityum İyon,,,314 km,,160 kW,16.7 kWsa/100km,"AC (11 kW) (%20 - %80) 195dk.
DC (180 kW) (%20 - %80) 28dk.",,,,,,7.4 saniye,185 km/s,350 nm,218 BG,Türkiye,,Binek,V2 RWD Standart Menzil,Var,SUV,2023,BEV (Elektrikli),6452 tl/yıl,C,T10X,Elektrik,https://www.epey.com/araba/2023-togg-t10x-v2-218-bg-otomatik-4x2.html,,,,,,,Yok,,,,,,,,5 yıldız,2023 TOGG T10X V2 218 BG Otomatik (4x2) NCAP/ANCAP Web Sayfası,2025,Var,,,,,,,Arkadan İtişli,,,,,,Otomatik,
2162 kg,,1886 mm,4599 mm,1675 mm,,1515 lt,441 lt,,2023 TOGG T10X V2 UZ.M 218 BG Otomatik (4x2),,2023 TOGG T10X V2 UZ.M 218 BG Otomatik (4x2) Test Sürüşü Talep Sayfası,2023 TOGG T10X V2 UZ.M 218 BG Otomatik (4x2) Ürün Kataloğu,,,,350 nm,,88.5 kW/sa,Lityum İyon,,,523 km,,160 kW,16.9 kWsa/100km,"AC (11 kW) (%20 - %80) 6sa.45dk.
DC (180 kW) (%20 - %80) 28dk.",,,,,,7.8 saniye,180 km/s,350 nm,218 BG,Türkiye,,Binek,V2 RWD Uzun Menzil,Var,SUV,2023,BEV (Elektrikli),6452 tl/yıl,C,T10X,Elektrik,https://www.epey.com/araba/2023-togg-t10x-v2-uz-m-218-bg-otomatik-4x2.html,,,,,,,Yok,,,,,,,,5 yıldız,2023 TOGG T10X V2 UZ.M 218 BG Otomatik (4x2) NCAP/ANCAP Web Sayfası,2025,Var,,,,,,,Arkadan İtişli,,,,,,Otomatik,
1495 kg,,1795 mm,4390 mm,1555 mm,377 Lt.Hacim (Lastik Tamir Kitli Modellerde),,297 lt,,2023 Toyota C-HR 1.8 Hybrid 122 PS e-CVT Flame (4x2),,2023 Toyota C-HR 1.8 Hybrid 122 PS e-CVT Flame (4x2) Test Sürüşü Talep Sayfası,2023 Toyota C-HR 1.8 Hybrid 122 PS e-CVT Flame (4x2) Ürün Kataloğu,"3 Yıl / 100 Bin Km Mekanik
3 Yıl Boya
12 Yıl Paslanmazlık","Toyota Asistanım 0212 233 3145
Toyota Asistanım 0800 211 6166
Toyota İletişim Merkezi 0212 354 0354",Var,163 nm,,,Lityum İyon,,,,,,,,Atmosferik,,4,1798 cc,EFI (Elektronik Yakıt Püskürtme),11.0 saniye,170 km/s,142 nm,122 BG,Japonya,,Binek,Flame,Var,SUV,2023,HEV (Benzinli & Elektrikli),7834 tl/yıl,B,C-HR,Benzin & Elektrik,https://www.epey.com/araba/2023-toyota-c-hr-1-8-hybrid-122-ps-e-cvt-flame-4x2.html,,,,,,,86 g/km,,3.8 lt,,43 lt,Euro 6,3.2 lt,4.2 lt,5 yıldız,2023 Toyota C-HR 1.8 Hybrid 122 PS e-CVT Flame (4x2) NCAP/ANCAP Web Sayfası,2017,Var,,,,,,,Önden Çekişli,,,,,,Otomatik,e-CVT (Elk.Kont.Sürekli Değişken)
1495 kg,,1795 mm,4390 mm,1555 mm,377 Lt.Hacim (Lastik Tamir Kitli Modellerde),,297 lt,,2023 Toyota C-HR 1.8 Hybrid 122 PS e-CVT Passion (4x2),,2023 Toyota C-HR 1.8 Hybrid 122 PS e-CVT Passion (4x2) Test Sürüşü Talep Sayfası,2023 Toyota C-HR 1.8 Hybrid 122 PS e-CVT Passion (4x2) Ürün Kataloğu,"3 Yıl / 100 Bin Km Mekanik
3 Yıl Boya
12 Yıl Paslanmazlık","Toyota Asistanım 0212 233 3145
Toyota Asistanım 0800 211 6166
Toyota İletişim Merkezi 0212 354 0354",Var,163 nm,,,Lityum İyon,,,,,,,,Atmosferik,,4,1798 cc,EFI (Elektronik Yakıt Püskürtme),11.0 saniye,170 km/s,142 nm,122 BG,Japonya,,Binek,Passion,Var,SUV,2023,HEV (Benzinli & Elektrikli),7834 tl/yıl,B,C-HR,Benzin & Elektrik,https://www.epey.com/araba/2023-toyota-c-hr-1-8-hybrid-122-ps-e-cvt-passion-4x2.html,,,,,,,86 g/km,,3.8 lt,,43 lt,Euro 6,3.2 lt,4.2 lt,5 yıldız,2023 Toyota C-HR 1.8 Hybrid 122 PS e-CVT Passion (4x2) NCAP/ANCAP Web Sayfası,2017,Var,,,,,,,Önden Çekişli,,,,,,Otomatik,e-CVT (Elk.Kont.Sürekli Değişken)
1495 kg,,1795 mm,4390 mm,1555 mm,377 Lt.Hacim (Lastik Tamir Kitli Modellerde),,297 lt,,2023 Toyota C-HR 1.8 Hybrid 122 PS e-CVT Passion X-Pack (4x2),,2023 Toyota C-HR 1.8 Hybrid 122 PS e-CVT Passion X-Pack (4x2) Test Sürüşü Talep Sayfası,2023 Toyota C-HR 1.8 Hybrid 122 PS e-CVT Passion X-Pack (4x2) Ürün Kataloğu,"3 Yıl / 100 Bin Km Mekanik
3 Yıl Boya
12 Yıl Paslanmazlık","Toyota Asistanım 0212 233 3145
Toyota Asistanım 0800 211 6166
Toyota İletişim Merkezi 0212 354 0354",Var,163 nm,,,Lityum İyon,,,,,,,,Atmosferik,,4,1798 cc,EFI (Elektronik Yakıt Püskürtme),11.0 saniye,170 km/s,142 nm,122 BG,Japonya,,Binek,Passion X-Pack,Var,SUV,2023,HEV (Benzinli & Elektrikli),7834 tl/yıl,B,C-HR,Benzin & Elektrik,https://www.epey.com/araba/2023-toyota-c-hr-1-8-hybrid-122-ps-e-cvt-passion-x-pack-4x2.html,,,,,,,86 g/km,,3.8 lt,,43 lt,Euro 6,3.2 lt,4.2 lt,5 yıldız,2023 Toyota C-HR 1.8 Hybrid 122 PS e-CVT Passion X-Pack (4x2) NCAP/ANCAP Web Sayfası,2017,Var,,,,,,,Önden Çekişli,,,,,,Otomatik,e-CVT (Elk.Kont.Sürekli Değişken)
1375 kg,,1780 mm,4630 mm,1435 mm,,,471 lt,,2023 Toyota Corolla 1.5 123 PS Multidrive S Dream X-Pack,,2023 Toyota Corolla 1.5 123 PS Multidrive S Dream X-Pack Test Sürüşü Talep Sayfası,2023 Toyota Corolla 1.5 123 PS Multidrive S Dream X-Pack Ürün Kataloğu,"3 Yıl / 100 Bin Km Mekanik
3 Yıl Boya
12 Yıl Paslanmazlık","Toyota Asistanım 0212 233 3145
Toyota Asistanım 0800 211 6166
Toyota İletişim Merkezi 0212 354 0354",Var,,,,,,,,,,,,Atmosferik,,3,1490 cc,EFI (Elektronik Yakıt Püskürtme),12.1 saniye,190 km/s,153 nm,123 BG,Japonya,Sedan,Binek,Dream X-Pack,Var,Sedan,2023,İçten Yanmalı (Standart),4434 tl/yıl,C,Corolla,Benzin,https://www.epey.com/araba/2023-toyota-corolla-1-5-123-ps-multidrive-s-dream-x-pack.html,,,,,,,131 g/km,,5.8 lt,,50 lt,,5.0 lt,7.1 lt,5 yıldız,2023 Toyota Corolla 1.5 123 PS Multidrive S Dream X-Pack NCAP/ANCAP Web Sayfası,2013,Var,,,,,,,Önden Çekişli,,,,,,Otomatik,Multidrive S (Değişken Oranlı CVT)
1375 kg,,1780 mm,4630 mm,1435 mm,,,471 lt,,2023 Toyota Corolla 1.5 123 PS Multidrive S Dream,,2023 Toyota Corolla 1.5 123 PS Multidrive S Dream Test Sürüşü Talep Sayfası,2023 Toyota Corolla 1.5 123 PS Multidrive S Dream Ürün Kataloğu,"3 Yıl / 100 Bin Km Mekanik
3 Yıl Boya
12 Yıl Paslanmazlık","Toyota Asistanım 0212 233 3145
Toyota Asistanım 0800 211 6166
Toyota İletişim Merkezi 0212 354 0354",Var,,,,,,,,,,,,Atmosferik,,3,1490 cc,EFI (Elektronik Yakıt Püskürtme),12.1 saniye,190 km/s,153 nm,123 BG,Japonya,Sedan,Binek,Dream,Var,Sedan,2023,İçten Yanmalı (Standart),4434 tl/yıl,C,Corolla,Benzin,https://www.epey.com/araba/2023-toyota-corolla-1-5-123-ps-multidrive-s-dream.html,,,,,,,131 g/km,,5.8 lt,,50 lt,,5.0 lt,7.1 lt,5 yıldız,2023 Toyota Corolla 1.5 123 PS Multidrive S Dream NCAP/ANCAP Web Sayfası,2013,Var,,,,,,,Önden Çekişli,,,,,,Otomatik,Multidrive S (Değişken Oranlı CVT)
1375 kg,,1780 mm,4630 mm,1435 mm,,,471 lt,,2023 Toyota Corolla 1.5 123 PS Multidrive S Flame X-Pack,,2023 Toyota Corolla 1.5 123 PS Multidrive S Flame X-Pack Test Sürüşü Talep Sayfası,2023 Toyota Corolla 1.5 123 PS Multidrive S Flame X-Pack Ürün Kataloğu,"3 Yıl / 100 Bin Km Mekanik
3 Yıl Boya
12 Yıl Paslanmazlık","Toyota Asistanım 0212 233 3145
Toyota Asistanım 0800 211 6166
Toyota İletişim Merkezi 0212 354 0354",Var,,,,,,,,,,,,Atmosferik,,3,1490 cc,EFI (Elektronik Yakıt Püskürtme),12.1 saniye,190 km/s,153 nm,123 BG,Japonya,Sedan,Binek,Flame X-Pack,Var,Sedan,2023,İçten Yanmalı (Standart),4434 tl/yıl,C,Corolla,Benzin,https://www.epey.com/araba/2023-toyota-corolla-1-5-123-ps-multidrive-s-flame-x-pack.html,,,,,,,131 g/km,,5.8 lt,,50 lt,,5.0 lt,7.1 lt,5 yıldız,2023 Toyota Corolla 1.5 123 PS Multidrive S Flame X-Pack NCAP/ANCAP Web Sayfası,2013,Var,,,,,,,Önden Çekişli,,,,,,Otomatik,Multidrive S (Değişken Oranlı CVT)
1375 kg,,1780 mm,4630 mm,1435 mm,,,471 lt,,2023 Toyota Corolla 1.5 123 PS Multidrive S Passion X-Pack,,2023 Toyota Corolla 1.5 123 PS Multidrive S Passion X-Pack Test Sürüşü Talep Sayfası,2023 Toyota Corolla 1.5 123 PS Multidrive S Passion X-Pack Ürün Kataloğu,"3 Yıl / 100 Bin Km Mekanik
3 Yıl Boya
12 Yıl Paslanmazlık","Toyota Asistanım 0212 233 3145
Toyota Asistanım 0800 211 6166
Toyota İletişim Merkezi 0212 354 0354",Var,,,,,,,,,,,,Atmosferik,,3,1490 cc,EFI (Elektronik Yakıt Püskürtme),12.1 saniye,190 km/s,153 nm,123 BG,Japonya,Sedan,Binek,Passion X-Pack,Var,Sedan,2023,İçten Yanmalı (Standart),4434 tl/yıl,C,Corolla,Benzin,https://www.epey.com/araba/2023-toyota-corolla-1-5-123-ps-multidrive-s-passion-x-pack.html,,,,,,,131 g/km,,5.8 lt,,50 lt,,5.0 lt,7.1 lt,5 yıldız,2023 Toyota Corolla 1.5 123 PS Multidrive S Passion X-Pack NCAP/ANCAP Web Sayfası,2013,Var,,,,,,,Önden Çekişli,,,,,,Otomatik,Multidrive S (Değişken Oranlı CVT)
1375 kg,,1780 mm,4630 mm,1435 mm,,,471 lt,,2023 Toyota Corolla 1.5 123 PS Multidrive S Vision,,2023 Toyota Corolla 1.5 123 PS Multidrive S Vision Test Sürüşü Talep Sayfası,2023 Toyota Corolla 1.5 123 PS Multidrive S Vision Ürün Kataloğu,"3 Yıl / 100 Bin Km Mekanik
3 Yıl Boya
12 Yıl Paslanmazlık","Toyota Asistanım 0212 233 3145
Toyota Asistanım 0800 211 6166
Toyota İletişim Merkezi 0212 354 0354",Var,,,,,,,,,,,,Atmosferik,,3,1490 cc,EFI (Elektronik Yakıt Püskürtme),12.1 saniye,190 km/s,153 nm,123 BG,Japonya,Sedan,Binek,Vision,Var,Sedan,2023,İçten Yanmalı (Standart),4434 tl/yıl,C,Corolla,Benzin,https://www.epey.com/araba/2023-toyota-corolla-1-5-123-ps-multidrive-s-vision.html,,,,,,,131 g/km,,5.8 lt,,50 lt,,5.0 lt,7.1 lt,5 yıldız,2023 Toyota Corolla 1.5 123 PS Multidrive S Vision NCAP/ANCAP Web Sayfası,2013,Var,,,,,,,Önden Çekişli,,,,,,Otomatik,Multidrive S (Değişken Oranlı CVT)
1350 kg,,1780 mm,4630 mm,1435 mm,,,471 lt,,2023 Toyota Corolla 1.5 123 PS Vision,,2023 Toyota Corolla 1.5 123 PS Vision Test Sürüşü Talep Sayfası,2023 Toyota Corolla 1.5 123 PS Vision Ürün Kataloğu,"3 Yıl / 100 Bin Km Mekanik
3 Yıl Boya
12 Yıl Paslanmazlık","Toyota Asistanım 0212 233 3145
Toyota Asistanım 0800 211 6166
Toyota İletişim Merkezi 0212 354 0354",Var,,,,,,,,,,,,Atmosferik,,3,1490 cc,EFI (Elektronik Yakıt Püskürtme),12.1 saniye,190 km/s,153 nm,123 BG,Japonya,Sedan,Binek,Vision,Var,Sedan,2023,İçten Yanmalı (Standart),4434 tl/yıl,C,Corolla,Benzin,https://www.epey.com/araba/2023-toyota-corolla-1-5-123-ps-vision.html,,,,,,,128 g/km,,5.6 lt,,50 lt,,4.6 lt,7.5 lt,5 yıldız,2023 Toyota Corolla 1.5 123 PS Vision NCAP/ANCAP Web Sayfası,2013,Var,,,,,,,Önden Çekişli,,,,,6 ileri,Manuel,
1385 kg,,1780 mm,4630 mm,1435 mm,,,471 lt,,2023 Toyota Corolla 1.8 Hybrid 122 PS e-CVT Dream X-Pack,,2023 Toyota Corolla 1.8 Hybrid 122 PS e-CVT Dream X-Pack Test Sürüşü Talep Sayfası,2023 Toyota Corolla 1.8 Hybrid 122 PS e-CVT Dream X-Pack Ürün Kataloğu,"3 Yıl / 100 Bin Km Mekanik
3 Yıl Boya
12 Yıl Paslanmazlık","Toyota Asistanım 0212 233 3145
Toyota Asistanım 0800 211 6166
Toyota İletişim Merkezi 0212 354 0354",Var,163 nm,,,Nikel-Metal Hidrid (NiMH),,,,,,,,Atmosferik,,4,1798 cc,EFI (Elektronik Yakıt Püskürtme),11.0 saniye,180 km/s,142 nm,122 BG,Japonya,Sedan,Binek,Dream X-Pack,Var,Sedan,2023,HEV (Benzinli & Elektrikli),7834 tl/yıl,C,Corolla,Benzin & Elektrik,https://www.epey.com/araba/2023-toyota-corolla-1-8-hybrid-122-ps-e-cvt-dream-x-pack.html,,,,,,,87 g/km,,3.8 lt,,43 lt,,3.9 lt,3.6 lt,5 yıldız,2023 Toyota Corolla 1.8 Hybrid 122 PS e-CVT Dream X-Pack NCAP/ANCAP Web Sayfası,2013,Var,,,,,,,Önden Çekişli,,,,,,Otomatik,e-CVT (Elk.Kont.Sürekli Değişken)
1385 kg,,1780 mm,4630 mm,1435 mm,,,471 lt,,2023 Toyota Corolla 1.8 Hybrid 122 PS e-CVT Dream,,2023 Toyota Corolla 1.8 Hybrid 122 PS e-CVT Dream Test Sürüşü Talep Sayfası,2023 Toyota Corolla 1.8 Hybrid 122 PS e-CVT Dream Ürün Kataloğu,"3 Yıl / 100 Bin Km Mekanik
3 Yıl Boya
12 Yıl Paslanmazlık","Toyota Asistanım 0212 233 3145
Toyota Asistanım 0800 211 6166
Toyota İletişim Merkezi 0212 354 0354",Var,163 nm,,,Nikel-Metal Hidrid (NiMH),,,,,,,,Atmosferik,,4,1798 cc,EFI (Elektronik Yakıt Püskürtme),11.0 saniye,180 km/s,142 nm,122 BG,Japonya,Sedan,Binek,Dream,Var,Sedan,2023,HEV (Benzinli & Elektrikli),7834 tl/yıl,C,Corolla,Benzin & Elektrik,https://www.epey.com/araba/2023-toyota-corolla-1-8-hybrid-122-ps-e-cvt-dream.html,,,,,,,87 g/km,,3.8 lt,,43 lt,,3.9 lt,3.6 lt,5 yıldız,2023 Toyota Corolla 1.8 Hybrid 122 PS e-CVT Dream NCAP/ANCAP Web Sayfası,2013,Var,,,,,,,Önden Çekişli,,,,,,Otomatik,e-CVT (Elk.Kont.Sürekli Değişken)
1385 kg,,1780 mm,4630 mm,1435 mm,,,471 lt,,2023 Toyota Corolla 1.8 Hybrid 122 PS e-CVT Flame X-Pack,,2023 Toyota Corolla 1.8 Hybrid 122 PS e-CVT Flame X-Pack Test Sürüşü Talep Sayfası,2023 Toyota Corolla 1.8 Hybrid 122 PS e-CVT Flame X-Pack Ürün Kataloğu,"3 Yıl / 100 Bin Km Mekanik
3 Yıl Boya
12 Yıl Paslanmazlık","Toyota Asistanım 0212 233 3145
Toyota Asistanım 0800 211 6166
Toyota İletişim Merkezi 0212 354 0354",Var,163 nm,,,Nikel-Metal Hidrid (NiMH),,,,,,,,Atmosferik,,4,1798 cc,EFI (Elektronik Yakıt Püskürtme),11.0 saniye,180 km/s,142 nm,122 BG,Japonya,Sedan,Binek,Flame X-Pack,Var,Sedan,2023,HEV (Benzinli & Elektrikli),7834 tl/yıl,C,Corolla,Benzin & Elektrik,https://www.epey.com/araba/2023-toyota-corolla-1-8-hybrid-122-ps-e-cvt-flame-x-pack.html,,,,,,,87 g/km,,3.8 lt,,43 lt,,3.9 lt,3.6 lt,5 yıldız,2023 Toyota Corolla 1.8 Hybrid 122 PS e-CVT Flame X-Pack NCAP/ANCAP Web Sayfası,2013,Var,,,,,,,Önden Çekişli,,,,,,Otomatik,e-CVT (Elk.Kont.Sürekli Değişken)
1385 kg,,1780 mm,4630 mm,1435 mm,,,471 lt,,2023 Toyota Corolla 1.8 Hybrid 122 PS e-CVT Passion X-Pack,,2023 Toyota Corolla 1.8 Hybrid 122 PS e-CVT Passion X-Pack Test Sürüşü Talep Sayfası,2023 Toyota Corolla 1.8 Hybrid 122 PS e-CVT Passion X-Pack Ürün Kataloğu,"3 Yıl / 100 Bin Km Mekanik
3 Yıl Boya
12 Yıl Paslanmazlık","Toyota Asistanım 0212 233 3145
Toyota Asistanım 0800 211 6166
Toyota İletişim Merkezi 0212 354 0354",Var,163 nm,,,Nikel-Metal Hidrid (NiMH),,,,,,,,Atmosferik,,4,1798 cc,EFI (Elektronik Yakıt Püskürtme),11.0 saniye,180 km/s,142 nm,122 BG,Japonya,Sedan,Binek,Passion X-Pack,Var,Sedan,2023,HEV (Benzinli & Elektrikli),7834 tl/yıl,C,Corolla,Benzin & Elektrik,https://www.epey.com/araba/2023-toyota-corolla-1-8-hybrid-122-ps-e-cvt-passion-x-pack.html,,,,,,,87 g/km,,3.8 lt,,43 lt,,3.9 lt,3.6 lt,5 yıldız,2023 Toyota Corolla 1.8 Hybrid 122 PS e-CVT Passion X-Pack NCAP/ANCAP Web Sayfası,2013,Var,,,,,,,Önden Çekişli,,,,,,Otomatik,e-CVT (Elk.Kont.Sürekli Değişken)
1200 kg,,1745 mm,3940 mm,1500 mm,,,286 lt,,2023 Toyota Yaris 1.5 125 PS Multidrive S Dream X-Pack,,2023 Toyota Yaris 1.5 125 PS Multidrive S Dream X-Pack Test Sürüşü Talep Sayfası,2023 Toyota Yaris 1.5 125 PS Multidrive S Dream X-Pack Ürün Kataloğu,,,,,,,,,,,,,,,,,3,1490 cc,Çok Noktalı Direkt Enjeksiyon,10.2 saniye,180 km/s,153 nm,125 BG,Japonya,,Binek,Dream X-Pack,,Hatchback,2023,İçten Yanmalı (Standart),4434 tl/yıl,B,Yaris,Benzin,https://www.epey.com/araba/2023-toyota-yaris-1-5-125-ps-multidrive-s-dream-x-pack.html,,,,,,,112 g/km,,4.9 lt,,42 lt,,4.3 lt,6.0 lt,5 yıldız,2023 Toyota Yaris 1.5 125 PS Multidrive S Dream X-Pack NCAP/ANCAP Web Sayfası,2020,Var,,,,,,,Önden Çekişli,,,,,,Otomatik,Multidrive S (Otomatik)
1200 kg,,1745 mm,3940 mm,1500 mm,,,286 lt,,2023 Toyota Yaris 1.5 125 PS Multidrive S Dream,,2023 Toyota Yaris 1.5 125 PS Multidrive S Dream Test Sürüşü Talep Sayfası,2023 Toyota Yaris 1.5 125 PS Multidrive S Dream Ürün Kataloğu,,,,,,,,,,,,,,,,,3,1490 cc,Çok Noktalı Direkt Enjeksiyon,10.2 saniye,180 km/s,153 nm,125 BG,Japonya,,Binek,Dream,,Hatchback,2023,İçten Yanmalı (Standart),4434 tl/yıl,B,Yaris,Benzin,https://www.epey.com/araba/2023-toyota-yaris-1-5-125-ps-multidrive-s-dream.html,,,,,,,112 g/km,,4.9 lt,,42 lt,,4.3 lt,6.0 lt,5 yıldız,2023 Toyota Yaris 1.5 125 PS Multidrive S Dream NCAP/ANCAP Web Sayfası,2020,Var,,,,,,,Önden Çekişli,,,,,,Otomatik,Multidrive S (Otomatik)
1200 kg,,1745 mm,3940 mm,1500 mm,,,286 lt,,2023 Toyota Yaris 1.5 125 PS Multidrive S Flame X-Pack,,2023 Toyota Yaris 1.5 125 PS Multidrive S Flame X-Pack Test Sürüşü Talep Sayfası,2023 Toyota Yaris 1.5 125 PS Multidrive S Flame X-Pack Ürün Kataloğu,,,,,,,,,,,,,,,,,3,1490 cc,Çok Noktalı Direkt Enjeksiyon,10.2 saniye,180 km/s,153 nm,125 BG,Japonya,,Binek,Flame X-Pack,,Hatchback,2023,İçten Yanmalı (Standart),4434 tl/yıl,B,Yaris,Benzin,https://www.epey.com/araba/2023-toyota-yaris-1-5-125-ps-multidrive-s-flame-x-pack.html,,,,,,,112 g/km,,4.9 lt,,42 lt,,4.3 lt,6.0 lt,5 yıldız,2023 Toyota Yaris 1.5 125 PS Multidrive S Flame X-Pack NCAP/ANCAP Web Sayfası,2020,Var,,,,,,,Önden Çekişli,,,,,,Otomatik,Multidrive S (Otomatik)
1200 kg,,1745 mm,3940 mm,1500 mm,,,286 lt,,2023 Toyota Yaris 1.5 125 PS Multidrive S Flame,,2023 Toyota Yaris 1.5 125 PS Multidrive S Flame Test Sürüşü Talep Sayfası,2023 Toyota Yaris 1.5 125 PS Multidrive S Flame Ürün Kataloğu,,,,,,,,,,,,,,,,,3,1490 cc,Çok Noktalı Direkt Enjeksiyon,10.2 saniye,180 km/s,153 nm,125 BG,Japonya,,Binek,Flame,,Hatchback,2023,İçten Yanmalı (Standart),4434 tl/yıl,B,Yaris,Benzin,https://www.epey.com/araba/2023-toyota-yaris-1-5-125-ps-multidrive-s-flame.html,,,,,,,112 g/km,,4.9 lt,,42 lt,,4.3 lt,6.0 lt,5 yıldız,2023 Toyota Yaris 1.5 125 PS Multidrive S Flame NCAP/ANCAP Web Sayfası,2020,Var,,,,,,,Önden Çekişli,,,,,,Otomatik,Multidrive S (Otomatik)
1235 kg,,1745 mm,3940 mm,1500 mm,,,286 lt,,2023 Toyota Yaris 1.5 Hybrid 116 PS e-CVT Dream,,2023 Toyota Yaris 1.5 Hybrid 116 PS e-CVT Dream Test Sürüşü Talep Sayfası,2023 Toyota Yaris 1.5 Hybrid 116 PS e-CVT Dream Ürün Kataloğu,,,,141 nm,,,Lityum İyon,,,,,,,,,,3,1490 cc,Çok Noktalı Direkt Enjeksiyon,9.7 saniye,175 km/s,120 nm,116 BG,Japonya,,Binek,Dream,,Hatchback,2023,HEV (Benzinli & Elektrikli),4434 tl/yıl,B,Yaris,Benzin & Elektrik,https://www.epey.com/araba/2023-toyota-yaris-1-5-hybrid-116-ps-e-cvt-dream.html,,,,,,,73 g/km,,3.2 lt,,36 lt,,3.6 lt,2.7 lt,5 yıldız,2023 Toyota Yaris 1.5 Hybrid 116 PS e-CVT Dream NCAP/ANCAP Web Sayfası,2020,Var,,,,,,,Önden Çekişli,,,,,,Otomatik,e-CVT
1235 kg,,1745 mm,3940 mm,1500 mm,,,286 lt,,2023 Toyota Yaris 1.5 Hybrid 116 PS e-CVT Flame,,2023 Toyota Yaris 1.5 Hybrid 116 PS e-CVT Flame Test Sürüşü Talep Sayfası,2023 Toyota Yaris 1.5 Hybrid 116 PS e-CVT Flame Ürün Kataloğu,,,,141 nm,,,Lityum İyon,,,,,,,,,,3,1490 cc,Çok Noktalı Direkt Enjeksiyon,9.7 saniye,175 km/s,120 nm,116 BG,Japonya,,Binek,Flame,,Hatchback,2023,HEV (Benzinli & Elektrikli),4434 tl/yıl,B,Yaris,Benzin & Elektrik,https://www.epey.com/araba/2023-toyota-yaris-1-5-hybrid-116-ps-e-cvt-flame.html,,,,,,,73 g/km,,3.2 lt,,36 lt,,3.6 lt,2.7 lt,5 yıldız,2023 Toyota Yaris 1.5 Hybrid 116 PS e-CVT Flame NCAP/ANCAP Web Sayfası,2020,Var,,,,,,,Önden Çekişli,,,,,,Otomatik,e-CVT
1235 kg,,1745 mm,3940 mm,1500 mm,,,286 lt,,2023 Toyota Yaris 1.5 Hybrid 116 PS e-CVT Passion,,2023 Toyota Yaris 1.5 Hybrid 116 PS e-CVT Passion Test Sürüşü Talep Sayfası,2023 Toyota Yaris 1.5 Hybrid 116 PS e-CVT Passion Ürün Kataloğu,,,,141 nm,,,Lityum İyon,,,,,,,,,,3,1490 cc,Çok Noktalı Direkt Enjeksiyon,9.7 saniye,175 km/s,120 nm,116 BG,Japonya,,Binek,Passion,,Hatchback,2023,HEV (Benzinli & Elektrikli),4434 tl/yıl,B,Yaris,Benzin & Elektrik,https://www.epey.com/araba/2023-toyota-yaris-1-5-hybrid-116-ps-e-cvt-passion.html,,,,,,,73 g/km,,3.2 lt,,36 lt,,3.6 lt,2.7 lt,5 yıldız,2023 Toyota Yaris 1.5 Hybrid 116 PS e-CVT Passion NCAP/ANCAP Web Sayfası,2020,Var,,,,,,,Önden Çekişli,,,,,,Otomatik,e-CVT
1576 kg,11.40 mt.,1855 mm,4500 mm,1832 mm,,,1213 lt,,2023 Volkswagen Caddy 2.0 TDI 122 PS DSG Impression,,,2023 Volkswagen Caddy 2.0 TDI 122 PS DSG Impression Ürün Kataloğu,,,,,,,,,,,,,,,Turbo,,4,1968 cc,Common Rail Direkt Enjeksiyon,11.4 saniye,186 km/s,320 nm,122 BG,Almanya,Combi,Ticari,Impression,,Kombi,2023,İçten Yanmalı (Standart),5088 tl/yıl,Hafif Ticari,Caddy,Dizel,https://www.epey.com/araba/2023-volkswagen-caddy-2-0-tdi-122-ps-dsg-impression.html,,,,,,,130 g/km,,4.9 lt,,50 lt,,4.4 lt,5.8 lt,4 yıldız,2023 Volkswagen Caddy 2.0 TDI 122 PS DSG Impression NCAP/ANCAP Web Sayfası,2015,Var,,,,,,,Önden Çekişli,,,,,7 ileri,Otomatik,DSG (Yarı Otm.)
1576 kg,11.40 mt.,1855 mm,4500 mm,1832 mm,,,1213 lt,,2023 Volkswagen Caddy 2.0 TDI 122 PS DSG Life,,,2023 Volkswagen Caddy 2.0 TDI 122 PS DSG Life Ürün Kataloğu,,,,,,,,,,,,,,,Turbo,,4,1968 cc,Common Rail Direkt Enjeksiyon,11.4 saniye,186 km/s,320 nm,122 BG,Almanya,Combi,Ticari,Life,,Kombi,2023,İçten Yanmalı (Standart),5088 tl/yıl,Hafif Ticari,Caddy,Dizel,https://www.epey.com/araba/2023-volkswagen-caddy-2-0-tdi-122-ps-dsg-life.html,,,,,,,130 g/km,,4.9 lt,,50 lt,,4.4 lt,5.8 lt,4 yıldız,2023 Volkswagen Caddy 2.0 TDI 122 PS DSG Life NCAP/ANCAP Web Sayfası,2015,Var,,,,,,,Önden Çekişli,,,,,7 ileri,Otomatik,DSG (Yarı Otm.)
1576 kg,11.40 mt.,1855 mm,4500 mm,1832 mm,,,1213 lt,,2023 Volkswagen Caddy 2.0 TDI 122 PS DSG Style,,,2023 Volkswagen Caddy 2.0 TDI 122 PS DSG Style Ürün Kataloğu,,,,,,,,,,,,,,,Turbo,,4,1968 cc,Common Rail Direkt Enjeksiyon,11.4 saniye,186 km/s,320 nm,122 BG,Almanya,Combi,Ticari,Style,,Kombi,2023,İçten Yanmalı (Standart),5088 tl/yıl,Hafif Ticari,Caddy,Dizel,https://www.epey.com/araba/2023-volkswagen-caddy-2-0-tdi-122-ps-dsg-style.html,,,,,,,130 g/km,,4.9 lt,,50 lt,,4.4 lt,5.8 lt,4 yıldız,2023 Volkswagen Caddy 2.0 TDI 122 PS DSG Style NCAP/ANCAP Web Sayfası,2015,Var,,,,,,,Önden Çekişli,,,,,7 ileri,Otomatik,DSG (Yarı Otm.)
1546 kg,11.40 mt.,1855 mm,4500 mm,1832 mm,,,1213 lt,,2023 Volkswagen Caddy 2.0 TDI 122 PS Impression,,,2023 Volkswagen Caddy 2.0 TDI 122 PS Impression Ürün Kataloğu,,,,,,,,,,,,,,,Turbo,,4,1968 cc,Common Rail Direkt Enjeksiyon,11.2 saniye,187 km/s,320 nm,122 BG,Almanya,Combi,Ticari,Impression,,Kombi,2023,İçten Yanmalı (Standart),5088 tl/yıl,Hafif Ticari,Caddy,Dizel,https://www.epey.com/araba/2023-volkswagen-caddy-2-0-tdi-122-ps-impression.html,,,,,,,129 g/km,,4.9 lt,,50 lt,,4.2 lt,6.1 lt,4 yıldız,2023 Volkswagen Caddy 2.0 TDI 122 PS Impression NCAP/ANCAP Web Sayfası,2015,Var,,,,,,,Önden Çekişli,,,,,6 ileri,Manuel,
1546 kg,11.40 mt.,1855 mm,4500 mm,1832 mm,,,1213 lt,,2023 Volkswagen Caddy 2.0 TDI 122 PS Life,,,2023 Volkswagen Caddy 2.0 TDI 122 PS Life Ürün Kataloğu,,,,,,,,,,,,,,,Turbo,,4,1968 cc,Common Rail Direkt Enjeksiyon,11.2 saniye,187 km/s,320 nm,122 BG,Almanya,Combi,Ticari,Life,,Kombi,2023,İçten Yanmalı (Standart),5088 tl/yıl,Hafif Ticari,Caddy,Dizel,https://www.epey.com/araba/2023-volkswagen-caddy-2-0-tdi-122-ps-life.html,,,,,,,129 g/km,,4.9 lt,,50 lt,,4.2 lt,6.1 lt,4 yıldız,2023 Volkswagen Caddy 2.0 TDI 122 PS Life NCAP/ANCAP Web Sayfası,2015,Var,,,,,,,Önden Çekişli,,,,,6 ileri,Manuel,
1302 kg,10.90 mt.,1789 mm,4286 mm,1491 mm,,,380 lt,,2023 Volkswagen Golf 1.0 eTSI 110 PS DSG Life,,2023 Volkswagen Golf 1.0 eTSI 110 PS DSG Life Test Sürüşü Talep Sayfası,2023 Volkswagen Golf 1.0 eTSI 110 PS DSG Life Ürün Kataloğu,,,,,,,,,,,,,,,Turbo,,3,999 cc,Direkt Enjeksiyon,10.2 saniye,202 km/s,200 nm,110 BG,Almanya,,Binek,Life,,Hatchback,2023,MHEV (Yarı Hibrit Sistem),2545 tl/yıl,C,Golf,Benzin & Elektrik,https://www.epey.com/araba/2023-volkswagen-golf-1-0-etsi-110-ps-dsg-life.html,,,,,,,112 g/km,,4.9 lt,,50 lt,,4.6 lt,5.4 lt,5 yıldız,2023 Volkswagen Golf 1.0 eTSI 110 PS DSG Life NCAP/ANCAP Web Sayfası,2019,Var,,,,,,,Önden Çekişli,,,,,7 ileri,Otomatik,DSG (Yarı Otm.)
1302 kg,10.90 mt.,1789 mm,4286 mm,1491 mm,,,380 lt,,2023 Volkswagen Golf 1.0 eTSI 110 PS DSG R-Line,,2023 Volkswagen Golf 1.0 eTSI 110 PS DSG R-Line Test Sürüşü Talep Sayfası,2023 Volkswagen Golf 1.0 eTSI 110 PS DSG R-Line Ürün Kataloğu,,,,,,,,,,,,,,,Turbo,,3,999 cc,Direkt Enjeksiyon,10.2 saniye,202 km/s,200 nm,110 BG,Almanya,,Binek,R-Line,,Hatchback,2023,MHEV (Yarı Hibrit Sistem),2545 tl/yıl,C,Golf,Benzin & Elektrik,https://www.epey.com/araba/2023-volkswagen-golf-1-0-etsi-110-ps-dsg-r-line.html,,,,,,,112 g/km,,4.9 lt,,50 lt,,4.6 lt,5.4 lt,5 yıldız,2023 Volkswagen Golf 1.0 eTSI 110 PS DSG R-Line NCAP/ANCAP Web Sayfası,2019,Var,,,,,,,Önden Çekişli,,,,,7 ileri,Otomatik,DSG (Yarı Otm.)
1302 kg,10.90 mt.,1789 mm,4286 mm,1491 mm,,,380 lt,,2023 Volkswagen Golf 1.0 eTSI 110 PS DSG Style,,2023 Volkswagen Golf 1.0 eTSI 110 PS DSG Style Test Sürüşü Talep Sayfası,2023 Volkswagen Golf 1.0 eTSI 110 PS DSG Style Ürün Kataloğu,,,,,,,,,,,,,,,Turbo,,3,999 cc,Direkt Enjeksiyon,10.2 saniye,202 km/s,200 nm,110 BG,Almanya,,Binek,Style,,Hatchback,2023,MHEV (Yarı Hibrit Sistem),2545 tl/yıl,C,Golf,Benzin & Elektrik,https://www.epey.com/araba/2023-volkswagen-golf-1-0-etsi-110-ps-dsg-style.html,,,,,,,112 g/km,,4.9 lt,,50 lt,,4.6 lt,5.4 lt,5 yıldız,2023 Volkswagen Golf 1.0 eTSI 110 PS DSG Style NCAP/ANCAP Web Sayfası,2019,Var,,,,,,,Önden Çekişli,,,,,7 ileri,Otomatik,DSG (Yarı Otm.)
1264 kg,10.90 mt.,1789 mm,4286 mm,1491 mm,,,380 lt,,2023 Volkswagen Golf 1.0 TSI 110 PS Impression,,2023 Volkswagen Golf 1.0 TSI 110 PS Impression Test Sürüşü Talep Sayfası,2023 Volkswagen Golf 1.0 TSI 110 PS Impression Ürün Kataloğu,,,,,,,,,,,,,,,Turbo,,3,999 cc,Direkt Enjeksiyon,10.2 saniye,202 km/s,200 nm,110 BG,Almanya,,Binek,Impression,,Hatchback,2023,İçten Yanmalı (Standart),2545 tl/yıl,C,Golf,Benzin,https://www.epey.com/araba/2023-volkswagen-golf-1-0-tsi-110-ps-impression.html,,,,,,,120 g/km,,5.3 lt,,50 lt,,4.9 lt,6.0 lt,5 yıldız,2023 Volkswagen Golf 1.0 TSI 110 PS Impression NCAP/ANCAP Web Sayfası,2019,Var,,,,,,,Önden Çekişli,,,,,6 ileri,Manuel,
1366 kg,10.90 mt.,1789 mm,4286 mm,1491 mm,,,380 lt,,2023 Volkswagen Golf 1.5 eTSI 150 PS DSG R-Line,,2023 Volkswagen Golf 1.5 eTSI 150 PS DSG R-Line Test Sürüşü Talep Sayfası,2023 Volkswagen Golf 1.5 eTSI 150 PS DSG R-Line Ürün Kataloğu,,,,,,,,,,,,,,,Turbo,,4,1498 cc,Direkt Enjeksiyon,8.5 saniye,224 km/s,250 nm,150 BG,Almanya,,Binek,R-Line,,Hatchback,2023,MHEV (Yarı Hibrit Sistem),4434 tl/yıl,C,Golf,Benzin & Elektrik,https://www.epey.com/araba/2023-volkswagen-golf-1-5-etsi-150-ps-dsg-r-line.html,,,,,,,122 g/km,,5.3 lt,,50 lt,,4.7 lt,6.3 lt,5 yıldız,2023 Volkswagen Golf 1.5 eTSI 150 PS DSG R-Line NCAP/ANCAP Web Sayfası,2019,Var,,,,,,,Önden Çekişli,,,,,7 ileri,Otomatik,DSG (Yarı Otm.)
1366 kg,10.90 mt.,1789 mm,4286 mm,1491 mm,,,380 lt,,2023 Volkswagen Golf 1.5 eTSI 150 PS DSG Style,,2023 Volkswagen Golf 1.5 eTSI 150 PS DSG Style Test Sürüşü Talep Sayfası,2023 Volkswagen Golf 1.5 eTSI 150 PS DSG Style Ürün Kataloğu,,,,,,,,,,,,,,,Turbo,,4,1498 cc,Direkt Enjeksiyon,8.5 saniye,224 km/s,250 nm,150 BG,Almanya,,Binek,Style,,Hatchback,2023,MHEV (Yarı Hibrit Sistem),4434 tl/yıl,C,Golf,Benzin & Elektrik,https://www.epey.com/araba/2023-volkswagen-golf-1-5-etsi-150-ps-dsg-style.html,,,,,,,122 g/km,,5.3 lt,,50 lt,,4.7 lt,6.3 lt,5 yıldız,2023 Volkswagen Golf 1.5 eTSI 150 PS DSG Style NCAP/ANCAP Web Sayfası,2019,Var,,,,,,,Önden Çekişli,,,,,7 ileri,Otomatik,DSG (Yarı Otm.)
1132 kg,,1751 mm,4074 mm,1451 mm,,,351 lt,,2023 Volkswagen Polo 1.0 80 PS Impression,,2023 Volkswagen Polo 1.0 80 PS Impression Test Sürüşü Talep Sayfası,2023 Volkswagen Polo 1.0 80 PS Impression Ürün Kataloğu,2 Yıl Sınırsız Km Mekanik,"Volkswagen Çağrı24 0212 335 0404
Volkswagen Çağrı24 0800 211 0870",Var,,,,,,,,,,,,Atmosferik,,3,999 cc,Çok Noktadan Enjeksiyon,15.5 saniye,171 km/s,93 nm,80 BG,Almanya,,Binek,Impression,,Hatchback,2023,İçten Yanmalı (Standart),2545 tl/yıl,B,Polo,Benzin,https://www.epey.com/araba/2023-volkswagen-polo-1-0-80-ps-impression.html,,,,,,,117 g/km,,5.1 lt,,40 lt,,4.6 lt,6.0 lt,5 yıldız,2023 Volkswagen Polo 1.0 80 PS Impression NCAP/ANCAP Web Sayfası,2017,Var,,,,,,,Önden Çekişli,,,,,5 ileri,Manuel,
1204 kg,,1751 mm,4074 mm,1451 mm,,,351 lt,,2023 Volkswagen Polo 1.0 TSI 95 PS DSG Life,,2023 Volkswagen Polo 1.0 TSI 95 PS DSG Life Test Sürüşü Talep Sayfası,2023 Volkswagen Polo 1.0 TSI 95 PS DSG Life Ürün Kataloğu,2 Yıl Sınırsız Km Mekanik,"Volkswagen Çağrı24 0212 335 0404
Volkswagen Çağrı24 0800 211 0870",Var,,,,,,,,,,,,Turbo,,3,999 cc,Çok Noktadan Enjeksiyon,10.8 saniye,187 km/s,175 nm,95 BG,Almanya,,Binek,Life,,Hatchback,2023,İçten Yanmalı (Standart),2545 tl/yıl,B,Polo,Benzin,https://www.epey.com/araba/2023-volkswagen-polo-1-0-tsi-95-ps-dsg-life.html,,,,,,,115 g/km,,5.0 lt,,40 lt,,4.8 lt,5.8 lt,5 yıldız,2023 Volkswagen Polo 1.0 TSI 95 PS DSG Life NCAP/ANCAP Web Sayfası,2017,Var,,,,,,,Önden Çekişli,,,,,7 ileri,Otomatik,DSG (Yarı Otm.)
1204 kg,,1751 mm,4074 mm,1451 mm,,,351 lt,,2023 Volkswagen Polo 1.0 TSI 95 PS DSG Style,,2023 Volkswagen Polo 1.0 TSI 95 PS DSG Style Test Sürüşü Talep Sayfası,2023 Volkswagen Polo 1.0 TSI 95 PS DSG Style Ürün Kataloğu,2 Yıl Sınırsız Km Mekanik,"Volkswagen Çağrı24 0212 335 0404
Volkswagen Çağrı24 0800 211 0870",Var,,,,,,,,,,,,Turbo,,3,999 cc,Çok Noktadan Enjeksiyon,10.8 saniye,187 km/s,175 nm,95 BG,Almanya,,Binek,Style,,Hatchback,2023,İçten Yanmalı (Standart),2545 tl/yıl,B,Polo,Benzin,https://www.epey.com/araba/2023-volkswagen-polo-1-0-tsi-95-ps-dsg-style.html,,,,,,,115 g/km,,5.0 lt,,40 lt,,4.8 lt,5.8 lt,5 yıldız,2023 Volkswagen Polo 1.0 TSI 95 PS DSG Style NCAP/ANCAP Web Sayfası,2017,Var,,,,,,,Önden Çekişli,,,,,7 ileri,Otomatik,DSG (Yarı Otm.)
1172 kg,,1751 mm,4074 mm,1451 mm,,,351 lt,,2023 Volkswagen Polo 1.0 TSI 95 PS Life,,2023 Volkswagen Polo 1.0 TSI 95 PS Life Test Sürüşü Talep Sayfası,2023 Volkswagen Polo 1.0 TSI 95 PS Life Ürün Kataloğu,2 Yıl Sınırsız Km Mekanik,"Volkswagen Çağrı24 0212 335 0404
Volkswagen Çağrı24 0800 211 0870",Var,,,,,,,,,,,,Turbo,,3,999 cc,Çok Noktadan Enjeksiyon,10.8 saniye,187 km/s,175 nm,95 BG,Almanya,,Binek,Life,,Hatchback,2023,İçten Yanmalı (Standart),2545 tl/yıl,B,Polo,Benzin,https://www.epey.com/araba/2023-volkswagen-polo-1-0-tsi-95-ps-life.html,,,,,,,117 g/km,,5.1 lt,,40 lt,,4.5 lt,6.1 lt,5 yıldız,2023 Volkswagen Polo 1.0 TSI 95 PS Life NCAP/ANCAP Web Sayfası,2017,Var,,,,,,,Önden Çekişli,,,,,5 ileri,Manuel,
1541 kg,,1839 mm,4509 mm,1675 mm,,,615 lt,,2023 Volkswagen Tiguan 1.5 TSI ACT 150 PS DSG Elegance (4x2),,2023 Volkswagen Tiguan 1.5 TSI ACT 150 PS DSG Elegance (4x2) Test Sürüşü Talep Sayfası,2023 Volkswagen Tiguan 1.5 TSI ACT 150 PS DSG Elegance (4x2) Ürün Kataloğu,"2 Yıl Mekanik
3 Yıl Boya
12 Yıl Paslanmazlık","Volkswagen Çağrı24 0212 335 0404
Volkswagen Çağrı24 0800 211 0870",Var,,,,,,,,,,,,Turbo,,4,1498 cc,Direkt Enjeksiyon,,202 km/s,250 nm,150 BG,Almanya,,Binek,Elegance,,SUV,2023,İçten Yanmalı (Standart),4434 tl/yıl,C,Tiguan,Benzin,https://www.epey.com/araba/2023-volkswagen-tiguan-1-5-tsi-act-150-ps-dsg-elegance-4x2.html,,,,,,,128 g/km,,5.6 lt,,60 lt,,5.2 lt,6.5 lt,5 yıldız,2023 Volkswagen Tiguan 1.5 TSI ACT 150 PS DSG Elegance (4x2) NCAP/ANCAP Web Sayfası,2016,Var,,,,,,,Önden Çekişli,,,,,7 ileri,Otomatik,DSG (Yarı Otm.)
1541 kg,,1839 mm,4509 mm,1675 mm,,,615 lt,,2023 Volkswagen Tiguan 1.5 TSI ACT 150 PS DSG Life (4x2),,2023 Volkswagen Tiguan 1.5 TSI ACT 150 PS DSG Life (4x2) Test Sürüşü Talep Sayfası,2023 Volkswagen Tiguan 1.5 TSI ACT 150 PS DSG Life (4x2) Ürün Kataloğu,"2 Yıl Mekanik
3 Yıl Boya
12 Yıl Paslanmazlık","Volkswagen Çağrı24 0212 335 0404
Volkswagen Çağrı24 0800 211 0870",Var,,,,,,,,,,,,Turbo,,4,1498 cc,Direkt Enjeksiyon,,202 km/s,250 nm,150 BG,Almanya,,Binek,Life,,SUV,2023,İçten Yanmalı (Standart),4434 tl/yıl,C,Tiguan,Benzin,https://www.epey.com/araba/2023-volkswagen-tiguan-1-5-tsi-act-150-ps-dsg-life-4x2.html,,,,,,,128 g/km,,5.6 lt,,60 lt,,5.2 lt,6.5 lt,5 yıldız,2023 Volkswagen Tiguan 1.5 TSI ACT 150 PS DSG Life (4x2) NCAP/ANCAP Web Sayfası,2016,Var,,,,,,,Önden Çekişli,,,,,7 ileri,Otomatik,DSG (Yarı Otm.)
1541 kg,,1839 mm,4509 mm,1675 mm,,,615 lt,,2023 Volkswagen Tiguan 1.5 TSI ACT 150 PS DSG R-Line (4x2),,2023 Volkswagen Tiguan 1.5 TSI ACT 150 PS DSG R-Line (4x2) Test Sürüşü Talep Sayfası,2023 Volkswagen Tiguan 1.5 TSI ACT 150 PS DSG R-Line (4x2) Ürün Kataloğu,"2 Yıl Mekanik
3 Yıl Boya
12 Yıl Paslanmazlık","Volkswagen Çağrı24 0212 335 0404
Volkswagen Çağrı24 0800 211 0870",Var,,,,,,,,,,,,Turbo,,4,1498 cc,Direkt Enjeksiyon,,202 km/s,250 nm,150 BG,Almanya,,Binek,R-Line,,SUV,2023,İçten Yanmalı (Standart),4434 tl/yıl,C,Tiguan,Benzin,https://www.epey.com/araba/2023-volkswagen-tiguan-1-5-tsi-act-150-ps-dsg-r-line-4x2.html,,,,,,,128 g/km,,5.6 lt,,60 lt,,5.2 lt,6.5 lt,5 yıldız,2023 Volkswagen Tiguan 1.5 TSI ACT 150 PS DSG R-Line (4x2) NCAP/ANCAP Web Sayfası,2016,Var,,,,,,,Önden Çekişli,,,,,7 ileri,Otomatik,DSG (Yarı Otm.)
1715 kg,,1839 mm,4509 mm,1675 mm,,,615 lt,,2023 Volkswagen Tiguan 2.0 TDI 150 PS 4MOTION DSG Elegance (4x4),,2023 Volkswagen Tiguan 2.0 TDI 150 PS 4MOTION DSG Elegance (4x4) Test Sürüşü Talep Sayfası,2023 Volkswagen Tiguan 2.0 TDI 150 PS 4MOTION DSG Elegance (4x4) Ürün Kataloğu,"2 Yıl Mekanik
3 Yıl Boya
12 Yıl Paslanmazlık","Volkswagen Çağrı24 0212 335 0404
Volkswagen Çağrı24 0800 211 0870",Var,,,,,,,,,,,,Turbo,,4,1968 cc,Common Rail Direkt Enjeksiyon,,198 km/s,360 nm,150 BG,Almanya,,Binek,Elegance,,SUV,2023,İçten Yanmalı (Standart),12340 tl/yıl,C,Tiguan,Dizel,https://www.epey.com/araba/2023-volkswagen-tiguan-2-0-tdi-150-ps-4motion-dsg-elegance-4x4.html,,,,,,,125 g/km,,4.8 lt,,63 lt,,4.3 lt,5.6 lt,5 yıldız,2023 Volkswagen Tiguan 2.0 TDI 150 PS 4MOTION DSG Elegance (4x4) NCAP/ANCAP Web Sayfası,2016,Var,,,,,,,4x4 Çekişli,,,,,7 ileri,Otomatik,DSG (Yarı Otm.)
1715 kg,,1839 mm,4509 mm,1675 mm,,,615 lt,,2023 Volkswagen Tiguan 2.0 TDI 150 PS 4MOTION DSG R-Line (4x4),,2023 Volkswagen Tiguan 2.0 TDI 150 PS 4MOTION DSG R-Line (4x4) Test Sürüşü Talep Sayfası,2023 Volkswagen Tiguan 2.0 TDI 150 PS 4MOTION DSG R-Line (4x4) Ürün Kataloğu,"2 Yıl Mekanik
3 Yıl Boya
12 Yıl Paslanmazlık","Volkswagen Çağrı24 0212 335 0404
Volkswagen Çağrı24 0800 211 0870",Var,,,,,,,,,,,,Turbo,,4,1968 cc,Common Rail Direkt Enjeksiyon,,198 km/s,360 nm,150 BG,Almanya,,Binek,R-Line,,SUV,2023,İçten Yanmalı (Standart),12340 tl/yıl,C,Tiguan,Dizel,https://www.epey.com/araba/2023-volkswagen-tiguan-2-0-tdi-150-ps-4motion-dsg-r-line-4x4.html,,,,,,,125 g/km,,4.8 lt,,63 lt,,4.3 lt,5.6 lt,5 yıldız,2023 Volkswagen Tiguan 2.0 TDI 150 PS 4MOTION DSG R-Line (4x4) NCAP/ANCAP Web Sayfası,2016,Var,,,,,,,4x4 Çekişli,,,,,7 ileri,Otomatik,DSG (Yarı Otm.)
2350 kg,,1964 mm,4989 mm,1413 mm,,,,,2024 Audi e-tron GT Quattro 530 BG (4x4),,2024 Audi e-tron GT Quattro 530 BG (4x4) Test Sürüşü Talep Sayfası,2024 Audi e-tron GT Quattro 530 BG (4x4) Ürün Kataloğu,,,,630 nm,,93.4 kW/sa,Lityum İyon,,,487 km,,390 kW,20.3 kWsa/100km,AC (%0 - %100) 5 Saat,,,,,,4.1 saniye,245 km/s,630 nm,530 BG,Almanya,,Binek,,,Sedan,2024,BEV (Elektrikli),,E,e-tron GT,Elektrik,https://www.epey.com/araba/2024-audi-e-tron-gt-quattro-530-bg-4x4.html,,,,,,,,,,,,,,,,,,,,,,,,,4x4 Çekişli,,,,,,Otomatik,
2420 kg,,1964 mm,4989 mm,1413 mm,,,,,2024 Audi RS e-tron GT Quattro 530 BG (4x4),,2024 Audi RS e-tron GT Quattro 530 BG (4x4) Test Sürüşü Talep Sayfası,2024 Audi RS e-tron GT Quattro 530 BG (4x4) Ürün Kataloğu,,,,830 nm,,93.4 kW/sa,Lityum İyon,,,503 km,,440 kW,21.1 kWsa/100km,AC (%0 - %100) 5 Saat,,,,,,3.3 saniye,245 km/s,830 nm,590 BG,Almanya,,Binek,,,Sedan,2024,BEV (Elektrikli),,E,RS e-tron GT,Elektrik,https://www.epey.com/araba/2024-audi-rs-e-tron-gt-quattro-530-bg-4x4.html,,,,,,,,,,,,,,,,,,,,,,,,,4x4 Çekişli,,,,,,Otomatik,
1750 kg,,1875 mm,4455 mm,1615 mm,,1338 lt,440 lt,,2024 BYD Atto 3 Design 201 HP (4x2),,,2024 BYD Atto 3 Design 201 HP (4x2) Ürün Kataloğu,,,,310 nm,,60.5 kW/sa,Lityum Demir Fosfat (LFP),,,420 km,565 km,150 kW,15.6 kWsa/100km,"AC (11 kW) (%0 - %100) 6sa.30dk.
AC (7 kW) (%0 - %100) 9sa.42dk.
DC (150 kW) (%0 - %80) 80dk.
DC (150 kW) (%10 - %80) 44dk.
DC (150 kW) (%30 - %80) 29dk.",,,,,,7.3 saniye,160 km/s,310 nm,201 BG,Çin,,Binek,Design,,SUV,2024,BEV (Elektrikli),,C,Atto 3,Elektrik,https://www.epey.com/araba/2024-byd-atto-3-design-201-hp-4x2.html,,,,,,,,,,,,,,,5 yıldız,2024 BYD Atto 3 Design 201 HP (4x2) NCAP/ANCAP Web Sayfası,2022,Var,,,,,,,Önden Çekişli,,,,,,Otomatik,
2185 kg,,1875 mm,4800 mm,1460 mm,Ön Bagaj Bölmesi 53 Lt.,,400 lt,,2024 BYD Seal 530 HP (4x4),,,2024 BYD Seal 530 HP (4x4) Ürün Kataloğu,,,,670 nm,,82.5 kW/sa,Lityum Demir Fosfat (LFP),,,570 km,,390 kW,,"DC 150 kW (%10 - %80) 37dk.
DC 150 kW (%30 - %80) 26dk.",,,,,,3.8 saniye,180 km/s,,530 BG,Çin,,Binek,,,Sedan,2024,BEV (Elektrikli),,D,Seal,Elektrik,https://www.epey.com/araba/2024-byd-seal-530-hp-4x4.html,,,,,,,,,,,,,,,5 yıldız,2024 BYD Seal 530 HP (4x4) NCAP/ANCAP Web Sayfası,2023,Var,,,,,,,4x4 Çekişli,,,,,,Otomatik,
1498 kg,,1830 mm,4400 mm,1588 mm,,,378 lt,,2024 Chery OMODA5 1.6 183 HP DCT Comfort (4x2),,2024 Chery OMODA5 1.6 183 HP DCT Comfort (4x2) Test Sürüşü Talep Sayfası,2024 Chery OMODA5 1.6 183 HP DCT Comfort (4x2) Ürün Kataloğu,,,,,,,,,,,,,,,Turbo,,4,1598 cc,Direkt Enjeksiyon,8.6 saniye,206 km/s,275 nm,183 BG,Çin,,Binek,Comfort,,SUV,2024,İçten Yanmalı (Standart),,C,Omoda5,Benzin,https://www.epey.com/araba/2024-chery-omoda5-1-6-183-hp-dct-comfort-4x2.html,,,,,,,,,,,51 lt,,,,5 yıldız,2024 Chery OMODA5 1.6 183 HP DCT Comfort (4x2) NCAP/ANCAP Web Sayfası,2022,Var,,,,,,,Önden Çekişli,,,,,7 ileri,Otomatik,DCT (Yarı Otm.)
1498 kg,,1830 mm,4400 mm,1588 mm,,,378 lt,,2024 Chery OMODA5 1.6 183 HP DCT Excellent (4x2),,2024 Chery OMODA5 1.6 183 HP DCT Excellent (4x2) Test Sürüşü Talep Sayfası,2024 Chery OMODA5 1.6 183 HP DCT Excellent (4x2) Ürün Kataloğu,,,,,,,,,,,,,,,Turbo,,4,1598 cc,Direkt Enjeksiyon,8.6 saniye,206 km/s,275 nm,183 BG,Çin,,Binek,Excellent,,SUV,2024,İçten Yanmalı (Standart),,C,Omoda5,Benzin,https://www.epey.com/araba/2024-chery-omoda5-1-6-183-hp-dct-excellent-4x2.html,,,,,,,,,,,51 lt,,,,5 yıldız,2024 Chery OMODA5 1.6 183 HP DCT Excellent (4x2) NCAP/ANCAP Web Sayfası,2022,Var,,,,,,,Önden Çekişli,,,,,7 ileri,Otomatik,DCT (Yarı Otm.)
1498 kg,,1830 mm,4400 mm,1588 mm,,,378 lt,,2024 Chery OMODA5 1.6 183 HP DCT Luxury (4x2),,2024 Chery OMODA5 1.6 183 HP DCT Luxury (4x2) Test Sürüşü Talep Sayfası,2024 Chery OMODA5 1.6 183 HP DCT Luxury (4x2) Ürün Kataloğu,,,,,,,,,,,,,,,Turbo,,4,1598 cc,Direkt Enjeksiyon,8.6 saniye,206 km/s,275 nm,183 BG,Çin,,Binek,Luxury,,SUV,2024,İçten Yanmalı (Standart),,C,Omoda5,Benzin,https://www.epey.com/araba/2024-chery-omoda5-1-6-183-hp-dct-luxury-4x2.html,,,,,,,,,,,51 lt,,,,5 yıldız,2024 Chery OMODA5 1.6 183 HP DCT Luxury (4x2) NCAP/ANCAP Web Sayfası,2022,Var,,,,,,,Önden Çekişli,,,,,7 ileri,Otomatik,DCT (Yarı Otm.)
1572 kg,,1842 mm,4500 mm,1705 mm,,,475 lt,,2024 Chery Tiggo7 Pro 1.6 183 HP DCT Avantgarde (4x2),,2024 Chery Tiggo7 Pro 1.6 183 HP DCT Avantgarde (4x2) Test Sürüşü Talep Sayfası,2024 Chery Tiggo7 Pro 1.6 183 HP DCT Avantgarde (4x2) Ürün Kataloğu,,,,,,,,,,,,,,,Turbo,,4,1598 cc,Direkt Enjeksiyon,9.2 saniye,200 km/s,275 nm,183 BG,Çin,,Binek,Avantgarde,,SUV,2024,İçten Yanmalı (Standart),,C,Tiggo7 Pro,Benzin,https://www.epey.com/araba/2024-chery-tiggo7-pro-1-6-183-hp-dct-avantgarde-4x2.html,,,,,,,,169 g/km,,7.5 lt,51 lt,,,,5 yıldız,2024 Chery Tiggo7 Pro 1.6 183 HP DCT Avantgarde (4x2) NCAP/ANCAP Web Sayfası,2023,Var,,,,,,,Önden Çekişli,,,,,7 ileri,Otomatik,DCT (Yarı Otm.)
1572 kg,,1842 mm,4500 mm,1705 mm,,,475 lt,,2024 Chery Tiggo7 Pro 1.6 183 HP DCT Comfort (4x2),,2024 Chery Tiggo7 Pro 1.6 183 HP DCT Comfort (4x2) Test Sürüşü Talep Sayfası,2024 Chery Tiggo7 Pro 1.6 183 HP DCT Comfort (4x2) Ürün Kataloğu,,,,,,,,,,,,,,,Turbo,,4,1598 cc,Direkt Enjeksiyon,9.2 saniye,200 km/s,275 nm,183 BG,Çin,,Binek,Comfort,,SUV,2024,İçten Yanmalı (Standart),,C,Tiggo7 Pro,Benzin,https://www.epey.com/araba/2024-chery-tiggo7-pro-1-6-183-hp-dct-comfort-4x2.html,,,,,,,,169 g/km,,7.5 lt,51 lt,,,,5 yıldız,2024 Chery Tiggo7 Pro 1.6 183 HP DCT Comfort (4x2) NCAP/ANCAP Web Sayfası,2023,Var,,,,,,,Önden Çekişli,,,,,7 ileri,Otomatik,DCT (Yarı Otm.)
1572 kg,,1842 mm,4500 mm,1705 mm,,,475 lt,,2024 Chery Tiggo7 Pro 1.6 183 HP DCT Excellent (4x2),,2024 Chery Tiggo7 Pro 1.6 183 HP DCT Excellent (4x2) Test Sürüşü Talep Sayfası,2024 Chery Tiggo7 Pro 1.6 183 HP DCT Excellent (4x2) Ürün Kataloğu,,,,,,,,,,,,,,,Turbo,,4,1598 cc,Direkt Enjeksiyon,9.2 saniye,200 km/s,275 nm,183 BG,Çin,,Binek,Excellent,,SUV,2024,İçten Yanmalı (Standart),,C,Tiggo7 Pro,Benzin,https://www.epey.com/araba/2024-chery-tiggo7-pro-1-6-183-hp-dct-excellent-4x2.html,,,,,,,,169 g/km,,7.5 lt,51 lt,,,,5 yıldız,2024 Chery Tiggo7 Pro 1.6 183 HP DCT Excellent (4x2) NCAP/ANCAP Web Sayfası,2023,Var,,,,,,,Önden Çekişli,,,,,7 ileri,Otomatik,DCT (Yarı Otm.)
1572 kg,,1842 mm,4500 mm,1705 mm,,,475 lt,,2024 Chery Tiggo7 Pro 1.6 183 HP DCT Luxury (4x2),,2024 Chery Tiggo7 Pro 1.6 183 HP DCT Luxury (4x2) Test Sürüşü Talep Sayfası,2024 Chery Tiggo7 Pro 1.6 183 HP DCT Luxury (4x2) Ürün Kataloğu,,,,,,,,,,,,,,,Turbo,,4,1598 cc,Direkt Enjeksiyon,9.2 saniye,200 km/s,275 nm,183 BG,Çin,,Binek,Luxury,,SUV,2024,İçten Yanmalı (Standart),,C,Tiggo7 Pro,Benzin,https://www.epey.com/araba/2024-chery-tiggo7-pro-1-6-183-hp-dct-luxury-4x2.html,,,,,,,,169 g/km,,7.5 lt,51 lt,,,,5 yıldız,2024 Chery Tiggo7 Pro 1.6 183 HP DCT Luxury (4x2) NCAP/ANCAP Web Sayfası,2023,Var,,,,,,,Önden Çekişli,,,,,7 ileri,Otomatik,DCT (Yarı Otm.)
1640 kg,,1860 mm,4722 mm,1705 mm,,1640 lt,479 lt,,2024 Chery Tiggo8 Pro 1.6 183 HP DCT Avantgarde (4x2),,2024 Chery Tiggo8 Pro 1.6 183 HP DCT Avantgarde (4x2) Test Sürüşü Talep Sayfası,2024 Chery Tiggo8 Pro 1.6 183 HP DCT Avantgarde (4x2) Ürün Kataloğu,,,,,,,,,,,,,,,Turbo,,4,1598 cc,Direkt Enjeksiyon,9.1 saniye,190 km/s,275 nm,183 BG,Çin,,Binek,Avantgarde,,SUV,2024,İçten Yanmalı (Standart),,D,Tiggo8 Pro,Benzin,https://www.epey.com/araba/2024-chery-tiggo8-pro-1-6-183-hp-dct-avantgarde-4x2.html,,,,,,,,183 g/km,,8.1 lt,51 lt,,,,5 yıldız,2024 Chery Tiggo8 Pro 1.6 183 HP DCT Avantgarde (4x2) NCAP/ANCAP Web Sayfası,2023,Var,,,,,,,Önden Çekişli,,,,,7 ileri,Otomatik,DCT (Yarı Otm.)
1640 kg,,1860 mm,4722 mm,1705 mm,,1640 lt,479 lt,,2024 Chery Tiggo8 Pro 1.6 183 HP DCT Excellent (4x2),,2024 Chery Tiggo8 Pro 1.6 183 HP DCT Excellent (4x2) Test Sürüşü Talep Sayfası,2024 Chery Tiggo8 Pro 1.6 183 HP DCT Excellent (4x2) Ürün Kataloğu,,,,,,,,,,,,,,,Turbo,,4,1598 cc,Direkt Enjeksiyon,9.1 saniye,190 km/s,275 nm,183 BG,Çin,,Binek,Excellent,,SUV,2024,İçten Yanmalı (Standart),,D,Tiggo8 Pro,Benzin,https://www.epey.com/araba/2024-chery-tiggo8-pro-1-6-183-hp-dct-excellent-4x2.html,,,,,,,,183 g/km,,8.1 lt,51 lt,,,,5 yıldız,2024 Chery Tiggo8 Pro 1.6 183 HP DCT Excellent (4x2) NCAP/ANCAP Web Sayfası,2023,Var,,,,,,,Önden Çekişli,,,,,7 ileri,Otomatik,DCT (Yarı Otm.)
1640 kg,,1860 mm,4722 mm,1705 mm,,1640 lt,479 lt,,2024 Chery Tiggo8 Pro 1.6 183 HP DCT Luxury (4x2),,2024 Chery Tiggo8 Pro 1.6 183 HP DCT Luxury (4x2) Test Sürüşü Talep Sayfası,2024 Chery Tiggo8 Pro 1.6 183 HP DCT Luxury (4x2) Ürün Kataloğu,,,,,,,,,,,,,,,Turbo,,4,1598 cc,Direkt Enjeksiyon,9.1 saniye,190 km/s,275 nm,183 BG,Çin,,Binek,Luxury,,SUV,2024,İçten Yanmalı (Standart),,D,Tiggo8 Pro,Benzin,https://www.epey.com/araba/2024-chery-tiggo8-pro-1-6-183-hp-dct-luxury-4x2.html,,,,,,,,183 g/km,,8.1 lt,51 lt,,,,,,,,,,,,,,Önden Çekişli,,,,,7 ileri,Otomatik,DCT (Yarı Otm.)
1278 kg,,1800 mm,4600 mm,1525 mm,,,510 lt,,2024 Citroen C4 X 1.2 PureTech 130 HP EAT8 Feel Bold (4x2),,2024 Citroen C4 X 1.2 PureTech 130 HP EAT8 Feel Bold (4x2) Test Sürüşü Talep Sayfası,,,,,,,,,,,,,,,,Turbo,,3,1199 cc,Direkt Enjeksiyon,10.9 saniye,210 km/s,230 nm,130 BG,Fransa,,Binek,Feel Bold,,Hatchback,2024,İçten Yanmalı (Standart),,C,C4 X,Benzin,https://www.epey.com/araba/2024-citroen-c4-x-1-2-puretech-130-hp-eat8-feel-bold-4x2.html,,,,,,,,135 g/km,,6.0 lt,50 lt,,,,4 yıldız,2024 Citroen C4 X 1.2 PureTech 130 HP EAT8 Feel Bold (4x2) NCAP/ANCAP Web Sayfası,2021,Var,,,,,,,Önden Çekişli,,,,,8 ileri,Otomatik,EAT8 (Otomatik)
1278 kg,,1800 mm,4600 mm,1525 mm,,,510 lt,,2024 Citroen C4 X 1.2 PureTech 130 HP EAT8 Shine (4x2),,2024 Citroen C4 X 1.2 PureTech 130 HP EAT8 Shine (4x2) Test Sürüşü Talep Sayfası,,,,,,,,,,,,,,,,Turbo,,3,1199 cc,Direkt Enjeksiyon,10.9 saniye,210 km/s,230 nm,130 BG,Fransa,,Binek,Shine,,Hatchback,2024,İçten Yanmalı (Standart),,C,C4 X,Benzin,https://www.epey.com/araba/2024-citroen-c4-x-1-2-puretech-130-hp-eat8-shine-4x2.html,,,,,,,,135 g/km,,6.0 lt,50 lt,,,,4 yıldız,2024 Citroen C4 X 1.2 PureTech 130 HP EAT8 Shine (4x2) NCAP/ANCAP Web Sayfası,2021,Var,,,,,,,Önden Çekişli,,,,,8 ileri,Otomatik,EAT8 (Otomatik)
1278 kg,,1800 mm,4600 mm,1525 mm,,,510 lt,,2024 Citroen C4 X 1.2 PureTech 130 HP EAT8 Shine Bold (4x2),,2024 Citroen C4 X 1.2 PureTech 130 HP EAT8 Shine Bold (4x2) Test Sürüşü Talep Sayfası,,,,,,,,,,,,,,,,Turbo,,3,1199 cc,Direkt Enjeksiyon,10.9 saniye,210 km/s,230 nm,130 BG,Fransa,,Binek,Shine Bold,,Hatchback,2024,İçten Yanmalı (Standart),,C,C4 X,Benzin,https://www.epey.com/araba/2024-citroen-c4-x-1-2-puretech-130-hp-eat8-shine-bold-4x2.html,,,,,,,,135 g/km,,6.0 lt,50 lt,,,,4 yıldız,2024 Citroen C4 X 1.2 PureTech 130 HP EAT8 Shine Bold (4x2) NCAP/ANCAP Web Sayfası,2021,Var,,,,,,,Önden Çekişli,,,,,8 ileri,Otomatik,EAT8 (Otomatik)
1419 kg,,1755 mm,4015 mm,1567 mm,,,310 lt,,2024 Citroen e-C3 113 BG (4x2),,2024 Citroen e-C3 113 BG (4x2) Test Sürüşü Talep Sayfası,,,,,120 nm,,45.0 kW/sa,Lityum Demir Fosfat (LFP),,,320 km,,83 kW,16.4 kWsa/100km,"AC Tip 2 11 kW (%20 - %80) 2s.50dk.
AC Tip 2 7.4 kW (%20 - %80) 4s.10dk.
DC 100 kW (%20 - %80) 26dk.",,,,,,11.0 saniye,135 km/s,120 nm,113 BG,Fransa,,Binek,,,SUV,2024,BEV (Elektrikli),,B,e-C3,Elektrik,https://www.epey.com/araba/2024-citroen-e-c3-113-bg-4x2.html,,,,,,,,,,,,,,,,,,,,,,,,,Arkadan İtişli,,,,,,Otomatik,
1699 kg,,1800 mm,4360 mm,1525 mm,,,380 lt,,2024 Citroen e-C4 136 HP Shine Bold (4x2),,2024 Citroen e-C4 136 HP Shine Bold (4x2) Test Sürüşü Talep Sayfası,2024 Citroen e-C4 136 HP Shine Bold (4x2) Ürün Kataloğu,,,,260 nm,,50 kW/sa,,Yerleşik AC Şarj Cihazı (7.4 kW),,350 km,468 km,100 kW,15.5 kWsa/100km,"AC (7.4 kW) (%0 - %100) 7sa.30dk.
DC (100 kW) (%0 - %80) 30dk.
DC (50 kW) (%0 - %80) 55dk.",,,,,,10.0 saniye,150 km/s,260 nm,136 BG,Fransa,,Binek,Shine Bold,,Hatchback,2024,BEV (Elektrikli),,C,e-C4,Elektrik,https://www.epey.com/araba/2024-citroen-e-c4-136-hp-shine-bold-4x2.html,,,,,,,,,,,,,,,4 yıldız,2024 Citroen e-C4 136 HP Shine Bold (4x2) NCAP/ANCAP Web Sayfası,2021,Var,,,,,,,Önden Çekişli,,,,,,Redüktör Şanzıman,
1704 kg,,1800 mm,4360 mm,1525 mm,,,380 lt,,2024 Citroen e-C4 156 HP Shine Bold (4x2),,2024 Citroen e-C4 156 HP Shine Bold (4x2) Test Sürüşü Talep Sayfası,2024 Citroen e-C4 156 HP Shine Bold (4x2) Ürün Kataloğu,,,,260 nm,,54 kW/sa,,Yerleşik AC Şarj Cihazı (7.4 kW),,411 km,560 km,115 kW,15.0 kWsa/100km,"AC (7.4 kW) (%0 - %100) 7sa.30dk.
DC (100 kW) (%0 - %80) 30dk.
DC (50 kW) (%0 - %80) 55dk.",,,,,,9.2 saniye,150 km/s,260 nm,156 BG,Fransa,,Binek,Shine Bold,,Hatchback,2024,BEV (Elektrikli),,C,e-C4,Elektrik,https://www.epey.com/araba/2024-citroen-e-c4-156-hp-shine-bold-4x2.html,,,,,,,,,,,,,,,4 yıldız,2024 Citroen e-C4 156 HP Shine Bold (4x2) NCAP/ANCAP Web Sayfası,2021,Var,,,,,,,Önden Çekişli,,,,,,Redüktör Şanzıman,
1721 kg,,1800 mm,4600 mm,1525 mm,,,510 lt,,2024 Citroen e-C4 X 136 HP Shine Bold (4x2),,2024 Citroen e-C4 X 136 HP Shine Bold (4x2) Test Sürüşü Talep Sayfası,2024 Citroen e-C4 X 136 HP Shine Bold (4x2) Ürün Kataloğu,,,,260 nm,,50 kW/sa,,Yerleşik AC Şarj Cihazı (7.4 kW),,360 km,461 km,100 kW,15.3 kWsa/100km,"AC (7.4 kW) (%0 - %100) 7sa.30dk.
DC (100 kW) (%0 - %80) 30dk.
DC (50 kW) (%0 - %80) 55dk.",,,,,,10.0 saniye,150 km/s,260 nm,136 BG,Fransa,,Binek,Shine Bold,,Hatchback,2024,BEV (Elektrikli),,C,e-C4 X,Elektrik,https://www.epey.com/araba/2024-citroen-e-c4-x-136-hp-shine-bold-4x2.html,,,,,,,,,,,,,,,4 yıldız,2024 Citroen e-C4 X 136 HP Shine Bold (4x2) NCAP/ANCAP Web Sayfası,2021,Var,,,,,,,Önden Çekişli,,,,,,Redüktör Şanzıman,
1721 kg,,1800 mm,4600 mm,1525 mm,,,510 lt,,2024 Citroen e-C4 X 156 HP Shine Bold (4x2),,2024 Citroen e-C4 X 156 HP Shine Bold (4x2) Test Sürüşü Talep Sayfası,2024 Citroen e-C4 X 156 HP Shine Bold (4x2) Ürün Kataloğu,,,,260 nm,,54 kW/sa,,Yerleşik AC Şarj Cihazı (7.4 kW),,417 km,565 km,115 kW,14.8 kWsa/100km,"AC (7.4 kW) (%0 - %100) 7sa.30dk.
DC (100 kW) (%0 - %80) 30dk.
DC (50 kW) (%0 - %80) 55dk.",,,,,,9.3 saniye,150 km/s,260 nm,156 BG,Fransa,,Binek,Shine Bold,,Hatchback,2024,BEV (Elektrikli),,C,e-C4 X,Elektrik,https://www.epey.com/araba/2024-citroen-e-c4-x-156-hp-shine-bold-4x2.html,,,,,,,,,,,,,,,4 yıldız,2024 Citroen e-C4 X 156 HP Shine Bold (4x2) NCAP/ANCAP Web Sayfası,2021,Var,,,,,,,Önden Çekişli,,,,,,Redüktör Şanzıman,
1388 kg,,1839 mm,4446 mm,1520 mm,,,450 lt,,2024 Cupra Formentor 1.5 TSI ACT 150 HP DSG (4x2),,2024 Cupra Formentor 1.5 TSI ACT 150 HP DSG (4x2) Test Sürüşü Talep Sayfası,2024 Cupra Formentor 1.5 TSI ACT 150 HP DSG (4x2) Ürün Kataloğu,,,,,,,,,,,,,,,Turbo,,4,1498 cc,TSI - Doğrudan Enjeksiyon,8.9 saniye,203 km/s,250 nm,150 BG,İspanya > Almanya,,Binek,Formentor,,Coupe-SUV,2024,İçten Yanmalı (Standart),,C,Formentor,Benzin,https://www.epey.com/araba/2024-cupra-formentor-1-5-tsi-act-150-hp-dsg-4x2.html,,,,,,,,163 g/km,,7.2 lt,50 lt,,,,5 yıldız,2024 Cupra Formentor 1.5 TSI ACT 150 HP DSG (4x2) NCAP/ANCAP Web Sayfası,2021,Var,,,,,,,Önden Çekişli,,,,,7 ileri,Otomatik,DSG (Yarı Otm.)
1629 kg,,1839 mm,4450 mm,1510 mm,,,420 lt,,2024 Cupra Formentor VZ 1.4 e-Hybrid 245 HP DSG 4Drive (4x4),,2024 Cupra Formentor VZ 1.4 e-Hybrid 245 HP DSG 4Drive (4x4) Test Sürüşü Talep Sayfası,2024 Cupra Formentor VZ 1.4 e-Hybrid 245 HP DSG 4Drive (4x4) Ürün Kataloğu,,,,330 nm,,12.8 kW/sa,,,,55 km,,85 kW,16.1 kWsa/100km,"AC 2.3 kW (%0 - %100) 5 Saat
AC 3.6 kW (%0 - %100) 3 Saat 33 dk",Turbo,,4,1395 cc,TSI - Doğrudan Enjeksiyon,7.0 saniye,210 km/s,400 nm,310 BG,İspanya > Almanya,,Binek,Formentor VZ,,Coupe-SUV,2024,PHEV (Prizden Şarjlı HEV),,C,Formentor,Benzin & Elektrik,https://www.epey.com/araba/2024-cupra-formentor-vz-1-4-e-hybrid-245-hp-dsg-4drive-4x4.html,,,,,,,,35 g/km,,1.6 lt,40 lt,,,,5 yıldız,2024 Cupra Formentor VZ 1.4 e-Hybrid 245 HP DSG 4Drive (4x4) NCAP/ANCAP Web Sayfası,2021,Var,,,,,,,4x4 Çekişli,,,,,6 ileri,Otomatik,DSG (Yarı Otm.)
1569 kg,,1839 mm,4450 mm,1511 mm,,,420 lt,,2024 Cupra Formentor VZ 2.0 TSI 310 HP DSG 4Drive (4x4),,2024 Cupra Formentor VZ 2.0 TSI 310 HP DSG 4Drive (4x4) Test Sürüşü Talep Sayfası,2024 Cupra Formentor VZ 2.0 TSI 310 HP DSG 4Drive (4x4) Ürün Kataloğu,,,,,,,,,,,,,,,Turbo,,4,1984 cc,TSI - Doğrudan Enjeksiyon,4.9 saniye,250 km/s,400 nm,310 BG,İspanya > Almanya,,Binek,Formentor VZ,,Coupe-SUV,2024,İçten Yanmalı (Standart),,C,Formentor,Benzin,https://www.epey.com/araba/2024-cupra-formentor-vz-2-0-tsi-310-hp-dsg-4drive-4x4.html,,,,,,,,203 g/km,,9.0 lt,55 lt,,,,5 yıldız,2024 Cupra Formentor VZ 2.0 TSI 310 HP DSG 4Drive (4x4) NCAP/ANCAP Web Sayfası,2021,Var,,,,,,,4x4 Çekişli,,,,,7 ileri,Otomatik,DSG (Yarı Otm.)
975 kg,,1579 mm,3734 mm,1513 mm,,,290 lt,,2024 Dacia Spring 65 BG Extreme (4x2),,2024 Dacia Spring 65 BG Extreme (4x2) Test Sürüşü Talep Sayfası,2024 Dacia Spring 65 BG Extreme (4x2) Ürün Kataloğu,,,,113 nm,8 Yıl / 120.000 Km,26.8 kW/sa,Lityum İyon,,,120 km,310 km,48 kW,14.5 kWsa/100km,"AC (7.4 kW) (%0 - %100) 4sa.51dk.
DC (%0 - %80) 56dk",,,,,,13.7 saniye,125 km/s,113 nm,65 BG,Romanya > Fransa,,Binek,Extreme,,SUV,2024,BEV (Elektrikli),,A,Spring,Elektrik,https://www.epey.com/araba/2024-dacia-spring-65-bg-extreme-4x2.html,,,,,,,,,,,,,,,1 yıldız,2024 Dacia Spring 65 BG Extreme (4x2) NCAP/ANCAP Web Sayfası,2021,Var,,,,,,,Önden Çekişli,,,,,,Otomatik,
450 kg,,1500 mm,3700 mm,1660 mm,,200 lt,,,2024 EVRY Very,,,,,,,140 nm,,,Lityum İyon,Araçtan Araca Şarj,350 km,,,30 kW,,"AC (%30 - %80) 3 Saat
DC (%30 - %80) 25dk.",,,,,,,90 km/s,140 nm,40 BG,Türkiye,,Binek,,,Hatchback,2024,BEV (Elektrikli),,,Very,Elektrik,https://www.epey.com/araba/2024-evry-very.html,,,,,,,,,,,,,,,,,,,,,,,,,,,,,,,,
1415 kg,,1748 mm,3631 mm,1529 mm,,550 lt,185 lt,,2024 Fiat 500e HB 118 HP La Prima (4x2),,2024 Fiat 500e HB 118 HP La Prima (4x2) Test Sürüşü Talep Sayfası,2024 Fiat 500e HB 118 HP La Prima (4x2) Ürün Kataloğu,,,,220 nm,,42 kW/sa,Lityum İyon,,,320 km,,87 kW,14.4 kWsa/100km,"AC 3 Faz 11 kW (Mod 3) (%0 - %100) 4sa.15dk.
AC 3 kW (Mod 2) (%0 - %100) 15sa.15dk.
DC 85 kW (Mod 4)(%0 - %80) 35dk",,,,,,9.0 saniye,150 km/s,220 nm,118 BG,İtalya,,Binek,La Prima,,Hatchback,2024,BEV (Elektrikli),,B,500e,Elektrik,https://www.epey.com/araba/2024-fiat-500e-hb-118-hp-la-prima-4x2.html,,,,,,,,,,,,,,,4 yıldız,2024 Fiat 500e HB 118 HP La Prima (4x2) NCAP/ANCAP Web Sayfası,2021,Var,,,,,,,Önden Çekişli,,,,,,Otomatik,
1189 kg,,1748 mm,4568 mm,1458 mm,,,519 lt,,2024 Honda City 1.5L VTEC 121 PS Otomatik Executive,,2024 Honda City 1.5L VTEC 121 PS Otomatik Executive Test Sürüşü Talep Sayfası,2024 Honda City 1.5L VTEC 121 PS Otomatik Executive Ürün Kataloğu,,,,,,,,,,,,,,,Atmosferik,,4,1498 cc,PGM-FI (Direkt Enjeksiyon),10.5 saniye,198 km/s,145 nm,121 BG,Japonya,,Binek,Executive,,Sedan,2024,İçten Yanmalı (Standart),,B,City,Benzin,https://www.epey.com/araba/2024-honda-city-1-5l-vtec-121-ps-otomatik-executive.html,,,,,,,,139 g/km,,6.20 lt,40 lt,,,,,,,,,,,,,,Önden Çekişli,,,,,,Otomatik,CVT (Değişken Oranlı)
1779 kg,,1860 mm,4549 mm,1628 mm,,,428 lt,,2024 Hozon Neta U 160 HP (4x2),,2024 Hozon Neta U 160 HP (4x2) Test Sürüşü Talep Sayfası,,,,,210 nm,,68.2 kW/sa,Lityum Demir Fosfat (LFP),,,420 km,540 km,120 kW,16.5 kWsa/100km,"AC (%20 - %100) 8s 30dk.
DC (%30 - %80) 30dk.",,,,,,9.5 saniye,150 km/s,210 nm,160 BG,Çin,,Binek,,,SUV,2024,BEV (Elektrikli),,C,Neta U,Elektrik,https://www.epey.com/araba/2024-hozon-neta-u-160-hp-4x2.html,,,,,,,,,,,,,,,,,,,,,,,,,Önden Çekişli,,,,,,Otomatik,
1195 kg,,1775 mm,4180 mm,1500 mm,,1205 lt,411 lt,,2024 Hyundai BAYON 1.0 T-GDI 100 PS DCT Style (4x2),,2024 Hyundai BAYON 1.0 T-GDI 100 PS DCT Style (4x2) Test Sürüşü Talep Sayfası,2024 Hyundai BAYON 1.0 T-GDI 100 PS DCT Style (4x2) Ürün Kataloğu,,,,,,,,,,,,,,,Turbo,,3,998 cc,GDI (Doğrudan Enjeksiyon),13.7 saniye,176 km/s,134 nm,100 BG,Güney Kore,,Binek,Style,Var,Crossover,2024,İçten Yanmalı (Standart),,B,BAYON,Benzin,https://www.epey.com/araba/2024-hyundai-bayon-1-0-t-gdi-100-ps-dct-style-4x2.html,,,,,,,131 g/km,,5.8 lt,,40 lt,,,,4 yıldız,2024 Hyundai BAYON 1.0 T-GDI 100 PS DCT Style (4x2) NCAP/ANCAP Web Sayfası,2021,Var,,,,,,,Önden Çekişli,,,,,7 ileri,Otomatik,DCT (Yarı Otm.)
1132 kg,,1775 mm,4180 mm,1500 mm,,1205 lt,411 lt,,2024 Hyundai BAYON 1.4 MPI 100 PS Jump (4x2),,2024 Hyundai BAYON 1.4 MPI 100 PS Jump (4x2) Test Sürüşü Talep Sayfası,2024 Hyundai BAYON 1.4 MPI 100 PS Jump (4x2) Ürün Kataloğu,,,,,,,,,,,,,,,Atmosferik,,4,1368 cc,Çok Noktadan Enjeksiyon,12.6 saniye,176 km/s,134 nm,100 BG,Güney Kore,,Binek,Jump,Var,Crossover,2024,İçten Yanmalı (Standart),,B,BAYON,Benzin,https://www.epey.com/araba/2024-hyundai-bayon-1-4-mpi-100-ps-jump-4x2.html,,,,,,,145 g/km,,6.4 lt,,40 lt,,,,4 yıldız,2024 Hyundai BAYON 1.4 MPI 100 PS Jump (4x2) NCAP/ANCAP Web Sayfası,2021,Var,,,,,,,Önden Çekişli,,,,,6 ileri,Manuel,
1162 kg,,1775 mm,4180 mm,1500 mm,,1205 lt,411 lt,,2024 Hyundai BAYON 1.4 MPI 100 PS Otomatik Elite (4x2),,2024 Hyundai BAYON 1.4 MPI 100 PS Otomatik Elite (4x2) Test Sürüşü Talep Sayfası,2024 Hyundai BAYON 1.4 MPI 100 PS Otomatik Elite (4x2) Ürün Kataloğu,,,,,,,,,,,,,,,Atmosferik,,4,1368 cc,Çok Noktadan Enjeksiyon,13.7 saniye,176 km/s,134 nm,100 BG,Güney Kore,,Binek,Elite,Var,Crossover,2024,İçten Yanmalı (Standart),,B,BAYON,Benzin,https://www.epey.com/araba/2024-hyundai-bayon-1-4-mpi-100-ps-otomatik-elite-4x2.html,,,,,,,150 g/km,,6.6 lt,,40 lt,,,,4 yıldız,2024 Hyundai BAYON 1.4 MPI 100 PS Otomatik Elite (4x2) NCAP/ANCAP Web Sayfası,2021,Var,,,,,,,Önden Çekişli,,,,,6 ileri,Otomatik,
1162 kg,,1775 mm,4180 mm,1500 mm,,1205 lt,411 lt,,2024 Hyundai BAYON 1.4 MPI 100 PS Otomatik Jump (4x2),,2024 Hyundai BAYON 1.4 MPI 100 PS Otomatik Jump (4x2) Test Sürüşü Talep Sayfası,2024 Hyundai BAYON 1.4 MPI 100 PS Otomatik Jump (4x2) Ürün Kataloğu,,,,,,,,,,,,,,,Atmosferik,,4,1368 cc,Çok Noktadan Enjeksiyon,13.7 saniye,176 km/s,134 nm,100 BG,Güney Kore,,Binek,Jump,Var,Crossover,2024,İçten Yanmalı (Standart),,B,BAYON,Benzin,https://www.epey.com/araba/2024-hyundai-bayon-1-4-mpi-100-ps-otomatik-jump-4x2.html,,,,,,,150 g/km,,6.6 lt,,40 lt,,,,4 yıldız,2024 Hyundai BAYON 1.4 MPI 100 PS Otomatik Jump (4x2) NCAP/ANCAP Web Sayfası,2021,Var,,,,,,,Önden Çekişli,,,,,6 ileri,Otomatik,
1162 kg,,1775 mm,4180 mm,1500 mm,,1205 lt,411 lt,,2024 Hyundai BAYON 1.4 MPI 100 PS Otomatik Style (4x2),,2024 Hyundai BAYON 1.4 MPI 100 PS Otomatik Style (4x2) Test Sürüşü Talep Sayfası,2024 Hyundai BAYON 1.4 MPI 100 PS Otomatik Style (4x2) Ürün Kataloğu,,,,,,,,,,,,,,,Atmosferik,,4,1368 cc,Çok Noktadan Enjeksiyon,13.7 saniye,176 km/s,134 nm,100 BG,Güney Kore,,Binek,Style,Var,Crossover,2024,İçten Yanmalı (Standart),,B,BAYON,Benzin,https://www.epey.com/araba/2024-hyundai-bayon-1-4-mpi-100-ps-otomatik-style-4x2.html,,,,,,,150 g/km,,6.6 lt,,40 lt,,,,4 yıldız,2024 Hyundai BAYON 1.4 MPI 100 PS Otomatik Style (4x2) NCAP/ANCAP Web Sayfası,2021,Var,,,,,,,Önden Çekişli,,,,,6 ileri,Otomatik,
1905 kg,,1890 mm,4635 mm,1605 mm,,1587 lt,527 lt,,2024 Hyundai IONIQ 5 170 PS Progressive (4x2),,2024 Hyundai IONIQ 5 170 PS Progressive (4x2) Test Sürüşü Talep Sayfası,2024 Hyundai IONIQ 5 170 PS Progressive (4x2) Ürün Kataloğu,,,,350 nm,,58.0 kW/sa,Lityum İyon,Entegre AC Şarj Cihazı (11 kW),,384 km,,125 kW,16.7 kWsa/100km,"AC 4sa.59dk.
DC 350 kW (%10 - %80) 18 dk.
DC 50 kW (%10 - %80) 46 dk.",,,,,,8.5 saniye,185 km/s,350 nm,170 BG,Güney Kore,,Binek,Progressive,,Hatchback,2024,BEV (Elektrikli),,D,IONIQ 5,Elektrik,https://www.epey.com/araba/2024-hyundai-ioniq-5-170-ps-progressive-4x2.html,,,,,,,,,,,,,,,5 yıldız,2024 Hyundai IONIQ 5 170 PS Progressive (4x2) NCAP/ANCAP Web Sayfası,2021,Var,,,,,,,Arkadan İtişli,,,,,1 ileri,Redüktör Şanzıman,
2120 kg,,1890 mm,4635 mm,1605 mm,,1587 lt,527 lt,,2024 Hyundai IONIQ 5 325 PS Progressive (4x4),,2024 Hyundai IONIQ 5 325 PS Progressive (4x4) Test Sürüşü Talep Sayfası,2024 Hyundai IONIQ 5 325 PS Progressive (4x4) Ürün Kataloğu,,,,605 nm,,77.4 kW/sa,Lityum İyon,Entegre AC Şarj Cihazı (11 kW),,454 km,,239 kW,19.1 kWsa/100km,"AC 7sa.20dk.
DC 350 kW (%10 - %80) 18 dk.
DC 50 kW (%10 - %80) 62 dk.",,,,,,5.1 saniye,185 km/s,605 nm,325 BG,Güney Kore,,Binek,Progressive,,Hatchback,2024,BEV (Elektrikli),,D,IONIQ 5,Elektrik,https://www.epey.com/araba/2024-hyundai-ioniq-5-325-ps-progressive-4x4.html,,,,,,,,,,,,,,,5 yıldız,2024 Hyundai IONIQ 5 325 PS Progressive (4x4) NCAP/ANCAP Web Sayfası,2021,Var,,,,,,,4x4 Çekişli,,,,,1 ileri,Redüktör Şanzıman,
1850 kg,,1880 mm,4855 mm,1495 mm,Ön Bagaj Bölmesi 45 Lt.,,401 lt,,2024 Hyundai IONIQ 6 151 BG Progressive (4x2),,2024 Hyundai IONIQ 6 151 BG Progressive (4x2) Test Sürüşü Talep Sayfası,2024 Hyundai IONIQ 6 151 BG Progressive (4x2) Ürün Kataloğu,,,,350 nm,,53.0 kW/sa,,,,429 km,,111 kW,13.9 kWsa/100km,"AC 5sa.25dk.
DC (50 kW) (%10 - %80) 58dk.
DC 350 kW (%10 - %80) 18 dk.",,,,,,8.8 saniye,185 km/s,350 nm,151 BG,Güney Kore,,Binek,Progressive,,Sedan,2024,BEV (Elektrikli),,D,IONIQ 6,Elektrik,https://www.epey.com/araba/2024-hyundai-ioniq-6-151-bg-progressive-4x2.html,,,,,,,,,,,,,,,5 yıldız,2024 Hyundai IONIQ 6 151 BG Progressive (4x2) NCAP/ANCAP Web Sayfası,2022,Var,,,,,,,Arkadan İtişli,,,,,,Redüktör Şanzıman,
2113 kg,,1880 mm,4855 mm,1495 mm,Ön Bagaj Bölmesi 14.5 Lt.,,401 lt,,2024 Hyundai IONIQ 6 325 BG Progressive (4x4),,2024 Hyundai IONIQ 6 325 BG Progressive (4x4) Test Sürüşü Talep Sayfası,2024 Hyundai IONIQ 6 325 BG Progressive (4x4) Ürün Kataloğu,,,,605 nm,,77.4 kW/sa,,,,519 km,,239 kW,16.9 kWsa/100km,"AC 7sa.10dk.
DC (50 kW) (%10 - %80) 73dk.
DC 350 kW (%10 - %80) 18 dk.",,,,,,5.1 saniye,185 km/s,605 nm,325 BG,Güney Kore,,Binek,Progressive,,Sedan,2024,BEV (Elektrikli),,D,IONIQ 6,Elektrik,https://www.epey.com/araba/2024-hyundai-ioniq-6-325-bg-progressive-4x4.html,,,,,,,,,,,,,,,5 yıldız,2024 Hyundai IONIQ 6 325 BG Progressive (4x4) NCAP/ANCAP Web Sayfası,2022,Var,,,,,,,4x4 Çekişli,,,,,,Redüktör Şanzıman,
1724 kg,,1865 mm,4500 mm,1680 mm,,,424 lt,,2024 JAECOO 7 1.6 145 HP DCT Evolve (4X4),,2024 JAECOO 7 1.6 145 HP DCT Evolve (4X4) Test Sürüşü Talep Sayfası,,,,,,,,,,,,,,,,Turbo,,4,1598 cc,Direkt Enjeksiyon,10.8 saniye,180 km/s,275 nm,145 BG,Çin,,Binek,Evolve,,SUV,2024,İçten Yanmalı (Standart),,C,JAECOO 7,Benzin,https://www.epey.com/araba/2024-jaecoo-7-1-6-145-hp-dct-evolve-4x4.html,,,,,,,182 g/km,,7.8 lt,,57 lt,,6.9 lt,10.5 lt,,,,,,,,,,,4x4 Çekişli,,,,,7 ileri,Otomatik,DCT (Yarı Otm.)
1599 kg,,1865 mm,4500 mm,1680 mm,,,424 lt,,2024 JAECOO 7 1.6 145 HP DCT Revive (4X2),,2024 JAECOO 7 1.6 145 HP DCT Revive (4X2) Test Sürüşü Talep Sayfası,,,,,,,,,,,,,,,,Turbo,,4,1598 cc,Direkt Enjeksiyon,10.8 saniye,180 km/s,275 nm,145 BG,Çin,,Binek,Revive,,SUV,2024,İçten Yanmalı (Standart),,C,JAECOO 7,Benzin,https://www.epey.com/araba/2024-jaecoo-7-1-6-145-hp-dct-revive-4x2.html,,,,,,,169 g/km,,7.2 lt,,51 lt,,6.4 lt,9.9 lt,,,,,,,,,,,Önden Çekişli,,,,,7 ileri,Otomatik,DCT (Yarı Otm.)
1595 kg,,1780 mm,4080 mm,1530 mm,,,380 lt,,2024 Jeep Avenger Electric 156 HP Summit (4x2),,2024 Jeep Avenger Electric 156 HP Summit (4x2) Test Sürüşü Talep Sayfası,,,,,260 nm,,54 kW/sa,Lityum-İyon NMC (Nikel-Manganez-Kobalt),,,392 km,,115 kW,15.8 kWsa/100km,"AC 3 Faz 11 kW (0 - %100) 5s 6 dk.
DC (100 kW) (%0 - %80) 24dk.",,,,,,9.0 saniye,150 km/s,260 nm,156 BG,Amerika > İtalya,,Binek,Summit,,SUV,2024,BEV (Elektrikli),,B,Avenger,Elektrik,https://www.epey.com/araba/2024-jeep-avenger-electric-156-hp-summit-4x2.html,,,,,,,,,,,,,,,,,,,,,,,,,Önden Çekişli,,,,,,Otomatik,
1725 kg,,1850 mm,4300 mm,1560 mm,Ön Bagaj Bölmesi 25 Lt,1251 lt,460 lt,,2024 Kia EV3 204 PS Otomatik Elegance St.Menzil (4x2),,2024 Kia EV3 204 PS Otomatik Elegance St.Menzil (4x2) Test Sürüşü Talep Sayfası,2024 Kia EV3 204 PS Otomatik Elegance St.Menzil (4x2) Ürün Kataloğu,,,,283 nm,,58.3 kW/sa,,,,435 km,583 km,150 kW,14.9 kWsa/100km,"AC 3 Faz 11 kW (%10 - %100) 5sa.20dk.
DC (50 kW) (%10 - %80) 55dk.
DC 350 kW (%10 - %80) 29 dk.",,,,,,7.5 saniye,170 km/s,283 nm,204 BG,Güney Kore,,Binek,Elegance,,SUV,2024,BEV (Elektrikli),,B,EV3,Elektrik,https://www.epey.com/araba/2024-kia-ev3-204-ps-otomatik-elegance-st-menzil-4x2.html,,,,,,,,,,,,,,,,,,,,,,,,,Önden Çekişli,,,,,1 ileri,Otomatik,
1810 kg,,1850 mm,4310 mm,1570 mm,Ön Bagaj Bölmesi 25 Lt,1251 lt,460 lt,,2024 Kia EV3 204 PS Otomatik Elegance Uz.Menzil (4x2),,2024 Kia EV3 204 PS Otomatik Elegance Uz.Menzil (4x2) Test Sürüşü Talep Sayfası,2024 Kia EV3 204 PS Otomatik Elegance Uz.Menzil (4x2) Ürün Kataloğu,,,,283 nm,,81.4 kW/sa,,,,604 km,772 km,150 kW,14.9 kWsa/100km,"AC 3 Faz 11 kW (%10 - %100) 7sa.15dk.
DC (50 kW) (%10 - %80) 79dk.
DC 350 kW (%10 - %80) 31 dk.",,,,,,7.7 saniye,170 km/s,283 nm,204 BG,Güney Kore,,Binek,Elegance,,SUV,2024,BEV (Elektrikli),,B,EV3,Elektrik,https://www.epey.com/araba/2024-kia-ev3-204-ps-otomatik-elegance-uz-menzil-4x2.html,,,,,,,,,,,,,,,,,,,,,,,,,Önden Çekişli,,,,,1 ileri,Otomatik,
1810 kg,,1850 mm,4310 mm,1570 mm,Ön Bagaj Bölmesi 25 Lt,1251 lt,460 lt,,2024 Kia EV3 204 PS Otomatik GT-Line Uz.Menzil (4x2),,2024 Kia EV3 204 PS Otomatik GT-Line Uz.Menzil (4x2) Test Sürüşü Talep Sayfası,2024 Kia EV3 204 PS Otomatik GT-Line Uz.Menzil (4x2) Ürün Kataloğu,,,,283 nm,,81.4 kW/sa,,,,584 km,755 km,150 kW,15.5 kWsa/100km,"AC 3 Faz 11 kW (%10 - %100) 7sa.15dk.
DC (50 kW) (%10 - %80) 79dk.
DC 350 kW (%10 - %80) 31 dk.",,,,,,7.9 saniye,170 km/s,283 nm,204 BG,Güney Kore,,Binek,GT-Line,,SUV,2024,BEV (Elektrikli),,B,EV3,Elektrik,https://www.epey.com/araba/2024-kia-ev3-204-ps-otomatik-gt-line-uz-menzil-4x2.html,,,,,,,,,,,,,,,,,,,,,,,,,Önden Çekişli,,,,,1 ileri,Otomatik,
1810 kg,,1850 mm,4310 mm,1570 mm,Ön Bagaj Bölmesi 25 Lt,1251 lt,460 lt,,2024 Kia EV3 204 PS Otomatik Prestige Uz.Menzil (4x2),,2024 Kia EV3 204 PS Otomatik Prestige Uz.Menzil (4x2) Test Sürüşü Talep Sayfası,2024 Kia EV3 204 PS Otomatik Prestige Uz.Menzil (4x2) Ürün Kataloğu,,,,283 nm,,81.4 kW/sa,,,,604 km,772 km,150 kW,14.9 kWsa/100km,"AC 3 Faz 11 kW (%10 - %100) 7sa.15dk.
DC (50 kW) (%10 - %80) 79dk.
DC 350 kW (%10 - %80) 31 dk.",,,,,,7.7 saniye,170 km/s,283 nm,204 BG,Güney Kore,,Binek,Prestige,,SUV,2024,BEV (Elektrikli),,B,EV3,Elektrik,https://www.epey.com/araba/2024-kia-ev3-204-ps-otomatik-prestige-uz-menzil-4x2.html,,,,,,,,,,,,,,,,,,,,,,,,,Önden Çekişli,,,,,1 ileri,Otomatik,
1910 kg,,1880 mm,4680 mm,1550 mm,Ön Bagaj Bölmesi 20 Lt,1300 lt,490 lt,,2024 Kia EV6 229 PS Prestige Long Range (4x2),,2024 Kia EV6 229 PS Prestige Long Range (4x2) Test Sürüşü Talep Sayfası,2024 Kia EV6 229 PS Prestige Long Range (4x2) Ürün Kataloğu,,,,350 nm,,77.4 kW/sa,Li-Po (Lityum-İyon Polimer),,,528 km,,77.4 kW,16.5 kWsa/100km,"AC 3 Faz 11 kW (%10 - %100) 7sa.20dk.
DC 350 kW (%10 - %80) 18dk.
DC 50 kW (%10 - %80) 73dk.",,,,,,7.3 saniye,185 km/s,350 nm,229 BG,Güney Kore,,Binek,Prestige,,Crossover,2024,BEV (Elektrikli),,C,EV6,Elektrik,https://www.epey.com/araba/2024-kia-ev6-229-ps-prestige-long-range-4x2.html,,,,,,,,,,,,,,,5 yıldız,2024 Kia EV6 229 PS Prestige Long Range (4x2) NCAP/ANCAP Web Sayfası,2022,Var,,,,,,,Arkadan İtişli,,,,,,Otomatik,
2015 kg,,1890 mm,4695 mm,1550 mm,Ön Bagaj Bölmesi 20 Lt,1300 lt,490 lt,,2024 Kia EV6 325 PS GT-Line Long Range (4x4),,2024 Kia EV6 325 PS GT-Line Long Range (4x4) Test Sürüşü Talep Sayfası,2024 Kia EV6 325 PS GT-Line Long Range (4x4) Ürün Kataloğu,,,,605 nm,,77.4 kW/sa,Li-Po (Lityum-İyon Polimer),,,506 km,,77.4 kW,18.0 kWsa/100km,"AC 3 Faz 11 kW (%10 - %100) 7sa.20dk.
DC 350 kW (%10 - %80) 18dk.
DC 50 kW (%10 - %80) 73dk.",,,,,,5.2 saniye,188 km/s,605 nm,325 BG,Güney Kore,,Binek,GT-Line,,Crossover,2024,BEV (Elektrikli),,C,EV6,Elektrik,https://www.epey.com/araba/2024-kia-ev6-325-ps-gt-line-long-range-4x4.html,,,,,,,,,,,,,,,5 yıldız,2024 Kia EV6 325 PS GT-Line Long Range (4x4) NCAP/ANCAP Web Sayfası,2022,Var,,,,,,,4x4 Çekişli,,,,,,Otomatik,
2106 kg,,1890 mm,4695 mm,1545 mm,Ön Bagaj Bölmesi 20 Lt,1260 lt,480 lt,,2024 Kia EV6 585 PS GT Long Range (4x4),,2024 Kia EV6 585 PS GT Long Range (4x4) Test Sürüşü Talep Sayfası,2024 Kia EV6 585 PS GT Long Range (4x4) Ürün Kataloğu,,,,740 nm,,77.4 kW/sa,Li-Po (Lityum-İyon Polimer),,,506 km,,77.4 kW,20.6 kWsa/100km,"AC 3 Faz 11 kW (%10 - %100) 7sa.20dk.
DC 350 kW (%10 - %80) 18dk.
DC 50 kW (%10 - %80) 73dk.",,,,,,3.5 saniye,260 km/s,740 nm,585 BG,Güney Kore,,Binek,GT,,Crossover,2024,BEV (Elektrikli),,C,EV6,Elektrik,https://www.epey.com/araba/2024-kia-ev6-585-ps-gt-long-range-4x4.html,,,,,,,,,,,,,,,5 yıldız,2024 Kia EV6 585 PS GT Long Range (4x4) NCAP/ANCAP Web Sayfası,2022,Var,,,,,,,4x4 Çekişli,,,,,,Otomatik,
1682 kg,,1825 mm,4420 mm,1570 mm,,1392 lt,475 lt,,2024 Kia Niro EV 204 PS Elegance (4x2),,2024 Kia Niro EV 204 PS Elegance (4x2) Test Sürüşü Talep Sayfası,2024 Kia Niro EV 204 PS Elegance (4x2) Ürün Kataloğu,,,,255 nm,,64.8 kW/sa,,,,460 km,,150 kW,16.2 kWsa/100km,"AC 3 Faz 11 kW (%10 - %100) 6sa.20dk.
DC 100 kW (%10 - %80) 45 dk.
DC 50 kW (%10 - %80) 65 dk",,,,,,7.8 saniye,167 km/s,255 nm,204 BG,Güney Kore,,Binek,Elegance,,SUV,2024,BEV (Elektrikli),,C,Niro EV,Elektrik,https://www.epey.com/araba/2024-kia-niro-ev-204-ps-elegance-4x2.html,,,,,,,,,,,,,,,4 yıldız,2024 Kia Niro EV 204 PS Elegance (4x2) NCAP/ANCAP Web Sayfası,2022,Var,,,,,,,Önden Çekişli,,,,,,Otomatik,
910 kg,,1595 mm,3605 mm,1485 mm,,1010 lt,255 lt,,2024 Kia Picanto 1.0 63 PS AMT Feel,,2024 Kia Picanto 1.0 63 PS AMT Feel Test Sürüşü Talep Sayfası,2024 Kia Picanto 1.0 63 PS AMT Feel Ürün Kataloğu,,,,,,,,,,,,,,,Atmosferik,,3,998 cc,Çok Noktadan Enjeksiyon,18.2 saniye,145 km/s,93 nm,63 BG,Güney Kore,,Binek,Feel,,Hatchback,2024,İçten Yanmalı (Standart),,A,Picanto,Benzin,https://www.epey.com/araba/2024-kia-picanto-1-0-63-ps-amt-feel.html,,,,,,,123 g/km,,5.4 lt,,35 lt,,,,3 yıldız,2024 Kia Picanto 1.0 63 PS AMT Feel NCAP/ANCAP Web Sayfası,2017,Var,,,,,,,Önden Çekişli,,,,,5 ileri,Otomatik,
915 kg,,1595 mm,3605 mm,1485 mm,,1010 lt,255 lt,,2024 Kia Picanto 1.2 79 PS AMT Cool,,2024 Kia Picanto 1.2 79 PS AMT Cool Test Sürüşü Talep Sayfası,2024 Kia Picanto 1.2 79 PS AMT Cool Ürün Kataloğu,,,,,,,,,,,,,,,Atmosferik,,4,1197 cc,Çok Noktadan Enjeksiyon,16.5 saniye,159 km/s,113 nm,79 BG,Güney Kore,,Binek,Cool,,Hatchback,2024,İçten Yanmalı (Standart),,A,Picanto,Benzin,https://www.epey.com/araba/2024-kia-picanto-1-2-79-ps-amt-cool.html,,,,,,,131 g/km,,5.8 lt,,35 lt,,,,3 yıldız,2024 Kia Picanto 1.2 79 PS AMT Cool NCAP/ANCAP Web Sayfası,2017,Var,,,,,,,Önden Çekişli,,,,,5 ileri,Otomatik,
1325 kg,,1826 mm,4395 mm,1483 mm,,1378 lt,426 lt,,2024 Kia XCeed 1.5 T-GDI 140 PS DCT Cool Plus,,2024 Kia XCeed 1.5 T-GDI 140 PS DCT Cool Plus Test Sürüşü Talep Sayfası,2024 Kia XCeed 1.5 T-GDI 140 PS DCT Cool Plus Ürün Kataloğu,,,,,,,,,,,,,,,Turbo,,4,1482 cc,Direkt Enjeksiyon,10.4 saniye,195 km/s,253 nm,140 BG,Güney Kore,,Binek,Cool Plus,,Hatchback,2024,İçten Yanmalı (Standart),,C,XCeed,Benzin,https://www.epey.com/araba/2024-kia-xceed-1-5-t-gdi-140-ps-dct-cool-plus.html,,,,,,,,143 g/km,,6.3 lt,50 lt,,,,,,,,,,,,,,Önden Çekişli,,,,,7 ileri,Otomatik,DCT (Yarı Otm.)
1325 kg,,1826 mm,4395 mm,1483 mm,,1378 lt,426 lt,,2024 Kia XCeed 1.5 T-GDI 140 PS DCT Elegance Plus,,2024 Kia XCeed 1.5 T-GDI 140 PS DCT Elegance Plus Test Sürüşü Talep Sayfası,2024 Kia XCeed 1.5 T-GDI 140 PS DCT Elegance Plus Ürün Kataloğu,,,,,,,,,,,,,,,Turbo,,4,1482 cc,Direkt Enjeksiyon,10.4 saniye,195 km/s,253 nm,140 BG,Güney Kore,,Binek,Elegance Plus,,Hatchback,2024,İçten Yanmalı (Standart),,C,XCeed,Benzin,https://www.epey.com/araba/2024-kia-xceed-1-5-t-gdi-140-ps-dct-elegance-plus.html,,,,,,,,143 g/km,,6.3 lt,50 lt,,,,,,,,,,,,,,Önden Çekişli,,,,,7 ileri,Otomatik,DCT (Yarı Otm.)
1136 kg,,1652 mm,3620 mm,1577 mm,,,210 lt,,2024 LeapMotor T03 107 HP (4x2),,,2024 LeapMotor T03 107 HP (4x2) Ürün Kataloğu,,,,158 nm,,41.0 kW/sa,Lityum İyon,,,417 km,,80 kW,,"AC (%30 - %80) 210dk.
DC (%30 - %80) 36dk.",,,,,,12.1 saniye,130 km/s,158 nm,107 BG,Çin,,Binek,Standart,,Hatchback,2024,BEV (Elektrikli),1108 tl/yıl,A,T03,Elektrik,https://www.epey.com/araba/2024-leapmotor-t03-4x2.html,,,,,,,,,,,,,,,,,,,,,,,,,Önden Çekişli,,,,,1 ileri,Otomatik,Direksiyondan Kumandalı
1630 kg,,1820 mm,4751 mm,1446 mm,,,455 lt,,2024 Mercedes C 200 1.5 204 BG 4MATIC 9G-Tronic AMG (4x4),,2024 Mercedes C 200 1.5 204 BG 4MATIC 9G-Tronic AMG (4x4) Test Sürüşü Talep Sayfası,2024 Mercedes C 200 1.5 204 BG 4MATIC 9G-Tronic AMG (4x4) Ürün Kataloğu,,,,,,,,,,,,,,,Turbo,,4,1496 cc,Direkt Enjeksiyon,7.1 saniye,241 km/s,300 nm,204 BG,Almanya,,Binek,AMG,,Sedan,2024,İçten Yanmalı (Standart),,D,C,Benzin,https://www.epey.com/araba/2024-mercedes-c-200-1-5-204-bg-4matic-9g-tronic-amg-4x4.html,,,,,,,152 g/km,,6.6 lt,,50 lt,,5.2 lt,9.2 lt,5 yıldız,2024 Mercedes C 200 1.5 204 BG 4MATIC 9G-Tronic AMG (4x4) NCAP/ANCAP Web Sayfası,2022,Var,,,,,,,4x4 Çekişli,,,,,9 ileri,Otomatik,9G-Tronic (Otomatik)
1630 kg,,1820 mm,4751 mm,1446 mm,,,455 lt,,2024 Mercedes C 200 1.5 204 BG 4MATIC 9G-Tronic Avantgarde (4x4),,2024 Mercedes C 200 1.5 204 BG 4MATIC 9G-Tronic Avantgarde (4x4) Test Sürüşü Talep Sayfası,2024 Mercedes C 200 1.5 204 BG 4MATIC 9G-Tronic Avantgarde (4x4) Ürün Kataloğu,,,,,,,,,,,,,,,Turbo,,4,1496 cc,Direkt Enjeksiyon,7.1 saniye,241 km/s,300 nm,204 BG,Almanya,,Binek,Avantgarde,,Sedan,2024,İçten Yanmalı (Standart),,D,C,Benzin,https://www.epey.com/araba/2024-mercedes-c-200-1-5-204-bg-4matic-9g-tronic-avantgarde-4x4.html,,,,,,,152 g/km,,6.6 lt,,50 lt,,5.2 lt,9.2 lt,5 yıldız,2024 Mercedes C 200 1.5 204 BG 4MATIC 9G-Tronic Avantgarde (4x4) NCAP/ANCAP Web Sayfası,2022,Var,,,,,,,4x4 Çekişli,,,,,9 ileri,Otomatik,9G-Tronic (Otomatik)
2045 kg,,1834 mm,4463 mm,1620 mm,,1320 lt,340 lt,,2024 Mercedes EQA 250+ 190 BG AMG+ (4x2),,2024 Mercedes EQA 250+ 190 BG AMG+ (4x2) Test Sürüşü Talep Sayfası,2024 Mercedes EQA 250+ 190 BG AMG+ (4x2) Ürün Kataloğu,,,,385 nm,,70.5 kW/sa,,,,506 km,,140 kW,15.3 kWsa/100km,"AC (7.4 kW) (%10 - %100) 7sa.35dk.
DC (%10 - %80) 32dk.",,,,,,8.6 saniye,160 km/s,385 nm,190 BG,Almanya,,Binek,AMG+,,SUV,2024,BEV (Elektrikli),,C,EQA,Elektrik,https://www.epey.com/araba/2024-mercedes-eqa-250-plus-190-bg-amg-plus-4x2.html,,,,,,,,,,,,,,,5 yıldız,2024 Mercedes EQA 250+ 190 BG AMG+ (4x2) NCAP/ANCAP Web Sayfası,2019,Var,,,,,,,Önden Çekişli,,,,,,Otomatik,
2105 kg,,1834 mm,4463 mm,1620 mm,,1320 lt,340 lt,,2024 Mercedes EQA 350 4MATIC 292 BG AMG+ (4x4),,2024 Mercedes EQA 350 4MATIC 292 BG AMG+ (4x4) Test Sürüşü Talep Sayfası,2024 Mercedes EQA 350 4MATIC 292 BG AMG+ (4x4) Ürün Kataloğu,,,,520 nm,,66.5 kW/sa,,,,421 km,,215 kW,17.4 kWsa/100km,"AC (7.4 kW) (%10 - %100) 6sa.30dk.
DC (%10 - %80) 32dk.",,,,,,6.0 saniye,160 km/s,520 nm,292 BG,Almanya,,Binek,AMG+,,SUV,2024,BEV (Elektrikli),,C,EQA,Elektrik,https://www.epey.com/araba/2024-mercedes-eqa-350-4matic-292-bg-amg-plus-4x4.html,,,,,,,,,,,,,,,5 yıldız,2024 Mercedes EQA 350 4MATIC 292 BG AMG+ (4x4) NCAP/ANCAP Web Sayfası,2019,Var,,,,,,,4x4 Çekişli,,,,,,Otomatik,
2110 kg,,1834 mm,4687 mm,1706 mm,,1710 lt,495 lt,,2024 Mercedes EQB 250+ 190 BG AMG+ (4x2),,2024 Mercedes EQB 250+ 190 BG AMG+ (4x2) Test Sürüşü Talep Sayfası,2024 Mercedes EQB 250+ 190 BG AMG+ (4x2) Ürün Kataloğu,,,,385 nm,,70.5 kW/sa,Lityum İyon,,,481 km,,140 kW,16.1 kWsa/100km,"AC 11 kW (%10 - %100) 7sa.35dk.
DC 100 kW (%10 - %80) 32 dk.",,,,,,8.9 saniye,160 km/s,385 nm,190 BG,Almanya,,Binek,,,SUV,2024,BEV (Elektrikli),,Premium C,EQB,Elektrik,https://www.epey.com/araba/2024-mercedes-eqb-250-plus-190-bg-amg-plus-4x2-2.html,,,,,,,,,,,,,,,5 yıldız,2024 Mercedes EQB 250+ 190 BG AMG+ (4x2) NCAP/ANCAP Web Sayfası,2019,Var,,,,,,,Önden Çekişli,,,,,,Otomatik,
2175 kg,,1834 mm,4687 mm,1706 mm,,1710 lt,495 lt,,2024 Mercedes EQB 350 4MATIC 292 BG AMG+ (4x4),,2024 Mercedes EQB 350 4MATIC 292 BG AMG+ (4x4) Test Sürüşü Talep Sayfası,2024 Mercedes EQB 350 4MATIC 292 BG AMG+ (4x4) Ürün Kataloğu,,,,520 nm,,66.5 kW/sa,Lityum İyon,,,406 km,,215 kW,18.1 kWsa/100km,"AC 11 kW (%10 - %100) 5sa.45dk.
DC 100 kW (%10 - %80) 32 dk.",,,,,,6.2 saniye,160 km/s,520 nm,292 BG,Almanya,,Binek,,,SUV,2024,BEV (Elektrikli),,Premium C,EQB,Elektrik,https://www.epey.com/araba/2024-mercedes-eqb-350-4matic-292-bg-amg-plus-4x4.html,,,,,,,,,,,,,,,5 yıldız,2024 Mercedes EQB 350 4MATIC 292 BG AMG+ (4x4) NCAP/ANCAP Web Sayfası,2019,Var,,,,,,,4x4 Çekişli,,,,,,Otomatik,
1920 kg,,1919 mm,4674 mm,1613 mm,,1396 lt,357 lt,,2024 MG Marvel R 288 PS (4x4),,2024 MG Marvel R 288 PS (4x4) Test Sürüşü Talep Sayfası,2024 MG Marvel R 288 PS (4x4) Ürün Kataloğu,,,,665 nm,,70.0 kW/sa,Lityum İyon,Entegre AC Şarj Cihazı (11 kW),,370 km,,212 kW,20.9 kWsa/100km,"AC 11 kW Tip 2 (%0 - %100) 7sa
DC (%05 - %80) 43dk.",,,,,,4.9 saniye,200 km/s,665 nm,288 BG,İngiltere > Çin,,Binek,,,Hatchback,2024,BEV (Elektrikli),,D,Marvel R,Elektrik,https://www.epey.com/araba/2024-mg-marvel-r-288-ps-4x4.html,,,,,,,,,,,,,,,4 yıldız,2024 MG Marvel R 288 PS (4x4) NCAP/ANCAP Web Sayfası,2021,Var,,,,,,,4x4 Çekişli,,,,,,Otomatik,
1635 kg,,1836 mm,4287 mm,1504 mm,,1177 lt,363 lt,,2024 MG MG4 167 HP Comfort (4x2),,2024 MG MG4 167 HP Comfort (4x2) Test Sürüşü Talep Sayfası,2024 MG MG4 167 HP Comfort (4x2) Ürün Kataloğu,,,,250 nm,,51.0 kW/sa,,,,350 km,,125 kW,17.0 kWsa/100km,"Azami DC Şarj Gücü 88 kW
Dahili DC 6.6 kW (%10 - %80) 37dk.",,,,,,7.7 saniye,160 km/s,250 nm,167 BG,İngiltere > Çin,,Binek,Comfort,,Hatchback,2024,BEV (Elektrikli),,C,MG4,Elektrik,https://www.epey.com/araba/2024-mg-mg4-167-hp-comfort-4x2.html,,,,,,,,,,,,,,,5 yıldız,2024 MG MG4 167 HP Comfort (4x2) NCAP/ANCAP Web Sayfası,2022,Var,,,,,,,Arkadan İtişli,,,,,,Otomatik,
1675 kg,,1836 mm,4287 mm,1516 mm,,1165 lt,350 lt,,2024 MG MG4 204 HP Luxury (4x2),,2024 MG MG4 204 HP Luxury (4x2) Test Sürüşü Talep Sayfası,2024 MG MG4 204 HP Luxury (4x2) Ürün Kataloğu,,,,250 nm,,64.0 kW/sa,,,,435 km,,150 kW,16.6 kWsa/100km,"Azami DC Şarj Gücü 140 kW
Dahili DC 11 kW (%10 - %80) 26dk.",,,,,,7.9 saniye,160 km/s,250 nm,204 BG,İngiltere > Çin,,Binek,Luxury,,Hatchback,2024,BEV (Elektrikli),,C,MG4,Elektrik,https://www.epey.com/araba/2024-mg-mg4-204-hp-luxury-4x2.html,,,,,,,,,,,,,,,5 yıldız,2024 MG MG4 204 HP Luxury (4x2) NCAP/ANCAP Web Sayfası,2022,Var,,,,,,,Arkadan İtişli,,,,,,Otomatik,
1803 kg,,1836 mm,4287 mm,1516 mm,,1165 lt,350 lt,,2024 MG MG4 435 HP XPOWER (4x4),,2024 MG MG4 435 HP XPOWER (4x4) Test Sürüşü Talep Sayfası,2024 MG MG4 435 HP XPOWER (4x4) Ürün Kataloğu,,,,600 nm,,64.0 kW/sa,,,,385 km,,320 kW,18.7 kWsa/100km,"Azami DC Şarj Gücü 140 kW
Dahili DC 11 kW (%10 - %80) 26dk.",,,,,,3.8 saniye,200 km/s,600 nm,435 BG,İngiltere > Çin,,Binek,XPOWER,,Hatchback,2024,BEV (Elektrikli),,C,MG4,Elektrik,https://www.epey.com/araba/2024-mg-mg4-435-hp-xpower-4x4.html,,,,,,,,,,,,,,,5 yıldız,2024 MG MG4 435 HP XPOWER (4x4) NCAP/ANCAP Web Sayfası,2022,Var,,,,,,,4x4 Çekişli,,,,,,Otomatik,
1620 kg,,1809 mm,4323 mm,1649 mm,,1166 lt,448 lt,,2024 MG ZS EV Luxury 156 HP (4x2),,2024 MG ZS EV Luxury 156 HP (4x2) Test Sürüşü Talep Sayfası,2024 MG ZS EV Luxury 156 HP (4x2) Ürün Kataloğu,,,,280 nm,,,,,,440 km,,,,"DC (%05 - %80) 40dk.
DC (%30 - %80) 30dk.",,,,,,8.6 saniye,175 km/s,280 nm,156 BG,İngiltere > Çin,,Binek,Luxury,,SUV,2024,BEV (Elektrikli),3085 tl/yıl,B,ZS EV,Elektrik,https://www.epey.com/araba/2024-mg-zs-ev-luxury-4x2.html,,,,,,,,,,,,,,,5 yıldız,2024 MG ZS EV Luxury 156 HP (4x2) NCAP/ANCAP Web Sayfası,2019,Var,,,,,,,Önden Çekişli,,,,,,Otomatik,
1440 kg,,1727 mm,3850 mm,1432 mm,,731 lt,211 lt,,2024 Mini Cooper SE 184 PS (4x2),,2024 Mini Cooper SE 184 PS (4x2) Test Sürüşü Talep Sayfası,2024 Mini Cooper SE 184 PS (4x2) Ürün Kataloğu,,,,270 nm,,32.6 kW/sa,Lityum İyon,,,215 km,,135 kW,17.5 kWsa/100km,AC (11.2 kW) (%0 - %80) 2sa.30dk.,,,,,,7.3 saniye,150 km/s,270 nm,184 BG,İngiltere > Almanya,,Binek,,,Hatchback,2024,BEV (Elektrikli),,Premium C,Cooper SE,Elektrik,https://www.epey.com/araba/2024-mini-cooper-se-184-ps-4x2.html,,,,,,,,,,,,,,,4 yıldız,2024 Mini Cooper SE 184 PS (4x2) NCAP/ANCAP Web Sayfası,2014,Var,,,,,,,Önden Çekişli,,,,,,Otomatik,
1679 kg,,1860 mm,4374 mm,1488 mm,,1268 lt,352 lt,,2024 Opel Astra Elektrik 156 HP Ultimate (4x2),,2024 Opel Astra Elektrik 156 HP Ultimate (4x2) Test Sürüşü Talep Sayfası,,,,,270 nm,,54 kW/sa,,,,418 km,,115 kW,,"AC Duvar Tipi (11 kW) (%100) 5s 45dk.
AC Ev Tipi 3.2 kW (%100) 19sa.
DC Hızlı (100 kW) (%80) 26dk.",,,,,,9.2 saniye,170 km/s,270 nm,156 BG,Almanya > Fransa,,Binek,Ultimate,,Hatchback,2024,BEV (Elektrikli),719 tl/yıl,C,Astra Elektrik,Elektrik,https://www.epey.com/araba/2024-opel-astra-elektrik-156-hp-ultimate-4x2.html,,,,,,,,,,,,,,,4 yıldız,2024 Opel Astra Elektrik 156 HP Ultimate (4x2) NCAP/ANCAP Web Sayfası,2022,Var,,,,,,,Önden Çekişli,,,,,1 ileri,Redüktör Şanzıman,
1469 kg,,1960 mm,4061 mm,1435 mm,,,267 lt,,2024 Opel Corsa Elektrik 136 HP GS (4x2),,,2024 Opel Corsa Elektrik 136 HP GS (4x2) Ürün Kataloğu,,,,260 nm,,50.0 kW/sa,,Yerleşik AC Şarj Cihazı (7.4 kW),,354 km,492 km,100 kW,16.4 kWsa/100km,"AC (7.4 kW) (%0 - %100) 7sa.30dk.
DC (100 kW) (%0 - %80) 25dk.
DC (50 kW) (%0 - %80) 40dk.",,,,,,8.2 saniye,150 km/s,260 nm,136 BG,Almanya > Hollanda,,Binek,GS,,Hatchback,2024,BEV (Elektrikli),,B,Corsa Elektrik,Elektrik,https://www.epey.com/araba/2024-opel-corsa-elektrik-136-hp-gs-4x2.html,,,,,,,,,,,,,,,,,,,,,,,,,Önden Çekişli,,,,,1 ileri,Redüktör Şanzıman,
1523 kg,,1791 mm,4151 mm,1534 mm,,1060 lt,310 lt,,2024 Opel Mokka Elektrik 136 BG Ultimate (4x2),,,2024 Opel Mokka Elektrik 136 BG Ultimate (4x2) Ürün Kataloğu,,,,260 nm,,50.0 kW/sa,,Yerleşik AC Şarj Cihazı (7.4 kW),,327 km,450 km,100 kW,16.2 kWsa/100km,"AC (7.4 kW) (%0 - %100) 7sa.30dk.
DC (100 kW) (%0 - %80) 30dk.
DC (50 kW) (%0 - %80) 45dk.",,,,,,9.2 saniye,150 km/s,260 nm,136 BG,Almanya > Hollanda,,Binek,Ultimate,,SUV,2024,BEV (Elektrikli),,B,Mokka Elektrik,Elektrik,https://www.epey.com/araba/2024-opel-mokka-elektrik-136-bg-ultimate-4x2.html,,,,,,,,,,,,,,,4 yıldız,2024 Opel Mokka Elektrik 136 BG Ultimate (4x2) NCAP/ANCAP Web Sayfası,2021,Var,,,,,,,Önden Çekişli,,,,,1 ileri,Redüktör Şanzıman,
1393 kg,,1859 mm,4687 mm,1478 mm,,1611 lt,536 lt,,2024 Peugeot 408 1.2 PureTech 130 HP EAT8 Allure,,2024 Peugeot 408 1.2 PureTech 130 HP EAT8 Allure Test Sürüşü Talep Sayfası,2024 Peugeot 408 1.2 PureTech 130 HP EAT8 Allure Ürün Kataloğu,,,,,,,,,,,,,,,Turbo,,3,1199 cc,Direkt Enjeksiyon,10.4 saniye,210 km/s,230 nm,130 BG,Fransa,,Binek,Allure,,Sedan,2024,İçten Yanmalı (Standart),,C,408,Benzin,https://www.epey.com/araba/2024-peugeot-408-1-2-puretech-130-hp-eat8-allure.html,,,,,,,,138 g/km,,6.1 lt,52 lt,,,,4 yıldız,2024 Peugeot 408 1.2 PureTech 130 HP EAT8 Allure NCAP/ANCAP Web Sayfası,2022,Var,,,,,,,Önden Çekişli,,,,,8 ileri,Otomatik,EAT8 (Otomatik)
1393 kg,,1859 mm,4687 mm,1478 mm,,1611 lt,536 lt,,2024 Peugeot 408 1.2 PureTech 130 HP EAT8 GT,,2024 Peugeot 408 1.2 PureTech 130 HP EAT8 GT Test Sürüşü Talep Sayfası,2024 Peugeot 408 1.2 PureTech 130 HP EAT8 GT Ürün Kataloğu,,,,,,,,,,,,,,,Turbo,,3,1199 cc,Direkt Enjeksiyon,10.4 saniye,210 km/s,230 nm,130 BG,Fransa,,Binek,GT,,Sedan,2024,İçten Yanmalı (Standart),,C,408,Benzin,https://www.epey.com/araba/2024-peugeot-408-1-2-puretech-130-hp-eat8-gt.html,,,,,,,,138 g/km,,6.1 lt,52 lt,,,,4 yıldız,2024 Peugeot 408 1.2 PureTech 130 HP EAT8 GT NCAP/ANCAP Web Sayfası,2022,Var,,,,,,,Önden Çekişli,,,,,8 ileri,Otomatik,EAT8 (Otomatik)
1550 kg,,1815 mm,4300 mm,1550 mm,,1015 lt,434 lt,,2024 Peugeot E-2008 156 HP Active Prime (4x2),,2024 Peugeot E-2008 156 HP Active Prime (4x2) Test Sürüşü Talep Sayfası,2024 Peugeot E-2008 156 HP Active Prime (4x2) Ürün Kataloğu,,,,260 nm,,54 kW/sa,Lityum İyon,,,406 km,,115 kW,,"AC 7.4 kW (%0 - %100) 7.4sa.
AC 7.4 kW (%20 - %80) 4.4sa.
DC (%20 - %80) 30dk.",,,,,,9.1 saniye,150 km/s,,156 BG,Fransa,,Binek,Active Prime,,SUV,2024,BEV (Elektrikli),,B,E-2008,Elektrik,https://www.epey.com/araba/2024-peugeot-e-2008-active-prime-156-hp-4x2.html,,,,,,,,,,,,,,,4 yıldız,2024 Peugeot E-2008 156 HP Active Prime (4x2) NCAP/ANCAP Web Sayfası,2019,Var,,,,,,,Önden Çekişli,,,,,1 ileri,Redüktör Şanzıman,
1550 kg,,1815 mm,4300 mm,1550 mm,,1015 lt,434 lt,,2024 Peugeot E-2008 156 HP Allure (4x2),,2024 Peugeot E-2008 156 HP Allure (4x2) Test Sürüşü Talep Sayfası,2024 Peugeot E-2008 156 HP Allure (4x2) Ürün Kataloğu,,,,260 nm,,54 kW/sa,Lityum İyon,,,406 km,,115 kW,,"AC 7.4 kW (%0 - %100) 7.4sa.
AC 7.4 kW (%20 - %80) 4.4sa.
DC (%20 - %80) 30dk.",,,,,,9.1 saniye,150 km/s,,156 BG,Fransa,,Binek,Allure,,SUV,2024,BEV (Elektrikli),,B,E-2008,Elektrik,https://www.epey.com/araba/2024-peugeot-e-2008-allure-156-hp-4x2.html,,,,,,,,,,,,,,,4 yıldız,2024 Peugeot E-2008 156 HP Allure (4x2) NCAP/ANCAP Web Sayfası,2019,Var,,,,,,,Önden Çekişli,,,,,1 ileri,Redüktör Şanzıman,
1550 kg,,1815 mm,4300 mm,1550 mm,,1015 lt,434 lt,,2024 Peugeot E-2008 156 HP GT (4x2),,2024 Peugeot E-2008 156 HP GT (4x2) Test Sürüşü Talep Sayfası,2024 Peugeot E-2008 156 HP GT (4x2) Ürün Kataloğu,,,,260 nm,,54 kW/sa,Lityum İyon,,,406 km,,115 kW,,"AC 7.4 kW (%0 - %100) 7.4sa.
AC 7.4 kW (%20 - %80) 4.4sa.
DC (%20 - %80) 30dk.",,,,,,9.1 saniye,150 km/s,,156 BG,Fransa,,Binek,GT,,SUV,2024,BEV (Elektrikli),,B,E-2008,Elektrik,https://www.epey.com/araba/2024-peugeot-e-2008-gt-156-hp-4x2.html,,,,,,,,,,,,,,,4 yıldız,2024 Peugeot E-2008 156 HP GT (4x2) NCAP/ANCAP Web Sayfası,2019,Var,,,,,,,Önden Çekişli,,,,,1 ileri,Redüktör Şanzıman,
1684 kg,,1859 mm,4367 mm,1481 mm,,,361 lt,,2024 Peugeot E-308 156 HP GT (4x2),,2024 Peugeot E-308 156 HP GT (4x2) Test Sürüşü Talep Sayfası,2024 Peugeot E-308 156 HP GT (4x2) Ürün Kataloğu,,,,270 nm,,54 kW/sa,Lityum İyon,Entegre AC Şarj Cihazı (11 kW),,410 km,510 km,115 kW,15.1 kWsa/100km,"AC Duvar Tipi (%0 - %100) 5sa.
DC (100 kW) (%0 - %80) 30dk.",,,,,,10.5 saniye,170 km/s,270 nm,156 BG,Fransa,,Binek,GT,,Hatchback,2024,BEV (Elektrikli),,C,E-308,Elektrik,https://www.epey.com/araba/2024-peugeot-e-308-156-hp-gt-4x2.html,,,,,,,,,,,,,,,4 yıldız,2024 Peugeot E-308 156 HP GT (4x2) NCAP/ANCAP Web Sayfası,2022,Var,,,,,,,Önden Çekişli,,,,,1 ileri,Redüktör Şanzıman,
1566 kg,,1848 mm,4403 mm,1818 mm,,1514 lt,775 lt,,2024 Peugeot Rifter 1.5 BlueHDi 130 HP Allure,,2024 Peugeot Rifter 1.5 BlueHDi 130 HP Allure Test Sürüşü Talep Sayfası,2024 Peugeot Rifter 1.5 BlueHDi 130 HP Allure Ürün Kataloğu,,,,,,,,,,,,,,,Turbo,,4,1499 cc,Common Rail Direkt Enjeksiyon,10.4 saniye,181 km/s,300 nm,130 BG,Fransa,,Ticari,Allure,,Kombi,2024,İçten Yanmalı (Standart),,Hafif Ticari,Rifter,Dizel,https://www.epey.com/araba/2024-peugeot-rifter-1-5-bluehdi-130-hp-allure.html,,,,,,,,156 g/km,,6.0 lt,50 lt,,,,4 yıldız,2024 Peugeot Rifter 1.5 BlueHDi 130 HP Allure NCAP/ANCAP Web Sayfası,2018,Var,,,,,,,Önden Çekişli,,,,,6 ileri,Manuel,
1598 kg,,1848 mm,4403 mm,1818 mm,,1514 lt,775 lt,,2024 Peugeot Rifter 1.5 BlueHDi 130 HP EAT8 Allure,,2024 Peugeot Rifter 1.5 BlueHDi 130 HP EAT8 Allure Test Sürüşü Talep Sayfası,2024 Peugeot Rifter 1.5 BlueHDi 130 HP EAT8 Allure Ürün Kataloğu,,,,,,,,,,,,,,,Turbo,,4,1499 cc,Common Rail Direkt Enjeksiyon,10.8 saniye,184 km/s,300 nm,130 BG,Fransa,,Ticari,Allure,,Kombi,2024,İçten Yanmalı (Standart),,Hafif Ticari,Rifter,Dizel,https://www.epey.com/araba/2024-peugeot-rifter-1-5-bluehdi-130-hp-eat8-allure.html,,,,,,,,158 g/km,,6.0 lt,50 lt,,,,4 yıldız,2024 Peugeot Rifter 1.5 BlueHDi 130 HP EAT8 Allure NCAP/ANCAP Web Sayfası,2018,Var,,,,,,,Önden Çekişli,,,,,8 ileri,Otomatik,
1598 kg,,1848 mm,4403 mm,1818 mm,,1514 lt,775 lt,,2024 Peugeot Rifter 1.5 BlueHDi 130 HP EAT8 GT,,2024 Peugeot Rifter 1.5 BlueHDi 130 HP EAT8 GT Test Sürüşü Talep Sayfası,2024 Peugeot Rifter 1.5 BlueHDi 130 HP EAT8 GT Ürün Kataloğu,,,,,,,,,,,,,,,Turbo,,4,1499 cc,Common Rail Direkt Enjeksiyon,10.8 saniye,184 km/s,300 nm,130 BG,Fransa,,Ticari,GT,,Kombi,2024,İçten Yanmalı (Standart),,Hafif Ticari,Rifter,Dizel,https://www.epey.com/araba/2024-peugeot-rifter-1-5-bluehdi-130-hp-eat8-gt.html,,,,,,,,158 g/km,,6.0 lt,50 lt,,,,4 yıldız,2024 Peugeot Rifter 1.5 BlueHDi 130 HP EAT8 GT NCAP/ANCAP Web Sayfası,2018,Var,,,,,,,Önden Çekişli,,,,,8 ileri,Otomatik,
471 kg,,1334 mm,2494 mm,1649 mm,,200 lt,,,2024 Reeder ReeV Fancy,,,,,,,,,7.5 kW/sa,LiFePO 4 (Lityum-Demir-Fosfat),,100 km,,,,,Ev Tipi AC 2.3 kW (%0 - %100) 5 Saat,,,,,,,45 km/s,,,Türkiye,,Binek,Fancy,,Hatchback,2024,BEV (Elektrikli),,,ReeV,Elektrik,https://www.epey.com/araba/2024-reeder-reev-fancy.html,,,,,,,,,,,,,,,,,,,,,,,,,,,,,,,,
740 kg,,1498 mm,3162 mm,1580 mm,,,,,2024 Relive BAW01 27 HP (4x2),,,2024 Relive BAW01 27 HP (4x2) Ürün Kataloğu,,,,85 nm,,13.7 kW/sa,Lityum Demir Fosfat (LFP),,,170 km,,20 kW,,,,,,,,,100 km/s,85 nm,27 BG,Türkiye,,Binek,,,Hatchback,2024,BEV (Elektrikli),,A,BAW01,Elektrik,https://www.epey.com/araba/2024-relive-baw01-27-hp-4x2.html,,,,,,,,,,,,,,,,,,,,,,,,,Arkadan İtişli,,,,,,Otomatik,
1450 kg,,1770 mm,3920 mm,1500 mm,,,326 lt,,2024 Renault 5 E-Tech 150 HP (4x2),,2024 Renault 5 E-Tech 150 HP (4x2) Test Sürüşü Talep Sayfası,,,,,245 nm,,52.0 kW/sa,Lityum İyon,,,400 km,,110 kW,13.0 kWsa/100km,,,,,,,7.5 saniye,150 km/s,245 nm,150 BG,Fransa,,Binek,,,Hatchback,2024,BEV (Elektrikli),,B,Renault 5,Elektrik,https://www.epey.com/araba/2024-renault-5-e-tech-150-hp-4x2.html,,,,,,,,,,,,,,,,,,,,,,,,,Önden Çekişli,,,,,,Otomatik,
1748 kg,,1825 mm,4510 mm,1664 mm,,1455 lt,430 lt,,2024 Renault Austral 1.2 E-Tech Full Hybrid 200 HP Techno Esprit Alpine (4x2),,2024 Renault Austral 1.2 E-Tech Full Hybrid 200 HP Techno Esprit Alpine (4x2) Test Sürüşü Talep Sayfası,2024 Renault Austral 1.2 E-Tech Full Hybrid 200 HP Techno Esprit Alpine (4x2) Ürün Kataloğu,,,,,,1.7 kW/sa,Lityum İyon,,,,,146 kW,,,Turbo,,3,1199 cc,Direkt Enjeksiyon,8.4 saniye,175 km/s,205 nm,200 BG,Fransa,,Binek,Techno Esprit Alpine,,SUV,2024,HEV (Benzinli & Elektrikli),,C,Austral,Benzin & Elektrik,https://www.epey.com/araba/2024-renault-austral-1-2-e-tech-full-hybrid-200-hp-techno-esprit-alpine-4x2.html,,,,,,,,109 g/km,,4.8 lt,55 lt,,,,5 yıldız,2024 Renault Austral 1.2 E-Tech Full Hybrid 200 HP Techno Esprit Alpine (4x2) NCAP/ANCAP Web Sayfası,2022,Var,,,,,,,Önden Çekişli,,,,,,Otomatik,
1607 kg,,1825 mm,4510 mm,1664 mm,,1525 lt,500 lt,,2024 Renault Austral 1.3 Mild Hybrid 160 HP Techno (4x2),,2024 Renault Austral 1.3 Mild Hybrid 160 HP Techno (4x2) Test Sürüşü Talep Sayfası,2024 Renault Austral 1.3 Mild Hybrid 160 HP Techno (4x2) Ürün Kataloğu,,,,,,,Lityum İyon,,,,,,,,Turbo,,4,1333 cc,Direkt Enjeksiyon,9.7 saniye,175 km/s,270 nm,160 BG,Fransa,,Binek,Techno,,SUV,2024,MHEV (Yarı Hibrit Sistem),,C,Austral,Benzin & Elektrik,https://www.epey.com/araba/2024-renault-austral-1-3-mild-hybrid-160-hp-techno-4x2.html,,,,,,,,143 g/km,,6.3 lt,55 lt,,,,5 yıldız,2024 Renault Austral 1.3 Mild Hybrid 160 HP Techno (4x2) NCAP/ANCAP Web Sayfası,2022,Var,,,,,,,Önden Çekişli,,,,,,Otomatik,Sürekli Değişken
1607 kg,,1825 mm,4510 mm,1664 mm,,1525 lt,500 lt,,2024 Renault Austral 1.3 Mild Hybrid 160 HP Techno Esprit Alpine (4x2),,2024 Renault Austral 1.3 Mild Hybrid 160 HP Techno Esprit Alpine (4x2) Test Sürüşü Talep Sayfası,2024 Renault Austral 1.3 Mild Hybrid 160 HP Techno Esprit Alpine (4x2) Ürün Kataloğu,,,,,,,Lityum İyon,,,,,,,,Turbo,,4,1333 cc,Direkt Enjeksiyon,9.7 saniye,175 km/s,270 nm,160 BG,Fransa,,Binek,Techno Esprit Alpine,,SUV,2024,MHEV (Yarı Hibrit Sistem),,C,Austral,Benzin & Elektrik,https://www.epey.com/araba/2024-renault-austral-1-3-mild-hybrid-160-hp-techno-esprit-alpine-4x2.html,,,,,,,,143 g/km,,6.3 lt,55 lt,,,,5 yıldız,2024 Renault Austral 1.3 Mild Hybrid 160 HP Techno Esprit Alpine (4x2) NCAP/ANCAP Web Sayfası,2022,Var,,,,,,,Önden Çekişli,,,,,,Otomatik,Sürekli Değişken
1082 kg,,1798 mm,4053 mm,1440 mm,,1069 lt,391 lt,,2024 Renault Clio 1.0 TCe 90 BG Equilibre,,2024 Renault Clio 1.0 TCe 90 BG Equilibre Test Sürüşü Talep Sayfası,2024 Renault Clio 1.0 TCe 90 BG Equilibre Ürün Kataloğu,,,,,,,,,,,,,,,Turbo,,3,999 cc,Çok Noktadan Enjeksiyon,12.2 saniye,174 km/s,160 nm,90 BG,Fransa,,Binek,Equilibre,Var,Hatchback,2024,İçten Yanmalı (Standart),,B,Clio,Benzin,https://www.epey.com/araba/2024-renault-clio-1-0-tce-90-bg-equilibre.html,,,,,,,,,,,42 lt,,,,5 yıldız,2024 Renault Clio 1.0 TCe 90 BG Equilibre NCAP/ANCAP Web Sayfası,2019,Var,,,,,,,Önden Çekişli,,,,,6 ileri,Manuel,
1173 kg,,1798 mm,4053 mm,1440 mm,,1069 lt,391 lt,,2024 Renault Clio 1.0 TCe 90 BG X-tronic Evolution,,2024 Renault Clio 1.0 TCe 90 BG X-tronic Evolution Test Sürüşü Talep Sayfası,2024 Renault Clio 1.0 TCe 90 BG X-tronic Evolution Ürün Kataloğu,,,,,,,,,,,,,,,Turbo,,3,999 cc,Çok Noktadan Enjeksiyon,12.4 saniye,175 km/s,142 nm,90 BG,Fransa,,Binek,Evolution,Var,Hatchback,2024,İçten Yanmalı (Standart),,B,Clio,Benzin,https://www.epey.com/araba/2024-renault-clio-1-0-tce-90-bg-x-tronic-evolution.html,,,,,,,,,,,42 lt,,,,5 yıldız,2024 Renault Clio 1.0 TCe 90 BG X-tronic Evolution NCAP/ANCAP Web Sayfası,2019,Var,,,,,,,Önden Çekişli,,,,,,Otomatik,X-Tronic (Değişken Oranlı)
1173 kg,,1798 mm,4053 mm,1440 mm,,1069 lt,391 lt,,2024 Renault Clio 1.0 TCe 90 BG X-tronic Techno Esprit Alpine,,2024 Renault Clio 1.0 TCe 90 BG X-tronic Techno Esprit Alpine Test Sürüşü Talep Sayfası,2024 Renault Clio 1.0 TCe 90 BG X-tronic Techno Esprit Alpine Ürün Kataloğu,,,,,,,,,,,,,,,Turbo,,3,999 cc,Çok Noktadan Enjeksiyon,12.4 saniye,175 km/s,142 nm,90 BG,Fransa,,Binek,Techno Esprit Alpine,Var,Hatchback,2024,İçten Yanmalı (Standart),,B,Clio,Benzin,https://www.epey.com/araba/2024-renault-clio-1-0-tce-90-bg-x-tronic-techno-esprit-alpine.html,,,,,,,,,,,42 lt,,,,5 yıldız,2024 Renault Clio 1.0 TCe 90 BG X-tronic Techno Esprit Alpine NCAP/ANCAP Web Sayfası,2019,Var,,,,,,,Önden Çekişli,,,,,,Otomatik,X-Tronic (Değişken Oranlı)
1238 kg,,1798 mm,4053 mm,1440 mm,,1069 lt,391 lt,,2024 Renault Clio 1.6 E-Tech Full Hybrid 145 BG Techno Esprit Alpine,,2024 Renault Clio 1.6 E-Tech Full Hybrid 145 BG Techno Esprit Alpine Test Sürüşü Talep Sayfası,2024 Renault Clio 1.6 E-Tech Full Hybrid 145 BG Techno Esprit Alpine Ürün Kataloğu,,,,,,1.2 kW/sa,,,,,,,,,Atmosferik,,4,1598 cc,Çok Noktadan Enjeksiyon,12.4 saniye,175 km/s,205 nm,145 BG,Fransa,,Binek,Techno Esprit Alpine,Var,Hatchback,2024,HEV (Benzinli & Elektrikli),,B,Clio,Benzin & Elektrik,https://www.epey.com/araba/2024-renault-clio-1-6-e-tech-full-hybrid-145-bg-techno-esprit-alpine.html,,,,,,,,,,,42 lt,,,,5 yıldız,2024 Renault Clio 1.6 E-Tech Full Hybrid 145 BG Techno Esprit Alpine NCAP/ANCAP Web Sayfası,2019,Var,,,,,,,Önden Çekişli,,,,,,Otomatik,MultiMode (Yarı Otm.)
1276 kg,,1813 mm,4343 mm,1656 mm,,1545 lt,453 lt,,2024 Renault Duster 1.0 Eco-G 100 HP Evolution (4x2),,2024 Renault Duster 1.0 Eco-G 100 HP Evolution (4x2) Test Sürüşü Talep Sayfası,2024 Renault Duster 1.0 Eco-G 100 HP Evolution (4x2) Ürün Kataloğu,,,,,,,,,,,,,,,Turbo,,3,999 cc,Çok Noktadan Enjeksiyon,14.0 saniye,163 km/s,170 nm,100 BG,Fransa,,Binek,Evolution,,SUV,2024,İçten Yanmalı (Standart),,C,Duster,Benzin & LPG,https://www.epey.com/araba/2024-renault-duster-1-0-eco-g-100-hp-evolution-4x2.html,Var,127 g/km,51 lt,8.1 lt,,,,147 g/km,,6.5 lt,50 lt,,,,3 yıldız,2024 Renault Duster 1.0 Eco-G 100 HP Evolution (4x2) NCAP/ANCAP Web Sayfası,2024,Var,,,,,,,Önden Çekişli,,,,,6 ileri,Manuel,
1304 kg,,1813 mm,4343 mm,1656 mm,,1548 lt,456 lt,,2024 Renault Duster 1.2 Mild Hybrid 130 HP Advanced (4x4),,2024 Renault Duster 1.2 Mild Hybrid 130 HP Advanced (4x4) Test Sürüşü Talep Sayfası,2024 Renault Duster 1.2 Mild Hybrid 130 HP Advanced (4x4) Ürün Kataloğu,,,,,,,,,,,,,,,Turbo,,3,1199 cc,Direkt Enjeksiyon,11.0 saniye,180 km/s,230 nm,130 BG,Fransa,,Binek,Advanced,,SUV,2024,MHEV (Yarı Hibrit Sistem),,C,Duster,Benzin & Elektrik,https://www.epey.com/araba/2024-renault-duster-1-2-mild-hybrid-130-hp-advanced-4x4.html,,,,,,,,114 g/km,,5.0 lt,50 lt,,,,3 yıldız,2024 Renault Duster 1.2 Mild Hybrid 130 HP Advanced (4x4) NCAP/ANCAP Web Sayfası,2024,Var,,,,,,,4x4 Çekişli,,,,,6 ileri,Manuel,
1304 kg,,1813 mm,4343 mm,1656 mm,,1548 lt,456 lt,,2024 Renault Duster 1.2 Mild Hybrid 130 HP Techno (4x4),,2024 Renault Duster 1.2 Mild Hybrid 130 HP Techno (4x4) Test Sürüşü Talep Sayfası,2024 Renault Duster 1.2 Mild Hybrid 130 HP Techno (4x4) Ürün Kataloğu,,,,,,,,,,,,,,,Turbo,,3,1199 cc,Direkt Enjeksiyon,11.0 saniye,180 km/s,230 nm,130 BG,Fransa,,Binek,Techno,,SUV,2024,MHEV (Yarı Hibrit Sistem),,C,Duster,Benzin & Elektrik,https://www.epey.com/araba/2024-renault-duster-1-2-mild-hybrid-130-hp-techno-4x4.html,,,,,,,,114 g/km,,5.0 lt,50 lt,,,,3 yıldız,2024 Renault Duster 1.2 Mild Hybrid 130 HP Techno (4x4) NCAP/ANCAP Web Sayfası,2024,Var,,,,,,,4x4 Çekişli,,,,,6 ileri,Manuel,
1380 kg,,1813 mm,4343 mm,1656 mm,,1545 lt,430 lt,,2024 Renault Duster 1.6 E-Tech Full Hybrid 145 HP Evolution (4x2),,2024 Renault Duster 1.6 E-Tech Full Hybrid 145 HP Evolution (4x2) Test Sürüşü Talep Sayfası,2024 Renault Duster 1.6 E-Tech Full Hybrid 145 HP Evolution (4x2) Ürün Kataloğu,,,,,,,,,,,,,,,Atmosferik,,4,1598 cc,Çok Noktadan Enjeksiyon,10.1 saniye,160 km/s,205 nm,145 BG,Fransa,,Binek,Evolution,,SUV,2024,HEV (Benzinli & Elektrikli),,C,Duster,Benzin & Elektrik,https://www.epey.com/araba/2024-renault-duster-1-6-e-tech-full-hybrid-145-hp-evolution-4x2.html,,,,,,,,114 g/km,,5.0 lt,50 lt,,,,3 yıldız,2024 Renault Duster 1.6 E-Tech Full Hybrid 145 HP Evolution (4x2) NCAP/ANCAP Web Sayfası,2024,Var,,,,,,,Önden Çekişli,,,,,,Otomatik,MultiMode (Yarı Otm.)
1380 kg,,1813 mm,4343 mm,1656 mm,,1545 lt,430 lt,,2024 Renault Duster 1.6 E-Tech Full Hybrid 145 HP Techno (4x2),,2024 Renault Duster 1.6 E-Tech Full Hybrid 145 HP Techno (4x2) Test Sürüşü Talep Sayfası,,,,,,,,,,,,,,,,Atmosferik,,4,1598 cc,Çok Noktadan Enjeksiyon,10.1 saniye,160 km/s,205 nm,145 BG,Fransa,,Binek,Techno,,SUV,2024,HEV (Benzinli & Elektrikli),,C,Duster,Benzin & Elektrik,https://www.epey.com/araba/2024-renault-duster-1-6-e-tech-full-hybrid-145-hp-techno-4x2.html,,,,,,,,114 g/km,,5.0 lt,50 lt,,,,3 yıldız,2024 Renault Duster 1.6 E-Tech Full Hybrid 145 HP Techno (4x2) NCAP/ANCAP Web Sayfası,2024,Var,,,,,,,Önden Çekişli,,,,,,Otomatik,MultiMode (Yarı Otm.)
1708 kg,,1768 mm,4200 mm,1505 mm,,1332 lt,440 lt,,2024 Renault Megane E-Tech 220 HP Iconic (4x2),,2024 Renault Megane E-Tech 220 HP Iconic (4x2) Test Sürüşü Talep Sayfası,2024 Renault Megane E-Tech 220 HP Iconic (4x2) Ürün Kataloğu,,,,300 nm,,60 kW/sa,Lityum İyon,,,450 km,,160 kW,,"AC (22 kW) (%0 - %80) 2sa.25dk.
AC (7.4 kW) (%0 - %80) 7sa.24dk.
DC (130 kW) (%0 - %80) 42dk.",,,,,,7.4 saniye,160 km/s,300 nm,220 BG,Fransa,,Binek,Iconic,,Crossover,2024,BEV (Elektrikli),,C,Megane E-Tech,Elektrik,https://www.epey.com/araba/2024-renault-megane-e-tech-220-hp-iconic-4x2.html,,,,,,,,,,,,,,,5 yıldız,2024 Renault Megane E-Tech 220 HP Iconic (4x2) NCAP/ANCAP Web Sayfası,2022,Var,,,,,,,Önden Çekişli,,,,,,Otomatik,
1708 kg,,1768 mm,4200 mm,1505 mm,,1332 lt,440 lt,,2024 Renault Megane E-Tech 220 HP Techno (4x2),,2024 Renault Megane E-Tech 220 HP Techno (4x2) Test Sürüşü Talep Sayfası,2024 Renault Megane E-Tech 220 HP Techno (4x2) Ürün Kataloğu,,,,300 nm,,60 kW/sa,Lityum İyon,,,450 km,,160 kW,,"AC (22 kW) (%0 - %80) 2sa.25dk.
AC (7.4 kW) (%0 - %80) 7sa.24dk.
DC (130 kW) (%0 - %80) 42dk.",,,,,,7.4 saniye,160 km/s,300 nm,220 BG,Fransa,,Binek,Techno,,Crossover,2024,BEV (Elektrikli),,C,Megane E-Tech,Elektrik,https://www.epey.com/araba/2024-renault-megane-e-tech-220-hp-techno-4x2.html,,,,,,,,,,,,,,,5 yıldız,2024 Renault Megane E-Tech 220 HP Techno (4x2) NCAP/ANCAP Web Sayfası,2022,Var,,,,,,,Önden Çekişli,,,,,,Otomatik,
1577 kg,,1787 mm,4087 mm,1562 mm,,1225 lt,338 lt,,2024 Renault ZOE E-Tech 135 BG Intense (4x2),,2024 Renault ZOE E-Tech 135 BG Intense (4x2) Test Sürüşü Talep Sayfası,2024 Renault ZOE E-Tech 135 BG Intense (4x2) Ürün Kataloğu,,,,245 nm,,52.0 kW/sa,Lityum İyon,,,386 km,,100 kW,17.7 kWsa/100km,"AC (22 kW) (%0 - %80) 2sa.15dk.
DC (50 kW) (%0 - %80) 65dk.",,,,,,9.5 saniye,140 km/s,,135 BG,Fransa,,Binek,Intense,,Hatchback,2024,BEV (Elektrikli),,B,ZOE,Elektrik,https://www.epey.com/araba/2024-renault-zoe-e-tech-135-bg-intense-4x2.html,,,,,,,,,,,,,,,,,,,,,,,,,Önden Çekişli,,,,,,Otomatik,
1690 kg,,1850 mm,4385 mm,1650 mm,,,526 lt,,2024 Seres 3 160 HP (4x2),,,2024 Seres 3 160 HP (4x2) Ürün Kataloğu,,,,300 nm,,53.61 kW/sa,Lityum İyon,,,310 km,,120 kW,,"AC 6.6 kW 8sa.
DC (%20 - %80) 30dk.",,,,,,,,300 nm,160 BG,Çin,,Binek,Standart,,SUV,2024,BEV (Elektrikli),719 tl/yıl,C,Seres 3,Elektrik,https://www.epey.com/araba/2024-seres-3-160-hp-4x2.html,,,,,,,,,,,,,,,,,,,,,,,,,Önden Çekişli,,,,,,Otomatik,
2005 kg,,1908 mm,4720 mm,1696 mm,,1141 lt,467 lt,,2024 Skywell ET-5 LR Exclusive 204 HP (4x2),,2024 Skywell ET-5 LR Exclusive 204 HP (4x2) Test Sürüşü Talep Sayfası,2024 Skywell ET-5 LR Exclusive 204 HP (4x2) Ürün Kataloğu,,,,320 nm,,86 kW/sa,,,,,642 km,150 kW,,"DC (380v) (%20 - %70) 38dk.
Kutu (11kw) 8sa.",,,,,,7.9 saniye,,320 nm,204 BG,Çin,,Binek,Exclusive,,SUV,2024,BEV (Elektrikli),4627 tl/yıl,D,ET-5 LR,Elektrik,https://www.epey.com/araba/2024-skywell-et-5-lr-exclusive-4x2.html,,,,,,,,,,,,,,,5 yıldız,2024 Skywell ET-5 LR Exclusive 204 HP (4x2) NCAP/ANCAP Web Sayfası,,Var,,,,,,,Önden Çekişli,,,,,,Otomatik,
2005 kg,,1908 mm,4720 mm,1696 mm,,1141 lt,467 lt,,2024 Skywell ET-5 LR Legend 204 HP (4x2),,2024 Skywell ET-5 LR Legend 204 HP (4x2) Test Sürüşü Talep Sayfası,2024 Skywell ET-5 LR Legend 204 HP (4x2) Ürün Kataloğu,,,,320 nm,,86 kW/sa,,,,,642 km,150 kW,,"DC (380v) (%20 - %70) 38dk.
Kutu (11kw) 8sa.",,,,,,7.9 saniye,,320 nm,204 BG,Çin,,Binek,Legend,,SUV,2024,BEV (Elektrikli),4627 tl/yıl,D,ET-5 LR,Elektrik,https://www.epey.com/araba/2024-skywell-et-5-lr-legend-4x2.html,,,,,,,,,,,,,,,5 yıldız,2024 Skywell ET-5 LR Legend 204 HP (4x2) NCAP/ANCAP Web Sayfası,,Var,,,,,,,Önden Çekişli,,,,,,Otomatik,
1915 kg,,1890 mm,4715 mm,1725 mm,,1662 lt,839 lt,,2024 Ssangyong Torres EVX 207 PS (4x2),,2024 Ssangyong Torres EVX 207 PS (4x2) Test Sürüşü Talep Sayfası,2024 Ssangyong Torres EVX 207 PS (4x2) Ürün Kataloğu,,,,339 nm,10 Yıl / 1 Milyon Km,73.4 kW/sa,Lityum Demir Fosfat (LFP),,,,635 km,152.2 kW,18.6 kWsa/100km,"DC 100kW (%10 - %80) 42dk.
DC 300kW (%10 - %80) 37dk.
IC-CPD 2 kW (%0 - %100) 30sa.",,,,,,8.11 saniye,175 km/s,339 nm,207 BG,Güney Kore,,Binek,,,SUV,2024,BEV (Elektrikli),,D,Torres EVX,Elektrik,https://www.epey.com/araba/2024-ssangyong-torres-evx-207-ps-4x2.html,,,,,,,,,,,,,,,,,,,,,,,,,Önden Çekişli,,,,,1 ileri,Otomatik,
2995 kg,,2201 mm,5683 mm,1791 mm,,,3423 lt,,2024 Tesla Cybertruck 600 HP (4x4),,,,,,,,,,Lityum İyon,2 Adet Motor,,547 km,,123 kW,,,,,,,,4.3 saniye,180 km/s,,600 BG,Amerika,,Binek,,,Pick-Up,2024,BEV (Elektrikli),,Mini Ticari,Cybertruck,Elektrik,https://www.epey.com/araba/2024-tesla-cybertruck-600-hp-4x4.html,,,,,,,,,,,,,,,,,,,,,,,,,4x4 Çekişli,,,,,,Otomatik,
3104 kg,,2201 mm,5683 mm,1791 mm,,,3423 lt,,2024 Tesla Cybertruck Cyberbeast 845 HP (4x4),,,,,,,,,,Lityum İyon,3 Adet Motor,,515 km,,123 kW,,,,,,,,2.7 saniye,209 km/s,,845 BG,Amerika,,Binek,,,Pick-Up,2024,BEV (Elektrikli),,Mini Ticari,Cybertruck,Elektrik,https://www.epey.com/araba/2024-tesla-cybertruck-cyberbeast-845-hp-4x4.html,,,,,,,,,,,,,,,,,,,,,,,,,4x4 Çekişli,,,,,,Otomatik,
1765 kg,,2089 mm,4720 mm,1441 mm,,682 lt,,,2024 Tesla Model 3 283 HP (4x2),,2024 Tesla Model 3 283 HP (4x2) Test Sürüşü Talep Sayfası,,"Akü & Tahrik Ünitesi 8 Yıl / 160 Bin Km
Araç 4 Yıl / 80 Bin Km",,,,,60 kW/sa,Lityum İyon,,,513 km,,,,,,,,,,6.1 saniye,201 km/s,,283 BG,Amerika,Standart Menzil,Binek,,,Sedan,2024,BEV (Elektrikli),,D,Model 3,Elektrik,https://www.epey.com/araba/2024-tesla-model-3-4x2.html,,,,,,,,,,,,,,,5 yıldız,2024 Tesla Model 3 283 HP (4x2) NCAP/ANCAP Web Sayfası,2019,Var,,,,,,,Arkadan İtişli,,,,,,Otomatik,
1828 kg,,2089 mm,4720 mm,1441 mm,,682 lt,,,2024 Tesla Model 3 Long Range AWD 498 HP (4x4),,2024 Tesla Model 3 Long Range AWD 498 HP (4x4) Test Sürüşü Talep Sayfası,,"Akü & Tahrik Ünitesi 8 Yıl / 192 Bin Km
Araç 4 Yıl / 80 Bin Km",,,,,75 kW/sa,Lityum İyon,,,629 km,,323 kW,,,,,,,,4.4 saniye,201 km/s,,498 BG,Amerika,Uzun Menzil,Binek,,,Sedan,2024,BEV (Elektrikli),,D,Model 3,Elektrik,https://www.epey.com/araba/2024-tesla-model-3-long-range-awd-4x4.html,,,,,,,,,,,,,,,5 yıldız,2024 Tesla Model 3 Long Range AWD 498 HP (4x4) NCAP/ANCAP Web Sayfası,2019,Var,,,,,,,4x4 Çekişli,,,,,,Otomatik,
,,,,,,,,,2024 TOGG T10F 218 PS St.Menzil (4x2),,2024 TOGG T10F 218 PS St.Menzil (4x2) Test Sürüşü Talep Sayfası,,,,,350 nm,,52.4 kW/sa,Lityum İyon,,,350 km,,160 kW,,DC 180 kW (%20 - %80) 28dk.,,,,,,7.2 saniye,180 km/s,350 nm,218 BG,Türkiye,,Binek,,,Fastback,2024,BEV (Elektrikli),,C,T10F,Elektrik,https://www.epey.com/araba/2024-togg-t10f-218-ps-st-menzil-4x2.html,,,,,,,,,,,,,,,5 yıldız,2024 TOGG T10F 218 PS St.Menzil (4x2) NCAP/ANCAP Web Sayfası,2025,Var,,,,,,,Arkadan İtişli,,,,,,Otomatik,
,,,,,,,,,2024 TOGG T10F 218 PS Uz.Menzil (4x2),,2024 TOGG T10F 218 PS Uz.Menzil (4x2) Test Sürüşü Talep Sayfası,,,,,350 nm,,88.5 kW/sa,Lityum İyon,,,600 km,,160 kW,,,,,,,,7.2 saniye,180 km/s,350 nm,218 BG,Türkiye,,Binek,,,Fastback,2024,BEV (Elektrikli),,C,T10F,Elektrik,https://www.epey.com/araba/2024-togg-t10f-218-ps-uz-menzil-4x2.html,,,,,,,,,,,,,,,5 yıldız,2024 TOGG T10F 218 PS Uz.Menzil (4x2) NCAP/ANCAP Web Sayfası,2025,Var,,,,,,,Arkadan İtişli,,,,,,Otomatik,
,,,,,,,,,2024 TOGG T10F 435 PS Uz.Menzil (4x4),,2024 TOGG T10F 435 PS Uz.Menzil (4x4) Test Sürüşü Talep Sayfası,,,,,700 nm,,88.5 kW/sa,Lityum İyon,,,530 km,,320 kW,,,,,,,,4.6 saniye,180 km/s,700 nm,435 BG,Türkiye,,Binek,,,Fastback,2024,BEV (Elektrikli),,C,T10F,Elektrik,https://www.epey.com/araba/2024-togg-t10f-435-ps-uz-menzil-4x4.html,,,,,,,,,,,,,,,5 yıldız,2024 TOGG T10F 435 PS Uz.Menzil (4x4) NCAP/ANCAP Web Sayfası,2025,Var,,,,,,,4x4 Çekişli,,,,,,Otomatik,
1490 kg,,1825 mm,4446 mm,1620 mm,,1321 lt,403 lt,,2024 Toyota Corolla Cross Hybrid 1.8 140 BG e-CVT Flame (4X2),,2024 Toyota Corolla Cross Hybrid 1.8 140 BG e-CVT Flame (4X2) Test Sürüşü Talep Sayfası,2024 Toyota Corolla Cross Hybrid 1.8 140 BG e-CVT Flame (4X2) Ürün Kataloğu,,,,185 nm,,,Lityum İyon,,,,,70 kW,,,Atmosferik,,4,1798 cc,Çok Noktadan Enjeksiyon,10.0 saniye,170 km/s,,140 BG,Japonya,,Binek,Flame,,SUV,2024,HEV (Benzinli & Elektrikli),,C,Corolla Cross,Benzin & Elektrik,https://www.epey.com/araba/2024-toyota-corolla-cross-hybrid-1-8-140-bg-e-cvt-flame-4x2.html,,,,,,,,117 g/km,,5.1 lt,43 lt,,,,5 yıldız,2024 Toyota Corolla Cross Hybrid 1.8 140 BG e-CVT Flame (4X2) NCAP/ANCAP Web Sayfası,2022,Var,,,,,,,Önden Çekişli,,,,,,Otomatik,e-CVT (Elk.Kont.Sürekli Değişken)
1490 kg,,1825 mm,4446 mm,1620 mm,,1321 lt,403 lt,,2024 Toyota Corolla Cross Hybrid 1.8 140 BG e-CVT Flame X-Pack (4X2),,2024 Toyota Corolla Cross Hybrid 1.8 140 BG e-CVT Flame X-Pack (4X2) Test Sürüşü Talep Sayfası,2024 Toyota Corolla Cross Hybrid 1.8 140 BG e-CVT Flame X-Pack (4X2) Ürün Kataloğu,,,,185 nm,,,Lityum İyon,,,,,70 kW,,,Atmosferik,,4,1798 cc,Çok Noktadan Enjeksiyon,10.0 saniye,170 km/s,,140 BG,Japonya,,Binek,Flame X-Pack,,SUV,2024,HEV (Benzinli & Elektrikli),,C,Corolla Cross,Benzin & Elektrik,https://www.epey.com/araba/2024-toyota-corolla-cross-hybrid-1-8-140-bg-e-cvt-flame-x-pack-4x2.html,,,,,,,,117 g/km,,5.1 lt,43 lt,,,,5 yıldız,2024 Toyota Corolla Cross Hybrid 1.8 140 BG e-CVT Flame X-Pack (4X2) NCAP/ANCAP Web Sayfası,2022,Var,,,,,,,Önden Çekişli,,,,,,Otomatik,e-CVT (Elk.Kont.Sürekli Değişken)
1490 kg,,1825 mm,4446 mm,1620 mm,,1321 lt,403 lt,,2024 Toyota Corolla Cross Hybrid 1.8 140 BG e-CVT Passion (4X2),,2024 Toyota Corolla Cross Hybrid 1.8 140 BG e-CVT Passion (4X2) Test Sürüşü Talep Sayfası,2024 Toyota Corolla Cross Hybrid 1.8 140 BG e-CVT Passion (4X2) Ürün Kataloğu,,,,185 nm,,,Lityum İyon,,,,,70 kW,,,Atmosferik,,4,1798 cc,Çok Noktadan Enjeksiyon,10.0 saniye,170 km/s,,140 BG,Japonya,,Binek,Passion,,SUV,2024,HEV (Benzinli & Elektrikli),,C,Corolla Cross,Benzin & Elektrik,https://www.epey.com/araba/2024-toyota-corolla-cross-hybrid-1-8-140-bg-e-cvt-passion-4x2.html,,,,,,,,117 g/km,,5.1 lt,43 lt,,,,5 yıldız,2024 Toyota Corolla Cross Hybrid 1.8 140 BG e-CVT Passion (4X2) NCAP/ANCAP Web Sayfası,2022,Var,,,,,,,Önden Çekişli,,,,,,Otomatik,e-CVT (Elk.Kont.Sürekli Değişken)
1490 kg,,1825 mm,4446 mm,1620 mm,,1321 lt,403 lt,,2024 Toyota Corolla Cross Hybrid 1.8 140 BG e-CVT Passion X-Pack (4X2),,2024 Toyota Corolla Cross Hybrid 1.8 140 BG e-CVT Passion X-Pack (4X2) Test Sürüşü Talep Sayfası,2024 Toyota Corolla Cross Hybrid 1.8 140 BG e-CVT Passion X-Pack (4X2) Ürün Kataloğu,,,,185 nm,,,Lityum İyon,,,,,70 kW,,,Atmosferik,,4,1798 cc,Çok Noktadan Enjeksiyon,10.0 saniye,170 km/s,,140 BG,Japonya,,Binek,Passion X-Pack,,SUV,2024,HEV (Benzinli & Elektrikli),,C,Corolla Cross,Benzin & Elektrik,https://www.epey.com/araba/2024-toyota-corolla-cross-hybrid-1-8-140-bg-e-cvt-passion-x-pack-4x2.html,,,,,,,,117 g/km,,5.1 lt,43 lt,,,,5 yıldız,2024 Toyota Corolla Cross Hybrid 1.8 140 BG e-CVT Passion X-Pack (4X2) NCAP/ANCAP Web Sayfası,2022,Var,,,,,,,Önden Çekişli,,,,,,Otomatik,e-CVT (Elk.Kont.Sürekli Değişken)
1261 kg,,1757 mm,4266 mm,1518 mm,,,438 lt,,2024 Volkswagen Taigo 1.0 TSI 110 PS DSG Life (4x2),,2024 Volkswagen Taigo 1.0 TSI 110 PS DSG Life (4x2) Test Sürüşü Talep Sayfası,2024 Volkswagen Taigo 1.0 TSI 110 PS DSG Life (4x2) Ürün Kataloğu,,,,,,,,,,,,,,,Turbo,,3,999 cc,Elektronik Doğrudan Enjeksiyon,10.9 saniye,191 km/s,200 nm,110 BG,Almanya,,Binek,Life,,SUV,2024,İçten Yanmalı (Standart),,B,Taigo,Benzin,https://www.epey.com/araba/2024-volkswagen-taigo-1-0-tsi-110-ps-dsg-life-4x2.html,,,,,,,,135 g/km,,6.0 lt,40 lt,,,,5 yıldız,2024 Volkswagen Taigo 1.0 TSI 110 PS DSG Life (4x2) NCAP/ANCAP Web Sayfası,2022,Var,,,,,,,Önden Çekişli,,,,,7 ileri,Otomatik,DSG (Yarı Otm.)
1261 kg,,1757 mm,4266 mm,1518 mm,,,438 lt,,2024 Volkswagen Taigo 1.0 TSI 110 PS DSG R-Line (4x2),,2024 Volkswagen Taigo 1.0 TSI 110 PS DSG R-Line (4x2) Test Sürüşü Talep Sayfası,2024 Volkswagen Taigo 1.0 TSI 110 PS DSG R-Line (4x2) Ürün Kataloğu,,,,,,,,,,,,,,,Turbo,,3,999 cc,Elektronik Doğrudan Enjeksiyon,10.9 saniye,191 km/s,200 nm,110 BG,Almanya,,Binek,R-Line,,SUV,2024,İçten Yanmalı (Standart),,B,Taigo,Benzin,https://www.epey.com/araba/2024-volkswagen-taigo-1-0-tsi-110-ps-dsg-r-line-4x2.html,,,,,,,,135 g/km,,6.0 lt,40 lt,,,,5 yıldız,2024 Volkswagen Taigo 1.0 TSI 110 PS DSG R-Line (4x2) NCAP/ANCAP Web Sayfası,2022,Var,,,,,,,Önden Çekişli,,,,,7 ileri,Otomatik,DSG (Yarı Otm.)
1261 kg,,1757 mm,4266 mm,1518 mm,,,438 lt,,2024 Volkswagen Taigo 1.0 TSI 110 PS DSG Style (4x2),,2024 Volkswagen Taigo 1.0 TSI 110 PS DSG Style (4x2) Test Sürüşü Talep Sayfası,2024 Volkswagen Taigo 1.0 TSI 110 PS DSG Style (4x2) Ürün Kataloğu,,,,,,,,,,,,,,,Turbo,,3,999 cc,Elektronik Doğrudan Enjeksiyon,10.9 saniye,191 km/s,200 nm,110 BG,Almanya,,Binek,Style,,SUV,2024,İçten Yanmalı (Standart),,B,Taigo,Benzin,https://www.epey.com/araba/2024-volkswagen-taigo-1-0-tsi-110-ps-dsg-style-4x2.html,,,,,,,,135 g/km,,6.0 lt,40 lt,,,,5 yıldız,2024 Volkswagen Taigo 1.0 TSI 110 PS DSG Style (4x2) NCAP/ANCAP Web Sayfası,2022,Var,,,,,,,Önden Çekişli,,,,,7 ileri,Otomatik,DSG (Yarı Otm.)
1217 kg,,1757 mm,4266 mm,1518 mm,,,438 lt,,2024 Volkswagen Taigo 1.0 TSI 95 PS Life (4x2),,2024 Volkswagen Taigo 1.0 TSI 95 PS Life (4x2) Test Sürüşü Talep Sayfası,2024 Volkswagen Taigo 1.0 TSI 95 PS Life (4x2) Ürün Kataloğu,,,,,,,,,,,,,,,Turbo,,3,999 cc,Elektronik Doğrudan Enjeksiyon,11.1 saniye,183 km/s,175 nm,95 BG,Almanya,,Binek,Life,,SUV,2024,İçten Yanmalı (Standart),,B,Taigo,Benzin,https://www.epey.com/araba/2024-volkswagen-taigo-1-0-tsi-95-ps-life-4x2.html,,,,,,,,127 g/km,,5.6 lt,40 lt,,,,5 yıldız,2024 Volkswagen Taigo 1.0 TSI 95 PS Life (4x2) NCAP/ANCAP Web Sayfası,2022,Var,,,,,,,Önden Çekişli,,,,,5 ileri,Manuel,
1297 kg,,1757 mm,4266 mm,1518 mm,,,438 lt,,2024 Volkswagen Taigo 1.5 TSI 150 PS DSG R-Line (4x2),,2024 Volkswagen Taigo 1.5 TSI 150 PS DSG R-Line (4x2) Test Sürüşü Talep Sayfası,2024 Volkswagen Taigo 1.5 TSI 150 PS DSG R-Line (4x2) Ürün Kataloğu,,,,,,,,,,,,,,,Turbo,,4,1498 cc,Elektronik Doğrudan Enjeksiyon,8.3 saniye,212 km/s,250 nm,150 BG,Almanya,,Binek,R-Line,,SUV,2024,İçten Yanmalı (Standart),,B,Taigo,Benzin,https://www.epey.com/araba/2024-volkswagen-taigo-1-5-tsi-150-ps-dsg-r-line-4x2.html,,,,,,,,141 g/km,,6.2 lt,40 lt,,,,5 yıldız,2024 Volkswagen Taigo 1.5 TSI 150 PS DSG R-Line (4x2) NCAP/ANCAP Web Sayfası,2022,Var,,,,,,,Önden Çekişli,,,,,7 ileri,Otomatik,DSG (Yarı Otm.)
1297 kg,,1757 mm,4266 mm,1518 mm,,,438 lt,,2024 Volkswagen Taigo 1.5 TSI 150 PS DSG Style (4x2),,2024 Volkswagen Taigo 1.5 TSI 150 PS DSG Style (4x2) Test Sürüşü Talep Sayfası,2024 Volkswagen Taigo 1.5 TSI 150 PS DSG Style (4x2) Ürün Kataloğu,,,,,,,,,,,,,,,Turbo,,4,1498 cc,Elektronik Doğrudan Enjeksiyon,8.3 saniye,212 km/s,250 nm,150 BG,Almanya,,Binek,Style,,SUV,2024,İçten Yanmalı (Standart),,B,Taigo,Benzin,https://www.epey.com/araba/2024-volkswagen-taigo-1-5-tsi-150-ps-dsg-style-4x2.html,,,,,,,,141 g/km,,6.2 lt,40 lt,,,,5 yıldız,2024 Volkswagen Taigo 1.5 TSI 150 PS DSG Style (4x2) NCAP/ANCAP Web Sayfası,2022,Var,,,,,,,Önden Çekişli,,,,,7 ileri,Otomatik,DSG (Yarı Otm.)
415 kg,,1090 mm,2300 mm,1645 mm,,,,,2024 Volta EV1 2.7 BG (4x2),,,2024 Volta EV1 2.7 BG (4x2) Ürün Kataloğu,,,,4.5 nm,,,VRLA Jel,,,,63 km,2.0 kW,6.8 kWsa/100km,7 - 8 Saat,,,,,,,45 km/s,4.5 nm,3 BG,Çin,,Binek,,,Hatchback,2024,BEV (Elektrikli),,,EV1,Elektrik,https://www.epey.com/araba/2024-volta-ev1-2-7-bg-4x2.html,,,,,,,,,,,,,,,,,,,,,,,,,Arkadan İtişli,,,,,,Otomatik,
2095 kg,,1873 mm,4440 mm,1591 mm,,1205 lt,404 lt,,2024 Volvo C40 Recharge Ultimate 252 HP (4x2),,2024 Volvo C40 Recharge Ultimate 252 HP (4x2) Test Sürüşü Talep Sayfası,2024 Volvo C40 Recharge Ultimate 252 HP (4x2) Ürün Kataloğu,,,,420 nm,,,,Yerleşik Tip 2 AC Şarj Cihazı (11 kW),,,,185 kW,16.4 kWsa/100km,"AC 3 Faz 11 kW Tip 2 (%0 - %100) 8sa
DC 200 kW Tip 2 (%10 - %80) 27dk.",,,,,,7.3 saniye,180 km/s,420 nm,252 BG,İsveç > Çin,,Binek,Ultimate,,SUV,2024,BEV (Elektrikli),,C,C40,Elektrik,https://www.epey.com/araba/2024-volvo-c40-recharge-ultimate-252-hp-4x2.html,,,,,,,,,,,,,,,5 yıldız,2024 Volvo C40 Recharge Ultimate 252 HP (4x2) NCAP/ANCAP Web Sayfası,2022,Var,,,,,,,Arkadan İtişli,,,,,,Otomatik,
2185 kg,,1873 mm,4440 mm,1591 mm,,1205 lt,404 lt,,2024 Volvo C40 Recharge Ultimate 408 HP (4x4),,2024 Volvo C40 Recharge Ultimate 408 HP (4x4) Test Sürüşü Talep Sayfası,2024 Volvo C40 Recharge Ultimate 408 HP (4x4) Ürün Kataloğu,,,,670 nm,,,,Yerleşik Tip 2 AC Şarj Cihazı (11 kW),,,,300 kW,17.2 kWsa/100km,"AC 3 Faz 11 kW Tip 2 (%0 - %100) 8sa
DC 200 kW Tip 2 (%10 - %80) 27dk.",,,,,,4.7 saniye,180 km/s,670 nm,408 BG,İsveç > Çin,,Binek,Ultimate,,SUV,2024,BEV (Elektrikli),,C,C40,Elektrik,https://www.epey.com/araba/2024-volvo-c40-recharge-ultimate-408-hp-4x4.html,,,,,,,,,,,,,,,5 yıldız,2024 Volvo C40 Recharge Ultimate 408 HP (4x4) NCAP/ANCAP Web Sayfası,2022,Var,,,,,,,4x4 Çekişli,,,,,,Otomatik,
1766 kg,,1940 mm,4233 mm,1555 mm,,622 lt,318 lt,,2024 Volvo EX30 272 HP (4x2),,2024 Volvo EX30 272 HP (4x2) Test Sürüşü Talep Sayfası,,,,,343 nm,,51.0 kW/sa,,,,344 km,,200 kW,16.7 kWsa/100km,DC (134 kW) (%10 - %80) 26dk.,,,,,,5.4 saniye,180 km/s,343 nm,272 BG,İsveç > Çin,,Binek,,,SUV,2024,BEV (Elektrikli),,B,EX30,Elektrik,https://www.epey.com/araba/2024-volvo-ex30-272-hp-4x2.html,,,,,,,,,,,,,,,,,,,,,,,,,Arkadan İtişli,,,,,,Otomatik,
2743 kg,,1964 mm,5037 mm,1744 mm,,1915 lt,1010 lt,365 lt,2024 Volvo EX90 408 HP (4x4),,2024 Volvo EX90 408 HP (4x4) Test Sürüşü Talep Sayfası,,,,,770 nm,,,Lityum İyon,,,600 km,,300 kW,20.9 kWsa/100km,DC (%10 - %80) 30dk.,,,,,,5.9 saniye,180 km/s,770 nm,408 BG,İsveç > Çin,,Binek,,,SUV,2024,BEV (Elektrikli),,E,EX90,Elektrik,https://www.epey.com/araba/2024-volvo-ex90-408-hp-4x4.html,,,,,,,,,,,,,,,,,,,,,,,,,4x4 Çekişli,,,,,,Otomatik,
