AĞIRLIK & ÖLÇÜLER - Ağırlık,AĞIRLIK & ÖLÇÜLER - Dönüş Çapı,AĞIRLIK & ÖLÇÜLER - Genişlik,AĞIRLIK & ÖLÇÜLER - Uzunluk,AĞIRLIK & ÖLÇÜLER - Yükseklik,BAGAJ ÖZELLİKLERİ - Bagaj Hacmi (2 Koltuk),BAGAJ ÖZELLİKLERİ - Bagaj Hacmi (5 Koltuk),BAGAJ ÖZELLİKLERİ - Bagaj Hacmi (7 Koltuk),Başlık,DIŞ GÖVDE - Arka Kapı Tipi,DIŞ GÖVDE - Arka Tekerlek,DIŞ GÖVDE - Kapı Sayısı,DIŞ GÖVDE - Sürgülü Sağ Yan Kapı,DIŞ GÖVDE - Şasi Tipi,DOKÜMAN - Test Sürüşü Talep Sayfası,DOKÜMAN - Ürün Kataloğu,GARANTİ & YOL YARDIM - Garanti,GARANTİ & YOL YARDIM - Yol Yardım Bilgileri,GARANTİ & YOL YARDIM - Yol Yardım Hizmeti,MOTOR (Elektrikli) - Azami Tork,MOTOR (Elektrikli) - Batarya Kapasitesi,MOTOR (Elektrikli) - Batarya Tipi,MOTOR (Elektrikli) - Menzil (WLTP-Birleşik),MOTOR (İçten Yanmalı) - Besleme Tipi,MOTOR (İçten Yanmalı) - Diğer Motor Özellikleri,MOTOR (İçten Yanmalı) - Silindir Adedi,MOTOR (İçten Yanmalı) - Silindir Hacmi,MOTOR (İçten Yanmalı) - Yakıt Püskürtme,PERFORMANS - 0-100 Km Hızlanma,PERFORMANS - Azami Hız,PERFORMANS - Azami Tork (Toplam),PERFORMANS - Beygir Gücü (Toplam),SÜRÜŞ DESTEK SİSTEMLERİ - Yokuş Kalkış Desteği,SÜRÜŞ DESTEK SİSTEMLERİ - Yokuş Kalkış Özellikleri,TEMEL ÖZELLİKLER - Ait Olduğu Ülke,TEMEL ÖZELLİKLER - Alt Seri,TEMEL ÖZELLİKLER - Araç Türü,TEMEL ÖZELLİKLER - Donanım Paketi,TEMEL ÖZELLİKLER - Gövde Tipi,TEMEL ÖZELLİKLER - Model Yılı,TEMEL ÖZELLİKLER - Motor Tipi,TEMEL ÖZELLİKLER - Motorlu Taşıt Vergisi,TEMEL ÖZELLİKLER - Segment,TEMEL ÖZELLİKLER - Seri,TEMEL ÖZELLİKLER - Yakıt Tipi,URL,YAKIT TÜKETİMİ & EMİSYON - LPG,YAKIT TÜKETİMİ & EMİSYON - LPG CO2 Salınımı,YAKIT TÜKETİMİ & EMİSYON - LPG Kapasitesi,YAKIT TÜKETİMİ & EMİSYON - LPG OrtalamaTüketim (100 km),YAKIT TÜKETİMİ & EMİSYON - LPG Şehir Dışı Tüketim (100 km),YAKIT TÜKETİMİ & EMİSYON - LPG Şehir İçi Tüketim (100 km),YAKIT TÜKETİMİ & EMİSYON - Ortalama Emisyon,YAKIT TÜKETİMİ & EMİSYON - Ortalama Y.Tüketimi (100 km),YAKIT TÜKETİMİ & EMİSYON - Yakıt Kapasitesi,YAKIT TÜKETİMİ & EMİSYON - Çevre Standardı (Emisyon),YAKIT TÜKETİMİ & EMİSYON - Şehir Dışı Tüketim (100 km),YAKIT TÜKETİMİ & EMİSYON - Şehir İçi Tüketim (100 km),YOLCU EMNİYETİ - Anahtarsız Sistem,YOLCU EMNİYETİ - Hava Yastığı,YOLCU EMNİYETİ - NCAP/ANCAP Puanı,YOLCU EMNİYETİ - NCAP/ANCAP Web Sayfası,YOLCU EMNİYETİ - NCAP/ANCAP Yılı,YOLCU EMNİYETİ - Çarpışma Testi (NCAP/ANCAP),YÜK ALANI - Azami Hacim,YÜK ALANI - Azami Yük (İstiap Haddi),YÜK ALANI - Azami Yüklü Ağırlık,YÜK ALANI - Azami İç Genişlik,YÜK ALANI - Azami İç Uzunluk,YÜK ALANI - Azami İç Yükseklik,YÜK ALANI - Davlumbaz Aralığı,ŞANZIMAN & ÇEKİŞ SİSTEMİ - Çekiş,ŞANZIMAN & ÇEKİŞ SİSTEMİ - Çekiş Kontrol Sistemi,ŞANZIMAN & ÇEKİŞ SİSTEMİ - Çekiş Kontrol Özellikleri,ŞANZIMAN & ÇEKİŞ SİSTEMİ - Çekme Kapasitesi (Frenli),ŞANZIMAN & ÇEKİŞ SİSTEMİ - Çekme Kapasitesi (Frensiz),ŞANZIMAN & ÇEKİŞ SİSTEMİ - Şanzıman Kademesi,ŞANZIMAN & ÇEKİŞ SİSTEMİ - Şanzıman Türü,ŞANZIMAN & ÇEKİŞ SİSTEMİ - Şanzıman Özellikleri
1435 kg,11.70 mt.,1832 mm,4775 mm,1442 mm,,586 lt,,2019 Yeni Volkswagen Passat 1.5 TSI ACT 150 PS DSG Passat,,,,,,2019 Yeni Volkswagen Passat 1.5 TSI ACT 150 PS DSG Passat Test Sürüşü Talep Sayfası,2019 Yeni Volkswagen Passat 1.5 TSI ACT 150 PS DSG Passat Ürün Kataloğu,"2 Yıl Mekanik
3 Yıl Boya
12 Yıl Paslanmazlık","Volkswagen Çağrı24 0212 335 0404
Volkswagen Çağrı24 0800 211 0870",Var,,,,,Turbo,,4,1498 cc,Direkt Enjeksiyon,8.7 saniye,220 km/s,250 nm,150 BG,,,Almanya,Passat Sedan,Binek,Passat,Sedan,2019,İçten Yanmalı (Standart),1800 tl/yıl,D,Passat,Benzin,https://www.epey.com/araba/2019-yeni-volkswagen-passat-1-5-tsi-act-150-ps-passat.html,,,,,,,117 g/km,5.1 lt,59 lt,,4.3 lt,6.6 lt,,,5 yıldız,2019 Yeni Volkswagen Passat 1.5 TSI ACT 150 PS DSG Passat NCAP/ANCAP Web Sayfası,2014,Var,,,,,,,,Önden Çekişli,,,,,7 ileri,Otomatik,DSG (Yarı Otm.)
1500 kg,11.70 mt.,1832 mm,4775 mm,1442 mm,,586 lt,,2019 Yeni Volkswagen Passat 1.6 TDI 120 PS DSG Business,,,,,,2019 Yeni Volkswagen Passat 1.6 TDI 120 PS DSG Business Test Sürüşü Talep Sayfası,2019 Yeni Volkswagen Passat 1.6 TDI 120 PS DSG Business Ürün Kataloğu,"2 Yıl Mekanik
3 Yıl Boya
12 Yıl Paslanmazlık","Volkswagen Çağrı24 0212 335 0404
Volkswagen Çağrı24 0800 211 0870",Var,,,,,Turbo,,4,1598 cc,Common Rail Direkt Enjeksiyon,10.8 saniye,205 km/s,250 nm,120 BG,,,Almanya,Passat Sedan,Binek,Business,Sedan,2019,İçten Yanmalı (Standart),1800 tl/yıl,D,Passat,Dizel,https://www.epey.com/araba/2019-yeni-volkswagen-passat-1-6-tdi-120-ps-dsg-business.html,,,,,,,109 g/km,4.2 lt,59 lt,,3.9 lt,4.6 lt,,,5 yıldız,2019 Yeni Volkswagen Passat 1.6 TDI 120 PS DSG Business NCAP/ANCAP Web Sayfası,2014,Var,,,,,,,,Önden Çekişli,,,,,7 ileri,Otomatik,DSG (Yarı Otm.)
1500 kg,11.70 mt.,1832 mm,4775 mm,1442 mm,,586 lt,,2019 Yeni Volkswagen Passat 1.6 TDI 120 PS DSG Elegance,,,,,,2019 Yeni Volkswagen Passat 1.6 TDI 120 PS DSG Elegance Test Sürüşü Talep Sayfası,2019 Yeni Volkswagen Passat 1.6 TDI 120 PS DSG Elegance Ürün Kataloğu,"2 Yıl Mekanik
3 Yıl Boya
12 Yıl Paslanmazlık","Volkswagen Çağrı24 0212 335 0404
Volkswagen Çağrı24 0800 211 0870",Var,,,,,Turbo,,4,1598 cc,Common Rail Direkt Enjeksiyon,10.8 saniye,205 km/s,250 nm,120 BG,,,Almanya,Passat Sedan,Binek,Elegance,Sedan,2019,İçten Yanmalı (Standart),1800 tl/yıl,D,Passat,Dizel,https://www.epey.com/araba/2019-yeni-volkswagen-passat-1-6-tdi-120-ps-dsg-elegance.html,,,,,,,109 g/km,4.2 lt,59 lt,,3.9 lt,4.6 lt,,,5 yıldız,2019 Yeni Volkswagen Passat 1.6 TDI 120 PS DSG Elegance NCAP/ANCAP Web Sayfası,2014,Var,,,,,,,,Önden Çekişli,,,,,7 ileri,Otomatik,DSG (Yarı Otm.)
1500 kg,11.70 mt.,1832 mm,4775 mm,1442 mm,,586 lt,,2019 Yeni Volkswagen Passat 1.6 TDI 120 PS DSG Passat,,,,,,2019 Yeni Volkswagen Passat 1.6 TDI 120 PS DSG Passat Test Sürüşü Talep Sayfası,2019 Yeni Volkswagen Passat 1.6 TDI 120 PS DSG Passat Ürün Kataloğu,"2 Yıl Mekanik
3 Yıl Boya
12 Yıl Paslanmazlık","Volkswagen Çağrı24 0212 335 0404
Volkswagen Çağrı24 0800 211 0870",Var,,,,,Turbo,,4,1598 cc,Common Rail Direkt Enjeksiyon,10.8 saniye,205 km/s,250 nm,120 BG,,,Almanya,Passat Sedan,Binek,Passat,Sedan,2019,İçten Yanmalı (Standart),1800 tl/yıl,D,Passat,Dizel,https://www.epey.com/araba/2019-yeni-volkswagen-passat-1-6-tdi-120-ps-dsg-passat.html,,,,,,,109 g/km,4.2 lt,59 lt,,3.9 lt,4.6 lt,,,5 yıldız,2019 Yeni Volkswagen Passat 1.6 TDI 120 PS DSG Passat NCAP/ANCAP Web Sayfası,2014,Var,,,,,,,,Önden Çekişli,,,,,7 ileri,Otomatik,DSG (Yarı Otm.)
1550 kg,11.70 mt.,1832 mm,4775 mm,1442 mm,,586 lt,,2019 Yeni Volkswagen Passat 2.0 TDI 150 PS DSG Business,,,,,,2019 Yeni Volkswagen Passat 2.0 TDI 150 PS DSG Business Test Sürüşü Talep Sayfası,2019 Yeni Volkswagen Passat 2.0 TDI 150 PS DSG Business Ürün Kataloğu,"2 Yıl Mekanik
3 Yıl Boya
12 Yıl Paslanmazlık","Volkswagen Çağrı24 0212 335 0404
Volkswagen Çağrı24 0800 211 0870",Var,,,,,Turbo,,4,1968 cc,Common Rail Direkt Enjeksiyon,8.7 saniye,220 km/s,340 nm,150 BG,,,Almanya,Passat Sedan,Binek,Business,Sedan,2019,İçten Yanmalı (Standart),5003 tl/yıl,D,Passat,Dizel,https://www.epey.com/araba/2019-yeni-volkswagen-passat-2-0-tdi-150-ps-dsg-business.html,,,,,,,109 g/km,4.1 lt,59 lt,,3.9 lt,4.6 lt,,,5 yıldız,2019 Yeni Volkswagen Passat 2.0 TDI 150 PS DSG Business NCAP/ANCAP Web Sayfası,2014,Var,,,,,,,,Önden Çekişli,,,,,7 ileri,Otomatik,DSG (Yarı Otm.)
1550 kg,11.70 mt.,1832 mm,4775 mm,1442 mm,,586 lt,,2019 Yeni Volkswagen Passat 2.0 TDI 150 PS DSG Elegance,,,,,,2019 Yeni Volkswagen Passat 2.0 TDI 150 PS DSG Elegance Test Sürüşü Talep Sayfası,2019 Yeni Volkswagen Passat 2.0 TDI 150 PS DSG Elegance Ürün Kataloğu,"2 Yıl Mekanik
3 Yıl Boya
12 Yıl Paslanmazlık","Volkswagen Çağrı24 0212 335 0404
Volkswagen Çağrı24 0800 211 0870",Var,,,,,Turbo,,4,1968 cc,Common Rail Direkt Enjeksiyon,8.7 saniye,220 km/s,340 nm,150 BG,,,Almanya,Passat Sedan,Binek,Elegance,Sedan,2019,İçten Yanmalı (Standart),5003 tl/yıl,D,Passat,Dizel,https://www.epey.com/araba/2019-yeni-volkswagen-passat-2-0-tdi-150-ps-dsg-elegance.html,,,,,,,109 g/km,4.1 lt,59 lt,,3.9 lt,4.6 lt,,,5 yıldız,2019 Yeni Volkswagen Passat 2.0 TDI 150 PS DSG Elegance NCAP/ANCAP Web Sayfası,2014,Var,,,,,,,,Önden Çekişli,,,,,7 ileri,Otomatik,DSG (Yarı Otm.)
1730 kg,11.70 mt.,1832 mm,4775 mm,1442 mm,,586 lt,,2019 Yeni Volkswagen Passat 2.0 TDI 240 PS 4M DSG Elegance (4x4),,,,,,2019 Yeni Volkswagen Passat 2.0 TDI 240 PS 4M DSG Elegance (4x4) Test Sürüşü Talep Sayfası,2019 Yeni Volkswagen Passat 2.0 TDI 240 PS 4M DSG Elegance (4x4) Ürün Kataloğu,"2 Yıl Mekanik
3 Yıl Boya
12 Yıl Paslanmazlık","Volkswagen Çağrı24 0212 335 0404
Volkswagen Çağrı24 0800 211 0870",Var,,,,,Turbo,,4,1968 cc,Common Rail Direkt Enjeksiyon,6.1 saniye,247 km/s,500 nm,240 BG,,,Almanya,Passat Sedan,Binek,Elegance,Sedan,2019,İçten Yanmalı (Standart),5003 tl/yıl,D,Passat,Dizel,https://www.epey.com/araba/2019-yeni-volkswagen-passat-2-0-tdi-240-ps-4m-dsg-elegance-4x4.html,,,,,,,150 g/km,5.7 lt,66 lt,,5.1 lt,6.8 lt,,,5 yıldız,2019 Yeni Volkswagen Passat 2.0 TDI 240 PS 4M DSG Elegance (4x4) NCAP/ANCAP Web Sayfası,2014,Var,,,,,,,,4x4 Çekişli,,,,,7 ileri,Otomatik,DSG (Yarı Otm.)
,13.20 mt.,1904 mm,5304 mm,1990 mm,,,,2019 Yeni Volkswagen Transporter Camlı Van 2.0 TDI 150 PS (4+1 Uzun),,,,,Uzun,,2019 Yeni Volkswagen Transporter Camlı Van 2.0 TDI 150 PS (4+1 Uzun) Ürün Kataloğu,"2 Yıl Sınırsız Km Mekanik
3 Yıl Boya
8 Yıl Paslanmazlık","Volkswagen Çağrı24 0212 335 0404
Volkswagen Çağrı24 0800 211 0870",Var,,,,,Değişken Geometrili Turbo,,4,1968 cc,Common Rail Direkt Enjeksiyon,12.0 saniye,181 km/s,340 nm,150 BG,,,Almanya,Camlı Van,Ticari,Standart,Kombi,2019,İçten Yanmalı (Standart),2075 tl/yıl,Hafif Ticari,Transporter,Dizel,https://www.epey.com/araba/2019-yeni-volkswagen-transporter-camli-van-2-0-tdi-150-ps-4plus1-uzun.html,,,,,,,,7.8 lt,70 lt,,7.4 lt,8.4 lt,,,,,,,6.7 m³,,3000 kg,1627 mm,,1397 mm,1244 mm,Önden Çekişli,,,2500 kg,750 kg,6 ileri,Manuel,
,11.90 mt.,1904 mm,4904 mm,1990 mm,,,,2019 Yeni Volkswagen Transporter Camlı Van 2.0 TDI 150 PS (4+1),,,,,Standart,,2019 Yeni Volkswagen Transporter Camlı Van 2.0 TDI 150 PS (4+1) Ürün Kataloğu,"2 Yıl Sınırsız Km Mekanik
3 Yıl Boya
8 Yıl Paslanmazlık","Volkswagen Çağrı24 0212 335 0404
Volkswagen Çağrı24 0800 211 0870",Var,,,,,Değişken Geometrili Turbo,,4,1968 cc,Common Rail Direkt Enjeksiyon,12.0 saniye,181 km/s,340 nm,150 BG,,,Almanya,Camlı Van,Ticari,Standart,Kombi,2019,İçten Yanmalı (Standart),2075 tl/yıl,Hafif Ticari,Transporter,Dizel,https://www.epey.com/araba/2019-yeni-volkswagen-transporter-camli-van-2-0-tdi-150-ps-4plus1.html,,,,,,,,7.8 lt,70 lt,,7.4 lt,8.4 lt,,,,,,,5.8 m³,,3000 kg,1627 mm,,1397 mm,1244 mm,Önden Çekişli,,,2500 kg,750 kg,6 ileri,Manuel,
2190 kg,13.20 mt.,1904 mm,5304 mm,1990 mm,,,,2019 Yeni Volkswagen Transporter Panel Van 2.0 TDI 110 PS (2+1 Uzun),Yukarı Açılır,Tek,4,Var,Uzun,,2019 Yeni Volkswagen Transporter Panel Van 2.0 TDI 110 PS (2+1 Uzun) Ürün Kataloğu,"2 Yıl Sınırsız Km Mekanik
3 Yıl Boya
8 Yıl Paslanmazlık","Volkswagen Çağrı24 0212 335 0404
Volkswagen Çağrı24 0800 211 0870",Var,,,,,Değişken Geometrili Turbo,,4,1968 cc,Common Rail Direkt Enjeksiyon,14.8 saniye,164 km/s,250 nm,110 BG,,,Almanya,Panelvan,Ticari,Standart,Panelvan,2019,İçten Yanmalı (Standart),1867 tl/yıl,Hafif Ticari,Transporter,Dizel,https://www.epey.com/araba/2019-yeni-volkswagen-transporter-panel-van-2-0-tdi-110-ps-2plus1-uzun.html,Yok,,,,,,,7.9 lt,70 lt,,7.5 lt,8.5 lt,,,,,,,6.7 m³,1221 kg,3000 kg,1700 mm,2975 mm,1410 mm,1244 mm,Önden Çekişli,,,2200 kg,750 kg,5 ileri,Manuel,
2220 kg,13.20 mt.,1904 mm,5304 mm,1990 mm,,,,2019 Yeni Volkswagen Transporter Panel Van 2.0 TDI 150 PS (2+1 Uzun),Yukarı Açılır,Tek,4,Var,Uzun,,2019 Yeni Volkswagen Transporter Panel Van 2.0 TDI 150 PS (2+1 Uzun) Ürün Kataloğu,"2 Yıl Sınırsız Km Mekanik
3 Yıl Boya
8 Yıl Paslanmazlık","Volkswagen Çağrı24 0212 335 0404
Volkswagen Çağrı24 0800 211 0870",Var,,,,,Değişken Geometrili Turbo,,4,1968 cc,Common Rail Direkt Enjeksiyon,11.1 saniye,182 km/s,340 nm,150 BG,,,Almanya,Panelvan,Ticari,Standart,Panelvan,2019,İçten Yanmalı (Standart),1867 tl/yıl,Hafif Ticari,Transporter,Dizel,https://www.epey.com/araba/2019-yeni-volkswagen-transporter-panel-van-2-0-tdi-150-ps-2plus1-uzun.html,Yok,,,,,,,7.8 lt,70 lt,,7.4 lt,8.4 lt,,,,,,,6.7 m³,1221 kg,3000 kg,1700 mm,2975 mm,1410 mm,1244 mm,Önden Çekişli,,,2500 kg,750 kg,6 ileri,Manuel,
,,,,,,,,2019 Yeni Volvo S60 T5 2.0 254 HP Geartronic,,,,,,,,"3. Yıl / 100 Bin Km Mekanik
8 Yıl Boya
12 Yıl Paslanmazlık","Garanti Süresi Boyunca Ücretsiz
Volvo OtoLine 444 4858",Var,,,,,Turbo,,4,1969 cc,Direkt Enjeksiyon,,,350 nm,254 BG,,,İsveç > Çin,T5,Binek,,Sedan,2019,İçten Yanmalı (Standart),5003 tl/yıl,Premium D,S60,Benzin,https://www.epey.com/araba/2019-yeni-volvo-s60-t5-2-0-254-hp-geartronic.html,,,,,,,,,,,,,,,5 yıldız,2019 Yeni Volvo S60 T5 2.0 254 HP Geartronic NCAP/ANCAP Web Sayfası,2018,Var,,,,,,,,Önden Çekişli,,,,,8 ileri,Otomatik,Geartronic (Otomatik)
1385 kg,,1799 mm,4319 mm,1434 mm,1200 lt,380 lt,,2020 BMW 1 116d 1.5 116 BG Otomatik M Sport,,,,,,2020 BMW 1 116d 1.5 116 BG Otomatik M Sport Test Sürüşü Talep Sayfası,2020 BMW 1 116d 1.5 116 BG Otomatik M Sport Ürün Kataloğu,,,,,,,,Turbo,,3,1496 cc,,10.1 saniye,198 km/s,270 nm,116 BG,,,Almanya,,Binek,M Sport,Hatchback,2020,İçten Yanmalı (Standart),2014 tl/yıl,Premium C,1 Serisi,Dizel,https://www.epey.com/araba/2020-bmw-116d-1-5-116-bg-otomatik-first-edition-m-sport.html,,,,,,,120 g/km,4.6 lt,42 lt,,4.3 lt,5.0 lt,,,5 yıldız,2020 BMW 1 116d 1.5 116 BG Otomatik M Sport NCAP/ANCAP Web Sayfası,2019,Var,,,,,,,,Önden Çekişli,,,,,7 ileri,Otomatik,
1385 kg,,1799 mm,4319 mm,1434 mm,1200 lt,380 lt,,2020 BMW 1 116d 1.5 116 BG Otomatik Sport Line,,,,,,2020 BMW 1 116d 1.5 116 BG Otomatik Sport Line Test Sürüşü Talep Sayfası,2020 BMW 1 116d 1.5 116 BG Otomatik Sport Line Ürün Kataloğu,,,,,,,,Turbo,,3,1496 cc,,10.1 saniye,198 km/s,270 nm,116 BG,,,Almanya,,Binek,Sport Line,Hatchback,2020,İçten Yanmalı (Standart),2014 tl/yıl,Premium C,1 Serisi,Dizel,https://www.epey.com/araba/2020-bmw-116d-1-5-116-bg-otomatik-first-edition-sport-line.html,,,,,,,120 g/km,4.6 lt,42 lt,,4.3 lt,5.0 lt,,,5 yıldız,2020 BMW 1 116d 1.5 116 BG Otomatik Sport Line NCAP/ANCAP Web Sayfası,2019,Var,,,,,,,,Önden Çekişli,,,,,7 ileri,Otomatik,
1320 kg,,1799 mm,4319 mm,1434 mm,1200 lt,380 lt,,2020 BMW 1 118i 1.5 140 BG Otomatik M Sport,,,,,,2020 BMW 1 118i 1.5 140 BG Otomatik M Sport Test Sürüşü Talep Sayfası,2020 BMW 1 118i 1.5 140 BG Otomatik M Sport Ürün Kataloğu,,,,,,,,Turbo,,3,1499 cc,,8.5 saniye,211 km/s,220 nm,140 BG,,,Almanya,,Binek,M Sport,Hatchback,2020,İçten Yanmalı (Standart),2014 tl/yıl,Premium C,1 Serisi,Benzin,https://www.epey.com/araba/2020-bmw-118i-1-5-140-bg-otomatik-first-edition-m-sport.html,,,,,,,135 g/km,5.9 lt,42 lt,,5.3 lt,7.0 lt,,,5 yıldız,2020 BMW 1 118i 1.5 140 BG Otomatik M Sport NCAP/ANCAP Web Sayfası,2019,Var,,,,,,,,Önden Çekişli,,,,,7 ileri,Otomatik,
1320 kg,,1799 mm,4319 mm,1434 mm,1200 lt,380 lt,,2020 BMW 1 118i 1.5 140 BG Otomatik Sport Line,,,,,,2020 BMW 1 118i 1.5 140 BG Otomatik Sport Line Test Sürüşü Talep Sayfası,2020 BMW 1 118i 1.5 140 BG Otomatik Sport Line Ürün Kataloğu,,,,,,,,Turbo,,3,1499 cc,,8.5 saniye,211 km/s,220 nm,140 BG,,,Almanya,,Binek,Sport Line,Hatchback,2020,İçten Yanmalı (Standart),2014 tl/yıl,Premium C,1 Serisi,Benzin,https://www.epey.com/araba/2020-bmw-118i-1-5-140-bg-otomatik-first-edition-sport-line.html,,,,,,,135 g/km,5.9 lt,42 lt,,5.3 lt,7.0 lt,,,5 yıldız,2020 BMW 1 118i 1.5 140 BG Otomatik Sport Line NCAP/ANCAP Web Sayfası,2019,Var,,,,,,,,Önden Çekişli,,,,,7 ileri,Otomatik,
1525 kg,,1827 mm,4709 mm,1435 mm,,480 lt,,2020 BMW 320i 1.6 170 BG Steptronic Luxury Line,,,,,,2020 BMW 320i 1.6 170 BG Steptronic Luxury Line Test Sürüşü Talep Sayfası,2020 BMW 320i 1.6 170 BG Steptronic Luxury Line Ürün Kataloğu,"2 Yıl Sınırsız Km Mekanik
12 Yıl Paslanmazlık",BMW Acil Yardım 444 2299,Var,,,,,Çift Turbo,BMW TwinPower Turbo (İkiz Turbo),4,1597 cc,Direkt Enjeksiyon,7.7 saniye,232 km/s,250 nm,170 BG,,,Almanya,,Binek,First Edition Luxury Line,Sedan,2020,İçten Yanmalı (Standart),2014 tl/yıl,Premium D,3 Serisi,Benzin,https://www.epey.com/araba/2020-bmw-320i-1-6-170-bg-steptronic-first-edition-luxury-line.html,,,,,,,,6.4 lt,59 lt,EU6d-temp,5.6 lt,7.7 lt,,,5 yıldız,2020 BMW 320i 1.6 170 BG Steptronic Luxury Line NCAP/ANCAP Web Sayfası,2019,Var,,,,,,,,Arkadan İtişli,,,,,8 ileri,Otomatik,Steptronic
1525 kg,,1827 mm,4709 mm,1435 mm,,480 lt,,2020 BMW 320i 1.6 170 BG Steptronic M Sport,,,,,,2020 BMW 320i 1.6 170 BG Steptronic M Sport Test Sürüşü Talep Sayfası,2020 BMW 320i 1.6 170 BG Steptronic M Sport Ürün Kataloğu,"2 Yıl Sınırsız Km Mekanik
12 Yıl Paslanmazlık",BMW Acil Yardım 444 2299,Var,,,,,Çift Turbo,BMW TwinPower Turbo (İkiz Turbo),4,1597 cc,Direkt Enjeksiyon,7.7 saniye,232 km/s,250 nm,170 BG,,,Almanya,,Binek,First Edition M Sport,Sedan,2020,İçten Yanmalı (Standart),2014 tl/yıl,Premium D,3 Serisi,Benzin,https://www.epey.com/araba/2020-bmw-320i-1-6-170-bg-steptronic-first-edition-m-sport.html,,,,,,,,6.4 lt,59 lt,EU6d-temp,5.6 lt,7.7 lt,,,5 yıldız,2020 BMW 320i 1.6 170 BG Steptronic M Sport NCAP/ANCAP Web Sayfası,2019,Var,,,,,,,,Arkadan İtişli,,,,,8 ileri,Otomatik,Steptronic
1525 kg,,1827 mm,4709 mm,1435 mm,,480 lt,,2020 BMW 320i 1.6 170 BG Steptronic Sport Line,,,,,,2020 BMW 320i 1.6 170 BG Steptronic Sport Line Test Sürüşü Talep Sayfası,2020 BMW 320i 1.6 170 BG Steptronic Sport Line Ürün Kataloğu,"2 Yıl Sınırsız Km Mekanik
12 Yıl Paslanmazlık",BMW Acil Yardım 444 2299,Var,,,,,Çift Turbo,BMW TwinPower Turbo (İkiz Turbo),4,1597 cc,Direkt Enjeksiyon,7.7 saniye,232 km/s,250 nm,170 BG,,,Almanya,,Binek,First Edition Sport Line,Sedan,2020,İçten Yanmalı (Standart),2014 tl/yıl,Premium D,3 Serisi,Benzin,https://www.epey.com/araba/2020-bmw-320i-1-6-170-bg-steptronic-first-edition-sport-line.html,,,,,,,,6.4 lt,59 lt,EU6d-temp,5.6 lt,7.7 lt,,,5 yıldız,2020 BMW 320i 1.6 170 BG Steptronic Sport Line NCAP/ANCAP Web Sayfası,2019,Var,,,,,,,,Arkadan İtişli,,,,,8 ileri,Otomatik,Steptronic
1530 kg,,1868 mm,4936 mm,1479 mm,,530 lt,,2020 BMW 520i 1.6 170 BG Steptronic Luxury Line,,,,,,2020 BMW 520i 1.6 170 BG Steptronic Luxury Line Test Sürüşü Talep Sayfası,2020 BMW 520i 1.6 170 BG Steptronic Luxury Line Ürün Kataloğu,"2 Yıl Sınırsız Km Mekanik
12 Yıl Paslanmazlık",BMW Acil Yardım 444 2299,Var,,,,,Çift Turbo,BMW TwinPower Turbo (İkiz Turbo),4,1998 cc,Direkt Enjeksiyon,7.8 saniye,235 km/s,290 nm,170 BG,,,Almanya,520i,Binek,Luxury Line,Sedan,2020,İçten Yanmalı (Standart),2014 tl/yıl,E,5 Serisi,Benzin,https://www.epey.com/araba/2020-bmw-520i-1-6-170-bg-steptronic-luxury-line.html,,,,,,,134 g/km,5.9 lt,68 lt,Euro 6,5.1 lt,7.2 lt,,,5 yıldız,2020 BMW 520i 1.6 170 BG Steptronic Luxury Line NCAP/ANCAP Web Sayfası,2017,Var,,,,,,,,Arkadan İtişli,,,,,8 ileri,Otomatik,Steptronic
1530 kg,,1868 mm,4936 mm,1479 mm,,530 lt,,2020 BMW 520i 1.6 170 BG Steptronic M Sport,,,,,,2020 BMW 520i 1.6 170 BG Steptronic M Sport Test Sürüşü Talep Sayfası,2020 BMW 520i 1.6 170 BG Steptronic M Sport Ürün Kataloğu,"2 Yıl Sınırsız Km Mekanik
12 Yıl Paslanmazlık",BMW Acil Yardım 444 2299,Var,,,,,Çift Turbo,BMW TwinPower Turbo (İkiz Turbo),4,1998 cc,Direkt Enjeksiyon,7.8 saniye,235 km/s,290 nm,170 BG,,,Almanya,520i,Binek,M Sport,Sedan,2020,İçten Yanmalı (Standart),2014 tl/yıl,E,5 Serisi,Benzin,https://www.epey.com/araba/2020-bmw-520i-1-6-170-bg-steptronic-m-sport.html,,,,,,,134 g/km,5.9 lt,68 lt,Euro 6,5.1 lt,7.2 lt,,,5 yıldız,2020 BMW 520i 1.6 170 BG Steptronic M Sport NCAP/ANCAP Web Sayfası,2017,Var,,,,,,,,Arkadan İtişli,,,,,8 ileri,Otomatik,Steptronic
1481 kg,10.80 mt.,2107 mm,4403 mm,1844 mm,1414 lt,775 lt,,2020 Citroen Berlingo 1.5 BlueHDi 100 HP Feel Stil,,,,,,,2020 Citroen Berlingo 1.5 BlueHDi 100 HP Feel Stil Ürün Kataloğu,"2 Yıl Boya
2 Yıl Sınırsız Km Mekanik
5 Yıl Paslanmazlık",Citroen Destek 0212 359 6363,Var,,,,,Turbo,,4,1499 cc,Common Rail Direkt Enjeksiyon,12.6 saniye,171 km/s,250 nm,100 BG,,,Fransa,Kombi,Binek,Feel Stil,MPV,2020,İçten Yanmalı (Standart),2014 tl/yıl,C,Berlingo,Dizel,https://www.epey.com/araba/2020-citroen-berlingo-1-5-bluehdi-100-hp-feel-stil.html,,,,,,,116 g/km,4.3 lt,50 lt,,4.1 lt,4.8 lt,,,4 yıldız,2020 Citroen Berlingo 1.5 BlueHDi 100 HP Feel Stil NCAP/ANCAP Web Sayfası,2018,Var,,,,,,,,Önden Çekişli,,,,,5 ileri,Manuel,
1481 kg,10.80 mt.,2107 mm,4403 mm,1844 mm,1414 lt,775 lt,,2020 Citroen Berlingo 1.5 BlueHDi 100 HP Feel,,,,,,,2020 Citroen Berlingo 1.5 BlueHDi 100 HP Feel Ürün Kataloğu,"2 Yıl Boya
2 Yıl Sınırsız Km Mekanik
5 Yıl Paslanmazlık",Citroen Destek 0212 359 6363,Var,,,,,Turbo,,4,1499 cc,Common Rail Direkt Enjeksiyon,12.6 saniye,171 km/s,250 nm,100 BG,,,Fransa,Kombi,Binek,Feel,MPV,2020,İçten Yanmalı (Standart),2014 tl/yıl,C,Berlingo,Dizel,https://www.epey.com/araba/2020-citroen-berlingo-1-5-bluehdi-100-hp-feel.html,,,,,,,116 g/km,4.3 lt,50 lt,,4.1 lt,4.8 lt,,,4 yıldız,2020 Citroen Berlingo 1.5 BlueHDi 100 HP Feel NCAP/ANCAP Web Sayfası,2018,Var,,,,,,,,Önden Çekişli,,,,,5 ileri,Manuel,
1461 kg,10.80 mt.,2107 mm,4403 mm,1844 mm,1414 lt,775 lt,,2020 Citroen Berlingo 1.5 BlueHDi 130 HP EAT8 Feel Stil,,,,,,,2020 Citroen Berlingo 1.5 BlueHDi 130 HP EAT8 Feel Stil Ürün Kataloğu,"2 Yıl Boya
2 Yıl Sınırsız Km Mekanik
5 Yıl Paslanmazlık",Citroen Destek 0212 359 6363,Var,,,,,Turbo,,4,1499 cc,Common Rail Direkt Enjeksiyon,11.0 saniye,184 km/s,300 nm,130 BG,,,Fransa,Kombi,Binek,Feel Stil,MPV,2020,İçten Yanmalı (Standart),2014 tl/yıl,C,Berlingo,Dizel,https://www.epey.com/araba/2020-citroen-berlingo-1-5-bluehdi-130-hp-eat8-feel-stil.html,,,,,,,116 g/km,4.1 lt,50 lt,Euro 6.2,4.0 lt,4.4 lt,,,4 yıldız,2020 Citroen Berlingo 1.5 BlueHDi 130 HP EAT8 Feel Stil NCAP/ANCAP Web Sayfası,2018,Var,,,,,,,,Önden Çekişli,,,,,8 ileri,Otomatik,EAT8 (Otomatik)
1461 kg,10.80 mt.,2107 mm,4403 mm,1844 mm,1414 lt,775 lt,,2020 Citroen Berlingo 1.5 BlueHDi 130 HP EAT8 Shine Bold,,,,,,,2020 Citroen Berlingo 1.5 BlueHDi 130 HP EAT8 Shine Bold Ürün Kataloğu,"2 Yıl Boya
2 Yıl Sınırsız Km Mekanik
5 Yıl Paslanmazlık",Citroen Destek 0212 359 6363,Var,,,,,Turbo,,4,1499 cc,Common Rail Direkt Enjeksiyon,11.0 saniye,184 km/s,300 nm,130 BG,,,Fransa,Kombi,Binek,Shine Bold,MPV,2020,İçten Yanmalı (Standart),2014 tl/yıl,C,Berlingo,Dizel,https://www.epey.com/araba/2020-citroen-berlingo-1-5-bluehdi-130-hp-eat8-shine-bold.html,,,,,,,116 g/km,4.1 lt,50 lt,Euro 6.2,4.0 lt,4.4 lt,,,4 yıldız,2020 Citroen Berlingo 1.5 BlueHDi 130 HP EAT8 Shine Bold NCAP/ANCAP Web Sayfası,2018,Var,,,,,,,,Önden Çekişli,,,,,8 ileri,Otomatik,EAT8 (Otomatik)
1461 kg,10.80 mt.,2107 mm,4403 mm,1844 mm,1414 lt,775 lt,,2020 Citroen Berlingo 1.5 BlueHDi 130 HP EAT8 Shine,,,,,,,2020 Citroen Berlingo 1.5 BlueHDi 130 HP EAT8 Shine Ürün Kataloğu,"2 Yıl Boya
2 Yıl Sınırsız Km Mekanik
5 Yıl Paslanmazlık",Citroen Destek 0212 359 6363,Var,,,,,Turbo,,4,1499 cc,Common Rail Direkt Enjeksiyon,11.0 saniye,184 km/s,300 nm,130 BG,,,Fransa,Kombi,Binek,Shine,MPV,2020,İçten Yanmalı (Standart),2014 tl/yıl,C,Berlingo,Dizel,https://www.epey.com/araba/2020-citroen-berlingo-1-5-bluehdi-130-hp-ss-eat8-shine.html,,,,,,,116 g/km,4.1 lt,50 lt,Euro 6.2,4.0 lt,4.4 lt,,,4 yıldız,2020 Citroen Berlingo 1.5 BlueHDi 130 HP EAT8 Shine NCAP/ANCAP Web Sayfası,2018,Var,,,,,,,,Önden Çekişli,,,,,8 ileri,Otomatik,EAT8 (Otomatik)
1467 kg,10.80 mt.,2107 mm,4403 mm,1844 mm,1414 lt,775 lt,,2020 Citroen Berlingo 1.5 BlueHDi 130 HP Shine,,,,,,,2020 Citroen Berlingo 1.5 BlueHDi 130 HP Shine Ürün Kataloğu,"2 Yıl Boya
2 Yıl Sınırsız Km Mekanik
5 Yıl Paslanmazlık",Citroen Destek 0212 359 6363,Var,,,,,Turbo,,4,1499 cc,Common Rail Direkt Enjeksiyon,10.3 saniye,185 km/s,300 nm,130 BG,,,Fransa,Kombi,Binek,Shine,MPV,2020,İçten Yanmalı (Standart),2014 tl/yıl,C,Berlingo,Dizel,https://www.epey.com/araba/2020-citroen-berlingo-1-5-bluehdi-130-hp-ss-shine.html,,,,,,,120 g/km,4.5 lt,50 lt,Euro 6.1,4.2 lt,5.1 lt,,,4 yıldız,2020 Citroen Berlingo 1.5 BlueHDi 130 HP Shine NCAP/ANCAP Web Sayfası,2018,Var,,,,,,,,Önden Çekişli,,,,,6 ileri,Manuel,
980 kg,10.70 mt.,1748 mm,4416 mm,1477 mm,,506 lt,,2020 Citroen C-Elysee 1.5 BlueHDi 100 HP Feel,,,,,,2020 Citroen C-Elysee 1.5 BlueHDi 100 HP Feel Test Sürüşü Talep Sayfası,2020 Citroen C-Elysee 1.5 BlueHDi 100 HP Feel Ürün Kataloğu,"2 Yıl Sınırsız Km Mekanik
3 Yıl Boya
12 Yıl Paslanmazlık",Citroen Destek 0212 359 6363,Var,,,,,Turbo,,4,1560 cc,Common Rail Direkt Enjeksiyon,10.8 saniye,183 km/s,254 nm,100 BG,,,Fransa,,Binek,Feel,Sedan,2020,İçten Yanmalı (Standart),2014 tl/yıl,B,C-Elysee,Dizel,https://www.epey.com/araba/2020-citroen-c-elysee-1-5-bluehdi-100-hp-feel.html,,,,,,,98 g/km,3.8 lt,50 lt,,3.3 lt,4.6 lt,,,3 yıldız,2020 Citroen C-Elysee 1.5 BlueHDi 100 HP Feel NCAP/ANCAP Web Sayfası,2014,Var,,,,,,,,Önden Çekişli,,,,,5 ileri,Manuel,
980 kg,10.70 mt.,1748 mm,4416 mm,1477 mm,,506 lt,,2020 Citroen C-Elysee 1.5 BlueHDi 100 HP Shine,,,,,,2020 Citroen C-Elysee 1.5 BlueHDi 100 HP Shine Test Sürüşü Talep Sayfası,2020 Citroen C-Elysee 1.5 BlueHDi 100 HP Shine Ürün Kataloğu,"2 Yıl Sınırsız Km Mekanik
3 Yıl Boya
12 Yıl Paslanmazlık",Citroen Destek 0212 359 6363,Var,,,,,Turbo,,4,1560 cc,Common Rail Direkt Enjeksiyon,10.8 saniye,183 km/s,254 nm,100 BG,,,Fransa,,Binek,Shine,Sedan,2020,İçten Yanmalı (Standart),2014 tl/yıl,B,C-Elysee,Dizel,https://www.epey.com/araba/2020-citroen-c-elysee-1-5-bluehdi-100-hp-shine.html,,,,,,,98 g/km,3.8 lt,50 lt,,3.3 lt,4.6 lt,,,3 yıldız,2020 Citroen C-Elysee 1.5 BlueHDi 100 HP Shine NCAP/ANCAP Web Sayfası,2014,Var,,,,,,,,Önden Çekişli,,,,,5 ileri,Manuel,
1165 kg,10.90 mt.,1749 mm,3996 mm,1474 mm,922 lt,300 lt,,2020 Citroen C3 1.2 PureTech 110 HP EAT6 Feel,,,,,,2020 Citroen C3 1.2 PureTech 110 HP EAT6 Feel Test Sürüşü Talep Sayfası,2020 Citroen C3 1.2 PureTech 110 HP EAT6 Feel Ürün Kataloğu,"2 Yıl Sınırsız Km Mekanik
3 Yıl Boya
12 Yıl Paslanmazlık",Citroen Destek 0212 359 6363,Var,,,,,Turbo,PureTech (Yakıt Tasarrufu),3,1199 cc,Direkt Enjeksiyon,10.6 saniye,183 km/s,205 nm,110 BG,Var,Hill Holder (Yokuş Kalkış Desteği),Fransa,,Binek,Feel,Hatchback,2020,İçten Yanmalı (Standart),1156 tl/yıl,B,C3,Benzin,https://www.epey.com/araba/2020-citroen-c3-1-2-puretech-110-hp-eat6-feel.html,,,,,,,110 g/km,4.9 lt,45 lt,,4.2 lt,6.1 lt,,,4 yıldız,2020 Citroen C3 1.2 PureTech 110 HP EAT6 Feel NCAP/ANCAP Web Sayfası,2017,Var,,,,,,,,Önden Çekişli,,,,,6 ileri,Otomatik,EAT6 (Otomatik)
1165 kg,10.90 mt.,1749 mm,3996 mm,1474 mm,922 lt,300 lt,,2020 Citroen C3 1.2 PureTech 110 HP EAT6 Shine,,,,,,2020 Citroen C3 1.2 PureTech 110 HP EAT6 Shine Test Sürüşü Talep Sayfası,2020 Citroen C3 1.2 PureTech 110 HP EAT6 Shine Ürün Kataloğu,"2 Yıl Sınırsız Km Mekanik
3 Yıl Boya
12 Yıl Paslanmazlık",Citroen Destek 0212 359 6363,Var,,,,,Turbo,PureTech (Yakıt Tasarrufu),3,1199 cc,Direkt Enjeksiyon,10.6 saniye,183 km/s,205 nm,110 BG,Var,Hill Holder (Yokuş Kalkış Desteği),Fransa,,Binek,Shine,Hatchback,2020,İçten Yanmalı (Standart),1156 tl/yıl,B,C3,Benzin,https://www.epey.com/araba/2020-citroen-c3-1-2-puretech-110-hp-eat6-shine.html,,,,,,,110 g/km,4.9 lt,45 lt,,4.2 lt,6.1 lt,,,4 yıldız,2020 Citroen C3 1.2 PureTech 110 HP EAT6 Shine NCAP/ANCAP Web Sayfası,2017,Var,,,,,,,,Önden Çekişli,,,,,6 ileri,Otomatik,EAT6 (Otomatik)
,,1749 mm,3996 mm,1490 mm,,300 lt,,2020 Citroen C3 1.2 PureTech 110 HP S&S EAT6 Feel Bold,,,,,,,2020 Citroen C3 1.2 PureTech 110 HP S&S EAT6 Feel Bold Ürün Kataloğu,"2 Yıl Sınırsız Km Mekanik
3 Yıl Boya
12 Yıl Paslanmazlık",Citroen Destek 0212 359 6363,Var,,,,,Turbo,,3,1199 cc,Direkt Enjeksiyon,10.0 saniye,193 km/s,205 nm,110 BG,,,Fransa,,Binek,Feel Bold,Hatchback,2020,İçten Yanmalı (Standart),1156 tl/yıl,B,C3,Benzin,https://www.epey.com/araba/2020-citroen-c3-1-2-puretech-110-hp-ss-eat6-feel-bold.html,,,,,,,109 g/km,4.8 lt,47 lt,,4.3 lt,5.7 lt,,,4 yıldız,2020 Citroen C3 1.2 PureTech 110 HP S&S EAT6 Feel Bold NCAP/ANCAP Web Sayfası,2017,Var,,,,,,,,Önden Çekişli,,,,,6 ileri,Otomatik,EAT6 (Otomatik)
,,1749 mm,3996 mm,1490 mm,,300 lt,,2020 Citroen C3 1.2 PureTech 110 HP S&S EAT6 Shine,,,,,,,2020 Citroen C3 1.2 PureTech 110 HP S&S EAT6 Shine Ürün Kataloğu,"2 Yıl Sınırsız Km Mekanik
3 Yıl Boya
12 Yıl Paslanmazlık",Citroen Destek 0212 359 6363,Var,,,,,Turbo,,3,1199 cc,Direkt Enjeksiyon,10.0 saniye,193 km/s,205 nm,110 BG,,,Fransa,,Binek,Shine,Hatchback,2020,İçten Yanmalı (Standart),1156 tl/yıl,B,C3,Benzin,https://www.epey.com/araba/2020-citroen-c3-1-2-puretech-110-hp-ss-eat6-shine.html,,,,,,,109 g/km,4.8 lt,47 lt,,4.3 lt,5.7 lt,,,4 yıldız,2020 Citroen C3 1.2 PureTech 110 HP S&S EAT6 Shine NCAP/ANCAP Web Sayfası,2017,Var,,,,,,,,Önden Çekişli,,,,,6 ileri,Otomatik,EAT6 (Otomatik)
1055 kg,10.90 mt.,1749 mm,3996 mm,1474 mm,922 lt,300 lt,,2020 Citroen C3 1.2 PureTech 82 HP Feel,,,,,,2020 Citroen C3 1.2 PureTech 82 HP Feel Test Sürüşü Talep Sayfası,2020 Citroen C3 1.2 PureTech 82 HP Feel Ürün Kataloğu,"2 Yıl Sınırsız Km Mekanik
3 Yıl Boya
12 Yıl Paslanmazlık",Citroen Destek 0212 359 6363,Var,,,,,Atmosferik,PureTech (Yakıt Tasarrufu),3,1199 cc,Direkt Enjeksiyon,12.9 saniye,169 km/s,118 nm,82 BG,Var,Hill Holder (Yokuş Kalkış Desteği),Fransa,,Binek,Feel,Hatchback,2020,İçten Yanmalı (Standart),1156 tl/yıl,B,C3,Benzin,https://www.epey.com/araba/2020-citroen-c3-1-2-puretech-82-hp-feel.html,,,,,,,110 g/km,4.8 lt,45 lt,,4.2 lt,5.8 lt,,,4 yıldız,2020 Citroen C3 1.2 PureTech 82 HP Feel NCAP/ANCAP Web Sayfası,2017,Var,,,,,,,,Önden Çekişli,,,,,5 ileri,Manuel,
,,1749 mm,3996 mm,1490 mm,,300 lt,,2020 Citroen C3 1.2 PureTech 83 HP S&S Feel,,,,,,,2020 Citroen C3 1.2 PureTech 83 HP S&S Feel Ürün Kataloğu,"2 Yıl Sınırsız Km Mekanik
3 Yıl Boya
12 Yıl Paslanmazlık",Citroen Destek 0212 359 6363,Var,,,,,Atmosferik,,3,1199 cc,Direkt Enjeksiyon,13.3 saniye,169 km/s,118 nm,83 BG,,,Fransa,,Binek,Feel,Hatchback,2020,İçten Yanmalı (Standart),1156 tl/yıl,B,C3,Benzin,https://www.epey.com/araba/2020-citroen-c3-1-2-puretech-83-hp-ss-feel.html,,,,,,,96 g/km,4.2 lt,47 lt,,3.8 lt,4.9 lt,,,4 yıldız,2020 Citroen C3 1.2 PureTech 83 HP S&S Feel NCAP/ANCAP Web Sayfası,2017,Var,,,,,,,,Önden Çekişli,,,,,5 ileri,Manuel,
1280 kg,10.80 mt.,1765 mm,4155 mm,1597 mm,1289 lt,410 lt,,2020 Citroen C3 Aircross 1.2 130 HP EAT6 Shine (4x2),,,,,,2020 Citroen C3 Aircross 1.2 130 HP EAT6 Shine (4x2) Test Sürüşü Talep Sayfası,2020 Citroen C3 Aircross 1.2 130 HP EAT6 Shine (4x2) Ürün Kataloğu,"2 Yıl Sınırsız Km Mekanik
3 Yıl Boya
12 Yıl Paslanmazlık",Citroen Destek 0212 359 6363,Var,,,,,Turbo,,3,1199 cc,Çok Noktadan Enjeksiyon,9.2 saniye,195 km/s,230 nm,130 BG,,,Fransa,,Binek,Shine,SUV,2020,İçten Yanmalı (Standart),1156 tl/yıl,B,C3 Aircross,Benzin,https://www.epey.com/araba/2020-citroen-c3-aircross-1-2-130-hp-eat6-shine-4x2.html,,,,,,,114 g/km,5.0 lt,45 lt,,4.5 lt,5.9 lt,,,5 yıldız,2020 Citroen C3 Aircross 1.2 130 HP EAT6 Shine (4x2) NCAP/ANCAP Web Sayfası,2017,Var,,,,,,,,Önden Çekişli,,,,,6 ileri,Otomatik,EAT6 (Otomatik)
1208 kg,10.80 mt.,1765 mm,4155 mm,1597 mm,1289 lt,410 lt,,2020 Citroen C3 Aircross 1.5 BlueHDi 120 HP EAT6 Feel (4x2),,,,,,2020 Citroen C3 Aircross 1.5 BlueHDi 120 HP EAT6 Feel (4x2) Test Sürüşü Talep Sayfası,2020 Citroen C3 Aircross 1.5 BlueHDi 120 HP EAT6 Feel (4x2) Ürün Kataloğu,"2 Yıl Sınırsız Km Mekanik
3 Yıl Boya
12 Yıl Paslanmazlık",Citroen Destek 0212 359 6363,Var,,,,,Turbo,,4,1560 cc,Common Rail Direkt Enjeksiyon,9.8 saniye,183 km/s,300 nm,120 BG,,,Fransa,,Binek,Feel,SUV,2020,İçten Yanmalı (Standart),2014 tl/yıl,B,C3 Aircross,Dizel,https://www.epey.com/araba/2020-citroen-c3-aircross-1-5-bluehdi-120-hp-ss-eat6-feel-4x2.html,,,,,,,105 g/km,4.0 lt,45 lt,,3.7 lt,4.6 lt,,,5 yıldız,2020 Citroen C3 Aircross 1.5 BlueHDi 120 HP EAT6 Feel (4x2) NCAP/ANCAP Web Sayfası,2017,Var,,,,,,,,Önden Çekişli,,,,,6 ileri,Otomatik,EAT6 (Otomatik)
1208 kg,10.80 mt.,1765 mm,4155 mm,1597 mm,1289 lt,410 lt,,2020 Citroen C3 Aircross 1.5 BlueHDi 120 HP EAT6 Shine (4x2),,,,,,2020 Citroen C3 Aircross 1.5 BlueHDi 120 HP EAT6 Shine (4x2) Test Sürüşü Talep Sayfası,2020 Citroen C3 Aircross 1.5 BlueHDi 120 HP EAT6 Shine (4x2) Ürün Kataloğu,"2 Yıl Sınırsız Km Mekanik
3 Yıl Boya
12 Yıl Paslanmazlık",Citroen Destek 0212 359 6363,Var,,,,,Turbo,,4,1560 cc,Common Rail Direkt Enjeksiyon,9.8 saniye,183 km/s,300 nm,120 BG,,,Fransa,,Binek,Shine,SUV,2020,İçten Yanmalı (Standart),2014 tl/yıl,B,C3 Aircross,Dizel,https://www.epey.com/araba/2020-citroen-c3-aircross-1-5-bluehdi-120-hp-ss-eat6-shine-4x2.html,,,,,,,105 g/km,4.0 lt,45 lt,,3.7 lt,4.6 lt,,,5 yıldız,2020 Citroen C3 Aircross 1.5 BlueHDi 120 HP EAT6 Shine (4x2) NCAP/ANCAP Web Sayfası,2017,Var,,,,,,,,Önden Çekişli,,,,,6 ileri,Otomatik,EAT6 (Otomatik)
1423 kg,,1859 mm,4500 mm,1695 mm,,580 lt,,2020 Citroen C5 Aircross 1.2 131 HP EAT8 Live (4x2),,,,,,2020 Citroen C5 Aircross 1.2 131 HP EAT8 Live (4x2) Test Sürüşü Talep Sayfası,2020 Citroen C5 Aircross 1.2 131 HP EAT8 Live (4x2) Ürün Kataloğu,,,,,,,,Turbo,PureTech (Yakıt Tasarrufu),3,1199 cc,Direkt Enjeksiyon,10.3 saniye,193 km/s,230 nm,131 BG,,,Fransa,,Binek,Live,SUV,2020,İçten Yanmalı (Standart),1536 tl/yıl,C,C5 Aircross,Benzin,https://www.epey.com/araba/2020-citroen-c5-aircross-1-2-131-hp-eat8-live-4x2.html,,,,,,,116 g/km,5.1 lt,53 lt,Euro 6d,4.6 lt,5.8 lt,,,4 yıldız,2020 Citroen C5 Aircross 1.2 131 HP EAT8 Live (4x2) NCAP/ANCAP Web Sayfası,2019,Var,,,,,,,,Önden Çekişli,,,,,8 ileri,Otomatik,EAT8 (Otomatik)
1505 kg,,1859 mm,4500 mm,1695 mm,,580 lt,,2020 Citroen C5 Aircross 1.5 BlueHDi 130 HP EAT6 Feel Adventure (4x2),,,,,,2020 Citroen C5 Aircross 1.5 BlueHDi 130 HP EAT6 Feel Adventure (4x2) Test Sürüşü Talep Sayfası,2020 Citroen C5 Aircross 1.5 BlueHDi 130 HP EAT6 Feel Adventure (4x2) Ürün Kataloğu,,,,,,,,Turbo,BlueHDi (Çevreci & Ekonomik Motor),4,1499 cc,Common Rail Direkt Enjeksiyon,9.8 saniye,191 km/s,300 nm,130 BG,,,Fransa,,Binek,Feel Adventure,SUV,2020,İçten Yanmalı (Standart),2014 tl/yıl,C,C5 Aircross,Dizel,https://www.epey.com/araba/2020-citroen-c5-aircross-1-5-bluehdi-130-hp-eat6-feel-adventure-4x2.html,,,,,,,108 g/km,4.1 lt,53 lt,Euro 6.2,3.9 lt,4.5 lt,,,4 yıldız,2020 Citroen C5 Aircross 1.5 BlueHDi 130 HP EAT6 Feel Adventure (4x2) NCAP/ANCAP Web Sayfası,2019,Var,,,,,,,,Önden Çekişli,,,,,6 ileri,Otomatik,EAT6 (Otomatik)
1505 kg,,1859 mm,4500 mm,1695 mm,,580 lt,,2020 Citroen C5 Aircross 1.5 BlueHDi 130 HP EAT6 Feel (4x2),,,,,,2020 Citroen C5 Aircross 1.5 BlueHDi 130 HP EAT6 Feel (4x2) Test Sürüşü Talep Sayfası,2020 Citroen C5 Aircross 1.5 BlueHDi 130 HP EAT6 Feel (4x2) Ürün Kataloğu,,,,,,,,Turbo,BlueHDi (Çevreci & Ekonomik Motor),4,1499 cc,Common Rail Direkt Enjeksiyon,9.8 saniye,191 km/s,300 nm,130 BG,,,Fransa,,Binek,Feel,SUV,2020,İçten Yanmalı (Standart),2014 tl/yıl,C,C5 Aircross,Dizel,https://www.epey.com/araba/2020-citroen-c5-aircross-1-5-bluehdi-130-hp-eat6-shine-4x2.html,,,,,,,108 g/km,4.1 lt,53 lt,Euro 6.2,3.9 lt,4.5 lt,,,4 yıldız,2020 Citroen C5 Aircross 1.5 BlueHDi 130 HP EAT6 Feel (4x2) NCAP/ANCAP Web Sayfası,2019,Var,,,,,,,,Önden Çekişli,,,,,6 ileri,Otomatik,EAT6 (Otomatik)
1505 kg,,1859 mm,4500 mm,1695 mm,,580 lt,,2020 Citroen C5 Aircross 1.5 BlueHDi 130 HP EAT8 Shine (4x2),,,,,,2020 Citroen C5 Aircross 1.5 BlueHDi 130 HP EAT8 Shine (4x2) Test Sürüşü Talep Sayfası,2020 Citroen C5 Aircross 1.5 BlueHDi 130 HP EAT8 Shine (4x2) Ürün Kataloğu,,,,,,,,Turbo,BlueHDi (Çevreci & Ekonomik Motor),4,1499 cc,Common Rail Direkt Enjeksiyon,10.6 saniye,188 km/s,300 nm,130 BG,,,Fransa,,Binek,Shine,SUV,2020,İçten Yanmalı (Standart),2014 tl/yıl,C,C5 Aircross,Dizel,https://www.epey.com/araba/2020-citroen-c5-aircross-1-5-bluehdi-130-hp-eat8-shine-4x2.html,,,,,,,108 g/km,4.1 lt,53 lt,Euro 6.2,3.9 lt,4.4 lt,,,4 yıldız,2020 Citroen C5 Aircross 1.5 BlueHDi 130 HP EAT8 Shine (4x2) NCAP/ANCAP Web Sayfası,2019,Var,,,,,,,,Önden Çekişli,,,,,8 ileri,Otomatik,EAT8 (Otomatik)
1505 kg,,1859 mm,4500 mm,1695 mm,,580 lt,,2020 Citroen C5 Aircross 1.5 BlueHDi 130 HP EAT8 Shine Bold (4x2),,,,,,2020 Citroen C5 Aircross 1.5 BlueHDi 130 HP EAT8 Shine Bold (4x2) Test Sürüşü Talep Sayfası,2020 Citroen C5 Aircross 1.5 BlueHDi 130 HP EAT8 Shine Bold (4x2) Ürün Kataloğu,,,,,,,,Turbo,BlueHDi (Çevreci & Ekonomik Motor),4,1499 cc,Common Rail Direkt Enjeksiyon,10.6 saniye,188 km/s,300 nm,130 BG,,,Fransa,,Binek,Shine Bold,SUV,2020,İçten Yanmalı (Standart),2014 tl/yıl,C,C5 Aircross,Dizel,https://www.epey.com/araba/2020-citroen-c5-aircross-1-5-bluehdi-130-hp-eat8-shine-bold-4x2.html,,,,,,,108 g/km,4.1 lt,53 lt,Euro 6.2,3.9 lt,4.4 lt,,,4 yıldız,2020 Citroen C5 Aircross 1.5 BlueHDi 130 HP EAT8 Shine Bold (4x2) NCAP/ANCAP Web Sayfası,2019,Var,,,,,,,,Önden Çekişli,,,,,8 ileri,Otomatik,EAT8 (Otomatik)
1505 kg,,1859 mm,4500 mm,1695 mm,,580 lt,,2020 Citroen C5 Aircross 1.6 180 HP EAT8 Feel Adventure (4x2),,,,,,2020 Citroen C5 Aircross 1.6 180 HP EAT8 Feel Adventure (4x2) Test Sürüşü Talep Sayfası,2020 Citroen C5 Aircross 1.6 180 HP EAT8 Feel Adventure (4x2) Ürün Kataloğu,,,,,,,,Turbo,PureTech (Yakıt Tasarrufu),4,1598 cc,Direkt Enjeksiyon,8.2 saniye,216 km/s,250 nm,180 BG,,,Fransa,,Binek,Feel Adventure,SUV,2020,İçten Yanmalı (Standart),2014 tl/yıl,C,C5 Aircross,Benzin,https://www.epey.com/araba/2020-citroen-c5-aircross-1-6-180-hp-eat8-feel-adventure-4x2.html,,,,,,,132 g/km,5.8 lt,53 lt,Euro 6.2,5.0 lt,7.2 lt,,,4 yıldız,2020 Citroen C5 Aircross 1.6 180 HP EAT8 Feel Adventure (4x2) NCAP/ANCAP Web Sayfası,2019,Var,,,,,,,,Önden Çekişli,,,,,8 ileri,Otomatik,EAT8 (Otomatik)
1505 kg,,1859 mm,4500 mm,1695 mm,,580 lt,,2020 Citroen C5 Aircross 1.6 180 HP EAT8 Shine (4x2),,,,,,2020 Citroen C5 Aircross 1.6 180 HP EAT8 Shine (4x2) Test Sürüşü Talep Sayfası,2020 Citroen C5 Aircross 1.6 180 HP EAT8 Shine (4x2) Ürün Kataloğu,,,,,,,,Turbo,PureTech (Yakıt Tasarrufu),4,1598 cc,Direkt Enjeksiyon,8.2 saniye,216 km/s,250 nm,180 BG,,,Fransa,,Binek,Shine,SUV,2020,İçten Yanmalı (Standart),2014 tl/yıl,C,C5 Aircross,Benzin,https://www.epey.com/araba/2020-citroen-c5-aircross-1-6-180-hp-eat8-shine-4x2.html,,,,,,,132 g/km,5.8 lt,53 lt,Euro 6.2,5.0 lt,7.2 lt,,,4 yıldız,2020 Citroen C5 Aircross 1.6 180 HP EAT8 Shine (4x2) NCAP/ANCAP Web Sayfası,2019,Var,,,,,,,,Önden Çekişli,,,,,8 ileri,Otomatik,EAT8 (Otomatik)
1505 kg,,1859 mm,4500 mm,1695 mm,,580 lt,,2020 Citroen C5 Aircross 1.6 180 HP EAT8 Shine Bold (4x2),,,,,,2020 Citroen C5 Aircross 1.6 180 HP EAT8 Shine Bold (4x2) Test Sürüşü Talep Sayfası,2020 Citroen C5 Aircross 1.6 180 HP EAT8 Shine Bold (4x2) Ürün Kataloğu,,,,,,,,Turbo,PureTech (Yakıt Tasarrufu),4,1598 cc,Direkt Enjeksiyon,8.2 saniye,216 km/s,250 nm,180 BG,,,Fransa,,Binek,Shine Bold,SUV,2020,İçten Yanmalı (Standart),2014 tl/yıl,C,C5 Aircross,Benzin,https://www.epey.com/araba/2020-citroen-c5-aircross-1-6-180-hp-eat8-shine-bold-4x2.html,,,,,,,132 g/km,5.8 lt,53 lt,Euro 6.2,5.0 lt,7.2 lt,,,4 yıldız,2020 Citroen C5 Aircross 1.6 180 HP EAT8 Shine Bold (4x2) NCAP/ANCAP Web Sayfası,2019,Var,,,,,,,,Önden Çekişli,,,,,8 ileri,Otomatik,EAT8 (Otomatik)
1436 kg,11.60 mt.,1751 mm,4363 mm,1852 mm,3000 lt,800 lt,,2020 Dacia Dokker Combi 1.5 Blue dCi 95 BG Ambiance,,,,,,,2020 Dacia Dokker Combi 1.5 Blue dCi 95 BG Ambiance Ürün Kataloğu,"3 Yıl / 100 Bin Km Mekanik
3 Yıl Boya
6 Yıl Paslanmazlık",Dacia Yol Yardım 444 6247,Var,,,,,Turbo,,4,1461 cc,Common Rail Direkt Enjeksiyon,12.6 saniye,168 km/s,220 nm,95 BG,,,Romanya > Fransa,Combi,Ticari,Ambiance,Kombi,2020,İçten Yanmalı (Standart),1536 tl/yıl,Hafif Ticari,Dokker,Dizel,https://www.epey.com/araba/2020-dacia-dokker-combi-1-5-blue-dci-95-bg-ambiance.html,,,,,,,116 g/km,4.4 lt,50 lt,,4.2 lt,4.7 lt,,,,,,,,,,,,,,Önden Çekişli,,,,,6 ileri,Manuel,
1436 kg,11.60 mt.,1751 mm,4363 mm,1852 mm,3000 lt,800 lt,,2020 Dacia Dokker Combi 1.5 Blue dCi 95 BG Stepway,,,,,,,2020 Dacia Dokker Combi 1.5 Blue dCi 95 BG Stepway Ürün Kataloğu,"3 Yıl / 100 Bin Km Mekanik
3 Yıl Boya
6 Yıl Paslanmazlık",Dacia Yol Yardım 444 6247,Var,,,,,Turbo,,4,1461 cc,Common Rail Direkt Enjeksiyon,12.6 saniye,168 km/s,220 nm,95 BG,,,Romanya > Fransa,Combi,Ticari,Stepway,Kombi,2020,İçten Yanmalı (Standart),1536 tl/yıl,Hafif Ticari,Dokker,Dizel,https://www.epey.com/araba/2020-dacia-dokker-combi-1-5-blue-dci-95-bg-stepway.html,,,,,,,116 g/km,4.4 lt,50 lt,,4.2 lt,4.7 lt,,,,,,,,,,,,,,Önden Çekişli,,,,,6 ileri,Manuel,
1258 kg,11.60 mt.,1751 mm,4363 mm,1804 mm,3000 lt,800 lt,,2020 Dacia Dokker Combi 1.6 ECO-G 110 BG Ambiance,,,,,,,2020 Dacia Dokker Combi 1.6 ECO-G 110 BG Ambiance Ürün Kataloğu,"3 Yıl / 100 Bin Km Mekanik
3 Yıl Boya
6 Yıl Paslanmazlık",Dacia Yol Yardım 444 6247,Var,,,,,Atmosferik,,4,1598 cc,Çok Noktadan Enjeksiyon,13.7 saniye,164 km/s,150 nm,110 BG,,,Romanya > Fransa,Combi,Ticari,Ambiance,Kombi,2020,İçten Yanmalı (Standart),1536 tl/yıl,Hafif Ticari,Dokker,Benzin & LPG,https://www.epey.com/araba/2020-dacia-dokker-combi-1-6-eco-g-110-bg-ambiance.html,Var,146 g/km,33.6 lt,8.6 lt,7.4 lt,9.9 lt,165 g/km,7.3 lt,50 lt,,6.0 lt,9.8 lt,,,,,,,,,,,,,,Önden Çekişli,,,,,5 ileri,Manuel,
1312 kg,11.60 mt.,1751 mm,4363 mm,1804 mm,3300 lt,,,2020 Dacia Dokker Van 1.5 Blue dCi 95 BG Ambiance,,,,,,,,"3 Yıl / 100 Bin Km Mekanik
3 Yıl Boya
6 Yıl Paslanmazlık",Dacia Yol Yardım 444 6247,Var,,,,,Turbo,,4,1461 cc,Common Rail Direkt Enjeksiyon,12.5 saniye,168 km/s,220 nm,95 BG,,,Romanya > Fransa,Panelvan,Ticari,Ambiance,Panelvan,2020,İçten Yanmalı (Standart),1536 tl/yıl,Hafif Ticari,Dokker,Dizel,https://www.epey.com/araba/2020-dacia-dokker-van-1-5-blue-dci-95-bg-ambiance.html,,,,,,,111 g/km,4.2 lt,50 lt,Euro 5,4.0 lt,4.6 lt,,,,,,,,,,,,,,Önden Çekişli,,,,,6 ileri,Manuel,
1215 kg,11.60 mt.,1751 mm,4363 mm,1804 mm,3300 lt,,,2020 Dacia Dokker Van 1.6 ECO-G 110 BG Ambiance,,,,,,,2020 Dacia Dokker Van 1.6 ECO-G 110 BG Ambiance Ürün Kataloğu,"3 Yıl / 100 Bin Km Mekanik
3 Yıl Boya
6 Yıl Paslanmazlık",Dacia Yol Yardım 444 6247,Var,,,,,Atmosferik,,4,1598 cc,Çok Noktadan Enjeksiyon,13.7 saniye,164 km/s,150 nm,110 BG,,,Romanya > Fransa,Panelvan,Ticari,Ambiance,Panelvan,2020,İçten Yanmalı (Standart),1536 tl/yıl,Hafif Ticari,Dokker,Benzin & LPG,https://www.epey.com/araba/2020-dacia-dokker-van-1-6-eco-g-110-bg-ambiance.html,Var,143 g/km,33.6 lt,8.4 lt,7.0 lt,10.8 lt,159 g/km,7.0 lt,50 lt,,5.8 lt,9.0 lt,,,,,,,,,,,,,,Önden Çekişli,,,,,5 ileri,Manuel,
1191 kg,10.72 mt.,1804 mm,4341 mm,1693 mm,,478 lt,,2020 Dacia Duster 1.0 TCe 100 BG Comfort (4x2),,,,,,2020 Dacia Duster 1.0 TCe 100 BG Comfort (4x2) Test Sürüşü Talep Sayfası,2020 Dacia Duster 1.0 TCe 100 BG Comfort (4x2) Ürün Kataloğu,"Garantiyi 4 Yıla Kadar Uzatabilme
3 Yıl / 100 Bin Km Mekanik",Dacia Yol Yardım 444 6247,Var,,,,,Turbo,,4,999 cc,Çok Noktadan Enjeksiyon,,168 km/s,160 nm,100 BG,,,Romanya > Fransa,,Binek,Comfort,SUV,2020,İçten Yanmalı (Standart),1156 tl/yıl,C,Duster,Benzin,https://www.epey.com/araba/2020-dacia-duster-1-0-tce-100-bg-comfort-4x2.html,,,,,,,,,50 lt,,,,,,3 yıldız,2020 Dacia Duster 1.0 TCe 100 BG Comfort (4x2) NCAP/ANCAP Web Sayfası,2017,Var,,,,,,,,Önden Çekişli,,,,,5 ileri,Manuel,
1309 kg,,1804 mm,4341 mm,1693 mm,,478 lt,,2020 Dacia Duster 1.3 TCe 130 BG Prestige (4x2),,,,,,2020 Dacia Duster 1.3 TCe 130 BG Prestige (4x2) Test Sürüşü Talep Sayfası,2020 Dacia Duster 1.3 TCe 130 BG Prestige (4x2) Ürün Kataloğu,"Garantiyi 4 Yıla Kadar Uzatabilme
3 Yıl / 100 Bin Km Mekanik",Dacia Yol Yardım 444 6247,Var,,,,,Turbo,,4,1333 cc,Direkt Enjeksiyon,10.4 saniye,191 km/s,240 nm,130 BG,,,Romanya > Fransa,,Binek,Prestige,SUV,2020,İçten Yanmalı (Standart),2014 tl/yıl,C,Duster,Benzin,https://www.epey.com/araba/2020-dacia-duster-1-3-tce-130-bg-prestige-4x2.html,,,,,,,,,50 lt,Euro 6,,,,,3 yıldız,2020 Dacia Duster 1.3 TCe 130 BG Prestige (4x2) NCAP/ANCAP Web Sayfası,2017,Var,,,,,,,,Önden Çekişli,,,,,6 ileri,Manuel,
,,1804 mm,4341 mm,1693 mm,,478 lt,,2020 Dacia Duster 1.3 TCe 150 BG Comfort (4x4),,,,,,2020 Dacia Duster 1.3 TCe 150 BG Comfort (4x4) Test Sürüşü Talep Sayfası,2020 Dacia Duster 1.3 TCe 150 BG Comfort (4x4) Ürün Kataloğu,"Garantiyi 4 Yıla Kadar Uzatabilme
3 Yıl / 100 Bin Km Mekanik",Dacia Yol Yardım 444 6247,Var,,,,,Turbo,,4,1333 cc,Direkt Enjeksiyon,10.4 saniye,191 km/s,250 nm,150 BG,,,Romanya > Fransa,,Binek,Comfort,SUV,2020,İçten Yanmalı (Standart),2014 tl/yıl,C,Duster,Benzin,https://www.epey.com/araba/2020-dacia-duster-1-3-tce-150-bg-comfort-4x4.html,,,,,,,,,50 lt,Euro 6,,,,,3 yıldız,2020 Dacia Duster 1.3 TCe 150 BG Comfort (4x4) NCAP/ANCAP Web Sayfası,2017,Var,,,,,,,,4x4 Çekişli,,,,,6 ileri,Manuel,
,,1804 mm,4341 mm,1693 mm,,478 lt,,2020 Dacia Duster 1.3 TCe 150 BG Prestige (4x4),,,,,,2020 Dacia Duster 1.3 TCe 150 BG Prestige (4x4) Test Sürüşü Talep Sayfası,2020 Dacia Duster 1.3 TCe 150 BG Prestige (4x4) Ürün Kataloğu,"Garantiyi 4 Yıla Kadar Uzatabilme
3 Yıl / 100 Bin Km Mekanik",Dacia Yol Yardım 444 6247,Var,,,,,Turbo,,4,1333 cc,Direkt Enjeksiyon,10.4 saniye,191 km/s,250 nm,150 BG,,,Romanya > Fransa,,Binek,Prestige,SUV,2020,İçten Yanmalı (Standart),2014 tl/yıl,C,Duster,Benzin,https://www.epey.com/araba/2020-dacia-duster-1-3-tce-150-bg-prestige-4x4.html,,,,,,,,,50 lt,Euro 6,,,,,3 yıldız,2020 Dacia Duster 1.3 TCe 150 BG Prestige (4x4) NCAP/ANCAP Web Sayfası,2017,Var,,,,,,,,4x4 Çekişli,,,,,6 ileri,Manuel,
1480 kg,10.72 mt.,1804 mm,4341 mm,1693 mm,,478 lt,,2020 Dacia Duster 1.5 Blue dCi 115 BG Comfort (4x4),,,,,,2020 Dacia Duster 1.5 Blue dCi 115 BG Comfort (4x4) Test Sürüşü Talep Sayfası,2020 Dacia Duster 1.5 Blue dCi 115 BG Comfort (4x4) Ürün Kataloğu,"Garantiyi 4 Yıla Kadar Uzatabilme
3 Yıl / 100 Bin Km Mekanik",Dacia Yol Yardım 444 6247,Var,,,,,Turbo,,4,1461 cc,Common Rail Direkt Enjeksiyon,10.4 saniye,177 km/s,260 nm,115 BG,,,Romanya > Fransa,,Binek,Comfort,SUV,2020,İçten Yanmalı (Standart),2014 tl/yıl,C,Duster,Dizel,https://www.epey.com/araba/2020-dacia-duster-1-5-blue-dci-115-bg-comfort-4x4.html,,,,,,,123 g/km,4.7 lt,50 lt,Euro 6,4.5 lt,4.9 lt,,,3 yıldız,2020 Dacia Duster 1.5 Blue dCi 115 BG Comfort (4x4) NCAP/ANCAP Web Sayfası,2017,Var,,,,,,,,4x4 Çekişli,,,,,6 ileri,Manuel,
1480 kg,10.72 mt.,1804 mm,4341 mm,1693 mm,,478 lt,,2020 Dacia Duster 1.5 Blue dCi 115 BG Prestige (4x4),,,,,,2020 Dacia Duster 1.5 Blue dCi 115 BG Prestige (4x4) Test Sürüşü Talep Sayfası,2020 Dacia Duster 1.5 Blue dCi 115 BG Prestige (4x4) Ürün Kataloğu,"Garantiyi 4 Yıla Kadar Uzatabilme
3 Yıl / 100 Bin Km Mekanik",Dacia Yol Yardım 444 6247,Var,,,,,Turbo,,4,1461 cc,Common Rail Direkt Enjeksiyon,10.4 saniye,177 km/s,260 nm,115 BG,,,Romanya > Fransa,,Binek,Prestige,SUV,2020,İçten Yanmalı (Standart),2014 tl/yıl,C,Duster,Dizel,https://www.epey.com/araba/2020-dacia-duster-1-5-blue-dci-115-bg-prestige-4x4.html,,,,,,,123 g/km,4.7 lt,50 lt,Euro 6,4.5 lt,4.9 lt,,,3 yıldız,2020 Dacia Duster 1.5 Blue dCi 115 BG Prestige (4x4) NCAP/ANCAP Web Sayfası,2017,Var,,,,,,,,4x4 Çekişli,,,,,6 ileri,Manuel,
1389 kg,10.72 mt.,1804 mm,4341 mm,1693 mm,,478 lt,,2020 Dacia Duster 1.5 Blue dCi 95 BG Comfort (4x2),,,,,,2020 Dacia Duster 1.5 Blue dCi 95 BG Comfort (4x2) Test Sürüşü Talep Sayfası,2020 Dacia Duster 1.5 Blue dCi 95 BG Comfort (4x2) Ürün Kataloğu,"Garantiyi 4 Yıla Kadar Uzatabilme
3 Yıl / 100 Bin Km Mekanik",Dacia Yol Yardım 444 6247,Var,,,,,Turbo,,4,1461 cc,Common Rail Direkt Enjeksiyon,12.6 saniye,169 km/s,240 nm,95 BG,,,Romanya > Fransa,,Binek,Comfort,SUV,2020,İçten Yanmalı (Standart),2014 tl/yıl,C,Duster,Dizel,https://www.epey.com/araba/2020-dacia-duster-1-5-blue-dci-95-bg-comfort-4x2.html,,,,,,,111 g/km,4.2 lt,50 lt,Euro 6,4.0 lt,4.5 lt,,,3 yıldız,2020 Dacia Duster 1.5 Blue dCi 95 BG Comfort (4x2) NCAP/ANCAP Web Sayfası,2017,Var,,,,,,,,Önden Çekişli,,,,,5 ileri,Manuel,
1240 kg,10.72 mt.,1804 mm,4341 mm,1693 mm,,478 lt,,2020 Dacia Duster 1.6 ECO-G 115 BG Prestige (4x2),,,,,,2020 Dacia Duster 1.6 ECO-G 115 BG Prestige (4x2) Test Sürüşü Talep Sayfası,2020 Dacia Duster 1.6 ECO-G 115 BG Prestige (4x2) Ürün Kataloğu,"Garantiyi 4 Yıla Kadar Uzatabilme
3 Yıl / 100 Bin Km Mekanik",Dacia Yol Yardım 444 6247,Var,,,,,Atmosferik,,4,1598 cc,Çok Noktadan Enjeksiyon,16.6 saniye,169 km/s,156 nm,115 BG,,,Romanya > Fransa,,Binek,Prestige,SUV,2020,İçten Yanmalı (Standart),2014 tl/yıl,C,Duster,Benzin & LPG,https://www.epey.com/araba/2020-dacia-duster-1-6-115-bg-eco-g-prestige-4x2.html,Var,141 g/km,32 lt,8.8 lt,7.6 lt,10.9 lt,156 g/km,6.9 lt,50 lt,Euro 6,6.0 lt,8.4 lt,,,3 yıldız,2020 Dacia Duster 1.6 ECO-G 115 BG Prestige (4x2) NCAP/ANCAP Web Sayfası,2017,Var,,,,,,,,Önden Çekişli,,,,,5 ileri,Manuel,
1315 kg,10.72 mt.,1804 mm,4341 mm,1693 mm,,478 lt,,2020 Dacia Duster 1.6 ECO-G 115 BG Comfort (4x2),,,,,,2020 Dacia Duster 1.6 ECO-G 115 BG Comfort (4x2) Test Sürüşü Talep Sayfası,2020 Dacia Duster 1.6 ECO-G 115 BG Comfort (4x2) Ürün Kataloğu,"Garantiyi 4 Yıla Kadar Uzatabilme
3 Yıl / 100 Bin Km Mekanik",Dacia Yol Yardım 444 6247,Var,,,,,Atmosferik,,4,1598 cc,Çok Noktadan Enjeksiyon,11.9 saniye,172 km/s,156 nm,115 BG,,,Romanya > Fransa,,Binek,Comfort,SUV,2020,İçten Yanmalı (Standart),2014 tl/yıl,C,Duster,Benzin & LPG,https://www.epey.com/araba/2020-dacia-duster-1-6-eco-g-115-bg-comfort-4x2.html,Var,141 g/km,33.6 lt,8.7 lt,7.7 lt,10.3 lt,156 g/km,6.8 lt,50 lt,Euro 6,6.0 lt,8.2 lt,,,3 yıldız,2020 Dacia Duster 1.6 ECO-G 115 BG Comfort (4x2) NCAP/ANCAP Web Sayfası,2017,Var,,,,,,,,Önden Çekişli,,,,,5 ileri,Manuel,
1304 kg,11.10 mt.,1751 mm,4498 mm,1683 mm,,827 lt,,2020 Dacia Lodgy 1.5 Blue dCi 115 BG Stepway (5K),,,,,,2020 Dacia Lodgy 1.5 Blue dCi 115 BG Stepway (5K) Test Sürüşü Talep Sayfası,2020 Dacia Lodgy 1.5 Blue dCi 115 BG Stepway (5K) Ürün Kataloğu,"3 Yıl / 100 Bin Km Mekanik
3 Yıl Boya
6 Yıl Paslanmazlık",Dacia Yol Yardım 444 6247,Var,,,,,Turbo,,4,1461 cc,Common Rail Direkt Enjeksiyon,10.9 saniye,185 km/s,260 nm,115 BG,,,Romanya > Fransa,,Binek,Stepway,MPV,2020,İçten Yanmalı (Standart),2014 tl/yıl,D,Lodgy,Dizel,https://www.epey.com/araba/2020-dacia-lodgy-1-5-blue-dci-115-bg-stepway-5k.html,,,,,,,109 g/km,4.1 lt,50 lt,Euro 6,3.7 lt,4.8 lt,,,3 yıldız,2020 Dacia Lodgy 1.5 Blue dCi 115 BG Stepway (5K) NCAP/ANCAP Web Sayfası,2012,Var,,,,,,,,Önden Çekişli,,,,,6 ileri,Manuel,
1304 kg,11.10 mt.,1751 mm,4498 mm,1683 mm,,827 lt,,2020 Dacia Lodgy 1.5 Blue dCi 115 BG Stepway (7K),,,,,,2020 Dacia Lodgy 1.5 Blue dCi 115 BG Stepway (7K) Test Sürüşü Talep Sayfası,2020 Dacia Lodgy 1.5 Blue dCi 115 BG Stepway (7K) Ürün Kataloğu,"3 Yıl / 100 Bin Km Mekanik
3 Yıl Boya
6 Yıl Paslanmazlık",Dacia Yol Yardım 444 6247,Var,,,,,Turbo,,4,1461 cc,Common Rail Direkt Enjeksiyon,10.9 saniye,185 km/s,260 nm,115 BG,,,Romanya > Fransa,,Binek,Stepway,MPV,2020,İçten Yanmalı (Standart),2014 tl/yıl,D,Lodgy,Dizel,https://www.epey.com/araba/2020-dacia-lodgy-1-5-blue-dci-115-bg-stepway-7k.html,,,,,,,109 g/km,4.1 lt,50 lt,Euro 6,3.7 lt,4.8 lt,,,3 yıldız,2020 Dacia Lodgy 1.5 Blue dCi 115 BG Stepway (7K) NCAP/ANCAP Web Sayfası,2012,Var,,,,,,,,Önden Çekişli,,,,,6 ileri,Manuel,
1263 kg,11.10 mt.,1751 mm,4498 mm,1683 mm,,827 lt,,2020 Dacia Lodgy 1.5 Blue dCi 95 BG Laureate (5K),,,,,,2020 Dacia Lodgy 1.5 Blue dCi 95 BG Laureate (5K) Test Sürüşü Talep Sayfası,2020 Dacia Lodgy 1.5 Blue dCi 95 BG Laureate (5K) Ürün Kataloğu,"3 Yıl / 100 Bin Km Mekanik
3 Yıl Boya
6 Yıl Paslanmazlık",Dacia Yol Yardım 444 6247,Var,,,,,Turbo,,4,1461 cc,Common Rail Direkt Enjeksiyon,13.1 saniye,172 km/s,220 nm,95 BG,,,Romanya > Fransa,,Binek,Laureate,MPV,2020,İçten Yanmalı (Standart),2014 tl/yıl,D,Lodgy,Dizel,https://www.epey.com/araba/2020-dacia-lodgy-1-5-blue-dci-95-bg-laureate-5k.html,,,,,,,109 g/km,4.1 lt,50 lt,Euro 6,4.0 lt,4.4 lt,,,3 yıldız,2020 Dacia Lodgy 1.5 Blue dCi 95 BG Laureate (5K) NCAP/ANCAP Web Sayfası,2012,Var,,,,,,,,Önden Çekişli,,,,,6 ileri,Manuel,
1263 kg,11.10 mt.,1751 mm,4498 mm,1683 mm,,827 lt,,2020 Dacia Lodgy 1.5 Blue dCi 95 BG Laureate (7K),,,,,,2020 Dacia Lodgy 1.5 Blue dCi 95 BG Laureate (7K) Test Sürüşü Talep Sayfası,2020 Dacia Lodgy 1.5 Blue dCi 95 BG Laureate (7K) Ürün Kataloğu,"3 Yıl / 100 Bin Km Mekanik
3 Yıl Boya
6 Yıl Paslanmazlık",Dacia Yol Yardım 444 6247,Var,,,,,Turbo,,4,1461 cc,Common Rail Direkt Enjeksiyon,13.1 saniye,172 km/s,220 nm,95 BG,,,Romanya > Fransa,,Binek,Laureate,MPV,2020,İçten Yanmalı (Standart),2014 tl/yıl,D,Lodgy,Dizel,https://www.epey.com/araba/2020-dacia-lodgy-1-5-blue-dci-95-bg-laureate-7k.html,,,,,,,109 g/km,4.1 lt,50 lt,Euro 6,4.0 lt,4.4 lt,,,3 yıldız,2020 Dacia Lodgy 1.5 Blue dCi 95 BG Laureate (7K) NCAP/ANCAP Web Sayfası,2012,Var,,,,,,,,Önden Çekişli,,,,,6 ileri,Manuel,
1317 kg,11.10 mt.,1751 mm,4498 mm,1683 mm,,827 lt,,2020 Dacia Lodgy 1.6 ECO-G 110 BG Ambiance (5K),,,,,,2020 Dacia Lodgy 1.6 ECO-G 110 BG Ambiance (5K) Test Sürüşü Talep Sayfası,2020 Dacia Lodgy 1.6 ECO-G 110 BG Ambiance (5K) Ürün Kataloğu,"3 Yıl / 100 Bin Km Mekanik
3 Yıl Boya
6 Yıl Paslanmazlık",Dacia Yol Yardım 444 6247,Var,,,,,Atmosferik,,4,1598 cc,Çok Noktadan Enjeksiyon,11.6 saniye,173 km/s,150 nm,110 BG,,,Romanya > Fransa,,Binek,Ambiance,MPV,2020,İçten Yanmalı (Standart),2014 tl/yıl,D,Lodgy,Benzin & LPG,https://www.epey.com/araba/2020-dacia-lodgy-1-6-eco-g-110-bg-ambiance-5k.html,Var,132 g/km,33.6 lt,7.7 lt,8.1 lt,11.6 lt,150 g/km,6.6 lt,50 lt,Euro 6,5.5 lt,8.4 lt,,,3 yıldız,2020 Dacia Lodgy 1.6 ECO-G 110 BG Ambiance (5K) NCAP/ANCAP Web Sayfası,2012,Var,,,,,,,,Önden Çekişli,,,,,5 ileri,Manuel,
1317 kg,11.10 mt.,1751 mm,4498 mm,1683 mm,,827 lt,,2020 Dacia Lodgy 1.6 ECO-G 110 BG Ambiance (7K),,,,,,2020 Dacia Lodgy 1.6 ECO-G 110 BG Ambiance (7K) Test Sürüşü Talep Sayfası,2020 Dacia Lodgy 1.6 ECO-G 110 BG Ambiance (7K) Ürün Kataloğu,"3 Yıl / 100 Bin Km Mekanik
3 Yıl Boya
6 Yıl Paslanmazlık",Dacia Yol Yardım 444 6247,Var,,,,,Atmosferik,,4,1598 cc,Çok Noktadan Enjeksiyon,11.6 saniye,173 km/s,150 nm,110 BG,,,Romanya > Fransa,,Binek,Ambiance,MPV,2020,İçten Yanmalı (Standart),2014 tl/yıl,D,Lodgy,Benzin & LPG,https://www.epey.com/araba/2020-dacia-lodgy-1-6-eco-g-110-bg-ambiance-7k.html,Var,132 g/km,33.6 lt,7.7 lt,8.1 lt,11.6 lt,150 g/km,6.6 lt,50 lt,Euro 6,5.5 lt,8.4 lt,,,3 yıldız,2020 Dacia Lodgy 1.6 ECO-G 110 BG Ambiance (7K) NCAP/ANCAP Web Sayfası,2012,Var,,,,,,,,Önden Çekişli,,,,,5 ileri,Manuel,
1203 kg,10.72 mt.,1733 mm,4501 mm,1521 mm,1680 lt,573 lt,,2020 Dacia Logan MCV 0.9 Turbo ECO-G 90 BG Ambiance,,,,,,2020 Dacia Logan MCV 0.9 Turbo ECO-G 90 BG Ambiance Test Sürüşü Talep Sayfası,2020 Dacia Logan MCV 0.9 Turbo ECO-G 90 BG Ambiance Ürün Kataloğu,"3 Yıl / 100 Bin Km Mekanik
3 Yıl Boya
6 Yıl Paslanmazlık",Dacia Yol Yardım 444 6247,Var,,,,,Turbo,,3,898 cc,Çok Noktadan Enjeksiyon,11.3 saniye,175 km/s,140 nm,90 BG,,,Romanya > Fransa,,Ticari,Ambiance,Kombi,2020,İçten Yanmalı (Standart),1156 tl/yıl,Hafif Ticari,Logan MCV,Benzin & LPG,https://www.epey.com/araba/2020-dacia-logan-mcv-0-9-turbo-eco-g-90-bg-ambiance.html,Var,122 g/km,32 lt,7.5 lt,6.5 lt,8.8 lt,131 g/km,5.8 lt,50 lt,Euro 6,4.9 lt,7.2 lt,,,3 yıldız,2020 Dacia Logan MCV 0.9 Turbo ECO-G 90 BG Ambiance NCAP/ANCAP Web Sayfası,2014,Var,,,,,,,,Önden Çekişli,,,,,5 ileri,Manuel,
1241 kg,10.72 mt.,1733 mm,4501 mm,1521 mm,1680 lt,573 lt,,2020 Dacia Logan MCV 1.0 ECO-G 100 BG Ambiance,,,,,,2020 Dacia Logan MCV 1.0 ECO-G 100 BG Ambiance Test Sürüşü Talep Sayfası,2020 Dacia Logan MCV 1.0 ECO-G 100 BG Ambiance Ürün Kataloğu,"3 Yıl / 100 Bin Km Mekanik
3 Yıl Boya
6 Yıl Paslanmazlık",Dacia Yol Yardım 444 6247,Var,,,,,Turbo,,3,999 cc,Çok Noktadan Enjeksiyon,,,170 nm,100 BG,,,Romanya > Fransa,,Ticari,Ambiance,Kombi,2020,İçten Yanmalı (Standart),1156 tl/yıl,Hafif Ticari,Logan MCV,Benzin & LPG,https://www.epey.com/araba/2020-dacia-logan-mcv-1-0-eco-g-100-bg-ambiance.html,Var,,32 lt,,,,108 g/km,4.8 lt,50 lt,Euro 6,,,,,3 yıldız,2020 Dacia Logan MCV 1.0 ECO-G 100 BG Ambiance NCAP/ANCAP Web Sayfası,2014,Var,,,,,,,,Önden Çekişli,,,,,5 ileri,Manuel,
1230 kg,10.72 mt.,1733 mm,4501 mm,1521 mm,1680 lt,573 lt,,2020 Dacia Logan MCV 1.5 Blue dCi 95 BG Ambiance,,,,,,2020 Dacia Logan MCV 1.5 Blue dCi 95 BG Ambiance Test Sürüşü Talep Sayfası,2020 Dacia Logan MCV 1.5 Blue dCi 95 BG Ambiance Ürün Kataloğu,"3 Yıl / 100 Bin Km Mekanik
3 Yıl Boya
6 Yıl Paslanmazlık",Dacia Yol Yardım 444 6247,Var,,,,,Turbo,,4,1461 cc,Common Rail Direkt Enjeksiyon,12.6 saniye,179 km/s,220 nm,95 BG,,,Romanya > Fransa,,Ticari,Ambiance,Kombi,2020,İçten Yanmalı (Standart),2014 tl/yıl,Hafif Ticari,Logan MCV,Dizel,https://www.epey.com/araba/2020-dacia-logan-mcv-1-5-blue-dci-95-bg-ambiance.html,,,,,,,103 g/km,3.9 lt,50 lt,Euro 6,,,,,3 yıldız,2020 Dacia Logan MCV 1.5 Blue dCi 95 BG Ambiance NCAP/ANCAP Web Sayfası,2014,Var,,,,,,,,Önden Çekişli,,,,,5 ileri,Manuel,
1122 kg,10.50 mt.,1761 mm,4089 mm,1615 mm,1200 lt,320 lt,,2020 Dacia Sandero 0.9 Turbo 90 BG Easy-R Stepway,,,,,,2020 Dacia Sandero 0.9 Turbo 90 BG Easy-R Stepway Test Sürüşü Talep Sayfası,2020 Dacia Sandero 0.9 Turbo 90 BG Easy-R Stepway Ürün Kataloğu,"Garantiyi 4 Yıla Kadar Uzatabilme
3 Yıl / 100 Bin Km Mekanik",Dacia Yol Yardım 444 6247,Var,,,,,Turbo,,3,898 cc,Çok Noktadan Enjeksiyon,11.0 saniye,168 km/s,140 nm,90 BG,,,Romanya > Fransa,,Binek,Stepway,SUV,2020,İçten Yanmalı (Standart),1156 tl/yıl,B,Sandero,Benzin,https://www.epey.com/araba/2020-dacia-sandero-0-9-turbo-90-bg-easy-r-stepway.html,,,,,,,114 g/km,5.1 lt,50 lt,Euro 6,4.7 lt,5.7 lt,,,4 yıldız,2020 Dacia Sandero 0.9 Turbo 90 BG Easy-R Stepway NCAP/ANCAP Web Sayfası,2013,Var,,,,,,,,Önden Çekişli,,,,,5 ileri,Otomatik,Easy-R (Yarı Otm.)
1210 kg,10.50 mt.,1761 mm,4089 mm,1615 mm,1200 lt,320 lt,,2020 Dacia Sandero 1.0 ECO-G 100 BG Stepway,,,,,,2020 Dacia Sandero 1.0 ECO-G 100 BG Stepway Test Sürüşü Talep Sayfası,2020 Dacia Sandero 1.0 ECO-G 100 BG Stepway Ürün Kataloğu,"Garantiyi 4 Yıla Kadar Uzatabilme
3 Yıl / 100 Bin Km Mekanik",Dacia Yol Yardım 444 6247,Var,,,,,Turbo,,3,999 cc,Çok Noktadan Enjeksiyon,,,170 nm,100 BG,,,Romanya > Fransa,,Binek,Stepway,SUV,2020,İçten Yanmalı (Standart),1156 tl/yıl,B,Sandero,Benzin & LPG,https://www.epey.com/araba/2020-dacia-sandero-1-0-eco-g-100-bg-stepway.html,Var,,32 lt,,,,108 g/km,4.8 lt,50 lt,Euro 6,,,,,4 yıldız,2020 Dacia Sandero 1.0 ECO-G 100 BG Stepway NCAP/ANCAP Web Sayfası,2013,Var,,,,,,,,Önden Çekişli,,,,,5 ileri,Manuel,
1151 kg,10.50 mt.,1761 mm,4089 mm,1615 mm,1200 lt,320 lt,,2020 Dacia Sandero 1.5 Blue dCi 95 BG Stepway,,,,,,2020 Dacia Sandero 1.5 Blue dCi 95 BG Stepway Test Sürüşü Talep Sayfası,2020 Dacia Sandero 1.5 Blue dCi 95 BG Stepway Ürün Kataloğu,"Garantiyi 4 Yıla Kadar Uzatabilme
3 Yıl / 100 Bin Km Mekanik",Dacia Yol Yardım 444 6247,Var,,,,,Turbo,,4,1461 cc,Common Rail Direkt Enjeksiyon,12.3 saniye,179 km/s,220 nm,95 BG,,,Romanya > Fransa,,Binek,Stepway,SUV,2020,İçten Yanmalı (Standart),2014 tl/yıl,B,Sandero,Dizel,https://www.epey.com/araba/2020-dacia-sandero-1-5-blue-dci-95-bg-stepway.html,,,,,,,126 g/km,4.8 lt,50 lt,Euro 6,,4.6 lt,,,4 yıldız,2020 Dacia Sandero 1.5 Blue dCi 95 BG Stepway NCAP/ANCAP Web Sayfası,2013,Var,,,,,,,,Önden Çekişli,,,,,5 ileri,Manuel,
1420 kg,11.20 mt.,1832 mm,4406 mm,1845 mm,3200 lt,790 lt,,2020 Fiat Doblo Kombi 1.3 MultiJet 95 HP 20.Yıl Özel Seri,,,,,,2020 Fiat Doblo Kombi 1.3 MultiJet 95 HP 20.Yıl Özel Seri Test Sürüşü Talep Sayfası,2020 Fiat Doblo Kombi 1.3 MultiJet 95 HP 20.Yıl Özel Seri Ürün Kataloğu,"3 Yıl / 150 Bin Km Mekanik
3 Yıl Boya
8 Yıl Paslanmazlık",Fiat Acil Servis 444 2255,Var,,,,,Turbo,,4,1248 cc,Common Rail Direkt Enjeksiyon,14.9 saniye,156 km/s,200 nm,95 BG,,,İtalya,Combi,Ticari,20.Yıl Özel Seri,Kombi,2020,İçten Yanmalı (Standart),1536 tl/yıl,Hafif Ticari,Doblo,Dizel,https://www.epey.com/araba/2020-fiat-doblo-kombi-1-3-multijet-95-hp-20-yil-ozel-seri.html,,,,,,,136 g/km,5.1 lt,60 lt,Euro 6,4.3 lt,6.6 lt,,,3 yıldız,2020 Fiat Doblo Kombi 1.3 MultiJet 95 HP 20.Yıl Özel Seri NCAP/ANCAP Web Sayfası,2017,Var,,710 kg,2090 kg,,,,,Önden Çekişli,,,,,5 ileri,Manuel,
1420 kg,11.20 mt.,1832 mm,4406 mm,1845 mm,3200 lt,790 lt,,2020 Fiat Doblo Kombi 1.3 MultiJet 95 HP Easy,,,,,,2020 Fiat Doblo Kombi 1.3 MultiJet 95 HP Easy Test Sürüşü Talep Sayfası,2020 Fiat Doblo Kombi 1.3 MultiJet 95 HP Easy Ürün Kataloğu,"3 Yıl / 150 Bin Km Mekanik
3 Yıl Boya
8 Yıl Paslanmazlık",Fiat Acil Servis 444 2255,Var,,,,,Turbo,,4,1248 cc,Common Rail Direkt Enjeksiyon,14.9 saniye,156 km/s,200 nm,95 BG,,,İtalya,Combi,Ticari,Easy,Kombi,2020,İçten Yanmalı (Standart),1536 tl/yıl,Hafif Ticari,Doblo,Dizel,https://www.epey.com/araba/2020-fiat-doblo-kombi-1-3-multijet-95-hp-easy.html,,,,,,,136 g/km,5.1 lt,60 lt,Euro 6,4.3 lt,6.6 lt,,,3 yıldız,2020 Fiat Doblo Kombi 1.3 MultiJet 95 HP Easy NCAP/ANCAP Web Sayfası,2017,Var,,710 kg,2090 kg,,,,,Önden Çekişli,,,,,5 ileri,Manuel,
1420 kg,11.20 mt.,1832 mm,4406 mm,1845 mm,3200 lt,790 lt,,2020 Fiat Doblo Kombi 1.3 MultiJet 95 HP Premio Plus,,,,,,2020 Fiat Doblo Kombi 1.3 MultiJet 95 HP Premio Plus Test Sürüşü Talep Sayfası,2020 Fiat Doblo Kombi 1.3 MultiJet 95 HP Premio Plus Ürün Kataloğu,"3 Yıl / 150 Bin Km Mekanik
3 Yıl Boya
8 Yıl Paslanmazlık",Fiat Acil Servis 444 2255,Var,,,,,Turbo,,4,1248 cc,Common Rail Direkt Enjeksiyon,14.9 saniye,156 km/s,200 nm,95 BG,,,İtalya,Combi,Ticari,Premio Plus,Kombi,2020,İçten Yanmalı (Standart),1536 tl/yıl,Hafif Ticari,Doblo,Dizel,https://www.epey.com/araba/2020-fiat-doblo-kombi-1-3-multijet-95-hp-premio-plus.html,,,,,,,136 g/km,5.1 lt,60 lt,Euro 6,4.3 lt,6.6 lt,,,3 yıldız,2020 Fiat Doblo Kombi 1.3 MultiJet 95 HP Premio Plus NCAP/ANCAP Web Sayfası,2017,Var,,710 kg,2090 kg,,,,,Önden Çekişli,,,,,5 ileri,Manuel,
1420 kg,11.20 mt.,1832 mm,4406 mm,1845 mm,3200 lt,790 lt,,2020 Fiat Doblo Kombi 1.3 MultiJet 95 HP Safeline,,,,,,2020 Fiat Doblo Kombi 1.3 MultiJet 95 HP Safeline Test Sürüşü Talep Sayfası,2020 Fiat Doblo Kombi 1.3 MultiJet 95 HP Safeline Ürün Kataloğu,"3 Yıl / 150 Bin Km Mekanik
3 Yıl Boya
8 Yıl Paslanmazlık",Fiat Acil Servis 444 2255,Var,,,,,Turbo,,4,1248 cc,Common Rail Direkt Enjeksiyon,14.9 saniye,156 km/s,200 nm,95 BG,,,İtalya,Combi,Ticari,Safeline,Kombi,2020,İçten Yanmalı (Standart),1536 tl/yıl,Hafif Ticari,Doblo,Dizel,https://www.epey.com/araba/2020-fiat-doblo-kombi-1-3-multijet-95-hp-safeline.html,,,,,,,136 g/km,5.1 lt,60 lt,Euro 6,4.3 lt,6.6 lt,,,3 yıldız,2020 Fiat Doblo Kombi 1.3 MultiJet 95 HP Safeline NCAP/ANCAP Web Sayfası,2017,Var,,710 kg,2090 kg,,,,,Önden Çekişli,,,,,5 ileri,Manuel,
1420 kg,11.20 mt.,1832 mm,4406 mm,1845 mm,3200 lt,790 lt,,2020 Fiat Doblo Kombi 1.3 MultiJet 95 HP Urban,,,,,,2020 Fiat Doblo Kombi 1.3 MultiJet 95 HP Urban Test Sürüşü Talep Sayfası,2020 Fiat Doblo Kombi 1.3 MultiJet 95 HP Urban Ürün Kataloğu,"3 Yıl / 150 Bin Km Mekanik
3 Yıl Boya
8 Yıl Paslanmazlık",Fiat Acil Servis 444 2255,Var,,,,,Turbo,,4,1248 cc,Common Rail Direkt Enjeksiyon,14.9 saniye,156 km/s,200 nm,95 BG,,,İtalya,Combi,Ticari,Premio,Kombi,2020,İçten Yanmalı (Standart),1536 tl/yıl,Hafif Ticari,Doblo,Dizel,https://www.epey.com/araba/2020-fiat-doblo-kombi-1-3-multijet-95-hp-urban.html,,,,,,,136 g/km,5.1 lt,60 lt,Euro 6,4.3 lt,6.6 lt,,,3 yıldız,2020 Fiat Doblo Kombi 1.3 MultiJet 95 HP Urban NCAP/ANCAP Web Sayfası,2017,Var,,710 kg,2090 kg,,,,,Önden Çekişli,,,,,5 ileri,Manuel,
1535 kg,,1832 mm,4406 mm,1845 mm,3200 lt,790 lt,,2020 Fiat Doblo Kombi 1.6 MultiJet 105 HP Easy,,,,,,2020 Fiat Doblo Kombi 1.6 MultiJet 105 HP Easy Test Sürüşü Talep Sayfası,2020 Fiat Doblo Kombi 1.6 MultiJet 105 HP Easy Ürün Kataloğu,"3 Yıl / 150 Bin Km Mekanik
3 Yıl Boya
8 Yıl Paslanmazlık",Fiat Acil Servis 444 2255,Var,,,,,Turbo,,4,1598 cc,Common Rail Direkt Enjeksiyon,13.4 saniye,164 km/s,290 nm,105 BG,,,İtalya,Combi,Ticari,Easy,Kombi,2020,İçten Yanmalı (Standart),1536 tl/yıl,Hafif Ticari,Doblo,Dizel,https://www.epey.com/araba/2020-fiat-doblo-kombi-1-6-multijet-105-hp-easy.html,,,,,,,138 g/km,5.2 lt,60 lt,Euro 6,4.7 lt,6.1 lt,,,3 yıldız,2020 Fiat Doblo Kombi 1.6 MultiJet 105 HP Easy NCAP/ANCAP Web Sayfası,2017,Var,,710 kg,2090 kg,,,,,Önden Çekişli,,,,,6 ileri,Manuel,
1535 kg,,1832 mm,4406 mm,1845 mm,3200 lt,790 lt,,2020 Fiat Doblo Kombi 1.6 MultiJet 105 HP Safeline,,,,,,2020 Fiat Doblo Kombi 1.6 MultiJet 105 HP Safeline Test Sürüşü Talep Sayfası,2020 Fiat Doblo Kombi 1.6 MultiJet 105 HP Safeline Ürün Kataloğu,"3 Yıl / 150 Bin Km Mekanik
3 Yıl Boya
8 Yıl Paslanmazlık",Fiat Acil Servis 444 2255,Var,,,,,Turbo,,4,1598 cc,Common Rail Direkt Enjeksiyon,13.4 saniye,164 km/s,290 nm,105 BG,,,İtalya,Combi,Ticari,Safeline,Kombi,2020,İçten Yanmalı (Standart),1536 tl/yıl,Hafif Ticari,Doblo,Dizel,https://www.epey.com/araba/2020-fiat-doblo-kombi-1-6-multijet-105-hp-safeline.html,,,,,,,138 g/km,5.2 lt,60 lt,Euro 6,4.7 lt,6.1 lt,,,3 yıldız,2020 Fiat Doblo Kombi 1.6 MultiJet 105 HP Safeline NCAP/ANCAP Web Sayfası,2017,Var,,710 kg,2090 kg,,,,,Önden Çekişli,,,,,6 ileri,Manuel,
1420 kg,,1832 mm,4406 mm,1845 mm,3200 lt,790 lt,,2020 Fiat Doblo Kombi 1.6 MultiJet 120 HP 20.Yıl Özel Seri,,,,,,2020 Fiat Doblo Kombi 1.6 MultiJet 120 HP 20.Yıl Özel Seri Test Sürüşü Talep Sayfası,2020 Fiat Doblo Kombi 1.6 MultiJet 120 HP 20.Yıl Özel Seri Ürün Kataloğu,"3 Yıl / 150 Bin Km Mekanik
3 Yıl Boya
8 Yıl Paslanmazlık",Fiat Acil Servis 444 2255,Var,,,,,Turbo,,4,1598 cc,Common Rail Direkt Enjeksiyon,13.4 saniye,164 km/s,320 nm,120 BG,,,İtalya,Combi,Ticari,20.Yıl Özel Seri,Kombi,2020,İçten Yanmalı (Standart),1536 tl/yıl,Hafif Ticari,Doblo,Dizel,https://www.epey.com/araba/2020-fiat-doblo-kombi-1-6-multijet-120-hp-20-yil-ozel-seri.html,,,,,,,139 g/km,5.2 lt,60 lt,Euro 6,4.5 lt,6.4 lt,,,3 yıldız,2020 Fiat Doblo Kombi 1.6 MultiJet 120 HP 20.Yıl Özel Seri NCAP/ANCAP Web Sayfası,2017,Var,,710 kg,2090 kg,,,,,Önden Çekişli,,,,,6 ileri,Manuel,
1420 kg,,1832 mm,4406 mm,1845 mm,3200 lt,790 lt,,2020 Fiat Doblo Kombi 1.6 MultiJet 120 HP Premio Plus,,,,,,2020 Fiat Doblo Kombi 1.6 MultiJet 120 HP Premio Plus Test Sürüşü Talep Sayfası,2020 Fiat Doblo Kombi 1.6 MultiJet 120 HP Premio Plus Ürün Kataloğu,"3 Yıl / 150 Bin Km Mekanik
3 Yıl Boya
8 Yıl Paslanmazlık",Fiat Acil Servis 444 2255,Var,,,,,Turbo,,4,1598 cc,Common Rail Direkt Enjeksiyon,13.4 saniye,164 km/s,320 nm,120 BG,,,İtalya,Combi,Ticari,Premio Plus,Kombi,2020,İçten Yanmalı (Standart),1536 tl/yıl,Hafif Ticari,Doblo,Dizel,https://www.epey.com/araba/2020-fiat-doblo-kombi-1-6-multijet-120-hp-premio-plus.html,,,,,,,139 g/km,5.2 lt,60 lt,Euro 6,4.5 lt,6.4 lt,,,3 yıldız,2020 Fiat Doblo Kombi 1.6 MultiJet 120 HP Premio Plus NCAP/ANCAP Web Sayfası,2017,Var,,710 kg,2090 kg,,,,,Önden Çekişli,,,,,6 ileri,Manuel,
1420 kg,,1832 mm,4406 mm,1845 mm,3200 lt,790 lt,,2020 Fiat Doblo Kombi 1.6 MultiJet 120 HP Urban,,,,,,2020 Fiat Doblo Kombi 1.6 MultiJet 120 HP Urban Test Sürüşü Talep Sayfası,2020 Fiat Doblo Kombi 1.6 MultiJet 120 HP Urban Ürün Kataloğu,"3 Yıl / 150 Bin Km Mekanik
3 Yıl Boya
8 Yıl Paslanmazlık",Fiat Acil Servis 444 2255,Var,,,,,Turbo,,4,1598 cc,Common Rail Direkt Enjeksiyon,13.4 saniye,164 km/s,320 nm,120 BG,,,İtalya,Combi,Ticari,Premio,Kombi,2020,İçten Yanmalı (Standart),1536 tl/yıl,Hafif Ticari,Doblo,Dizel,https://www.epey.com/araba/2020-fiat-doblo-kombi-1-6-multijet-120-hp-urban.html,,,,,,,139 g/km,5.2 lt,60 lt,Euro 6,4.5 lt,6.4 lt,,,3 yıldız,2020 Fiat Doblo Kombi 1.6 MultiJet 120 HP Urban NCAP/ANCAP Web Sayfası,2017,Var,,710 kg,2090 kg,,,,,Önden Çekişli,,,,,6 ileri,Manuel,
1430 kg,11.20 mt.,1832 mm,4406 mm,1845 mm,3200 lt,790 lt,,2020 Fiat Doblo Panorama 1.6 MultiJet 120 HP Easy,,,,,,2020 Fiat Doblo Panorama 1.6 MultiJet 120 HP Easy Test Sürüşü Talep Sayfası,2020 Fiat Doblo Panorama 1.6 MultiJet 120 HP Easy Ürün Kataloğu,"3 Yıl / 150 Bin Km Mekanik
3 Yıl Boya
8 Yıl Paslanmazlık",Fiat Acil Servis 444 2255,Var,,,,,Turbo,Multijet (Çoklu Enjeksiyon Sistemi),4,1598 cc,Common Rail Direkt Enjeksiyon,,172 km/s,320 nm,120 BG,,,İtalya,Panorama,Binek,Easy,Kombi,2020,İçten Yanmalı (Standart),,Hafif Ticari,Doblo,Dizel,https://www.epey.com/araba/2020-fiat-doblo-panorama-1-6-multijet-120-hp-easy.html,,,,,,,138 g/km,5.1 lt,60 lt,Euro 5+,4.4 lt,6.3 lt,,,3 yıldız,2020 Fiat Doblo Panorama 1.6 MultiJet 120 HP Easy NCAP/ANCAP Web Sayfası,2017,Var,,,,,,,,Önden Çekişli,,,,,6 ileri,Manuel,
1430 kg,11.20 mt.,1832 mm,4406 mm,1845 mm,3200 lt,790 lt,,2020 Fiat Doblo Panorama 1.6 MultiJet 120 HP Lounge (5K),,,,,,2020 Fiat Doblo Panorama 1.6 MultiJet 120 HP Lounge (5K) Test Sürüşü Talep Sayfası,2020 Fiat Doblo Panorama 1.6 MultiJet 120 HP Lounge (5K) Ürün Kataloğu,"3 Yıl / 150 Bin Km Mekanik
3 Yıl Boya
8 Yıl Paslanmazlık",Fiat Acil Servis 444 2255,Var,,,,,Turbo,Multijet (Çoklu Enjeksiyon Sistemi),4,1598 cc,Common Rail Direkt Enjeksiyon,,172 km/s,320 nm,120 BG,,,İtalya,Panorama,Binek,Lounge,Kombi,2020,İçten Yanmalı (Standart),,Hafif Ticari,Doblo,Dizel,https://www.epey.com/araba/2020-fiat-doblo-panorama-1-6-multijet-120-hp-lounge-5k.html,,,,,,,138 g/km,5.1 lt,60 lt,Euro 5+,4.4 lt,6.3 lt,,,3 yıldız,2020 Fiat Doblo Panorama 1.6 MultiJet 120 HP Lounge (5K) NCAP/ANCAP Web Sayfası,2017,Var,,,,,,,,Önden Çekişli,,,,,6 ileri,Manuel,
1430 kg,11.20 mt.,1832 mm,4406 mm,1845 mm,3200 lt,790 lt,,2020 Fiat Doblo Panorama 1.6 MultiJet 120 HP Lounge (7K),,,,,,2020 Fiat Doblo Panorama 1.6 MultiJet 120 HP Lounge (7K) Test Sürüşü Talep Sayfası,2020 Fiat Doblo Panorama 1.6 MultiJet 120 HP Lounge (7K) Ürün Kataloğu,"3 Yıl / 150 Bin Km Mekanik
3 Yıl Boya
8 Yıl Paslanmazlık",Fiat Acil Servis 444 2255,Var,,,,,Turbo,Multijet (Çoklu Enjeksiyon Sistemi),4,1598 cc,Common Rail Direkt Enjeksiyon,,172 km/s,320 nm,120 BG,,,İtalya,Panorama,Binek,Lounge,Kombi,2020,İçten Yanmalı (Standart),,Hafif Ticari,Doblo,Dizel,https://www.epey.com/araba/2020-fiat-doblo-panorama-1-6-multijet-120-hp-lounge-7k.html,,,,,,,138 g/km,5.1 lt,60 lt,Euro 5+,4.4 lt,6.3 lt,,,3 yıldız,2020 Fiat Doblo Panorama 1.6 MultiJet 120 HP Lounge (7K) NCAP/ANCAP Web Sayfası,2017,Var,,,,,,,,Önden Çekişli,,,,,6 ileri,Manuel,
1205 kg,10.90 mt.,1792 mm,4532 mm,1497 mm,,520 lt,,2020 Fiat Egea 1.3 Multijet 95 HP Easy,,,,,,2020 Fiat Egea 1.3 Multijet 95 HP Easy Test Sürüşü Talep Sayfası,2020 Fiat Egea 1.3 Multijet 95 HP Easy Ürün Kataloğu,"3 Yıl Boya
5 Yıl / 100 Bin Km Mekanik
8 Yıl Paslanmazlık",Fiat Acil Servis 444 2255,Var,,,,,Turbo,Multijet II (Geliştirilmiş Çoklu Enjeksiyon),4,1248 cc,Common Rail Direkt Enjeksiyon,11.7 saniye,183 km/s,200 nm,95 BG,,,İtalya,Sedan,Binek,Easy,Sedan,2020,İçten Yanmalı (Standart),1156 tl/yıl,C,Egea,Dizel,https://www.epey.com/araba/2020-fiat-egea-1-3-multijet-95-hp-easy.html,,,,,,,110 g/km,4.2 lt,45 lt,Euro 5,3.5 lt,5.4 lt,,,3 yıldız,2020 Fiat Egea 1.3 Multijet 95 HP Easy NCAP/ANCAP Web Sayfası,2016,Var,,,,,,,,Önden Çekişli,,,,,5 ileri,Manuel,
1205 kg,10.90 mt.,1792 mm,4532 mm,1497 mm,,520 lt,,2020 Fiat Egea 1.3 Multijet 95 HP Mirror,,,,,,2020 Fiat Egea 1.3 Multijet 95 HP Mirror Test Sürüşü Talep Sayfası,2020 Fiat Egea 1.3 Multijet 95 HP Mirror Ürün Kataloğu,"3 Yıl Boya
5 Yıl / 100 Bin Km Mekanik
8 Yıl Paslanmazlık",Fiat Acil Servis 444 2255,Var,,,,,Turbo,Multijet II (Geliştirilmiş Çoklu Enjeksiyon),4,1248 cc,Common Rail Direkt Enjeksiyon,11.7 saniye,183 km/s,200 nm,95 BG,,,İtalya,Sedan,Binek,Mirror,Sedan,2020,İçten Yanmalı (Standart),1156 tl/yıl,C,Egea,Dizel,https://www.epey.com/araba/2020-fiat-egea-1-3-multijet-95-hp-mirror.html,,,,,,,110 g/km,4.2 lt,45 lt,Euro 5,3.5 lt,5.4 lt,,,3 yıldız,2020 Fiat Egea 1.3 Multijet 95 HP Mirror NCAP/ANCAP Web Sayfası,2016,Var,,,,,,,,Önden Çekişli,,,,,5 ileri,Manuel,
1205 kg,10.90 mt.,1792 mm,4532 mm,1497 mm,,520 lt,,2020 Fiat Egea 1.3 Multijet 95 HP Urban Plus,,,,,,2020 Fiat Egea 1.3 Multijet 95 HP Urban Plus Test Sürüşü Talep Sayfası,2020 Fiat Egea 1.3 Multijet 95 HP Urban Plus Ürün Kataloğu,"3 Yıl Boya
5 Yıl / 100 Bin Km Mekanik
8 Yıl Paslanmazlık",Fiat Acil Servis 444 2255,Var,,,,,Turbo,Multijet II (Geliştirilmiş Çoklu Enjeksiyon),4,1248 cc,Common Rail Direkt Enjeksiyon,11.7 saniye,183 km/s,200 nm,95 BG,,,İtalya,Sedan,Binek,Urban Plus,Sedan,2020,İçten Yanmalı (Standart),1156 tl/yıl,C,Egea,Dizel,https://www.epey.com/araba/2020-fiat-egea-1-3-multijet-95-hp-urban-plus.html,,,,,,,110 g/km,4.2 lt,45 lt,Euro 5,3.5 lt,5.4 lt,,,3 yıldız,2020 Fiat Egea 1.3 Multijet 95 HP Urban Plus NCAP/ANCAP Web Sayfası,2016,Var,,,,,,,,Önden Çekişli,,,,,5 ileri,Manuel,
1150 kg,10.90 mt.,1792 mm,4532 mm,1497 mm,,520 lt,,2020 Fiat Egea 1.4 Fire 95 HP Easy,,,,,,2020 Fiat Egea 1.4 Fire 95 HP Easy Test Sürüşü Talep Sayfası,2020 Fiat Egea 1.4 Fire 95 HP Easy Ürün Kataloğu,"3 Yıl Boya
5 Yıl / 100 Bin Km Mekanik
8 Yıl Paslanmazlık",Fiat Acil Servis 444 2255,Var,,,,,Atmosferik,,4,1368 cc,Çok Noktadan Enjeksiyon,11.5 saniye,185 km/s,127 nm,95 BG,,,İtalya,Sedan,Binek,Easy,Sedan,2020,İçten Yanmalı (Standart),2014 tl/yıl,C,Egea,Benzin,https://www.epey.com/araba/2020-fiat-egea-1-4-fire-95-hp-easy.html,,,,,,,133 g/km,5.7 lt,45 lt,Euro 6,4.6 lt,7.7 lt,,,3 yıldız,2020 Fiat Egea 1.4 Fire 95 HP Easy NCAP/ANCAP Web Sayfası,2016,Var,,,,,,,,Önden Çekişli,,,,,6 ileri,Manuel,
1150 kg,10.90 mt.,1792 mm,4532 mm,1497 mm,,520 lt,,2020 Fiat Egea 1.4 Fire 95 HP Mirror,,,,,,2020 Fiat Egea 1.4 Fire 95 HP Mirror Test Sürüşü Talep Sayfası,2020 Fiat Egea 1.4 Fire 95 HP Mirror Ürün Kataloğu,"3 Yıl Boya
5 Yıl / 100 Bin Km Mekanik
8 Yıl Paslanmazlık",Fiat Acil Servis 444 2255,Var,,,,,Atmosferik,,4,1368 cc,Çok Noktadan Enjeksiyon,11.5 saniye,185 km/s,127 nm,95 BG,,,İtalya,Sedan,Binek,Mirror,Sedan,2020,İçten Yanmalı (Standart),2014 tl/yıl,C,Egea,Benzin,https://www.epey.com/araba/2020-fiat-egea-1-4-fire-95-hp-mirror.html,,,,,,,133 g/km,5.7 lt,45 lt,Euro 6,4.6 lt,7.7 lt,,,3 yıldız,2020 Fiat Egea 1.4 Fire 95 HP Mirror NCAP/ANCAP Web Sayfası,2016,Var,,,,,,,,Önden Çekişli,,,,,6 ileri,Manuel,
1150 kg,10.90 mt.,1792 mm,4532 mm,1497 mm,,520 lt,,2020 Fiat Egea 1.4 Fire 95 HP Urban Plus,,,,,,2020 Fiat Egea 1.4 Fire 95 HP Urban Plus Test Sürüşü Talep Sayfası,2020 Fiat Egea 1.4 Fire 95 HP Urban Plus Ürün Kataloğu,"3 Yıl Boya
5 Yıl / 100 Bin Km Mekanik
8 Yıl Paslanmazlık",Fiat Acil Servis 444 2255,Var,,,,,Atmosferik,,4,1368 cc,Çok Noktadan Enjeksiyon,11.5 saniye,185 km/s,127 nm,95 BG,,,İtalya,Sedan,Binek,Urban Plus,Sedan,2020,İçten Yanmalı (Standart),2014 tl/yıl,C,Egea,Benzin,https://www.epey.com/araba/2020-fiat-egea-1-4-fire-95-hp-urban-plus.html,,,,,,,133 g/km,5.7 lt,45 lt,Euro 6,4.6 lt,7.7 lt,,,3 yıldız,2020 Fiat Egea 1.4 Fire 95 HP Urban Plus NCAP/ANCAP Web Sayfası,2016,Var,,,,,,,,Önden Çekişli,,,,,6 ileri,Manuel,
1295 kg,10.90 mt.,1792 mm,4532 mm,1497 mm,,520 lt,,2020 Fiat Egea 1.6 Multijet 120 HP DCT Easy,,,,,,2020 Fiat Egea 1.6 Multijet 120 HP DCT Easy Test Sürüşü Talep Sayfası,2020 Fiat Egea 1.6 Multijet 120 HP DCT Easy Ürün Kataloğu,"3 Yıl Boya
5 Yıl / 100 Bin Km Mekanik
8 Yıl Paslanmazlık",Fiat Acil Servis 444 2255,Var,,,,,Turbo,Multijet II (Geliştirilmiş Çoklu Enjeksiyon),4,1598 cc,Common Rail Direkt Enjeksiyon,9.8 saniye,200 km/s,320 nm,120 BG,,,İtalya,Sedan,Binek,Easy,Sedan,2020,İçten Yanmalı (Standart),2014 tl/yıl,C,Egea,Dizel,https://www.epey.com/araba/2020-fiat-egea-1-6-multijet-120-hp-dct-easy.html,,,,,,,102 g/km,3.9 lt,45 lt,Euro 5,3.5 lt,4.5 lt,,,3 yıldız,2020 Fiat Egea 1.6 Multijet 120 HP DCT Easy NCAP/ANCAP Web Sayfası,2016,Var,,,,,,,,Önden Çekişli,,,,,6 ileri,Otomatik,DCT (Yarı Otm.)
1295 kg,10.90 mt.,1792 mm,4532 mm,1497 mm,,520 lt,,2020 Fiat Egea 1.6 Multijet 120 HP DCT Lounge Plus,,,,,,2020 Fiat Egea 1.6 Multijet 120 HP DCT Lounge Plus Test Sürüşü Talep Sayfası,2020 Fiat Egea 1.6 Multijet 120 HP DCT Lounge Plus Ürün Kataloğu,"3 Yıl Boya
5 Yıl / 100 Bin Km Mekanik
8 Yıl Paslanmazlık",Fiat Acil Servis 444 2255,Var,,,,,Turbo,Multijet II (Geliştirilmiş Çoklu Enjeksiyon),4,1598 cc,Common Rail Direkt Enjeksiyon,9.8 saniye,200 km/s,320 nm,120 BG,,,İtalya,Sedan,Binek,Lounge Plus,Sedan,2020,İçten Yanmalı (Standart),2014 tl/yıl,C,Egea,Dizel,https://www.epey.com/araba/2020-fiat-egea-1-6-multijet-120-hp-dct-lounge-plus.html,,,,,,,102 g/km,3.9 lt,45 lt,Euro 5,3.5 lt,4.5 lt,,,3 yıldız,2020 Fiat Egea 1.6 Multijet 120 HP DCT Lounge Plus NCAP/ANCAP Web Sayfası,2016,Var,,,,,,,,Önden Çekişli,,,,,6 ileri,Otomatik,DCT (Yarı Otm.)
1295 kg,10.90 mt.,1792 mm,4532 mm,1497 mm,,520 lt,,2020 Fiat Egea 1.6 Multijet 120 HP DCT Mirror,,,,,,2020 Fiat Egea 1.6 Multijet 120 HP DCT Mirror Test Sürüşü Talep Sayfası,2020 Fiat Egea 1.6 Multijet 120 HP DCT Mirror Ürün Kataloğu,"3 Yıl Boya
5 Yıl / 100 Bin Km Mekanik
8 Yıl Paslanmazlık",Fiat Acil Servis 444 2255,Var,,,,,Turbo,Multijet II (Geliştirilmiş Çoklu Enjeksiyon),4,1598 cc,Common Rail Direkt Enjeksiyon,9.8 saniye,200 km/s,320 nm,120 BG,,,İtalya,Sedan,Binek,Mirror,Sedan,2020,İçten Yanmalı (Standart),2014 tl/yıl,C,Egea,Dizel,https://www.epey.com/araba/2020-fiat-egea-1-6-multijet-120-hp-dct-mirror.html,,,,,,,102 g/km,3.9 lt,45 lt,Euro 5,3.5 lt,4.5 lt,,,3 yıldız,2020 Fiat Egea 1.6 Multijet 120 HP DCT Mirror NCAP/ANCAP Web Sayfası,2016,Var,,,,,,,,Önden Çekişli,,,,,6 ileri,Otomatik,DCT (Yarı Otm.)
1295 kg,10.90 mt.,1792 mm,4532 mm,1497 mm,,520 lt,,2020 Fiat Egea 1.6 Multijet 120 HP DCT Urban Plus,,,,,,2020 Fiat Egea 1.6 Multijet 120 HP DCT Urban Plus Test Sürüşü Talep Sayfası,2020 Fiat Egea 1.6 Multijet 120 HP DCT Urban Plus Ürün Kataloğu,"3 Yıl Boya
5 Yıl / 100 Bin Km Mekanik
8 Yıl Paslanmazlık",Fiat Acil Servis 444 2255,Var,,,,,Turbo,Multijet II (Geliştirilmiş Çoklu Enjeksiyon),4,1598 cc,Common Rail Direkt Enjeksiyon,9.8 saniye,200 km/s,320 nm,120 BG,,,İtalya,Sedan,Binek,Urban Plus,Sedan,2020,İçten Yanmalı (Standart),2014 tl/yıl,C,Egea,Dizel,https://www.epey.com/araba/2020-fiat-egea-1-6-multijet-120-hp-dct-urban-plus.html,,,,,,,102 g/km,3.9 lt,45 lt,Euro 5,3.5 lt,4.5 lt,,,3 yıldız,2020 Fiat Egea 1.6 Multijet 120 HP DCT Urban Plus NCAP/ANCAP Web Sayfası,2016,Var,,,,,,,,Önden Çekişli,,,,,6 ileri,Otomatik,DCT (Yarı Otm.)
1270 kg,10.90 mt.,1792 mm,4532 mm,1497 mm,,520 lt,,2020 Fiat Egea 1.6 Multijet 120 HP Lounge Plus,,,,,,2020 Fiat Egea 1.6 Multijet 120 HP Lounge Plus Test Sürüşü Talep Sayfası,2020 Fiat Egea 1.6 Multijet 120 HP Lounge Plus Ürün Kataloğu,"3 Yıl Boya
5 Yıl / 100 Bin Km Mekanik
8 Yıl Paslanmazlık",Fiat Acil Servis 444 2255,Var,,,,,Turbo,Multijet II (Geliştirilmiş Çoklu Enjeksiyon),4,1598 cc,Common Rail Direkt Enjeksiyon,9.8 saniye,200 km/s,320 nm,120 BG,,,İtalya,Sedan,Binek,Lounge Plus,Sedan,2020,İçten Yanmalı (Standart),2014 tl/yıl,C,Egea,Dizel,https://www.epey.com/araba/2020-fiat-egea-1-6-multijet-120-hp-lounge-plus.html,,,,,,,110 g/km,4.2 lt,45 lt,Euro 5,3.6 lt,5.2 lt,,,3 yıldız,2020 Fiat Egea 1.6 Multijet 120 HP Lounge Plus NCAP/ANCAP Web Sayfası,2016,Var,,,,,,,,Önden Çekişli,,,,,6 ileri,Manuel,
1270 kg,10.90 mt.,1792 mm,4532 mm,1497 mm,,520 lt,,2020 Fiat Egea 1.6 Multijet 120 HP Mirror,,,,,,2020 Fiat Egea 1.6 Multijet 120 HP Mirror Test Sürüşü Talep Sayfası,2020 Fiat Egea 1.6 Multijet 120 HP Mirror Ürün Kataloğu,"3 Yıl Boya
5 Yıl / 100 Bin Km Mekanik
8 Yıl Paslanmazlık",Fiat Acil Servis 444 2255,Var,,,,,Turbo,Multijet II (Geliştirilmiş Çoklu Enjeksiyon),4,1598 cc,Common Rail Direkt Enjeksiyon,9.8 saniye,200 km/s,320 nm,120 BG,,,İtalya,Sedan,Binek,Mirror,Sedan,2020,İçten Yanmalı (Standart),2014 tl/yıl,C,Egea,Dizel,https://www.epey.com/araba/2020-fiat-egea-1-6-multijet-120-hp-mirror.html,,,,,,,110 g/km,4.2 lt,45 lt,Euro 5,3.6 lt,5.2 lt,,,3 yıldız,2020 Fiat Egea 1.6 Multijet 120 HP Mirror NCAP/ANCAP Web Sayfası,2016,Var,,,,,,,,Önden Çekişli,,,,,6 ileri,Manuel,
1270 kg,10.90 mt.,1792 mm,4532 mm,1497 mm,,520 lt,,2020 Fiat Egea 1.6 Multijet 120 HP Urban Plus,,,,,,2020 Fiat Egea 1.6 Multijet 120 HP Urban Plus Test Sürüşü Talep Sayfası,2020 Fiat Egea 1.6 Multijet 120 HP Urban Plus Ürün Kataloğu,"3 Yıl Boya
5 Yıl / 100 Bin Km Mekanik
8 Yıl Paslanmazlık",Fiat Acil Servis 444 2255,Var,,,,,Turbo,Multijet II (Geliştirilmiş Çoklu Enjeksiyon),4,1598 cc,Common Rail Direkt Enjeksiyon,9.8 saniye,200 km/s,320 nm,120 BG,,,İtalya,Sedan,Binek,Urban Plus,Sedan,2020,İçten Yanmalı (Standart),2014 tl/yıl,C,Egea,Dizel,https://www.epey.com/araba/2020-fiat-egea-1-6-multijet-120-hp-urban-plus.html,,,,,,,110 g/km,4.2 lt,45 lt,Euro 5,3.6 lt,5.2 lt,,,3 yıldız,2020 Fiat Egea 1.6 Multijet 120 HP Urban Plus NCAP/ANCAP Web Sayfası,2016,Var,,,,,,,,Önden Çekişli,,,,,6 ileri,Manuel,
1205 kg,10.90 mt.,1792 mm,4368 mm,1495 mm,,380 lt,,2020 Fiat Egea HB 1.3 Mjet 95 HP Mirror,,,,,,2020 Fiat Egea HB 1.3 Mjet 95 HP Mirror Test Sürüşü Talep Sayfası,2020 Fiat Egea HB 1.3 Mjet 95 HP Mirror Ürün Kataloğu,5 Yıl / 100 Bin Km Mekanik,Fiat Acil Servis 444 2255,Var,,,,,Turbo,,4,1248 cc,Common Rail Direkt Enjeksiyon,11.7 saniye,180 km/s,200 nm,95 BG,,,İtalya,Hatchback,Binek,Mirror,Hatchback,2020,İçten Yanmalı (Standart),1156 tl/yıl,C,Egea,Dizel,https://www.epey.com/araba/2020-fiat-egea-hb-1-3-mjet-95-hp-mirror.html,,,,,,,108 g/km,4.1 lt,50 lt,Euro 6,3.5 lt,5.2 lt,,,3 yıldız,2020 Fiat Egea HB 1.3 Mjet 95 HP Mirror NCAP/ANCAP Web Sayfası,2016,Var,,,,,,,,Önden Çekişli,,,,,5 ileri,Manuel,
1205 kg,10.90 mt.,1792 mm,4368 mm,1495 mm,,380 lt,,2020 Fiat Egea HB 1.3 Mjet 95 HP Street,,,,,,2020 Fiat Egea HB 1.3 Mjet 95 HP Street Test Sürüşü Talep Sayfası,2020 Fiat Egea HB 1.3 Mjet 95 HP Street Ürün Kataloğu,5 Yıl / 100 Bin Km Mekanik,Fiat Acil Servis 444 2255,Var,,,,,Turbo,,4,1248 cc,Common Rail Direkt Enjeksiyon,11.7 saniye,180 km/s,200 nm,95 BG,,,İtalya,Hatchback,Binek,Street,Hatchback,2020,İçten Yanmalı (Standart),1156 tl/yıl,C,Egea,Dizel,https://www.epey.com/araba/2020-fiat-egea-hb-1-3-mjet-95-hp-street.html,,,,,,,108 g/km,4.1 lt,50 lt,Euro 6,3.5 lt,5.2 lt,,,3 yıldız,2020 Fiat Egea HB 1.3 Mjet 95 HP Street NCAP/ANCAP Web Sayfası,2016,Var,,,,,,,,Önden Çekişli,,,,,5 ileri,Manuel,
1205 kg,10.90 mt.,1792 mm,4368 mm,1495 mm,,380 lt,,2020 Fiat Egea HB 1.3 Mjet 95 HP Urban Plus,,,,,,2020 Fiat Egea HB 1.3 Mjet 95 HP Urban Plus Test Sürüşü Talep Sayfası,2020 Fiat Egea HB 1.3 Mjet 95 HP Urban Plus Ürün Kataloğu,5 Yıl / 100 Bin Km Mekanik,Fiat Acil Servis 444 2255,Var,,,,,Turbo,,4,1248 cc,Common Rail Direkt Enjeksiyon,11.7 saniye,180 km/s,200 nm,95 BG,,,İtalya,Hatchback,Binek,Urban Plus,Hatchback,2020,İçten Yanmalı (Standart),1156 tl/yıl,C,Egea,Dizel,https://www.epey.com/araba/2020-fiat-egea-hb-1-3-mjet-95-hp-urban-plus.html,,,,,,,108 g/km,4.1 lt,50 lt,Euro 6,3.5 lt,5.2 lt,,,3 yıldız,2020 Fiat Egea HB 1.3 Mjet 95 HP Urban Plus NCAP/ANCAP Web Sayfası,2016,Var,,,,,,,,Önden Çekişli,,,,,5 ileri,Manuel,
1270 kg,10.90 mt.,1792 mm,4368 mm,1495 mm,,380 lt,,2020 Fiat Egea HB 1.4 Fire 95 HP Mirror,,,,,,2020 Fiat Egea HB 1.4 Fire 95 HP Mirror Test Sürüşü Talep Sayfası,2020 Fiat Egea HB 1.4 Fire 95 HP Mirror Ürün Kataloğu,5 Yıl / 100 Bin Km Mekanik,Fiat Acil Servis 444 2255,Var,,,,,Atmosferik,,4,1368 cc,Çok Noktadan Enjeksiyon,12.1 saniye,185 km/s,127 nm,95 BG,,,İtalya,Hatchback,Binek,Mirror,Hatchback,2020,İçten Yanmalı (Standart),2014 tl/yıl,C,Egea,Benzin,https://www.epey.com/araba/2020-fiat-egea-hb-1-4-fire-95-hp-mirror.html,,,,,,,132 g/km,5.7 lt,50 lt,Euro 6,4.5 lt,7.7 lt,,,3 yıldız,2020 Fiat Egea HB 1.4 Fire 95 HP Mirror NCAP/ANCAP Web Sayfası,2016,Var,,,,,,,,Önden Çekişli,,,,,6 ileri,Manuel,
1270 kg,10.90 mt.,1792 mm,4368 mm,1495 mm,,380 lt,,2020 Fiat Egea HB 1.4 Fire 95 HP Street,,,,,,2020 Fiat Egea HB 1.4 Fire 95 HP Street Test Sürüşü Talep Sayfası,2020 Fiat Egea HB 1.4 Fire 95 HP Street Ürün Kataloğu,5 Yıl / 100 Bin Km Mekanik,Fiat Acil Servis 444 2255,Var,,,,,Atmosferik,,4,1368 cc,Çok Noktadan Enjeksiyon,12.1 saniye,185 km/s,127 nm,95 BG,,,İtalya,Hatchback,Binek,Street,Hatchback,2020,İçten Yanmalı (Standart),2014 tl/yıl,C,Egea,Benzin,https://www.epey.com/araba/2020-fiat-egea-hb-1-4-fire-95-hp-street.html,,,,,,,132 g/km,5.7 lt,50 lt,Euro 6,4.5 lt,7.7 lt,,,3 yıldız,2020 Fiat Egea HB 1.4 Fire 95 HP Street NCAP/ANCAP Web Sayfası,2016,Var,,,,,,,,Önden Çekişli,,,,,6 ileri,Manuel,
1270 kg,10.90 mt.,1792 mm,4368 mm,1495 mm,,380 lt,,2020 Fiat Egea HB 1.4 Fire 95 HP Urban Plus,,,,,,2020 Fiat Egea HB 1.4 Fire 95 HP Urban Plus Test Sürüşü Talep Sayfası,2020 Fiat Egea HB 1.4 Fire 95 HP Urban Plus Ürün Kataloğu,5 Yıl / 100 Bin Km Mekanik,Fiat Acil Servis 444 2255,Var,,,,,Atmosferik,,4,1368 cc,Çok Noktadan Enjeksiyon,12.1 saniye,185 km/s,127 nm,95 BG,,,İtalya,Hatchback,Binek,Urban Plus,Hatchback,2020,İçten Yanmalı (Standart),2014 tl/yıl,C,Egea,Benzin,https://www.epey.com/araba/2020-fiat-egea-hb-1-4-fire-95-hp-urban-plus.html,,,,,,,132 g/km,5.7 lt,50 lt,Euro 6,4.5 lt,7.7 lt,,,3 yıldız,2020 Fiat Egea HB 1.4 Fire 95 HP Urban Plus NCAP/ANCAP Web Sayfası,2016,Var,,,,,,,,Önden Çekişli,,,,,6 ileri,Manuel,
1320 kg,10.90 mt.,1792 mm,4368 mm,1495 mm,,380 lt,,2020 Fiat Egea HB 1.6 Mjet 120 HP DCT Mirror,,,,,,2020 Fiat Egea HB 1.6 Mjet 120 HP DCT Mirror Test Sürüşü Talep Sayfası,2020 Fiat Egea HB 1.6 Mjet 120 HP DCT Mirror Ürün Kataloğu,5 Yıl / 100 Bin Km Mekanik,Fiat Acil Servis 444 2255,Var,,,,,Turbo,,4,1598 cc,Common Rail Direkt Enjeksiyon,10.2 saniye,200 km/s,320 nm,120 BG,,,İtalya,Hatchback,Binek,Mirror,Hatchback,2020,İçten Yanmalı (Standart),2014 tl/yıl,C,Egea,Dizel,https://www.epey.com/araba/2020-fiat-egea-hb-1-6-mjet-120-hp-dct-mirror.html,,,,,,,100 g/km,3.8 lt,50 lt,Euro 6,3.4 lt,4.4 lt,,,3 yıldız,2020 Fiat Egea HB 1.6 Mjet 120 HP DCT Mirror NCAP/ANCAP Web Sayfası,2016,Var,,,,,,,,Önden Çekişli,,,,,6 ileri,Otomatik,DCT (Yarı Otm.)
1320 kg,10.90 mt.,1792 mm,4368 mm,1495 mm,,380 lt,,2020 Fiat Egea HB 1.6 Mjet 120 HP DCT S-Design,,,,,,2020 Fiat Egea HB 1.6 Mjet 120 HP DCT S-Design Test Sürüşü Talep Sayfası,2020 Fiat Egea HB 1.6 Mjet 120 HP DCT S-Design Ürün Kataloğu,5 Yıl / 100 Bin Km Mekanik,Fiat Acil Servis 444 2255,Var,,,,,Turbo,,4,1598 cc,Common Rail Direkt Enjeksiyon,10.2 saniye,200 km/s,320 nm,120 BG,,,İtalya,Hatchback,Binek,S-Design,Hatchback,2020,İçten Yanmalı (Standart),2014 tl/yıl,C,Egea,Dizel,https://www.epey.com/araba/2020-fiat-egea-hb-1-6-mjet-120-hp-dct-s-design.html,,,,,,,100 g/km,3.8 lt,50 lt,Euro 6,3.4 lt,4.4 lt,,,3 yıldız,2020 Fiat Egea HB 1.6 Mjet 120 HP DCT S-Design NCAP/ANCAP Web Sayfası,2016,Var,,,,,,,,Önden Çekişli,,,,,6 ileri,Otomatik,DCT (Yarı Otm.)
1320 kg,10.90 mt.,1792 mm,4368 mm,1495 mm,,380 lt,,2020 Fiat Egea HB 1.6 Mjet 120 HP DCT Sport,,,,,,2020 Fiat Egea HB 1.6 Mjet 120 HP DCT Sport Test Sürüşü Talep Sayfası,2020 Fiat Egea HB 1.6 Mjet 120 HP DCT Sport Ürün Kataloğu,5 Yıl / 100 Bin Km Mekanik,Fiat Acil Servis 444 2255,Var,,,,,Turbo,,4,1598 cc,Common Rail Direkt Enjeksiyon,10.2 saniye,200 km/s,320 nm,120 BG,,,İtalya,Hatchback,Binek,Sport,Hatchback,2020,İçten Yanmalı (Standart),2014 tl/yıl,C,Egea,Dizel,https://www.epey.com/araba/2020-fiat-egea-hb-1-6-mjet-120-hp-dct-sport.html,,,,,,,100 g/km,3.8 lt,50 lt,Euro 6,3.4 lt,4.4 lt,,,3 yıldız,2020 Fiat Egea HB 1.6 Mjet 120 HP DCT Sport NCAP/ANCAP Web Sayfası,2016,Var,,,,,,,,Önden Çekişli,,,,,6 ileri,Otomatik,DCT (Yarı Otm.)
1320 kg,10.90 mt.,1792 mm,4368 mm,1495 mm,,380 lt,,2020 Fiat Egea HB 1.6 Mjet 120 HP DCT Street,,,,,,2020 Fiat Egea HB 1.6 Mjet 120 HP DCT Street Test Sürüşü Talep Sayfası,2020 Fiat Egea HB 1.6 Mjet 120 HP DCT Street Ürün Kataloğu,5 Yıl / 100 Bin Km Mekanik,Fiat Acil Servis 444 2255,Var,,,,,Turbo,,4,1598 cc,Common Rail Direkt Enjeksiyon,10.2 saniye,200 km/s,320 nm,120 BG,,,İtalya,Hatchback,Binek,Street,Hatchback,2020,İçten Yanmalı (Standart),2014 tl/yıl,C,Egea,Dizel,https://www.epey.com/araba/2020-fiat-egea-hb-1-6-mjet-120-hp-dct-street.html,,,,,,,100 g/km,3.8 lt,50 lt,Euro 6,3.4 lt,4.4 lt,,,3 yıldız,2020 Fiat Egea HB 1.6 Mjet 120 HP DCT Street NCAP/ANCAP Web Sayfası,2016,Var,,,,,,,,Önden Çekişli,,,,,6 ileri,Otomatik,DCT (Yarı Otm.)
1320 kg,10.90 mt.,1792 mm,4368 mm,1495 mm,,380 lt,,2020 Fiat Egea HB 1.6 Mjet 120 HP DCT Urban Plus,,,,,,2020 Fiat Egea HB 1.6 Mjet 120 HP DCT Urban Plus Test Sürüşü Talep Sayfası,2020 Fiat Egea HB 1.6 Mjet 120 HP DCT Urban Plus Ürün Kataloğu,5 Yıl / 100 Bin Km Mekanik,Fiat Acil Servis 444 2255,Var,,,,,Turbo,,4,1598 cc,Common Rail Direkt Enjeksiyon,10.2 saniye,200 km/s,320 nm,120 BG,,,İtalya,Hatchback,Binek,Urban Plus,Hatchback,2020,İçten Yanmalı (Standart),2014 tl/yıl,C,Egea,Dizel,https://www.epey.com/araba/2020-fiat-egea-hb-1-6-mjet-120-hp-dct-urban-plus.html,,,,,,,100 g/km,3.8 lt,50 lt,Euro 6,3.4 lt,4.4 lt,,,3 yıldız,2020 Fiat Egea HB 1.6 Mjet 120 HP DCT Urban Plus NCAP/ANCAP Web Sayfası,2016,Var,,,,,,,,Önden Çekişli,,,,,6 ileri,Otomatik,DCT (Yarı Otm.)
1257 kg,,1716 mm,3864 mm,1721 mm,2500 lt,356 lt,,2020 Fiat Fiorino Combi 1.3 Mjet 95 Pop,,,,,,2020 Fiat Fiorino Combi 1.3 Mjet 95 Pop Test Sürüşü Talep Sayfası,2020 Fiat Fiorino Combi 1.3 Mjet 95 Pop Ürün Kataloğu,"3 Yıl / 150 Bin Km Mekanik
3 Yıl Boya
8 Yıl Paslanmazlık","Fiat Acil Servis 444 2255
1 Yıl Ücretsiz (Garanti Süresi İçinde)",Var,,,,,Turbo,,4,1248 cc,Common Rail Direkt Enjeksiyon,,167 km/s,200 nm,95 BG,,,İtalya,Combi,Binek,Pop,Kombi,2020,İçten Yanmalı (Standart),1156 tl/yıl,Mini Ticari,Fiorino,Dizel,https://www.epey.com/araba/2020-fiat-fiorino-combi-1-3-mjet-95-pop.html,,,,,,,125 g/km,4.7 lt,45 lt,,4.0 lt,6.0 lt,,,3 yıldız,2020 Fiat Fiorino Combi 1.3 Mjet 95 Pop NCAP/ANCAP Web Sayfası,2010,Var,,,,,,,,Önden Çekişli,,,,,5 ileri,Manuel,
1257 kg,,1716 mm,3864 mm,1721 mm,2500 lt,356 lt,,2020 Fiat Fiorino Combi 1.3 Mjet 95 Premio,,,,,,2020 Fiat Fiorino Combi 1.3 Mjet 95 Premio Test Sürüşü Talep Sayfası,2020 Fiat Fiorino Combi 1.3 Mjet 95 Premio Ürün Kataloğu,"3 Yıl / 150 Bin Km Mekanik
3 Yıl Boya
8 Yıl Paslanmazlık","Fiat Acil Servis 444 2255
1 Yıl Ücretsiz (Garanti Süresi İçinde)",Var,,,,,Turbo,,4,1248 cc,Common Rail Direkt Enjeksiyon,,167 km/s,200 nm,95 BG,,,İtalya,Combi,Binek,Premio,Kombi,2020,İçten Yanmalı (Standart),1156 tl/yıl,Mini Ticari,Fiorino,Dizel,https://www.epey.com/araba/2020-fiat-fiorino-combi-1-3-mjet-95-premio.html,,,,,,,125 g/km,4.7 lt,45 lt,,4.0 lt,6.0 lt,,,3 yıldız,2020 Fiat Fiorino Combi 1.3 Mjet 95 Premio NCAP/ANCAP Web Sayfası,2010,Var,,,,,,,,Önden Çekişli,,,,,5 ileri,Manuel,
1257 kg,,1716 mm,3864 mm,1721 mm,2500 lt,356 lt,,2020 Fiat Fiorino Combi 1.3 Mjet 95 Safeline,,,,,,2020 Fiat Fiorino Combi 1.3 Mjet 95 Safeline Test Sürüşü Talep Sayfası,2020 Fiat Fiorino Combi 1.3 Mjet 95 Safeline Ürün Kataloğu,"3 Yıl / 150 Bin Km Mekanik
3 Yıl Boya
8 Yıl Paslanmazlık","Fiat Acil Servis 444 2255
1 Yıl Ücretsiz (Garanti Süresi İçinde)",Var,,,,,Turbo,,4,1248 cc,Common Rail Direkt Enjeksiyon,,167 km/s,200 nm,95 BG,,,İtalya,Combi,Binek,Safeline,Kombi,2020,İçten Yanmalı (Standart),1156 tl/yıl,Mini Ticari,Fiorino,Dizel,https://www.epey.com/araba/2020-fiat-fiorino-combi-1-3-mjet-95-safeline.html,,,,,,,125 g/km,4.7 lt,45 lt,,4.0 lt,6.0 lt,,,3 yıldız,2020 Fiat Fiorino Combi 1.3 Mjet 95 Safeline NCAP/ANCAP Web Sayfası,2010,Var,,,,,,,,Önden Çekişli,,,,,5 ileri,Manuel,
1257 kg,,1716 mm,3864 mm,1721 mm,2500 lt,356 lt,,2020 Fiat Fiorino Combi 1.3 Mjet 95 Urban,,,,,,2020 Fiat Fiorino Combi 1.3 Mjet 95 Urban Test Sürüşü Talep Sayfası,2020 Fiat Fiorino Combi 1.3 Mjet 95 Urban Ürün Kataloğu,"3 Yıl / 150 Bin Km Mekanik
3 Yıl Boya
8 Yıl Paslanmazlık","Fiat Acil Servis 444 2255
1 Yıl Ücretsiz (Garanti Süresi İçinde)",Var,,,,,Turbo,,4,1248 cc,Common Rail Direkt Enjeksiyon,,167 km/s,200 nm,95 BG,,,İtalya,Combi,Binek,Urban,Kombi,2020,İçten Yanmalı (Standart),1156 tl/yıl,Mini Ticari,Fiorino,Dizel,https://www.epey.com/araba/2020-fiat-fiorino-combi-1-3-mjet-95-urban.html,,,,,,,125 g/km,4.7 lt,45 lt,,4.0 lt,6.0 lt,,,3 yıldız,2020 Fiat Fiorino Combi 1.3 Mjet 95 Urban NCAP/ANCAP Web Sayfası,2010,Var,,,,,,,,Önden Çekişli,,,,,5 ileri,Manuel,
1257 kg,,1716 mm,3864 mm,1721 mm,2500 lt,356 lt,,2020 Fiat Fiorino Combi 1.4 EKO 77 HP Pop,,,,,,2020 Fiat Fiorino Combi 1.4 EKO 77 HP Pop Test Sürüşü Talep Sayfası,2020 Fiat Fiorino Combi 1.4 EKO 77 HP Pop Ürün Kataloğu,"3 Yıl / 150 Bin Km Mekanik
3 Yıl Boya
8 Yıl Paslanmazlık","Fiat Acil Servis 444 2255
1 Yıl Ücretsiz (Garanti Süresi İçinde)",Var,,,,,Atmosferik,,4,1368 cc,Çok Noktadan Enjeksiyon,,155 km/s,110 nm,77 BG,,,İtalya,Combi,Binek,Pop,Kombi,2020,İçten Yanmalı (Standart),2014 tl/yıl,Mini Ticari,Fiorino,Benzin & LPG,https://www.epey.com/araba/2020-fiat-fiorino-combi-1-4-eko-77-hp-pop.html,Var,,30 lt,8.3 lt,7.0 lt,10.7 lt,143 g/km,7.3 lt,45 lt,,6.1 lt,9.4 lt,,,3 yıldız,2020 Fiat Fiorino Combi 1.4 EKO 77 HP Pop NCAP/ANCAP Web Sayfası,2010,Var,,,,,,,,Önden Çekişli,,,,,5 ileri,Manuel,
1257 kg,,1716 mm,3864 mm,1721 mm,2500 lt,356 lt,,2020 Fiat Fiorino Combi 1.4 EKO 77 HP Premio,,,,,,2020 Fiat Fiorino Combi 1.4 EKO 77 HP Premio Test Sürüşü Talep Sayfası,2020 Fiat Fiorino Combi 1.4 EKO 77 HP Premio Ürün Kataloğu,"3 Yıl / 150 Bin Km Mekanik
3 Yıl Boya
8 Yıl Paslanmazlık","Fiat Acil Servis 444 2255
1 Yıl Ücretsiz (Garanti Süresi İçinde)",Var,,,,,Atmosferik,,4,1368 cc,Çok Noktadan Enjeksiyon,,155 km/s,110 nm,77 BG,,,İtalya,Combi,Binek,Premio,Kombi,2020,İçten Yanmalı (Standart),2014 tl/yıl,Mini Ticari,Fiorino,Benzin & LPG,https://www.epey.com/araba/2020-fiat-fiorino-combi-1-4-eko-77-hp-premio.html,Var,,30 lt,8.3 lt,7.0 lt,10.7 lt,143 g/km,7.3 lt,45 lt,,6.1 lt,9.4 lt,,,3 yıldız,2020 Fiat Fiorino Combi 1.4 EKO 77 HP Premio NCAP/ANCAP Web Sayfası,2010,Var,,,,,,,,Önden Çekişli,,,,,5 ileri,Manuel,
1257 kg,,1716 mm,3864 mm,1721 mm,2500 lt,356 lt,,2020 Fiat Fiorino Combi 1.4 EKO 77 HP Safeline,,,,,,2020 Fiat Fiorino Combi 1.4 EKO 77 HP Safeline Test Sürüşü Talep Sayfası,2020 Fiat Fiorino Combi 1.4 EKO 77 HP Safeline Ürün Kataloğu,"3 Yıl / 150 Bin Km Mekanik
3 Yıl Boya
8 Yıl Paslanmazlık","Fiat Acil Servis 444 2255
1 Yıl Ücretsiz (Garanti Süresi İçinde)",Var,,,,,Atmosferik,,4,1368 cc,Çok Noktadan Enjeksiyon,,155 km/s,110 nm,77 BG,,,İtalya,Combi,Binek,Safeline,Kombi,2020,İçten Yanmalı (Standart),2014 tl/yıl,Mini Ticari,Fiorino,Benzin & LPG,https://www.epey.com/araba/2020-fiat-fiorino-combi-1-4-eko-77-hp-safeline.html,Var,,30 lt,8.3 lt,7.0 lt,10.7 lt,143 g/km,7.3 lt,45 lt,,6.1 lt,9.4 lt,,,3 yıldız,2020 Fiat Fiorino Combi 1.4 EKO 77 HP Safeline NCAP/ANCAP Web Sayfası,2010,Var,,,,,,,,Önden Çekişli,,,,,5 ileri,Manuel,
1257 kg,,1716 mm,3864 mm,1721 mm,2500 lt,356 lt,,2020 Fiat Fiorino Combi 1.4 Fire 77 HP Pop,,,,,,2020 Fiat Fiorino Combi 1.4 Fire 77 HP Pop Test Sürüşü Talep Sayfası,2020 Fiat Fiorino Combi 1.4 Fire 77 HP Pop Ürün Kataloğu,"3 Yıl / 150 Bin Km Mekanik
3 Yıl Boya
8 Yıl Paslanmazlık","Fiat Acil Servis 444 2255
1 Yıl Ücretsiz (Garanti Süresi İçinde)",Var,,,,,Atmosferik,,4,1368 cc,Çok Noktadan Enjeksiyon,,156 km/s,115 nm,77 BG,,,İtalya,Combi,Binek,Pop,Kombi,2020,İçten Yanmalı (Standart),2014 tl/yıl,Mini Ticari,Fiorino,Benzin,https://www.epey.com/araba/2020-fiat-fiorino-combi-1-4-fire-77-hp-pop.html,,,,,,,167 g/km,7.3 lt,45 lt,,6.1 lt,9.4 lt,,,3 yıldız,2020 Fiat Fiorino Combi 1.4 Fire 77 HP Pop NCAP/ANCAP Web Sayfası,2010,Var,,,,,,,,Önden Çekişli,,,,,5 ileri,Manuel,
1257 kg,,1716 mm,3864 mm,1721 mm,2500 lt,356 lt,,2020 Fiat Fiorino Combi 1.4 Fire 77 HP Premio,,,,,,2020 Fiat Fiorino Combi 1.4 Fire 77 HP Premio Test Sürüşü Talep Sayfası,2020 Fiat Fiorino Combi 1.4 Fire 77 HP Premio Ürün Kataloğu,"3 Yıl / 150 Bin Km Mekanik
3 Yıl Boya
8 Yıl Paslanmazlık","Fiat Acil Servis 444 2255
1 Yıl Ücretsiz (Garanti Süresi İçinde)",Var,,,,,Atmosferik,,4,1368 cc,Çok Noktadan Enjeksiyon,,156 km/s,115 nm,77 BG,,,İtalya,Combi,Binek,Premio,Kombi,2020,İçten Yanmalı (Standart),2014 tl/yıl,Mini Ticari,Fiorino,Benzin,https://www.epey.com/araba/2020-fiat-fiorino-combi-1-4-fire-77-hp-premio.html,,,,,,,167 g/km,7.3 lt,45 lt,,6.1 lt,9.4 lt,,,3 yıldız,2020 Fiat Fiorino Combi 1.4 Fire 77 HP Premio NCAP/ANCAP Web Sayfası,2010,Var,,,,,,,,Önden Çekişli,,,,,5 ileri,Manuel,
1257 kg,,1716 mm,3864 mm,1721 mm,2500 lt,356 lt,,2020 Fiat Fiorino Combi 1.4 Fire 77 HP Safeline,,,,,,2020 Fiat Fiorino Combi 1.4 Fire 77 HP Safeline Test Sürüşü Talep Sayfası,2020 Fiat Fiorino Combi 1.4 Fire 77 HP Safeline Ürün Kataloğu,"3 Yıl / 150 Bin Km Mekanik
3 Yıl Boya
8 Yıl Paslanmazlık","Fiat Acil Servis 444 2255
1 Yıl Ücretsiz (Garanti Süresi İçinde)",Var,,,,,Atmosferik,,4,1368 cc,Çok Noktadan Enjeksiyon,,156 km/s,115 nm,77 BG,,,İtalya,Combi,Binek,Safeline,Kombi,2020,İçten Yanmalı (Standart),2014 tl/yıl,Mini Ticari,Fiorino,Benzin,https://www.epey.com/araba/2020-fiat-fiorino-combi-1-4-fire-77-hp-safeline.html,,,,,,,167 g/km,7.3 lt,45 lt,,6.1 lt,9.4 lt,,,3 yıldız,2020 Fiat Fiorino Combi 1.4 Fire 77 HP Safeline NCAP/ANCAP Web Sayfası,2010,Var,,,,,,,,Önden Çekişli,,,,,5 ileri,Manuel,
1185 kg,9.95 mt.,1716 mm,3864 mm,1721 mm,2500 lt,356 lt,,2020 Fiat Fiorino Panorama 1.3 Mjet 95 HP Pop,,,,,,2020 Fiat Fiorino Panorama 1.3 Mjet 95 HP Pop Test Sürüşü Talep Sayfası,2020 Fiat Fiorino Panorama 1.3 Mjet 95 HP Pop Ürün Kataloğu,"3 Yıl / 150 Bin Km Mekanik
3 Yıl Boya
8 Yıl Paslanmazlık","Fiat Acil Servis 444 2255
1 Yıl Ücretsiz (Garanti Süresi İçinde)",Var,,,,,Turbo,Multijet (Çoklu Enjeksiyon Sistemi),4,1248 cc,Common Rail Direkt Enjeksiyon,,170 km/s,200 nm,95 BG,,,İtalya,Panorama,Binek,Pop,Kombi,2020,İçten Yanmalı (Standart),1156 tl/yıl,Mini Ticari,Fiorino,Dizel,https://www.epey.com/araba/2020-fiat-fiorino-panorama-1-3-mjet-95-hp-pop.html,,,,,,,,4.3 lt,45 lt,Euro 6,3.8 lt,5.2 lt,,,3 yıldız,2020 Fiat Fiorino Panorama 1.3 Mjet 95 HP Pop NCAP/ANCAP Web Sayfası,2010,Var,,,,,,,,Önden Çekişli,,,,,5 ileri,Manuel,
1185 kg,9.95 mt.,1716 mm,3864 mm,1721 mm,2500 lt,356 lt,,2020 Fiat Fiorino Panorama 1.3 Mjet 95 HP Premio,,,,,,2020 Fiat Fiorino Panorama 1.3 Mjet 95 HP Premio Test Sürüşü Talep Sayfası,2020 Fiat Fiorino Panorama 1.3 Mjet 95 HP Premio Ürün Kataloğu,"3 Yıl / 150 Bin Km Mekanik
3 Yıl Boya
8 Yıl Paslanmazlık","Fiat Acil Servis 444 2255
1 Yıl Ücretsiz (Garanti Süresi İçinde)",Var,,,,,Turbo,Multijet (Çoklu Enjeksiyon Sistemi),4,1248 cc,Common Rail Direkt Enjeksiyon,,170 km/s,200 nm,95 BG,,,İtalya,Panorama,Binek,Premio,Kombi,2020,İçten Yanmalı (Standart),1156 tl/yıl,Mini Ticari,Fiorino,Dizel,https://www.epey.com/araba/2020-fiat-fiorino-panorama-1-3-mjet-95-hp-premio.html,,,,,,,,4.3 lt,45 lt,Euro 6,3.8 lt,5.2 lt,,,3 yıldız,2020 Fiat Fiorino Panorama 1.3 Mjet 95 HP Premio NCAP/ANCAP Web Sayfası,2010,Var,,,,,,,,Önden Çekişli,,,,,5 ileri,Manuel,
1398 kg,,1825 mm,4647 mm,1454 mm,,511 lt,,2020 Ford Focus 1.5 EcoBlue 120 PS Otomatik Titanium,,,,,,2020 Ford Focus 1.5 EcoBlue 120 PS Otomatik Titanium Test Sürüşü Talep Sayfası,2020 Ford Focus 1.5 EcoBlue 120 PS Otomatik Titanium Ürün Kataloğu,,Ford Euroservis-Acil Yol Yardımı 444 3673,Var,,,,,Turbo,EcoBlue (Yakıt Verimliliği),,1500 cc,Common Rail Direkt Enjeksiyon,10.2 saniye,196 km/s,300 nm,120 BG,,,Amerika,Sedan,Binek,Titanium,Sedan,2020,İçten Yanmalı (Standart),2014 tl/yıl,C,Focus,Dizel,https://www.epey.com/araba/2020-ford-focus-1-5-ecoblue-120-ps-otomatik-titanium.html,,,,,,,115 g/km,4.4 lt,47 lt,Euro 6.2,4.1 lt,4.9 lt,,,5 yıldız,2020 Ford Focus 1.5 EcoBlue 120 PS Otomatik Titanium NCAP/ANCAP Web Sayfası,2018,Var,,,,,,,,Önden Çekişli,,,,,8 ileri,Otomatik,
1398 kg,,1825 mm,4647 mm,1454 mm,,511 lt,,2020 Ford Focus 1.5 EcoBlue 120 PS Otomatik Trend X,,,,,,2020 Ford Focus 1.5 EcoBlue 120 PS Otomatik Trend X Test Sürüşü Talep Sayfası,2020 Ford Focus 1.5 EcoBlue 120 PS Otomatik Trend X Ürün Kataloğu,,Ford Euroservis-Acil Yol Yardımı 444 3673,Var,,,,,Turbo,EcoBlue (Yakıt Verimliliği),,1500 cc,Common Rail Direkt Enjeksiyon,10.2 saniye,196 km/s,300 nm,120 BG,,,Amerika,Sedan,Binek,Trend X,Sedan,2020,İçten Yanmalı (Standart),2014 tl/yıl,C,Focus,Dizel,https://www.epey.com/araba/2020-ford-focus-1-5-ecoblue-120-ps-otomatik-trend-x.html,,,,,,,115 g/km,4.4 lt,47 lt,Euro 6.2,4.1 lt,4.9 lt,,,5 yıldız,2020 Ford Focus 1.5 EcoBlue 120 PS Otomatik Trend X NCAP/ANCAP Web Sayfası,2018,Var,,,,,,,,Önden Çekişli,,,,,8 ileri,Otomatik,
1367 kg,,1825 mm,4647 mm,1454 mm,,511 lt,,2020 Ford Focus 1.5 EcoBlue 120 PS Titanium,,,,,,2020 Ford Focus 1.5 EcoBlue 120 PS Titanium Test Sürüşü Talep Sayfası,2020 Ford Focus 1.5 EcoBlue 120 PS Titanium Ürün Kataloğu,,Ford Euroservis-Acil Yol Yardımı 444 3673,Var,,,,,Turbo,EcoBlue (Yakıt Verimliliği),,1500 cc,Common Rail Direkt Enjeksiyon,10.0 saniye,199 km/s,300 nm,120 BG,,,Amerika,Sedan,Binek,Titanium,Sedan,2020,İçten Yanmalı (Standart),2014 tl/yıl,C,Focus,Dizel,https://www.epey.com/araba/2020-ford-focus-1-5-ecoblue-120-ps-titanium.html,,,,,,,90 g/km,3.4 lt,47 lt,Euro 6.2,3.2 lt,3.9 lt,,,5 yıldız,2020 Ford Focus 1.5 EcoBlue 120 PS Titanium NCAP/ANCAP Web Sayfası,2018,Var,,,,,,,,Önden Çekişli,,,,,6 ileri,Manuel,
1367 kg,,1825 mm,4647 mm,1454 mm,,511 lt,,2020 Ford Focus 1.5 EcoBlue 120 PS Trend X,,,,,,2020 Ford Focus 1.5 EcoBlue 120 PS Trend X Test Sürüşü Talep Sayfası,2020 Ford Focus 1.5 EcoBlue 120 PS Trend X Ürün Kataloğu,,Ford Euroservis-Acil Yol Yardımı 444 3673,Var,,,,,Turbo,EcoBlue (Yakıt Verimliliği),,1500 cc,Common Rail Direkt Enjeksiyon,10.0 saniye,199 km/s,300 nm,120 BG,,,Amerika,Sedan,Binek,Trend X,Sedan,2020,İçten Yanmalı (Standart),2014 tl/yıl,C,Focus,Dizel,https://www.epey.com/araba/2020-ford-focus-1-5-ecoblue-120-ps-trend-x.html,,,,,,,90 g/km,3.4 lt,47 lt,Euro 6.2,3.2 lt,3.9 lt,,,5 yıldız,2020 Ford Focus 1.5 EcoBlue 120 PS Trend X NCAP/ANCAP Web Sayfası,2018,Var,,,,,,,,Önden Çekişli,Var,,,,6 ileri,Manuel,
1312 kg,,1825 mm,4647 mm,1454 mm,,511 lt,,2020 Ford Focus 1.5 Ti-VCT 123 PS Otomatik Titanium,,,,,,2020 Ford Focus 1.5 Ti-VCT 123 PS Otomatik Titanium Test Sürüşü Talep Sayfası,2020 Ford Focus 1.5 Ti-VCT 123 PS Otomatik Titanium Ürün Kataloğu,,Ford Euroservis-Acil Yol Yardımı 444 3673,Var,,,,,Atmosferik,Ti-VCT (İkiz Egzantrik Zamanlama),,1500 cc,,12.4 saniye,194 km/s,150 nm,123 BG,,,Amerika,Sedan,Binek,Titanium,Sedan,2020,İçten Yanmalı (Standart),2014 tl/yıl,C,Focus,Benzin,https://www.epey.com/araba/2020-ford-focus-1-5-ti-vct-123-ps-otomatik-titanium.html,,,,,,,150 g/km,6.6 lt,52 lt,Euro 6.2,5.1 lt,9.1 lt,,,5 yıldız,2020 Ford Focus 1.5 Ti-VCT 123 PS Otomatik Titanium NCAP/ANCAP Web Sayfası,2018,Var,,,,,,,,Önden Çekişli,,,,,6 ileri,Otomatik,
1312 kg,,1825 mm,4647 mm,1454 mm,,511 lt,,2020 Ford Focus 1.5 Ti-VCT 123 PS Otomatik Trend X,,,,,,2020 Ford Focus 1.5 Ti-VCT 123 PS Otomatik Trend X Test Sürüşü Talep Sayfası,2020 Ford Focus 1.5 Ti-VCT 123 PS Otomatik Trend X Ürün Kataloğu,,Ford Euroservis-Acil Yol Yardımı 444 3673,Var,,,,,Atmosferik,Ti-VCT (İkiz Egzantrik Zamanlama),,1500 cc,,12.4 saniye,194 km/s,150 nm,123 BG,,,Amerika,Sedan,Binek,Trend X,Sedan,2020,İçten Yanmalı (Standart),2014 tl/yıl,C,Focus,Benzin,https://www.epey.com/araba/2020-ford-focus-1-5-ti-vct-123-ps-otomatik-trend-x.html,,,,,,,150 g/km,6.6 lt,52 lt,Euro 6.2,5.1 lt,9.1 lt,,,5 yıldız,2020 Ford Focus 1.5 Ti-VCT 123 PS Otomatik Trend X NCAP/ANCAP Web Sayfası,2018,Var,,,,,,,,Önden Çekişli,,,,,6 ileri,Otomatik,
1312 kg,,1825 mm,4647 mm,1454 mm,,511 lt,,2020 Ford Focus 1.5 Ti-VCT 123 PS Titanium,,,,,,2020 Ford Focus 1.5 Ti-VCT 123 PS Titanium Test Sürüşü Talep Sayfası,2020 Ford Focus 1.5 Ti-VCT 123 PS Titanium Ürün Kataloğu,,Ford Euroservis-Acil Yol Yardımı 444 3673,Var,,,,,Atmosferik,Ti-VCT (İkiz Egzantrik Zamanlama),,1500 cc,,11.2 saniye,196 km/s,150 nm,123 BG,,,Amerika,Sedan,Binek,Titanium,Sedan,2020,İçten Yanmalı (Standart),2014 tl/yıl,C,Focus,Benzin,https://www.epey.com/araba/2020-ford-focus-1-5-ti-vct-123-ps-titanium.html,,,,,,,134 g/km,6.0 lt,52 lt,Euro 6.2,4.6 lt,8.1 lt,,,5 yıldız,2020 Ford Focus 1.5 Ti-VCT 123 PS Titanium NCAP/ANCAP Web Sayfası,2018,Var,,,,,,,,Önden Çekişli,,,,,6 ileri,Manuel,
1312 kg,,1825 mm,4647 mm,1454 mm,,511 lt,,2020 Ford Focus 1.5 Ti-VCT 123 PS Trend X,,,,,,2020 Ford Focus 1.5 Ti-VCT 123 PS Trend X Test Sürüşü Talep Sayfası,2020 Ford Focus 1.5 Ti-VCT 123 PS Trend X Ürün Kataloğu,,Ford Euroservis-Acil Yol Yardımı 444 3673,Var,,,,,Atmosferik,Ti-VCT (İkiz Egzantrik Zamanlama),,1500 cc,,11.2 saniye,196 km/s,150 nm,123 BG,,,Amerika,Sedan,Binek,Trend X,Sedan,2020,İçten Yanmalı (Standart),2014 tl/yıl,C,Focus,Benzin,https://www.epey.com/araba/2020-ford-focus-1-5-ti-vct-123-ps-trend-x.html,,,,,,,134 g/km,6.0 lt,52 lt,Euro 6.2,4.6 lt,8.1 lt,,,5 yıldız,2020 Ford Focus 1.5 Ti-VCT 123 PS Trend X NCAP/ANCAP Web Sayfası,2018,Var,,,,,,,,Önden Çekişli,,,,,6 ileri,Manuel,
1371 kg,,1825 mm,4378 mm,1452 mm,1320 lt,341 lt,,2020 Ford Focus HB 1.0 EcoBoost 125 PS Otomatik ST-Line,,,,,,2020 Ford Focus HB 1.0 EcoBoost 125 PS Otomatik ST-Line Test Sürüşü Talep Sayfası,2020 Ford Focus HB 1.0 EcoBoost 125 PS Otomatik ST-Line Ürün Kataloğu,,Ford Euroservis-Acil Yol Yardımı 444 3673,Var,,,,,Turbo,,3,999 cc,Direkt Enjeksiyon,11.1 saniye,195 km/s,170 nm,125 BG,,,Amerika,Hatchback,Binek,ST-Line,Hatchback,2020,İçten Yanmalı (Standart),1156 tl/yıl,C,Focus,Benzin,https://www.epey.com/araba/2020-ford-focus-hb-1-0-ecoboost-125-ps-otomatik-st-line.html,,,,,,,131 g/km,5.8 lt,52 lt,Euro 6.2,4.9 lt,7.3 lt,,,5 yıldız,2020 Ford Focus HB 1.0 EcoBoost 125 PS Otomatik ST-Line NCAP/ANCAP Web Sayfası,2018,Var,,,,,,,,Önden Çekişli,,,,,8 ileri,Otomatik,
1394 kg,,1825 mm,4378 mm,1452 mm,1320 lt,341 lt,,2020 Ford Focus HB 1.5 EcoBlue 120 PS Otomatik ST-Line,,,,,,2020 Ford Focus HB 1.5 EcoBlue 120 PS Otomatik ST-Line Test Sürüşü Talep Sayfası,2020 Ford Focus HB 1.5 EcoBlue 120 PS Otomatik ST-Line Ürün Kataloğu,,Ford Euroservis-Acil Yol Yardımı 444 3673,Var,,,,,Turbo,EcoBlue (Yakıt Verimliliği),,1500 cc,Common Rail Direkt Enjeksiyon,10.2 saniye,196 km/s,300 nm,120 BG,,,Amerika,Hatchback,Binek,ST-Line,Hatchback,2020,İçten Yanmalı (Standart),2014 tl/yıl,C,Focus,Dizel,https://www.epey.com/araba/2020-ford-focus-hb-1-5-ecoblue-120-ps-otomatik-st-line.html,,,,,,,115 g/km,4.4 lt,47 lt,Euro 6.2,4.1 lt,4.9 lt,,,5 yıldız,2020 Ford Focus HB 1.5 EcoBlue 120 PS Otomatik ST-Line NCAP/ANCAP Web Sayfası,2018,Var,,,,,,,,Önden Çekişli,,,,,8 ileri,Otomatik,
1394 kg,,1825 mm,4378 mm,1452 mm,1320 lt,341 lt,,2020 Ford Focus HB 1.5 EcoBlue 120 PS Otomatik Titanium,,,,,,2020 Ford Focus HB 1.5 EcoBlue 120 PS Otomatik Titanium Test Sürüşü Talep Sayfası,2020 Ford Focus HB 1.5 EcoBlue 120 PS Otomatik Titanium Ürün Kataloğu,,Ford Euroservis-Acil Yol Yardımı 444 3673,Var,,,,,Turbo,EcoBlue (Yakıt Verimliliği),,1500 cc,Common Rail Direkt Enjeksiyon,10.2 saniye,196 km/s,300 nm,120 BG,,,Amerika,Hatchback,Binek,Titanium,Hatchback,2020,İçten Yanmalı (Standart),2014 tl/yıl,C,Focus,Dizel,https://www.epey.com/araba/2020-ford-focus-hb-1-5-ecoblue-120-ps-otomatik-titanium.html,,,,,,,115 g/km,4.4 lt,47 lt,Euro 6.2,4.1 lt,4.9 lt,,,5 yıldız,2020 Ford Focus HB 1.5 EcoBlue 120 PS Otomatik Titanium NCAP/ANCAP Web Sayfası,2018,Var,,,,,,,,Önden Çekişli,,,,,8 ileri,Otomatik,
1394 kg,,1825 mm,4378 mm,1452 mm,1320 lt,341 lt,,2020 Ford Focus HB 1.5 EcoBlue 120 PS Otomatik Trend X,,,,,,2020 Ford Focus HB 1.5 EcoBlue 120 PS Otomatik Trend X Test Sürüşü Talep Sayfası,2020 Ford Focus HB 1.5 EcoBlue 120 PS Otomatik Trend X Ürün Kataloğu,,Ford Euroservis-Acil Yol Yardımı 444 3673,Var,,,,,Turbo,EcoBlue (Yakıt Verimliliği),,1500 cc,Common Rail Direkt Enjeksiyon,10.2 saniye,196 km/s,300 nm,120 BG,,,Amerika,Hatchback,Binek,Trend X,Hatchback,2020,İçten Yanmalı (Standart),2014 tl/yıl,C,Focus,Dizel,https://www.epey.com/araba/2020-ford-focus-hb-1-5-ecoblue-120-ps-otomatik-trend-x.html,,,,,,,115 g/km,4.4 lt,47 lt,Euro 6.2,4.1 lt,4.9 lt,,,5 yıldız,2020 Ford Focus HB 1.5 EcoBlue 120 PS Otomatik Trend X NCAP/ANCAP Web Sayfası,2018,Var,,,,,,,,Önden Çekişli,,,,,8 ileri,Otomatik,
1363 kg,,1825 mm,4378 mm,1452 mm,1320 lt,341 lt,,2020 Ford Focus HB 1.5 EcoBlue 120 PS Titanium,,,,,,2020 Ford Focus HB 1.5 EcoBlue 120 PS Titanium Test Sürüşü Talep Sayfası,2020 Ford Focus HB 1.5 EcoBlue 120 PS Titanium Ürün Kataloğu,,Ford Euroservis-Acil Yol Yardımı 444 3673,Var,,,,,Turbo,EcoBlue (Yakıt Verimliliği),,1500 cc,Common Rail Direkt Enjeksiyon,10 saniye,199 km/s,300 nm,120 BG,,,Amerika,Hatchback,Binek,Titanium,Hatchback,2020,İçten Yanmalı (Standart),2014 tl/yıl,C,Focus,Dizel,https://www.epey.com/araba/2020-ford-focus-hb-1-5-ecoblue-120-ps-titanium.html,,,,,,,90 g/km,3.4 lt,47 lt,Euro 6.2,3.2 lt,3.9 lt,,,5 yıldız,2020 Ford Focus HB 1.5 EcoBlue 120 PS Titanium NCAP/ANCAP Web Sayfası,2018,Var,,,,,,,,Önden Çekişli,,,,,6 ileri,Manuel,
1363 kg,,1825 mm,4378 mm,1452 mm,1320 lt,341 lt,,2020 Ford Focus HB 1.5 EcoBlue 120 PS Trend X,,,,,,2020 Ford Focus HB 1.5 EcoBlue 120 PS Trend X Test Sürüşü Talep Sayfası,2020 Ford Focus HB 1.5 EcoBlue 120 PS Trend X Ürün Kataloğu,,Ford Euroservis-Acil Yol Yardımı 444 3673,Var,,,,,Turbo,EcoBlue (Yakıt Verimliliği),,1500 cc,Common Rail Direkt Enjeksiyon,10 saniye,199 km/s,300 nm,120 BG,,,Amerika,Hatchback,Binek,Trend X,Hatchback,2020,İçten Yanmalı (Standart),2014 tl/yıl,C,Focus,Dizel,https://www.epey.com/araba/2020-ford-focus-hb-1-5-ecoblue-120-ps-trend-x.html,,,,,,,90 g/km,3.4 lt,47 lt,Euro 6.2,3.2 lt,3.9 lt,,,5 yıldız,2020 Ford Focus HB 1.5 EcoBlue 120 PS Trend X NCAP/ANCAP Web Sayfası,2018,Var,,,,,,,,Önden Çekişli,,,,,6 ileri,Manuel,
1336 kg,,1825 mm,4378 mm,1452 mm,1320 lt,341 lt,,2020 Ford Focus HB 1.5 Ti-VCT 123 PS Otomatik Titanium,,,,,,2020 Ford Focus HB 1.5 Ti-VCT 123 PS Otomatik Titanium Test Sürüşü Talep Sayfası,2020 Ford Focus HB 1.5 Ti-VCT 123 PS Otomatik Titanium Ürün Kataloğu,,Ford Euroservis-Acil Yol Yardımı 444 3673,Var,,,,,Atmosferik,Ti-VCT (İkiz Egzantrik Zamanlama),,1500 cc,,12.4 saniye,194 km/s,150 nm,123 BG,,,Amerika,Hatchback,Binek,Titanium,Hatchback,2020,İçten Yanmalı (Standart),2014 tl/yıl,C,Focus,Benzin,https://www.epey.com/araba/2020-ford-focus-hb-1-5-ti-vct-123-ps-otomatik-titanium.html,,,,,,,150 g/km,6.6 lt,52 lt,Euro 6.2,5.1 lt,9.1 lt,,,5 yıldız,2020 Ford Focus HB 1.5 Ti-VCT 123 PS Otomatik Titanium NCAP/ANCAP Web Sayfası,2018,Var,,,,,,,,Önden Çekişli,,,,,6 ileri,Otomatik,
1336 kg,,1825 mm,4378 mm,1452 mm,1320 lt,341 lt,,2020 Ford Focus HB 1.5 Ti-VCT 123 PS Otomatik Trend X,,,,,,2020 Ford Focus HB 1.5 Ti-VCT 123 PS Otomatik Trend X Test Sürüşü Talep Sayfası,2020 Ford Focus HB 1.5 Ti-VCT 123 PS Otomatik Trend X Ürün Kataloğu,,Ford Euroservis-Acil Yol Yardımı 444 3673,Var,,,,,Atmosferik,Ti-VCT (İkiz Egzantrik Zamanlama),,1500 cc,,12.4 saniye,194 km/s,150 nm,123 BG,,,Amerika,Hatchback,Binek,Trend X,Hatchback,2020,İçten Yanmalı (Standart),2014 tl/yıl,C,Focus,Benzin,https://www.epey.com/araba/2020-ford-focus-hb-1-5-ti-vct-123-ps-otomatik-trend-x.html,,,,,,,150 g/km,6.6 lt,52 lt,Euro 6.2,5.1 lt,9.1 lt,,,5 yıldız,2020 Ford Focus HB 1.5 Ti-VCT 123 PS Otomatik Trend X NCAP/ANCAP Web Sayfası,2018,Var,,,,,,,,Önden Çekişli,,,,,6 ileri,Otomatik,
1308 kg,,1825 mm,4378 mm,1452 mm,1320 lt,341 lt,,2020 Ford Focus HB 1.5 Ti-VCT 123 PS Titanium,,,,,,2020 Ford Focus HB 1.5 Ti-VCT 123 PS Titanium Test Sürüşü Talep Sayfası,2020 Ford Focus HB 1.5 Ti-VCT 123 PS Titanium Ürün Kataloğu,,Ford Euroservis-Acil Yol Yardımı 444 3673,Var,,,,,Atmosferik,Ti-VCT (İkiz Egzantrik Zamanlama),,1500 cc,,11.2 saniye,196 km/s,150 nm,123 BG,,,Amerika,Hatchback,Binek,Titanium,Hatchback,2020,İçten Yanmalı (Standart),2014 tl/yıl,C,Focus,Benzin,https://www.epey.com/araba/2020-ford-focus-hb-1-5-ti-vct-123-ps-titanium.html,,,,,,,134 g/km,6.0 lt,52 lt,Euro 6.2,4.6 lt,8.1 lt,,,5 yıldız,2020 Ford Focus HB 1.5 Ti-VCT 123 PS Titanium NCAP/ANCAP Web Sayfası,2018,Var,,,,,,,,Önden Çekişli,,,,,6 ileri,Manuel,
1308 kg,,1825 mm,4378 mm,1452 mm,1320 lt,341 lt,,2020 Ford Focus HB 1.5 Ti-VCT 123 PS Trend X,,,,,,2020 Ford Focus HB 1.5 Ti-VCT 123 PS Trend X Test Sürüşü Talep Sayfası,2020 Ford Focus HB 1.5 Ti-VCT 123 PS Trend X Ürün Kataloğu,,Ford Euroservis-Acil Yol Yardımı 444 3673,Var,,,,,Atmosferik,Ti-VCT (İkiz Egzantrik Zamanlama),,1500 cc,,11.2 saniye,196 km/s,150 nm,123 BG,,,Amerika,Hatchback,Binek,Trend X,Hatchback,2020,İçten Yanmalı (Standart),2014 tl/yıl,C,Focus,Benzin,https://www.epey.com/araba/2020-ford-focus-hb-1-5-ti-vct-123-ps-trend-x.html,,,,,,,134 g/km,6.0 lt,52 lt,Euro 6.2,4.6 lt,8.1 lt,,,5 yıldız,2020 Ford Focus HB 1.5 Ti-VCT 123 PS Trend X NCAP/ANCAP Web Sayfası,2018,Var,,,,,,,,Önden Çekişli,,,,,6 ileri,Manuel,
1574 kg,,1835 mm,4418 mm,1854 mm,2761 lt,1529 lt,,2020 Ford Tourneo Connect 1.5 EcoBlue 120 PS Otomatik Titanium,,,,,,2020 Ford Tourneo Connect 1.5 EcoBlue 120 PS Otomatik Titanium Test Sürüşü Talep Sayfası,2020 Ford Tourneo Connect 1.5 EcoBlue 120 PS Otomatik Titanium Ürün Kataloğu,,,,,,,,Turbo,,4,1499 cc,Common Rail Direkt Enjeksiyon,12.9 saniye,170 km/s,270 nm,120 BG,,,Amerika,Kombi,Binek,Titanium,MPV,2020,İçten Yanmalı (Standart),,B,Tourneo Connect,Dizel,https://www.epey.com/araba/2020-ford-tourneo-connect-1-5-ecoblue-120-ps-otomatik-titanium.html,,,,,,,142 g/km,5.4 lt,60 lt,Euro 6.2,4.9 lt,6.3 lt,,,4 yıldız,2020 Ford Tourneo Connect 1.5 EcoBlue 120 PS Otomatik Titanium NCAP/ANCAP Web Sayfası,2018,Var,,726 kg,2300 kg,,,1245 mm,,Önden Çekişli,,,,,8 ileri,Otomatik,
1551 kg,,1835 mm,4418 mm,1854 mm,2761 lt,1529 lt,,2020 Ford Tourneo Connect 1.5 EcoBlue 120 PS Titanium,,,,,,2020 Ford Tourneo Connect 1.5 EcoBlue 120 PS Titanium Test Sürüşü Talep Sayfası,2020 Ford Tourneo Connect 1.5 EcoBlue 120 PS Titanium Ürün Kataloğu,,,,,,,,Turbo,,4,1499 cc,Common Rail Direkt Enjeksiyon,12.6 saniye,170 km/s,270 nm,120 BG,,,Amerika,Kombi,Binek,Titanium,MPV,2020,İçten Yanmalı (Standart),,B,Tourneo Connect,Dizel,https://www.epey.com/araba/2020-ford-tourneo-connect-1-5-ecoblue-120-ps-titanium.html,,,,,,,121 g/km,4.6 lt,60 lt,Euro 6.2,4.4 lt,5.0 lt,,,4 yıldız,2020 Ford Tourneo Connect 1.5 EcoBlue 120 PS Titanium NCAP/ANCAP Web Sayfası,2018,Var,,724 kg,2275 kg,,,1245 mm,,Önden Çekişli,,,,,6 ileri,Manuel,
1411 kg,,1799 mm,4518 mm,1428 mm,,420 lt,,2020 Honda Civic HB 1.5 VTEC Turbo 182 PS CVT Sport,,,,,,2020 Honda Civic HB 1.5 VTEC Turbo 182 PS CVT Sport Test Sürüşü Talep Sayfası,2020 Honda Civic HB 1.5 VTEC Turbo 182 PS CVT Sport Ürün Kataloğu,"Periyodik Bakım Şartı
Satarken Garantiyi Devredebilme
6 Yıl / 150 Bin Km Mekanik",Honda Aktif Acil Yol Yardım 0212 234 6632,Var,,,,,Turbo,,4,1498 cc,PGM-FI (Direkt Enjeksiyon),8.2 saniye,200 km/s,220 nm,182 BG,,,Japonya,Hatchback,Binek,Sport,Hatchback,2020,İçten Yanmalı (Standart),2014 tl/yıl,C,Civic,Benzin,https://www.epey.com/araba/2020-honda-civic-hb-1-5-vtec-turbo-182-ps-cvt-sport.html,,,,,,,137 g/km,6.0 lt,46 lt,,5.0 lt,7.7 lt,,,5 yıldız,2020 Honda Civic HB 1.5 VTEC Turbo 182 PS CVT Sport NCAP/ANCAP Web Sayfası,2017,Var,,,,,,,,Önden Çekişli,,,,,,Otomatik,CVT (Değişken Oranlı)
1411 kg,,1799 mm,4518 mm,1428 mm,,420 lt,,2020 Honda Civic HB 1.5 VTEC Turbo 182 PS CVT Sport+,,,,,,2020 Honda Civic HB 1.5 VTEC Turbo 182 PS CVT Sport+ Test Sürüşü Talep Sayfası,2020 Honda Civic HB 1.5 VTEC Turbo 182 PS CVT Sport+ Ürün Kataloğu,"Periyodik Bakım Şartı
Satarken Garantiyi Devredebilme
6 Yıl / 150 Bin Km Mekanik",Honda Aktif Acil Yol Yardım 0212 234 6632,Var,,,,,Turbo,,4,1498 cc,PGM-FI (Direkt Enjeksiyon),8.2 saniye,200 km/s,220 nm,182 BG,,,Japonya,Hatchback,Binek,Sport+,Hatchback,2020,İçten Yanmalı (Standart),2014 tl/yıl,C,Civic,Benzin,https://www.epey.com/araba/2020-honda-civic-hb-1-5-vtec-turbo-182-ps-cvt-sportplus.html,,,,,,,137 g/km,6.0 lt,46 lt,,5.0 lt,7.7 lt,,,5 yıldız,2020 Honda Civic HB 1.5 VTEC Turbo 182 PS CVT Sport+ NCAP/ANCAP Web Sayfası,2017,Var,,,,,,,,Önden Çekişli,,,,,,Otomatik,CVT (Değişken Oranlı)
1307 kg,,1799 mm,4518 mm,1428 mm,,420 lt,,2020 Honda Civic HB 1.5 VTEC Turbo 182 PS Sport+,,,,,,2020 Honda Civic HB 1.5 VTEC Turbo 182 PS Sport+ Test Sürüşü Talep Sayfası,2020 Honda Civic HB 1.5 VTEC Turbo 182 PS Sport+ Ürün Kataloğu,"Periyodik Bakım Şartı
Satarken Garantiyi Devredebilme
6 Yıl / 150 Bin Km Mekanik",Honda Aktif Acil Yol Yardım 0212 234 6632,Var,,,,,Turbo,,4,1498 cc,PGM-FI (Direkt Enjeksiyon),8.3 saniye,200 km/s,240 nm,182 BG,,,Japonya,Hatchback,Binek,Sport+,Hatchback,2020,İçten Yanmalı (Standart),2014 tl/yıl,C,Civic,Benzin,https://www.epey.com/araba/2020-honda-civic-hb-1-5-vtec-turbo-182-ps-sport-plus.html,,,,,,,,7.4 lt,46 lt,,6.4 lt,8.1 lt,,,5 yıldız,2020 Honda Civic HB 1.5 VTEC Turbo 182 PS Sport+ NCAP/ANCAP Web Sayfası,2017,Var,,,,,,,,Önden Çekişli,,,,,6 ileri,Manuel,
1352 kg,,1799 mm,4658 mm,1407 mm,,519 lt,,2020 Honda Civic Sedan 1.5 182 PS Elegance,,,,,,2020 Honda Civic Sedan 1.5 182 PS Elegance Test Sürüşü Talep Sayfası,2020 Honda Civic Sedan 1.5 182 PS Elegance Ürün Kataloğu,"Periyodik Bakım Şartı
Satarken Garantiyi Devredebilme
6 Yıl / 150 Bin Km Mekanik",Honda Aktif Acil Yol Yardım 0212 234 6632,Var,,,,,Turbo,,4,1498 cc,PGM-FI (Direkt Enjeksiyon),8.0 saniye,210 km/s,220 nm,182 BG,,,Japonya,Sedan,Binek,Elegance,Sedan,2020,İçten Yanmalı (Standart),2014 tl/yıl,C,Civic,Benzin,https://www.epey.com/araba/2020-honda-civic-sedan-1-5-182-ps-elegance.html,,,,,,,125 g/km,5.5 lt,46 lt,,4.6 lt,7.0 lt,Yok,,4 yıldız,2020 Honda Civic Sedan 1.5 182 PS Elegance NCAP/ANCAP Web Sayfası,2017,Var,,,,,,,,Önden Çekişli,,,,,6 ileri,Manuel,
1388 kg,,1799 mm,4658 mm,1407 mm,,519 lt,,2020 Honda Civic Sedan 1.5 182 PS Otomatik Elegance,,,,,,2020 Honda Civic Sedan 1.5 182 PS Otomatik Elegance Test Sürüşü Talep Sayfası,2020 Honda Civic Sedan 1.5 182 PS Otomatik Elegance Ürün Kataloğu,"Periyodik Bakım Şartı
Satarken Garantiyi Devredebilme
6 Yıl / 150 Bin Km Mekanik",Honda Aktif Acil Yol Yardım 0212 234 6632,Var,,,,,Turbo,,4,1498 cc,PGM-FI (Direkt Enjeksiyon),8.2 saniye,200 km/s,220 nm,182 BG,,,Japonya,Sedan,Binek,Elegance,Sedan,2020,İçten Yanmalı (Standart),2014 tl/yıl,C,Civic,Benzin,https://www.epey.com/araba/2020-honda-civic-sedan-1-5-182-ps-otomatik-elegance.html,,,,,,,130 g/km,5.7 lt,46 lt,,4.7 lt,7.5 lt,Yok,,4 yıldız,2020 Honda Civic Sedan 1.5 182 PS Otomatik Elegance NCAP/ANCAP Web Sayfası,2017,Var,,,,,,,,Önden Çekişli,,,,,,Otomatik,CVT
1388 kg,,1799 mm,4658 mm,1407 mm,,519 lt,,2020 Honda Civic Sedan 1.5 182 PS Otomatik Executive+,,,,,,2020 Honda Civic Sedan 1.5 182 PS Otomatik Executive+ Test Sürüşü Talep Sayfası,2020 Honda Civic Sedan 1.5 182 PS Otomatik Executive+ Ürün Kataloğu,"Periyodik Bakım Şartı
Satarken Garantiyi Devredebilme
6 Yıl / 150 Bin Km Mekanik",Honda Aktif Acil Yol Yardım 0212 234 6632,Var,,,,,Turbo,,4,1498 cc,PGM-FI (Direkt Enjeksiyon),8.2 saniye,200 km/s,220 nm,182 BG,,,Japonya,Sedan,Binek,Executive+,Sedan,2020,İçten Yanmalı (Standart),2014 tl/yıl,C,Civic,Benzin,https://www.epey.com/araba/2020-honda-civic-sedan-1-5-182-ps-otomatik-executiveplus.html,,,,,,,130 g/km,5.7 lt,46 lt,,4.7 lt,7.5 lt,Yok,,4 yıldız,2020 Honda Civic Sedan 1.5 182 PS Otomatik Executive+ NCAP/ANCAP Web Sayfası,2017,Var,,,,,,,,Önden Çekişli,,,,,,Otomatik,CVT
1302 kg,,1799 mm,4658 mm,1407 mm,,519 lt,,2020 Honda Civic Sedan 1.6 125 PS Dream Eco,,,,,,2020 Honda Civic Sedan 1.6 125 PS Dream Eco Test Sürüşü Talep Sayfası,2020 Honda Civic Sedan 1.6 125 PS Dream Eco Ürün Kataloğu,"Periyodik Bakım Şartı
Satarken Garantiyi Devredebilme
6 Yıl / 150 Bin Km Mekanik",Honda Aktif Acil Yol Yardım 0212 234 6632,Var,,,,,Atmosferik,,4,1597 cc,PGM-FI (Direkt Enjeksiyon),10.6 saniye,205 km/s,152 nm,125 BG,,,Japonya,Sedan,Binek,Dream Eco,Sedan,2020,İçten Yanmalı (Standart),2014 tl/yıl,C,Civic,Benzin & LPG,https://www.epey.com/araba/2020-honda-civic-sedan-1-6-125-ps-dream-eco.html,Var,,,,,,148 g/km,6.5 lt,46 lt,,5.3 lt,8.6 lt,Yok,,4 yıldız,2020 Honda Civic Sedan 1.6 125 PS Dream Eco NCAP/ANCAP Web Sayfası,2017,Var,,,,,,,,Önden Çekişli,,,,,6 ileri,Manuel,
1302 kg,,1799 mm,4658 mm,1407 mm,,519 lt,,2020 Honda Civic Sedan 1.6 125 PS Dream,,,,,,2020 Honda Civic Sedan 1.6 125 PS Dream Test Sürüşü Talep Sayfası,2020 Honda Civic Sedan 1.6 125 PS Dream Ürün Kataloğu,"Periyodik Bakım Şartı
Satarken Garantiyi Devredebilme
6 Yıl / 150 Bin Km Mekanik",Honda Aktif Acil Yol Yardım 0212 234 6632,Var,,,,,Atmosferik,,4,1597 cc,PGM-FI (Direkt Enjeksiyon),10.6 saniye,205 km/s,152 nm,125 BG,,,Japonya,Sedan,Binek,Dream,Sedan,2020,İçten Yanmalı (Standart),2014 tl/yıl,C,Civic,Benzin,https://www.epey.com/araba/2020-honda-civic-sedan-1-6-125-ps-dream.html,,,,,,,148 g/km,6.5 lt,46 lt,,5.3 lt,8.6 lt,Yok,,4 yıldız,2020 Honda Civic Sedan 1.6 125 PS Dream NCAP/ANCAP Web Sayfası,2017,Var,,,,,,,,Önden Çekişli,,,,,6 ileri,Manuel,
1302 kg,,1799 mm,4658 mm,1407 mm,,519 lt,,2020 Honda Civic Sedan 1.6 125 PS Elegance Eco,,,,,,2020 Honda Civic Sedan 1.6 125 PS Elegance Eco Test Sürüşü Talep Sayfası,2020 Honda Civic Sedan 1.6 125 PS Elegance Eco Ürün Kataloğu,"Periyodik Bakım Şartı
Satarken Garantiyi Devredebilme
6 Yıl / 150 Bin Km Mekanik",Honda Aktif Acil Yol Yardım 0212 234 6632,Var,,,,,Atmosferik,,4,1597 cc,PGM-FI (Direkt Enjeksiyon),10.6 saniye,205 km/s,152 nm,125 BG,,,Japonya,Sedan,Binek,Elegance ECO,Sedan,2020,İçten Yanmalı (Standart),2014 tl/yıl,C,Civic,Benzin & LPG,https://www.epey.com/araba/2020-honda-civic-sedan-1-6-125-ps-elegance-eco.html,Var,,,,,,148 g/km,6.5 lt,46 lt,,5.3 lt,8.6 lt,Yok,,4 yıldız,2020 Honda Civic Sedan 1.6 125 PS Elegance Eco NCAP/ANCAP Web Sayfası,2017,Var,,,,,,,,Önden Çekişli,,,,,6 ileri,Manuel,
1319 kg,,1799 mm,4658 mm,1407 mm,,519 lt,,2020 Honda Civic Sedan 1.6 125 PS Otomatik Elegance Eco,,,,,,2020 Honda Civic Sedan 1.6 125 PS Otomatik Elegance Eco Test Sürüşü Talep Sayfası,2020 Honda Civic Sedan 1.6 125 PS Otomatik Elegance Eco Ürün Kataloğu,"Periyodik Bakım Şartı
Satarken Garantiyi Devredebilme
6 Yıl / 150 Bin Km Mekanik",Honda Aktif Acil Yol Yardım 0212 234 6632,Var,,,,,Atmosferik,,4,1597 cc,PGM-FI (Direkt Enjeksiyon),11.5 saniye,196 km/s,152 nm,125 BG,,,Japonya,Sedan,Binek,Elegance ECO,Sedan,2020,İçten Yanmalı (Standart),2014 tl/yıl,C,Civic,Benzin & LPG,https://www.epey.com/araba/2020-honda-civic-sedan-1-6-125-ps-otomatik-elegance-eco.html,Var,,,,,,144 g/km,6.3 lt,46 lt,,4.9 lt,8.7 lt,Yok,,4 yıldız,2020 Honda Civic Sedan 1.6 125 PS Otomatik Elegance Eco NCAP/ANCAP Web Sayfası,2017,Var,,,,,,,,Önden Çekişli,,,,,,Otomatik,CVT
1319 kg,,1799 mm,4658 mm,1407 mm,,519 lt,,2020 Honda Civic Sedan 1.6 125 PS Otomatik Elegance,,,,,,2020 Honda Civic Sedan 1.6 125 PS Otomatik Elegance Test Sürüşü Talep Sayfası,2020 Honda Civic Sedan 1.6 125 PS Otomatik Elegance Ürün Kataloğu,"Periyodik Bakım Şartı
Satarken Garantiyi Devredebilme
6 Yıl / 150 Bin Km Mekanik",Honda Aktif Acil Yol Yardım 0212 234 6632,Var,,,,,Atmosferik,,4,1597 cc,PGM-FI (Direkt Enjeksiyon),11.5 saniye,196 km/s,152 nm,125 BG,,,Japonya,Sedan,Binek,Elegance,Sedan,2020,İçten Yanmalı (Standart),2014 tl/yıl,C,Civic,Benzin,https://www.epey.com/araba/2020-honda-civic-sedan-1-6-125-ps-otomatik-elegance.html,,,,,,,144 g/km,6.3 lt,46 lt,,4.9 lt,8.7 lt,Yok,,4 yıldız,2020 Honda Civic Sedan 1.6 125 PS Otomatik Elegance NCAP/ANCAP Web Sayfası,2017,Var,,,,,,,,Önden Çekişli,,,,,,Otomatik,CVT
1319 kg,,1799 mm,4658 mm,1407 mm,,519 lt,,2020 Honda Civic Sedan 1.6 125 PS Otomatik Executive Eco,,,,,,2020 Honda Civic Sedan 1.6 125 PS Otomatik Executive Eco Test Sürüşü Talep Sayfası,2020 Honda Civic Sedan 1.6 125 PS Otomatik Executive Eco Ürün Kataloğu,"Periyodik Bakım Şartı
Satarken Garantiyi Devredebilme
6 Yıl / 150 Bin Km Mekanik",Honda Aktif Acil Yol Yardım 0212 234 6632,Var,,,,,Atmosferik,,4,1597 cc,PGM-FI (Direkt Enjeksiyon),11.5 saniye,196 km/s,152 nm,125 BG,,,Japonya,Sedan,Binek,Executive ECO,Sedan,2020,İçten Yanmalı (Standart),2014 tl/yıl,C,Civic,Benzin & LPG,https://www.epey.com/araba/2020-honda-civic-sedan-1-6-125-ps-otomatik-executive-eco.html,Var,,,,,,144 g/km,6.3 lt,46 lt,,4.9 lt,8.7 lt,Yok,,4 yıldız,2020 Honda Civic Sedan 1.6 125 PS Otomatik Executive Eco NCAP/ANCAP Web Sayfası,2017,Var,,,,,,,,Önden Çekişli,,,,,,Otomatik,CVT
1410 kg,,1799 mm,4658 mm,1407 mm,,519 lt,,2020 Honda Civic Sedan 1.6 i-DTEC 120 PS Otomatik Elegance,,,,,,2020 Honda Civic Sedan 1.6 i-DTEC 120 PS Otomatik Elegance Test Sürüşü Talep Sayfası,2020 Honda Civic Sedan 1.6 i-DTEC 120 PS Otomatik Elegance Ürün Kataloğu,"Periyodik Bakım Şartı
Satarken Garantiyi Devredebilme
6 Yıl / 150 Bin Km Mekanik",Honda Aktif Acil Yol Yardım 0212 234 6632,Var,,,,,Turbo,,4,1597 cc,PGM-FI (Direkt Enjeksiyon),10.7 saniye,200 km/s,300 nm,120 BG,,,Japonya,Sedan,Binek,Elegance,Sedan,2020,İçten Yanmalı (Standart),2014 tl/yıl,C,Civic,Dizel,https://www.epey.com/araba/2020-honda-civic-sedan-1-6-i-dtec-120-ps-otomatik-elegance.html,,,,,,,109 g/km,4.1 lt,46 lt,,3.8 lt,4.7 lt,Yok,,4 yıldız,2020 Honda Civic Sedan 1.6 i-DTEC 120 PS Otomatik Elegance NCAP/ANCAP Web Sayfası,2017,Var,,,,,,,,Önden Çekişli,,,,,9 ileri,Otomatik,
1410 kg,,1799 mm,4658 mm,1407 mm,,519 lt,,2020 Honda Civic Sedan 1.6 i-DTEC 120 PS Otomatik Executive+,,,,,,2020 Honda Civic Sedan 1.6 i-DTEC 120 PS Otomatik Executive+ Test Sürüşü Talep Sayfası,2020 Honda Civic Sedan 1.6 i-DTEC 120 PS Otomatik Executive+ Ürün Kataloğu,"Periyodik Bakım Şartı
Satarken Garantiyi Devredebilme
6 Yıl / 150 Bin Km Mekanik",Honda Aktif Acil Yol Yardım 0212 234 6632,Var,,,,,Turbo,,4,1597 cc,PGM-FI (Direkt Enjeksiyon),10.7 saniye,200 km/s,300 nm,120 BG,,,Japonya,Sedan,Binek,Executive+,Sedan,2020,İçten Yanmalı (Standart),2014 tl/yıl,C,Civic,Dizel,https://www.epey.com/araba/2020-honda-civic-sedan-1-6-i-dtec-120-ps-otomatik-executiveplus.html,,,,,,,109 g/km,4.1 lt,46 lt,,3.8 lt,4.7 lt,Yok,,4 yıldız,2020 Honda Civic Sedan 1.6 i-DTEC 120 PS Otomatik Executive+ NCAP/ANCAP Web Sayfası,2017,Var,,,,,,,,Önden Çekişli,,,,,9 ileri,Otomatik,
1669 kg,,1855 mm,4600 mm,1681 mm,,561 lt,,2020 Honda CR-V 1.5 VTEC 193 BG Otomatik Elegance (4x4),,,,,,2020 Honda CR-V 1.5 VTEC 193 BG Otomatik Elegance (4x4) Test Sürüşü Talep Sayfası,2020 Honda CR-V 1.5 VTEC 193 BG Otomatik Elegance (4x4) Ürün Kataloğu,"Periyodik Bakım Şartı
Satarken Garantiyi Devredebilme
6 Yıl / 150 Bin Km Mekanik","Garanti Süresi Boyunca Ücretsiz
Honda Aktif Acil Yol Yardım 0212 234 6632",Var,,,,,Turbo,,4,1498 cc,PGM-FI (Direkt Enjeksiyon),10.0 saniye,200 km/s,243 nm,193 BG,,,Japonya,,Binek,Elegance,SUV,2020,İçten Yanmalı (Standart),2014 tl/yıl,C,CR-V,Benzin,https://www.epey.com/araba/2020-honda-cr-v-1-5-vtec-193-bg-otomatik-elegance-4x4.html,,,,,,,162 g/km,7.1 lt,57 lt,,6.2 lt,8.6 lt,,,5 yıldız,2020 Honda CR-V 1.5 VTEC 193 BG Otomatik Elegance (4x4) NCAP/ANCAP Web Sayfası,2019,Var,,,,,,,,4x4 Çekişli,,,,,,Otomatik,CVT (Değişken Oranlı)
1669 kg,,1855 mm,4600 mm,1681 mm,,561 lt,,2020 Honda CR-V 1.5 VTEC 193 BG Otomatik Executive (4x4),,,,,,2020 Honda CR-V 1.5 VTEC 193 BG Otomatik Executive (4x4) Test Sürüşü Talep Sayfası,2020 Honda CR-V 1.5 VTEC 193 BG Otomatik Executive (4x4) Ürün Kataloğu,"Periyodik Bakım Şartı
Satarken Garantiyi Devredebilme
6 Yıl / 150 Bin Km Mekanik","Garanti Süresi Boyunca Ücretsiz
Honda Aktif Acil Yol Yardım 0212 234 6632",Var,,,,,Turbo,,4,1498 cc,PGM-FI (Direkt Enjeksiyon),10.0 saniye,200 km/s,243 nm,193 BG,,,Japonya,,Binek,Executive,SUV,2020,İçten Yanmalı (Standart),2014 tl/yıl,C,CR-V,Benzin,https://www.epey.com/araba/2020-honda-cr-v-1-5-vtec-193-bg-otomatik-executive-4x4.html,,,,,,,162 g/km,7.1 lt,57 lt,,6.2 lt,8.6 lt,,,5 yıldız,2020 Honda CR-V 1.5 VTEC 193 BG Otomatik Executive (4x4) NCAP/ANCAP Web Sayfası,2019,Var,,,,,,,,4x4 Çekişli,,,,,,Otomatik,CVT (Değişken Oranlı)
1669 kg,,1855 mm,4600 mm,1681 mm,,561 lt,,2020 Honda CR-V 1.5 VTEC 193 BG Otomatik Executive Lifestyle (4x4),,,,,,2020 Honda CR-V 1.5 VTEC 193 BG Otomatik Executive Lifestyle (4x4) Test Sürüşü Talep Sayfası,2020 Honda CR-V 1.5 VTEC 193 BG Otomatik Executive Lifestyle (4x4) Ürün Kataloğu,"Periyodik Bakım Şartı
Satarken Garantiyi Devredebilme
6 Yıl / 150 Bin Km Mekanik","Garanti Süresi Boyunca Ücretsiz
Honda Aktif Acil Yol Yardım 0212 234 6632",Var,,,,,Turbo,,4,1498 cc,PGM-FI (Direkt Enjeksiyon),10.0 saniye,200 km/s,243 nm,193 BG,,,Japonya,,Binek,Executive Lifestyle,SUV,2020,İçten Yanmalı (Standart),2014 tl/yıl,C,CR-V,Benzin,https://www.epey.com/araba/2020-honda-cr-v-1-5-vtec-193-bg-otomatik-executive-lifestyle-4x4.html,,,,,,,162 g/km,7.1 lt,57 lt,,6.2 lt,8.6 lt,,,5 yıldız,2020 Honda CR-V 1.5 VTEC 193 BG Otomatik Executive Lifestyle (4x4) NCAP/ANCAP Web Sayfası,2019,Var,,,,,,,,4x4 Çekişli,,,,,,Otomatik,CVT (Değişken Oranlı)
1669 kg,,1855 mm,4600 mm,1681 mm,,561 lt,,2020 Honda CR-V 1.5 VTEC 193 BG Otomatik Executive+ (4x4),,,,,,2020 Honda CR-V 1.5 VTEC 193 BG Otomatik Executive+ (4x4) Test Sürüşü Talep Sayfası,2020 Honda CR-V 1.5 VTEC 193 BG Otomatik Executive+ (4x4) Ürün Kataloğu,"Periyodik Bakım Şartı
Satarken Garantiyi Devredebilme
6 Yıl / 150 Bin Km Mekanik","Garanti Süresi Boyunca Ücretsiz
Honda Aktif Acil Yol Yardım 0212 234 6632",Var,,,,,Turbo,,4,1498 cc,PGM-FI (Direkt Enjeksiyon),10.0 saniye,200 km/s,243 nm,193 BG,,,Japonya,,Binek,Executive+,SUV,2020,İçten Yanmalı (Standart),2014 tl/yıl,C,CR-V,Benzin,https://www.epey.com/araba/2020-honda-cr-v-1-5-vtec-193-bg-otomatik-executiveplus-4x4.html,,,,,,,162 g/km,7.1 lt,57 lt,,6.2 lt,8.6 lt,,,5 yıldız,2020 Honda CR-V 1.5 VTEC 193 BG Otomatik Executive+ (4x4) NCAP/ANCAP Web Sayfası,2019,Var,,,,,,,,4x4 Çekişli,,,,,,Otomatik,CVT (Değişken Oranlı)
1743 kg,,1855 mm,4600 mm,1681 mm,,497 lt,,2020 Honda CR-V 2.0 i-MMD Hybrid 184 PS E-CVT Executive+ (4x4),,,,,,2020 Honda CR-V 2.0 i-MMD Hybrid 184 PS E-CVT Executive+ (4x4) Test Sürüşü Talep Sayfası,2020 Honda CR-V 2.0 i-MMD Hybrid 184 PS E-CVT Executive+ (4x4) Ürün Kataloğu,"Periyodik Bakım Şartı
Satarken Garantiyi Devredebilme
6 Yıl / 150 Bin Km Mekanik","Garanti Süresi Boyunca Ücretsiz
Honda Aktif Acil Yol Yardım 0212 234 6632",Var,,1.3 kW/sa,Lityum İyon,,Atmosferik,,4,1993 cc,PGM-FI (Direkt Enjeksiyon),9.2 saniye,180 km/s,315 nm,184 BG,,,Japonya,,Binek,Executive+,SUV,2020,HEV (Benzinli & Elektrikli),5603 tl/yıl,C,CR-V,Benzin & Elektrik,https://www.epey.com/araba/2020-honda-cr-v-2-0-i-mmd-hybrid-184-ps-e-cvt-executiveplus-4x4.html,,,,,,,126 g/km,5.5 lt,57 lt,,5.1 lt,5.7 lt,,,5 yıldız,2020 Honda CR-V 2.0 i-MMD Hybrid 184 PS E-CVT Executive+ (4x4) NCAP/ANCAP Web Sayfası,2019,Var,,,,,,,,4x4 Çekişli,,,,,,Otomatik,E-CVT (Elektronik Sabit Hızlı)
1320 kg,,1772 mm,4334 mm,1605 mm,,470 lt,,2020 Honda HR-V 1.5 VTEC 130 PS Otomatik Executive (4x2),,,,,,2020 Honda HR-V 1.5 VTEC 130 PS Otomatik Executive (4x2) Test Sürüşü Talep Sayfası,2020 Honda HR-V 1.5 VTEC 130 PS Otomatik Executive (4x2) Ürün Kataloğu,,Honda Aktif Acil Yol Yardım 0212 234 6632,Var,,,,,Atmosferik,,4,1498 cc,PGM-FI (Direkt Enjeksiyon),11.4 saniye,187 km/s,155 nm,130 BG,,,Japonya,,Binek,Executive,SUV,2020,İçten Yanmalı (Standart),2014 tl/yıl,B,HR-V,Benzin,https://www.epey.com/araba/2020-honda-hr-v-1-5-vtec-130-ps-otomatik-executive-4x2.html,,,,,,,122 g/km,5.3 lt,50 lt,,4.8 lt,6.3 lt,,,5 yıldız,2020 Honda HR-V 1.5 VTEC 130 PS Otomatik Executive (4x2) NCAP/ANCAP Web Sayfası,2015,Var,,,,,,,,Önden Çekişli,,,,,,Otomatik,CVT (Değişken Oranlı)
1452 kg,,1772 mm,4334 mm,1605 mm,,448 lt,,2020 Honda HR-V 1.5 VTEC 182 PS Otomatik Sport (4x2),,,,,,2020 Honda HR-V 1.5 VTEC 182 PS Otomatik Sport (4x2) Test Sürüşü Talep Sayfası,2020 Honda HR-V 1.5 VTEC 182 PS Otomatik Sport (4x2) Ürün Kataloğu,,Honda Aktif Acil Yol Yardım 0212 234 6632,Var,,,,,Turbo,,4,1498 cc,PGM-FI (Direkt Enjeksiyon),8.6 saniye,200 km/s,220 nm,182 BG,,,Japonya,,Binek,Sport,SUV,2020,İçten Yanmalı (Standart),2014 tl/yıl,B,HR-V,Benzin,https://www.epey.com/araba/2020-honda-hr-v-1-5-vtec-130-ps-otomatik-sport-4x2.html,,,,,,,137 g/km,6.0 lt,50 lt,,5.1 lt,7.6 lt,,,5 yıldız,2020 Honda HR-V 1.5 VTEC 182 PS Otomatik Sport (4x2) NCAP/ANCAP Web Sayfası,2015,Var,,,,,,,,Önden Çekişli,,,,,,Otomatik,CVT (Değişken Oranlı)
1325 kg,,1800 mm,4620 mm,1450 mm,,458 lt,,2020 Hyundai Elantra 1.6 MPI 127 PS Otomatik Elite Plus,,,,,,2020 Hyundai Elantra 1.6 MPI 127 PS Otomatik Elite Plus Test Sürüşü Talep Sayfası,2020 Hyundai Elantra 1.6 MPI 127 PS Otomatik Elite Plus Ürün Kataloğu,"2 Yıl / 60 Bin Km Boya
3 Yıl Sınırsız/5 Yıl 100 Bin Km/7 Yıl 80 Bin Km
5 Yıl / 160 Bin Km Paslanmazlık",Hyundai Yol Yardım 0212 233 3262,Var,,,,,Atmosferik,,4,1591 cc,Çok Noktadan Enjeksiyon,11.6 saniye,195 km/s,155 nm,127 BG,,,Güney Kore,,Binek,Elite Plus,Sedan,2020,İçten Yanmalı (Standart),2014 tl/yıl,C,Elantra,Benzin,https://www.epey.com/araba/2020-hyundai-elantra-1-6-mpi-127-ps-otomatik-elite-plus.html,,,,,,,154 g/km,6.7 lt,50 lt,Euro 6.2,5.5 lt,8.8 lt,,,5 yıldız,2020 Hyundai Elantra 1.6 MPI 127 PS Otomatik Elite Plus NCAP/ANCAP Web Sayfası,2011,Var,,,,,,,,Önden Çekişli,,,,,6 ileri,Otomatik,
1325 kg,,1800 mm,4620 mm,1450 mm,,458 lt,,2020 Hyundai Elantra 1.6 MPI 127 PS Otomatik Elite,,,,,,2020 Hyundai Elantra 1.6 MPI 127 PS Otomatik Elite Test Sürüşü Talep Sayfası,2020 Hyundai Elantra 1.6 MPI 127 PS Otomatik Elite Ürün Kataloğu,"2 Yıl / 60 Bin Km Boya
3 Yıl Sınırsız/5 Yıl 100 Bin Km/7 Yıl 80 Bin Km
5 Yıl / 160 Bin Km Paslanmazlık",Hyundai Yol Yardım 0212 233 3262,Var,,,,,Atmosferik,,4,1591 cc,Çok Noktadan Enjeksiyon,11.6 saniye,195 km/s,155 nm,127 BG,,,Güney Kore,,Binek,Elite,Sedan,2020,İçten Yanmalı (Standart),2014 tl/yıl,C,Elantra,Benzin,https://www.epey.com/araba/2020-hyundai-elantra-1-6-mpi-127-ps-otomatik-elite.html,,,,,,,154 g/km,6.7 lt,50 lt,Euro 6.2,5.5 lt,8.8 lt,,,5 yıldız,2020 Hyundai Elantra 1.6 MPI 127 PS Otomatik Elite NCAP/ANCAP Web Sayfası,2011,Var,,,,,,,,Önden Çekişli,,,,,6 ileri,Otomatik,
1325 kg,,1800 mm,4620 mm,1450 mm,,458 lt,,2020 Hyundai Elantra 1.6 MPI 127 PS Otomatik Style Plus,,,,,,2020 Hyundai Elantra 1.6 MPI 127 PS Otomatik Style Plus Test Sürüşü Talep Sayfası,2020 Hyundai Elantra 1.6 MPI 127 PS Otomatik Style Plus Ürün Kataloğu,"2 Yıl / 60 Bin Km Boya
3 Yıl Sınırsız/5 Yıl 100 Bin Km/7 Yıl 80 Bin Km
5 Yıl / 160 Bin Km Paslanmazlık",Hyundai Yol Yardım 0212 233 3262,Var,,,,,Atmosferik,,4,1591 cc,Çok Noktadan Enjeksiyon,11.6 saniye,195 km/s,155 nm,127 BG,,,Güney Kore,,Binek,Style Plus,Sedan,2020,İçten Yanmalı (Standart),2014 tl/yıl,C,Elantra,Benzin,https://www.epey.com/araba/2020-hyundai-elantra-1-6-mpi-127-ps-otomatik-style-plus.html,,,,,,,154 g/km,6.7 lt,50 lt,Euro 6.2,5.5 lt,8.8 lt,,,5 yıldız,2020 Hyundai Elantra 1.6 MPI 127 PS Otomatik Style Plus NCAP/ANCAP Web Sayfası,2011,Var,,,,,,,,Önden Çekişli,,,,,6 ileri,Otomatik,
1300 kg,,1800 mm,4620 mm,1450 mm,,458 lt,,2020 Hyundai Elantra 1.6 MPI 127 PS Style,,,,,,2020 Hyundai Elantra 1.6 MPI 127 PS Style Test Sürüşü Talep Sayfası,2020 Hyundai Elantra 1.6 MPI 127 PS Style Ürün Kataloğu,"2 Yıl / 60 Bin Km Boya
3 Yıl Sınırsız/5 Yıl 100 Bin Km/7 Yıl 80 Bin Km
5 Yıl / 160 Bin Km Paslanmazlık",Hyundai Yol Yardım 0212 233 3262,Var,,,,,Atmosferik,,4,1591 cc,Çok Noktadan Enjeksiyon,10.1 saniye,200 km/s,155 nm,127 BG,,,Güney Kore,,Binek,Style,Sedan,2020,İçten Yanmalı (Standart),2014 tl/yıl,C,Elantra,Benzin,https://www.epey.com/araba/2020-hyundai-elantra-1-6-mpi-127-ps-style.html,,,,,,,151 g/km,6.6 lt,50 lt,Euro 6.2,5.4 lt,8.6 lt,,,5 yıldız,2020 Hyundai Elantra 1.6 MPI 127 PS Style NCAP/ANCAP Web Sayfası,2011,Var,,,,,,,,Önden Çekişli,,,,,6 ileri,Manuel,
1165 kg,,1775 mm,4040 mm,1450 mm,1165 lt,352 lt,,2020 Hyundai i20 1.0 T-GDI 100 PS DCT Elite Plus,,,,,,2020 Hyundai i20 1.0 T-GDI 100 PS DCT Elite Plus Test Sürüşü Talep Sayfası,2020 Hyundai i20 1.0 T-GDI 100 PS DCT Elite Plus Ürün Kataloğu,,,,,,,,Turbo,,3,998 cc,Direkt Enjeksiyon,11.4 saniye,185 km/s,172 nm,100 BG,,,Güney Kore,,Binek,Elite Plus,Hatchback,2020,İçten Yanmalı (Standart),1156 tl/yıl,B,i20,Benzin,https://www.epey.com/araba/2020-hyundai-i20-1-0-t-gdi-100-ps-dct-elite-plus.html,,,,,,,120 g/km,5.2 lt,40 lt,Euro 6d,4.6 lt,6.3 lt,,,,,,,,,,,,,,Önden Çekişli,,,,,7 ileri,Otomatik,DCT (Yarı Otm.)
1165 kg,,1775 mm,4040 mm,1450 mm,1165 lt,352 lt,,2020 Hyundai i20 1.0 T-GDI 100 PS DCT Elite,,,,,,2020 Hyundai i20 1.0 T-GDI 100 PS DCT Elite Test Sürüşü Talep Sayfası,2020 Hyundai i20 1.0 T-GDI 100 PS DCT Elite Ürün Kataloğu,,,,,,,,Turbo,,3,998 cc,Direkt Enjeksiyon,11.4 saniye,185 km/s,172 nm,100 BG,,,Güney Kore,,Binek,Elite,Hatchback,2020,İçten Yanmalı (Standart),1156 tl/yıl,B,i20,Benzin,https://www.epey.com/araba/2020-hyundai-i20-1-0-t-gdi-100-ps-dct-elite.html,,,,,,,120 g/km,5.2 lt,40 lt,Euro 6d,4.6 lt,6.3 lt,,,,,,,,,,,,,,Önden Çekişli,,,,,7 ileri,Otomatik,DCT (Yarı Otm.)
1165 kg,,1775 mm,4040 mm,1450 mm,1165 lt,352 lt,,2020 Hyundai i20 1.0 T-GDI 100 PS DCT Style Design,,,,,,2020 Hyundai i20 1.0 T-GDI 100 PS DCT Style Design Test Sürüşü Talep Sayfası,2020 Hyundai i20 1.0 T-GDI 100 PS DCT Style Design Ürün Kataloğu,,,,,,,,Turbo,,3,998 cc,Direkt Enjeksiyon,11.4 saniye,185 km/s,172 nm,100 BG,,,Güney Kore,,Binek,Style Design,Hatchback,2020,İçten Yanmalı (Standart),1156 tl/yıl,B,i20,Benzin,https://www.epey.com/araba/2020-hyundai-i20-1-0-t-gdi-100-ps-dct-style-design.html,,,,,,,120 g/km,5.2 lt,40 lt,Euro 6d,4.6 lt,6.3 lt,,,,,,,,,,,,,,Önden Çekişli,,,,,7 ileri,Otomatik,DCT (Yarı Otm.)
1165 kg,,1775 mm,4040 mm,1450 mm,1165 lt,352 lt,,2020 Hyundai i20 1.0 T-GDI 100 PS DCT Style Plus,,,,,,2020 Hyundai i20 1.0 T-GDI 100 PS DCT Style Plus Test Sürüşü Talep Sayfası,2020 Hyundai i20 1.0 T-GDI 100 PS DCT Style Plus Ürün Kataloğu,,,,,,,,Turbo,,3,998 cc,Direkt Enjeksiyon,11.4 saniye,185 km/s,172 nm,100 BG,,,Güney Kore,,Binek,Style Plus,Hatchback,2020,İçten Yanmalı (Standart),1156 tl/yıl,B,i20,Benzin,https://www.epey.com/araba/2020-hyundai-i20-1-0-t-gdi-100-ps-dct-style-plus.html,,,,,,,120 g/km,5.2 lt,40 lt,Euro 6d,4.6 lt,6.3 lt,,,,,,,,,,,,,,Önden Çekişli,,,,,7 ileri,Otomatik,DCT (Yarı Otm.)
1165 kg,,1775 mm,4040 mm,1450 mm,1165 lt,352 lt,,2020 Hyundai i20 1.0 T-GDI 100 PS DCT Style,,,,,,2020 Hyundai i20 1.0 T-GDI 100 PS DCT Style Test Sürüşü Talep Sayfası,2020 Hyundai i20 1.0 T-GDI 100 PS DCT Style Ürün Kataloğu,,,,,,,,Turbo,,3,998 cc,Direkt Enjeksiyon,11.4 saniye,185 km/s,172 nm,100 BG,,,Güney Kore,,Binek,Style,Hatchback,2020,İçten Yanmalı (Standart),1156 tl/yıl,B,i20,Benzin,https://www.epey.com/araba/2020-hyundai-i20-1-0-t-gdi-100-ps-dct-style.html,,,,,,,120 g/km,5.2 lt,40 lt,Euro 6d,4.6 lt,6.3 lt,,,,,,,,,,,,,,Önden Çekişli,,,,,7 ileri,Otomatik,DCT (Yarı Otm.)
1185 kg,,1734 mm,4035 mm,1474 mm,1017 lt,301 lt,,2020 Hyundai i20 1.0 T-GDI 120 PS DCT Elite Pan Smart,,,,,,2020 Hyundai i20 1.0 T-GDI 120 PS DCT Elite Pan Smart Test Sürüşü Talep Sayfası,2020 Hyundai i20 1.0 T-GDI 120 PS DCT Elite Pan Smart Ürün Kataloğu,"2 Yıl / 60 Bin Km Boya
5 Yıl / 100 Bin Km Mekanik
5 Yıl / 160 Bin Km Paslanmazlık",Hyundai Yol Yardım 0212 233 3262,Var,,,,,Turbo,,3,998 cc,Direkt Enjeksiyon,10.5 saniye,190 km/s,172 nm,120 BG,,,Güney Kore,,Binek,Elite Pan Smart,Hatchback,2020,İçten Yanmalı (Standart),1156 tl/yıl,B,i20,Benzin,https://www.epey.com/araba/2020-hyundai-i20-1-0-t-gdi-120-ps-dct-elite-pan-smart.html,,,,,,,116 g/km,5.1 lt,50 lt,,4.6 lt,5.9 lt,,,4 yıldız,2020 Hyundai i20 1.0 T-GDI 120 PS DCT Elite Pan Smart NCAP/ANCAP Web Sayfası,2015,Var,,,,,,,,Önden Çekişli,,,,,7 ileri,Otomatik,DCT (Yarı Otm.)
1185 kg,,1734 mm,4035 mm,1474 mm,1017 lt,301 lt,,2020 Hyundai i20 1.0 T-GDI 120 PS DCT Style Pan MultiMedia,,,,,,2020 Hyundai i20 1.0 T-GDI 120 PS DCT Style Pan MultiMedia Test Sürüşü Talep Sayfası,2020 Hyundai i20 1.0 T-GDI 120 PS DCT Style Pan MultiMedia Ürün Kataloğu,"2 Yıl / 60 Bin Km Boya
5 Yıl / 100 Bin Km Mekanik
5 Yıl / 160 Bin Km Paslanmazlık",Hyundai Yol Yardım 0212 233 3262,Var,,,,,Turbo,,3,998 cc,Direkt Enjeksiyon,10.5 saniye,190 km/s,172 nm,120 BG,,,Güney Kore,,Binek,Style Pan MultiMedia,Hatchback,2020,İçten Yanmalı (Standart),1156 tl/yıl,B,i20,Benzin,https://www.epey.com/araba/2020-hyundai-i20-1-0-t-gdi-120-ps-dct-style-pan-multimedia.html,,,,,,,116 g/km,5.1 lt,50 lt,,4.6 lt,5.9 lt,,,4 yıldız,2020 Hyundai i20 1.0 T-GDI 120 PS DCT Style Pan MultiMedia NCAP/ANCAP Web Sayfası,2015,Var,,,,,,,,Önden Çekişli,,,,,7 ileri,Otomatik,DCT (Yarı Otm.)
1190 kg,,1775 mm,4040 mm,1450 mm,1165 lt,352 lt,,2020 Hyundai i20 1.0 T-GDI 48V MHEV 100 PS DCT Style Plus,,,,,,2020 Hyundai i20 1.0 T-GDI 48V MHEV 100 PS DCT Style Plus Test Sürüşü Talep Sayfası,2020 Hyundai i20 1.0 T-GDI 48V MHEV 100 PS DCT Style Plus Ürün Kataloğu,,,,,0.44 kW/sa,,,Turbo,,3,998 cc,Direkt Enjeksiyon,11.4 saniye,185 km/s,172 nm,100 BG,,,Güney Kore,,Binek,Style Plus,Hatchback,2020,MHEV (Yarı Hibrit Sistem),1156 tl/yıl,B,i20,Benzin & Elektrik,https://www.epey.com/araba/2020-hyundai-i20-1-0-t-gdi-48v-mhev-100-ps-dct-style-plus.html,,,,,,,108 g/km,4.7 lt,40 lt,Euro 6d,4.2 lt,5.6 lt,,,,,,,,,,,,,,Önden Çekişli,,,,,7 ileri,Otomatik,DCT (Yarı Otm.)
1055 kg,,1734 mm,4035 mm,1474 mm,1017 lt,301 lt,,2020 Hyundai i20 1.2 84 PS Jump,,,,,,2020 Hyundai i20 1.2 84 PS Jump Test Sürüşü Talep Sayfası,2020 Hyundai i20 1.2 84 PS Jump Ürün Kataloğu,"2 Yıl / 60 Bin Km Boya
5 Yıl / 100 Bin Km Mekanik
5 Yıl / 160 Bin Km Paslanmazlık",Hyundai Yol Yardım 0212 233 3262,Var,,,,,Atmosferik,,4,1248 cc,Çok Noktadan Enjeksiyon,13.1 saniye,170 km/s,122 nm,84 BG,,,Güney Kore,,Binek,Jump,Hatchback,2020,İçten Yanmalı (Standart),1156 tl/yıl,B,i20,Benzin,https://www.epey.com/araba/2020-hyundai-i20-1-2-84-ps-jump.html,,,,,,,119 g/km,5.1 lt,50 lt,,4.2 lt,6.6 lt,,,4 yıldız,2020 Hyundai i20 1.2 84 PS Jump NCAP/ANCAP Web Sayfası,2015,Var,,,,,,,,Önden Çekişli,,,,,5 ileri,Manuel,
1055 kg,,1734 mm,4035 mm,1474 mm,1017 lt,301 lt,,2020 Hyundai i20 1.2 84 PS Style,,,,,,2020 Hyundai i20 1.2 84 PS Style Test Sürüşü Talep Sayfası,2020 Hyundai i20 1.2 84 PS Style Ürün Kataloğu,"2 Yıl / 60 Bin Km Boya
5 Yıl / 100 Bin Km Mekanik
5 Yıl / 160 Bin Km Paslanmazlık",Hyundai Yol Yardım 0212 233 3262,Var,,,,,Atmosferik,,4,1248 cc,Çok Noktadan Enjeksiyon,13.1 saniye,170 km/s,122 nm,84 BG,,,Güney Kore,,Binek,Style,Hatchback,2020,İçten Yanmalı (Standart),1156 tl/yıl,B,i20,Benzin,https://www.epey.com/araba/2020-hyundai-i20-1-2-84-ps-style.html,,,,,,,119 g/km,5.1 lt,50 lt,,4.2 lt,6.6 lt,,,4 yıldız,2020 Hyundai i20 1.2 84 PS Style NCAP/ANCAP Web Sayfası,2015,Var,,,,,,,,Önden Çekişli,,,,,5 ileri,Manuel,
1100 kg,,1775 mm,4040 mm,1450 mm,1165 lt,352 lt,,2020 Hyundai i20 1.4 MPI 100 PS Jump,,,,,,2020 Hyundai i20 1.4 MPI 100 PS Jump Test Sürüşü Talep Sayfası,2020 Hyundai i20 1.4 MPI 100 PS Jump Ürün Kataloğu,,,,,,,,Atmosferik,,4,1368 cc,Çok Noktadan Enjeksiyon,12.2 saniye,176 km/s,134 nm,100 BG,,,Güney Kore,,Binek,Jump,Hatchback,2020,İçten Yanmalı (Standart),2014 tl/yıl,B,i20,Benzin,https://www.epey.com/araba/2020-hyundai-i20-1-4-100-ps-jump.html,,,,,,,131 g/km,5.7 lt,40 lt,Euro 6d,4.8 lt,7.2 lt,,,,,,,,,,,,,,Önden Çekişli,,,,,6 ileri,Manuel,
1100 kg,,1734 mm,4035 mm,1474 mm,1017 lt,301 lt,,2020 Hyundai i20 1.4 100 PS Otomatik Active Elite Smart,,,,,,2020 Hyundai i20 1.4 100 PS Otomatik Active Elite Smart Test Sürüşü Talep Sayfası,2020 Hyundai i20 1.4 100 PS Otomatik Active Elite Smart Ürün Kataloğu,"2 Yıl / 60 Bin Km Boya
5 Yıl / 100 Bin Km Mekanik
5 Yıl / 160 Bin Km Paslanmazlık",Hyundai Yol Yardım 0212 233 3262,Var,,,,,Atmosferik,,4,1368 cc,Çok Noktadan Enjeksiyon,13.2 saniye,170 km/s,134 nm,100 BG,,,Güney Kore,,Binek,Active Elite Smart,Hatchback,2020,İçten Yanmalı (Standart),2014 tl/yıl,B,i20,Benzin,https://www.epey.com/araba/2020-hyundai-i20-1-4-100-ps-otomatik-active-elite-smart.html,,,,,,,148 g/km,6.4 lt,50 lt,,5.1 lt,8.5 lt,,,4 yıldız,2020 Hyundai i20 1.4 100 PS Otomatik Active Elite Smart NCAP/ANCAP Web Sayfası,2015,Var,,,,,,,,Önden Çekişli,,,,,4 ileri,Otomatik,
1100 kg,,1734 mm,4035 mm,1474 mm,1017 lt,301 lt,,2020 Hyundai i20 1.4 100 PS Otomatik Elite Pan Smart,,,,,,2020 Hyundai i20 1.4 100 PS Otomatik Elite Pan Smart Test Sürüşü Talep Sayfası,2020 Hyundai i20 1.4 100 PS Otomatik Elite Pan Smart Ürün Kataloğu,"2 Yıl / 60 Bin Km Boya
5 Yıl / 100 Bin Km Mekanik
5 Yıl / 160 Bin Km Paslanmazlık",Hyundai Yol Yardım 0212 233 3262,Var,,,,,Atmosferik,,4,1368 cc,Çok Noktadan Enjeksiyon,13.2 saniye,170 km/s,134 nm,100 BG,,,Güney Kore,,Binek,Elite Pan Smart,Hatchback,2020,İçten Yanmalı (Standart),2014 tl/yıl,B,i20,Benzin,https://www.epey.com/araba/2020-hyundai-i20-1-4-100-ps-otomatik-elite-pan-smart.html,,,,,,,148 g/km,6.4 lt,50 lt,,5.1 lt,8.5 lt,,,4 yıldız,2020 Hyundai i20 1.4 100 PS Otomatik Elite Pan Smart NCAP/ANCAP Web Sayfası,2015,Var,,,,,,,,Önden Çekişli,,,,,4 ileri,Otomatik,
1100 kg,,1734 mm,4035 mm,1474 mm,1017 lt,301 lt,,2020 Hyundai i20 1.4 100 PS Otomatik Jump,,,,,,2020 Hyundai i20 1.4 100 PS Otomatik Jump Test Sürüşü Talep Sayfası,2020 Hyundai i20 1.4 100 PS Otomatik Jump Ürün Kataloğu,"2 Yıl / 60 Bin Km Boya
5 Yıl / 100 Bin Km Mekanik
5 Yıl / 160 Bin Km Paslanmazlık",Hyundai Yol Yardım 0212 233 3262,Var,,,,,Atmosferik,,4,1368 cc,Çok Noktadan Enjeksiyon,13.2 saniye,170 km/s,134 nm,100 BG,,,Güney Kore,,Binek,Jump,Hatchback,2020,İçten Yanmalı (Standart),2014 tl/yıl,B,i20,Benzin,https://www.epey.com/araba/2020-hyundai-i20-1-4-100-ps-otomatik-jump.html,,,,,,,148 g/km,6.4 lt,50 lt,,5.1 lt,8.5 lt,,,4 yıldız,2020 Hyundai i20 1.4 100 PS Otomatik Jump NCAP/ANCAP Web Sayfası,2015,Var,,,,,,,,Önden Çekişli,,,,,4 ileri,Otomatik,
1100 kg,,1734 mm,4035 mm,1474 mm,1017 lt,301 lt,,2020 Hyundai i20 1.4 100 PS Otomatik Style Design MM,,,,,,2020 Hyundai i20 1.4 100 PS Otomatik Style Design MM Test Sürüşü Talep Sayfası,2020 Hyundai i20 1.4 100 PS Otomatik Style Design MM Ürün Kataloğu,"2 Yıl / 60 Bin Km Boya
5 Yıl / 100 Bin Km Mekanik
5 Yıl / 160 Bin Km Paslanmazlık",Hyundai Yol Yardım 0212 233 3262,Var,,,,,Atmosferik,,4,1368 cc,Çok Noktadan Enjeksiyon,13.2 saniye,170 km/s,134 nm,100 BG,,,Güney Kore,,Binek,Style Design MultiMedia,Hatchback,2020,İçten Yanmalı (Standart),2014 tl/yıl,B,i20,Benzin,https://www.epey.com/araba/2020-hyundai-i20-1-4-100-ps-otomatik-style-design-mm.html,,,,,,,148 g/km,6.4 lt,50 lt,,5.1 lt,8.5 lt,,,4 yıldız,2020 Hyundai i20 1.4 100 PS Otomatik Style Design MM NCAP/ANCAP Web Sayfası,2015,Var,,,,,,,,Önden Çekişli,,,,,4 ileri,Otomatik,
1100 kg,,1734 mm,4035 mm,1474 mm,1017 lt,301 lt,,2020 Hyundai i20 1.4 100 PS Otomatik Style Design,,,,,,2020 Hyundai i20 1.4 100 PS Otomatik Style Design Test Sürüşü Talep Sayfası,2020 Hyundai i20 1.4 100 PS Otomatik Style Design Ürün Kataloğu,"2 Yıl / 60 Bin Km Boya
5 Yıl / 100 Bin Km Mekanik
5 Yıl / 160 Bin Km Paslanmazlık",Hyundai Yol Yardım 0212 233 3262,Var,,,,,Atmosferik,,4,1368 cc,Çok Noktadan Enjeksiyon,13.2 saniye,170 km/s,134 nm,100 BG,,,Güney Kore,,Binek,Style Design,Hatchback,2020,İçten Yanmalı (Standart),2014 tl/yıl,B,i20,Benzin,https://www.epey.com/araba/2020-hyundai-i20-1-4-100-ps-otomatik-style-design.html,,,,,,,148 g/km,6.4 lt,50 lt,,5.1 lt,8.5 lt,,,4 yıldız,2020 Hyundai i20 1.4 100 PS Otomatik Style Design NCAP/ANCAP Web Sayfası,2015,Var,,,,,,,,Önden Çekişli,,,,,4 ileri,Otomatik,
1100 kg,,1734 mm,4035 mm,1474 mm,1017 lt,301 lt,,2020 Hyundai i20 1.4 100 PS Otomatik Style Pan MM,,,,,,2020 Hyundai i20 1.4 100 PS Otomatik Style Pan MM Test Sürüşü Talep Sayfası,2020 Hyundai i20 1.4 100 PS Otomatik Style Pan MM Ürün Kataloğu,"2 Yıl / 60 Bin Km Boya
5 Yıl / 100 Bin Km Mekanik
5 Yıl / 160 Bin Km Paslanmazlık",Hyundai Yol Yardım 0212 233 3262,Var,,,,,Atmosferik,,4,1368 cc,Çok Noktadan Enjeksiyon,13.2 saniye,170 km/s,134 nm,100 BG,,,Güney Kore,,Binek,Style Pan MultiMedia,Hatchback,2020,İçten Yanmalı (Standart),2014 tl/yıl,B,i20,Benzin,https://www.epey.com/araba/2020-hyundai-i20-1-4-100-ps-otomatik-style-pan-mm.html,,,,,,,148 g/km,6.4 lt,50 lt,,5.1 lt,8.5 lt,,,4 yıldız,2020 Hyundai i20 1.4 100 PS Otomatik Style Pan MM NCAP/ANCAP Web Sayfası,2015,Var,,,,,,,,Önden Çekişli,,,,,4 ileri,Otomatik,
1100 kg,,1734 mm,4035 mm,1474 mm,1017 lt,301 lt,,2020 Hyundai i20 1.4 100 PS Otomatik Style Pan,,,,,,2020 Hyundai i20 1.4 100 PS Otomatik Style Pan Test Sürüşü Talep Sayfası,2020 Hyundai i20 1.4 100 PS Otomatik Style Pan Ürün Kataloğu,"2 Yıl / 60 Bin Km Boya
5 Yıl / 100 Bin Km Mekanik
5 Yıl / 160 Bin Km Paslanmazlık",Hyundai Yol Yardım 0212 233 3262,Var,,,,,Atmosferik,,4,1368 cc,Çok Noktadan Enjeksiyon,13.2 saniye,170 km/s,134 nm,100 BG,,,Güney Kore,,Binek,Style Pan,Hatchback,2020,İçten Yanmalı (Standart),2014 tl/yıl,B,i20,Benzin,https://www.epey.com/araba/2020-hyundai-i20-1-4-100-ps-otomatik-style-pan.html,,,,,,,148 g/km,6.4 lt,50 lt,,5.1 lt,8.5 lt,,,4 yıldız,2020 Hyundai i20 1.4 100 PS Otomatik Style Pan NCAP/ANCAP Web Sayfası,2015,Var,,,,,,,,Önden Çekişli,,,,,4 ileri,Otomatik,
1100 kg,,1734 mm,4035 mm,1474 mm,1017 lt,301 lt,,2020 Hyundai i20 1.4 100 PS Otomatik Style,,,,,,2020 Hyundai i20 1.4 100 PS Otomatik Style Test Sürüşü Talep Sayfası,2020 Hyundai i20 1.4 100 PS Otomatik Style Ürün Kataloğu,"2 Yıl / 60 Bin Km Boya
5 Yıl / 100 Bin Km Mekanik
5 Yıl / 160 Bin Km Paslanmazlık",Hyundai Yol Yardım 0212 233 3262,Var,,,,,Atmosferik,,4,1368 cc,Çok Noktadan Enjeksiyon,13.2 saniye,170 km/s,134 nm,100 BG,,,Güney Kore,,Binek,Style,Hatchback,2020,İçten Yanmalı (Standart),2014 tl/yıl,B,i20,Benzin,https://www.epey.com/araba/2020-hyundai-i20-1-4-100-ps-otomatik-style.html,,,,,,,148 g/km,6.4 lt,50 lt,,5.1 lt,8.5 lt,,,4 yıldız,2020 Hyundai i20 1.4 100 PS Otomatik Style NCAP/ANCAP Web Sayfası,2015,Var,,,,,,,,Önden Çekişli,,,,,4 ileri,Otomatik,
1100 kg,,1775 mm,4040 mm,1450 mm,1165 lt,352 lt,,2020 Hyundai i20 1.4 MPI 100 PS Style,,,,,,2020 Hyundai i20 1.4 MPI 100 PS Style Test Sürüşü Talep Sayfası,2020 Hyundai i20 1.4 MPI 100 PS Style Ürün Kataloğu,,,,,,,,Atmosferik,,4,1368 cc,Çok Noktadan Enjeksiyon,12.2 saniye,176 km/s,134 nm,100 BG,,,Güney Kore,,Binek,Style,Hatchback,2020,İçten Yanmalı (Standart),2014 tl/yıl,B,i20,Benzin,https://www.epey.com/araba/2020-hyundai-i20-1-4-100-ps-style.html,,,,,,,131 g/km,5.7 lt,40 lt,Euro 6d,4.8 lt,7.2 lt,,,,,,,,,,,,,,Önden Çekişli,,,,,6 ileri,Manuel,
1130 kg,,1775 mm,4040 mm,1450 mm,1165 lt,352 lt,,2020 Hyundai i20 1.4 MPI 100 PS Otomatik Elite Plus,,,,,,2020 Hyundai i20 1.4 MPI 100 PS Otomatik Elite Plus Test Sürüşü Talep Sayfası,2020 Hyundai i20 1.4 MPI 100 PS Otomatik Elite Plus Ürün Kataloğu,,,,,,,,Atmosferik,,4,1368 cc,Çok Noktadan Enjeksiyon,12.9 saniye,176 km/s,134 nm,100 BG,,,Güney Kore,,Binek,Elite Plus,Hatchback,2020,İçten Yanmalı (Standart),2014 tl/yıl,B,i20,Benzin,https://www.epey.com/araba/2020-hyundai-i20-1-4-mpi-100-ps-otomatik-elite-plus.html,,,,,,,140 g/km,6.1 lt,40 lt,Euro 6d,5.1 lt,7.8 lt,,,,,,,,,,,,,,Önden Çekişli,,,,,6 ileri,Otomatik,Standart Otomatik
1130 kg,,1775 mm,4040 mm,1450 mm,1165 lt,352 lt,,2020 Hyundai i20 1.4 MPI 100 PS Otomatik Elite,,,,,,2020 Hyundai i20 1.4 MPI 100 PS Otomatik Elite Test Sürüşü Talep Sayfası,2020 Hyundai i20 1.4 MPI 100 PS Otomatik Elite Ürün Kataloğu,,,,,,,,Atmosferik,,4,1368 cc,Çok Noktadan Enjeksiyon,12.9 saniye,176 km/s,134 nm,100 BG,,,Güney Kore,,Binek,Elite,Hatchback,2020,İçten Yanmalı (Standart),2014 tl/yıl,B,i20,Benzin,https://www.epey.com/araba/2020-hyundai-i20-1-4-mpi-100-ps-otomatik-elite.html,,,,,,,140 g/km,6.1 lt,40 lt,Euro 6d,5.1 lt,7.8 lt,,,,,,,,,,,,,,Önden Çekişli,,,,,6 ileri,Otomatik,Standart Otomatik
1130 kg,,1775 mm,4040 mm,1450 mm,1165 lt,352 lt,,2020 Hyundai i20 1.4 MPI 100 PS Otomatik Jump,,,,,,2020 Hyundai i20 1.4 MPI 100 PS Otomatik Jump Test Sürüşü Talep Sayfası,2020 Hyundai i20 1.4 MPI 100 PS Otomatik Jump Ürün Kataloğu,,,,,,,,Atmosferik,,4,1368 cc,Çok Noktadan Enjeksiyon,12.9 saniye,176 km/s,134 nm,100 BG,,,Güney Kore,,Binek,Jump,Hatchback,2020,İçten Yanmalı (Standart),2014 tl/yıl,B,i20,Benzin,https://www.epey.com/araba/2020-hyundai-i20-1-4-mpi-100-ps-otomatik-jump.html,,,,,,,140 g/km,6.1 lt,40 lt,Euro 6d,5.1 lt,7.8 lt,,,,,,,,,,,,,,Önden Çekişli,,,,,6 ileri,Otomatik,Standart Otomatik
1130 kg,,1775 mm,4040 mm,1450 mm,1165 lt,352 lt,,2020 Hyundai i20 1.4 MPI 100 PS Otomatik Style Design,,,,,,2020 Hyundai i20 1.4 MPI 100 PS Otomatik Style Design Test Sürüşü Talep Sayfası,2020 Hyundai i20 1.4 MPI 100 PS Otomatik Style Design Ürün Kataloğu,,,,,,,,Atmosferik,,4,1368 cc,Çok Noktadan Enjeksiyon,12.9 saniye,176 km/s,134 nm,100 BG,,,Güney Kore,,Binek,Style Design,Hatchback,2020,İçten Yanmalı (Standart),2014 tl/yıl,B,i20,Benzin,https://www.epey.com/araba/2020-hyundai-i20-1-4-mpi-100-ps-otomatik-style-design.html,,,,,,,140 g/km,6.1 lt,40 lt,Euro 6d,5.1 lt,7.8 lt,,,,,,,,,,,,,,Önden Çekişli,,,,,6 ileri,Otomatik,Standart Otomatik
1130 kg,,1775 mm,4040 mm,1450 mm,1165 lt,352 lt,,2020 Hyundai i20 1.4 MPI 100 PS Otomatik Style Plus,,,,,,2020 Hyundai i20 1.4 MPI 100 PS Otomatik Style Plus Test Sürüşü Talep Sayfası,2020 Hyundai i20 1.4 MPI 100 PS Otomatik Style Plus Ürün Kataloğu,,,,,,,,Atmosferik,,4,1368 cc,Çok Noktadan Enjeksiyon,12.9 saniye,176 km/s,134 nm,100 BG,,,Güney Kore,,Binek,Style Plus,Hatchback,2020,İçten Yanmalı (Standart),2014 tl/yıl,B,i20,Benzin,https://www.epey.com/araba/2020-hyundai-i20-1-4-mpi-100-ps-otomatik-style-plus.html,,,,,,,140 g/km,6.1 lt,40 lt,Euro 6d,5.1 lt,7.8 lt,,,,,,,,,,,,,,Önden Çekişli,,,,,6 ileri,Otomatik,Standart Otomatik
1130 kg,,1775 mm,4040 mm,1450 mm,1165 lt,352 lt,,2020 Hyundai i20 1.4 MPI 100 PS Otomatik Style,,,,,,2020 Hyundai i20 1.4 MPI 100 PS Otomatik Style Test Sürüşü Talep Sayfası,2020 Hyundai i20 1.4 MPI 100 PS Otomatik Style Ürün Kataloğu,,,,,,,,Atmosferik,,4,1368 cc,Çok Noktadan Enjeksiyon,12.9 saniye,176 km/s,134 nm,100 BG,,,Güney Kore,,Binek,Style,Hatchback,2020,İçten Yanmalı (Standart),2014 tl/yıl,B,i20,Benzin,https://www.epey.com/araba/2020-hyundai-i20-1-4-mpi-100-ps-otomatik-style.html,,,,,,,140 g/km,6.1 lt,40 lt,Euro 6d,5.1 lt,7.8 lt,,,,,,,,,,,,,,Önden Çekişli,,,,,6 ileri,Otomatik,Standart Otomatik
1298 kg,,1800 mm,4165 mm,1550 mm,1143 lt,361 lt,,2020 Hyundai Kona 1.0 T-GDI 120 PS Style (4x2),,,,,,2020 Hyundai Kona 1.0 T-GDI 120 PS Style (4x2) Test Sürüşü Talep Sayfası,2020 Hyundai Kona 1.0 T-GDI 120 PS Style (4x2) Ürün Kataloğu,"2 Yıl / 60 Bin Km Boya
5 Yıl / 100 Bin Km Mekanik
5 Yıl / 160 Bin Km Paslanmazlık",Hyundai Yol Yardım 0212 233 3262,Var,,,,,Turbo,,3,998 cc,GDI (Doğrudan Enjeksiyon),12 saniye,181 km/s,172 nm,120 BG,,,Güney Kore,,Binek,Style,SUV,2020,İçten Yanmalı (Standart),1156 tl/yıl,B,Kona,Benzin,https://www.epey.com/araba/2020-hyundai-kona-1-0-t-gdi-120-ps-style-4x2.html,,,,,,,127 g/km,5.6 lt,50 lt,Euro 6.2,5.0 lt,6.6 lt,,,5 yıldız,2020 Hyundai Kona 1.0 T-GDI 120 PS Style (4x2) NCAP/ANCAP Web Sayfası,2017,Var,,,,,,,,Önden Çekişli,,,,,6 ileri,Manuel,
1417 kg,,1800 mm,4165 mm,1565 mm,1143 lt,361 lt,,2020 Hyundai Kona 1.6 CRDi 136 PS DCT Elite Smart Kırmızı SRF (4x2),,,,,,2020 Hyundai Kona 1.6 CRDi 136 PS DCT Elite Smart Kırmızı SRF (4x2) Test Sürüşü Talep Sayfası,2020 Hyundai Kona 1.6 CRDi 136 PS DCT Elite Smart Kırmızı SRF (4x2) Ürün Kataloğu,"2 Yıl / 60 Bin Km Boya
5 Yıl / 100 Bin Km Mekanik
5 Yıl / 160 Bin Km Paslanmazlık",Hyundai Yol Yardım 0212 233 3262,Var,,,,,Turbo,,4,1598 cc,Common Rail Direkt Enjeksiyon,9.8 saniye,191 km/s,320 nm,136 BG,,,Güney Kore,,Binek,Elite Smart Kırmızı SRF,SUV,2020,İçten Yanmalı (Standart),2014 tl/yıl,B,Kona,Dizel,https://www.epey.com/araba/2020-hyundai-kona-1-6-crdi-136-ps-dct-elite-smart-kirmizi-srf-4x2.html,,,,,,,114 g/km,4.4 lt,50 lt,Euro 6,4.2 lt,4.7 lt,,,5 yıldız,2020 Hyundai Kona 1.6 CRDi 136 PS DCT Elite Smart Kırmızı SRF (4x2) NCAP/ANCAP Web Sayfası,2017,Var,,,,,,,,Önden Çekişli,,,,,7 ileri,Otomatik,DCT (Yarı Otm.)
1417 kg,,1800 mm,4165 mm,1565 mm,1143 lt,361 lt,,2020 Hyundai Kona 1.6 CRDi 136 PS DCT Elite Smart Lime SRF (4x2),,,,,,2020 Hyundai Kona 1.6 CRDi 136 PS DCT Elite Smart Lime SRF (4x2) Test Sürüşü Talep Sayfası,2020 Hyundai Kona 1.6 CRDi 136 PS DCT Elite Smart Lime SRF (4x2) Ürün Kataloğu,"2 Yıl / 60 Bin Km Boya
5 Yıl / 100 Bin Km Mekanik
5 Yıl / 160 Bin Km Paslanmazlık",Hyundai Yol Yardım 0212 233 3262,Var,,,,,Turbo,,4,1598 cc,Common Rail Direkt Enjeksiyon,9.8 saniye,191 km/s,320 nm,136 BG,,,Güney Kore,,Binek,Elite Smart Lime SRF,SUV,2020,İçten Yanmalı (Standart),2014 tl/yıl,B,Kona,Dizel,https://www.epey.com/araba/2020-hyundai-kona-1-6-crdi-136-ps-dct-elite-smart-lime-srf-4x2.html,,,,,,,114 g/km,4.4 lt,50 lt,Euro 6,4.2 lt,4.7 lt,,,5 yıldız,2020 Hyundai Kona 1.6 CRDi 136 PS DCT Elite Smart Lime SRF (4x2) NCAP/ANCAP Web Sayfası,2017,Var,,,,,,,,Önden Çekişli,,,,,7 ileri,Otomatik,DCT (Yarı Otm.)
1417 kg,,1800 mm,4165 mm,1565 mm,1143 lt,361 lt,,2020 Hyundai Kona 1.6 CRDi 136 PS DCT Smart (4x2),,,,,,2020 Hyundai Kona 1.6 CRDi 136 PS DCT Smart (4x2) Test Sürüşü Talep Sayfası,2020 Hyundai Kona 1.6 CRDi 136 PS DCT Smart (4x2) Ürün Kataloğu,"2 Yıl / 60 Bin Km Boya
5 Yıl / 100 Bin Km Mekanik
5 Yıl / 160 Bin Km Paslanmazlık",Hyundai Yol Yardım 0212 233 3262,Var,,,,,Turbo,,4,1598 cc,Common Rail Direkt Enjeksiyon,9.8 saniye,191 km/s,320 nm,136 BG,,,Güney Kore,,Binek,Smart,SUV,2020,İçten Yanmalı (Standart),2014 tl/yıl,B,Kona,Dizel,https://www.epey.com/araba/2020-hyundai-kona-1-6-crdi-136-ps-dct-smart-4x2.html,,,,,,,114 g/km,4.4 lt,50 lt,Euro 6,4.2 lt,4.7 lt,,,5 yıldız,2020 Hyundai Kona 1.6 CRDi 136 PS DCT Smart (4x2) NCAP/ANCAP Web Sayfası,2017,Var,,,,,,,,Önden Çekişli,,,,,7 ileri,Otomatik,DCT (Yarı Otm.)
1417 kg,,1800 mm,4165 mm,1565 mm,1143 lt,361 lt,,2020 Hyundai Kona 1.6 CRDi 136 PS DCT Style (4x2),,,,,,2020 Hyundai Kona 1.6 CRDi 136 PS DCT Style (4x2) Test Sürüşü Talep Sayfası,2020 Hyundai Kona 1.6 CRDi 136 PS DCT Style (4x2) Ürün Kataloğu,"2 Yıl / 60 Bin Km Boya
5 Yıl / 100 Bin Km Mekanik
5 Yıl / 160 Bin Km Paslanmazlık",Hyundai Yol Yardım 0212 233 3262,Var,,,,,Turbo,,4,1598 cc,Common Rail Direkt Enjeksiyon,9.8 saniye,191 km/s,320 nm,136 BG,,,Güney Kore,,Binek,Style,SUV,2020,İçten Yanmalı (Standart),2014 tl/yıl,B,Kona,Dizel,https://www.epey.com/araba/2020-hyundai-kona-1-6-crdi-136-ps-dct-style-4x2.html,,,,,,,114 g/km,4.4 lt,50 lt,Euro 6,4.2 lt,4.7 lt,,,5 yıldız,2020 Hyundai Kona 1.6 CRDi 136 PS DCT Style (4x2) NCAP/ANCAP Web Sayfası,2017,Var,,,,,,,,Önden Çekişli,,,,,7 ileri,Otomatik,DCT (Yarı Otm.)
1387 kg,,1800 mm,4165 mm,1565 mm,1143 lt,361 lt,,2020 Hyundai Kona 1.6 T-GDI 177 PS DCT Elite Smart Kırmızı SRF (4x2),,,,,,2020 Hyundai Kona 1.6 T-GDI 177 PS DCT Elite Smart Kırmızı SRF (4x2) Test Sürüşü Talep Sayfası,2020 Hyundai Kona 1.6 T-GDI 177 PS DCT Elite Smart Kırmızı SRF (4x2) Ürün Kataloğu,"2 Yıl / 60 Bin Km Boya
5 Yıl / 100 Bin Km Mekanik
5 Yıl / 160 Bin Km Paslanmazlık",Hyundai Yol Yardım 0212 233 3262,Var,,,,,Turbo,,4,1591 cc,Direkt Enjeksiyon,7.7 saniye,210 km/s,265 nm,177 BG,,,Güney Kore,,Binek,Elite Smart Kırmızı SRF,SUV,2020,İçten Yanmalı (Standart),2014 tl/yıl,B,Kona,Benzin,https://www.epey.com/araba/2020-hyundai-kona-1-6-t-gdi-177-ps-dct-elite-smart-kirmizi-srf-4x2.html,,,,,,,142 g/km,6.2 lt,50 lt,Euro 6.2,5.8 lt,6.9 lt,,,5 yıldız,2020 Hyundai Kona 1.6 T-GDI 177 PS DCT Elite Smart Kırmızı SRF (4x2) NCAP/ANCAP Web Sayfası,2017,Var,,,,,,,,Önden Çekişli,,,,,7 ileri,Otomatik,DCT (Yarı Otm.)
1600 kg,,1850 mm,4480 mm,1660 mm,,513 lt,,2020 Hyundai Tucson 1.6 CRDi 136 PS DCT Elite (4x2),,,,,,2020 Hyundai Tucson 1.6 CRDi 136 PS DCT Elite (4x2) Test Sürüşü Talep Sayfası,2020 Hyundai Tucson 1.6 CRDi 136 PS DCT Elite (4x2) Ürün Kataloğu,5 Yıl / 100 Bin Km Mekanik,Hyundai Yol Yardım 0212 233 3262,Var,,,,,Turbo,,4,1598 cc,Common Rail Direkt Enjeksiyon,11.8 saniye,180 km/s,320 nm,136 BG,,,Güney Kore,,Binek,Elite,SUV,2020,İçten Yanmalı (Standart),2014 tl/yıl,C,Tucson,Dizel,https://www.epey.com/araba/2020-hyundai-tucson-1-6-crdi-136-ps-dct-elite-4x2.html,,,,,,,125 g/km,4.8 lt,62 lt,,4.7 lt,4.9 lt,,,5 yıldız,2020 Hyundai Tucson 1.6 CRDi 136 PS DCT Elite (4x2) NCAP/ANCAP Web Sayfası,2015,Var,,,,,,,,Önden Çekişli,,,,,7 ileri,Otomatik,DCT (Yarı Otm.)
1600 kg,,1850 mm,4480 mm,1676 mm,,513 lt,,2020 Hyundai Tucson 1.6 CRDi 136 PS DCT Elite (4x4),,,,,,2020 Hyundai Tucson 1.6 CRDi 136 PS DCT Elite (4x4) Test Sürüşü Talep Sayfası,2020 Hyundai Tucson 1.6 CRDi 136 PS DCT Elite (4x4) Ürün Kataloğu,5 Yıl / 100 Bin Km Mekanik,Hyundai Yol Yardım 0212 233 3262,Var,,,,,Turbo,,4,1598 cc,Common Rail Direkt Enjeksiyon,12.0 saniye,180 km/s,320 nm,136 BG,,,Güney Kore,,Binek,Elite,SUV,2020,İçten Yanmalı (Standart),2014 tl/yıl,C,Tucson,Dizel,https://www.epey.com/araba/2020-hyundai-tucson-1-6-crdi-136-ps-dct-elite-4x4.html,,,,,,,135 g/km,5.1 lt,62 lt,,5.1 lt,5.2 lt,,,5 yıldız,2020 Hyundai Tucson 1.6 CRDi 136 PS DCT Elite (4x4) NCAP/ANCAP Web Sayfası,2015,Var,,,,,,,,4x4 Çekişli,,,,,7 ileri,Otomatik,DCT (Yarı Otm.)
1600 kg,,1850 mm,4480 mm,1676 mm,,513 lt,,2020 Hyundai Tucson 1.6 CRDi 136 PS DCT Elite Plus (4x4),,,,,,2020 Hyundai Tucson 1.6 CRDi 136 PS DCT Elite Plus (4x4) Test Sürüşü Talep Sayfası,2020 Hyundai Tucson 1.6 CRDi 136 PS DCT Elite Plus (4x4) Ürün Kataloğu,5 Yıl / 100 Bin Km Mekanik,Hyundai Yol Yardım 0212 233 3262,Var,,,,,Turbo,,4,1598 cc,Common Rail Direkt Enjeksiyon,12.0 saniye,180 km/s,320 nm,136 BG,,,Güney Kore,,Binek,Elite Plus,SUV,2020,İçten Yanmalı (Standart),2014 tl/yıl,C,Tucson,Dizel,https://www.epey.com/araba/2020-hyundai-tucson-1-6-crdi-136-ps-dct-elite-plus-4x4.html,,,,,,,135 g/km,5.1 lt,62 lt,,5.1 lt,5.2 lt,,,5 yıldız,2020 Hyundai Tucson 1.6 CRDi 136 PS DCT Elite Plus (4x4) NCAP/ANCAP Web Sayfası,2015,Var,,,,,,,,4x4 Çekişli,,,,,7 ileri,Otomatik,DCT (Yarı Otm.)
1600 kg,,1850 mm,4480 mm,1660 mm,,513 lt,,2020 Hyundai Tucson 1.6 CRDi 136 PS DCT Elite Red (4x2),,,,,,2020 Hyundai Tucson 1.6 CRDi 136 PS DCT Elite Red (4x2) Test Sürüşü Talep Sayfası,2020 Hyundai Tucson 1.6 CRDi 136 PS DCT Elite Red (4x2) Ürün Kataloğu,5 Yıl / 100 Bin Km Mekanik,Hyundai Yol Yardım 0212 233 3262,Var,,,,,Turbo,,4,1598 cc,Common Rail Direkt Enjeksiyon,11.8 saniye,180 km/s,320 nm,136 BG,,,Güney Kore,,Binek,Elite Red,SUV,2020,İçten Yanmalı (Standart),2014 tl/yıl,C,Tucson,Dizel,https://www.epey.com/araba/2020-hyundai-tucson-1-6-crdi-136-ps-dct-elite-red-4x2.html,,,,,,,125 g/km,4.8 lt,62 lt,,4.7 lt,4.9 lt,,,5 yıldız,2020 Hyundai Tucson 1.6 CRDi 136 PS DCT Elite Red (4x2) NCAP/ANCAP Web Sayfası,2015,Var,,,,,,,,Önden Çekişli,,,,,7 ileri,Otomatik,DCT (Yarı Otm.)
1600 kg,,1850 mm,4480 mm,1676 mm,,513 lt,,2020 Hyundai Tucson 1.6 CRDi 136 PS DCT N-Line (4x2),,,,,,2020 Hyundai Tucson 1.6 CRDi 136 PS DCT N-Line (4x2) Test Sürüşü Talep Sayfası,2020 Hyundai Tucson 1.6 CRDi 136 PS DCT N-Line (4x2) Ürün Kataloğu,5 Yıl / 100 Bin Km Mekanik,Hyundai Yol Yardım 0212 233 3262,Var,,,,,Turbo,,4,1598 cc,Common Rail Direkt Enjeksiyon,12.0 saniye,180 km/s,320 nm,136 BG,,,Güney Kore,,Binek,N-Line,SUV,2020,İçten Yanmalı (Standart),2014 tl/yıl,C,Tucson,Dizel,https://www.epey.com/araba/2020-hyundai-tucson-1-6-crdi-136-ps-dct-n-line-4x2.html,,,,,,,135 g/km,5.1 lt,62 lt,,5.1 lt,5.2 lt,,,5 yıldız,2020 Hyundai Tucson 1.6 CRDi 136 PS DCT N-Line (4x2) NCAP/ANCAP Web Sayfası,2015,Var,,,,,,,,Önden Çekişli,,,,,7 ileri,Otomatik,DCT (Yarı Otm.)
1600 kg,,1850 mm,4480 mm,1676 mm,,513 lt,,2020 Hyundai Tucson 1.6 CRDi 136 PS DCT N-Line Plus (4x4),,,,,,2020 Hyundai Tucson 1.6 CRDi 136 PS DCT N-Line Plus (4x4) Test Sürüşü Talep Sayfası,2020 Hyundai Tucson 1.6 CRDi 136 PS DCT N-Line Plus (4x4) Ürün Kataloğu,5 Yıl / 100 Bin Km Mekanik,Hyundai Yol Yardım 0212 233 3262,Var,,,,,Turbo,,4,1598 cc,Common Rail Direkt Enjeksiyon,12.0 saniye,180 km/s,320 nm,136 BG,,,Güney Kore,,Binek,N-Line Plus,SUV,2020,İçten Yanmalı (Standart),2014 tl/yıl,C,Tucson,Dizel,https://www.epey.com/araba/2020-hyundai-tucson-1-6-crdi-136-ps-dct-n-line-4x4.html,,,,,,,135 g/km,5.1 lt,62 lt,,5.1 lt,5.2 lt,,,5 yıldız,2020 Hyundai Tucson 1.6 CRDi 136 PS DCT N-Line Plus (4x4) NCAP/ANCAP Web Sayfası,2015,Var,,,,,,,,4x4 Çekişli,,,,,7 ileri,Otomatik,DCT (Yarı Otm.)
1600 kg,,1850 mm,4480 mm,1660 mm,,513 lt,,2020 Hyundai Tucson 1.6 CRDi 136 PS DCT Smart (4x2),,,,,,2020 Hyundai Tucson 1.6 CRDi 136 PS DCT Smart (4x2) Test Sürüşü Talep Sayfası,2020 Hyundai Tucson 1.6 CRDi 136 PS DCT Smart (4x2) Ürün Kataloğu,5 Yıl / 100 Bin Km Mekanik,Hyundai Yol Yardım 0212 233 3262,Var,,,,,Turbo,,4,1598 cc,Common Rail Direkt Enjeksiyon,11.8 saniye,180 km/s,320 nm,136 BG,,,Güney Kore,,Binek,Smart,SUV,2020,İçten Yanmalı (Standart),2014 tl/yıl,C,Tucson,Dizel,https://www.epey.com/araba/2020-hyundai-tucson-1-6-crdi-136-ps-dct-smart-4x2.html,,,,,,,125 g/km,4.8 lt,62 lt,,4.7 lt,4.9 lt,,,5 yıldız,2020 Hyundai Tucson 1.6 CRDi 136 PS DCT Smart (4x2) NCAP/ANCAP Web Sayfası,2015,Var,,,,,,,,Önden Çekişli,,,,,7 ileri,Otomatik,DCT (Yarı Otm.)
1577 kg,,1850 mm,4480 mm,1660 mm,,513 lt,,2020 Hyundai Tucson 1.6 T-GDI 177 PS DCT Power Edition (4x2),,,,,,2020 Hyundai Tucson 1.6 T-GDI 177 PS DCT Power Edition (4x2) Test Sürüşü Talep Sayfası,2020 Hyundai Tucson 1.6 T-GDI 177 PS DCT Power Edition (4x2) Ürün Kataloğu,5 Yıl / 100 Bin Km Mekanik,Hyundai Yol Yardım 0212 233 3262,Var,,,,,Turbo,,4,1591 cc,Direkt Enjeksiyon,8.9 saniye,201 km/s,265 nm,177 BG,,,Güney Kore,,Binek,Power Edition,SUV,2020,İçten Yanmalı (Standart),2014 tl/yıl,C,Tucson,Benzin,https://www.epey.com/araba/2020-hyundai-tucson-1-6-t-gdi-177-ps-dct-power-edition-4x2.html,,,,,,,161 g/km,7.0 lt,62 lt,,6.2 lt,8.5 lt,,,5 yıldız,2020 Hyundai Tucson 1.6 T-GDI 177 PS DCT Power Edition (4x2) NCAP/ANCAP Web Sayfası,2015,Var,,,,,,,,Önden Çekişli,,,,,7 ileri,Otomatik,DCT (Yarı Otm.)
1207 kg,,1725 mm,4065 mm,1450 mm,,325 lt,,2020 Kia Rio Hatchback 1.25 84 PS Cool,,,,,,2020 Kia Rio Hatchback 1.25 84 PS Cool Test Sürüşü Talep Sayfası,2020 Kia Rio Hatchback 1.25 84 PS Cool Ürün Kataloğu,,Kia Yol Yardım 0212 234 0770,Var,,,,,Atmosferik,,4,1248 cc,Çok Noktadan Enjeksiyon,12.9 saniye,170 km/s,121 nm,84 BG,,,Güney Kore,Hatchback,Binek,Cool,Hatchback,2020,İçten Yanmalı (Standart),1156 tl/yıl,B,Rio,Benzin,https://www.epey.com/araba/2020-kia-rio-hatchback-1-25-84-ps-cool.html,,,,,,,109 g/km,4.8 lt,45 lt,,4.1 lt,6.0 lt,,,3 yıldız,2020 Kia Rio Hatchback 1.25 84 PS Cool NCAP/ANCAP Web Sayfası,2017,Var,,,,,,,,Önden Çekişli,,,,,5 ileri,Manuel,
1207 kg,,1725 mm,4065 mm,1450 mm,,325 lt,,2020 Kia Rio Hatchback 1.25 84 PS Elegance,,,,,,2020 Kia Rio Hatchback 1.25 84 PS Elegance Test Sürüşü Talep Sayfası,2020 Kia Rio Hatchback 1.25 84 PS Elegance Ürün Kataloğu,,Kia Yol Yardım 0212 234 0770,Var,,,,,Atmosferik,,4,1248 cc,Çok Noktadan Enjeksiyon,12.9 saniye,170 km/s,121 nm,84 BG,,,Güney Kore,Hatchback,Binek,Elegance,Hatchback,2020,İçten Yanmalı (Standart),1156 tl/yıl,B,Rio,Benzin,https://www.epey.com/araba/2020-kia-rio-hatchback-1-25-84-ps-elegance.html,,,,,,,109 g/km,4.8 lt,45 lt,,4.1 lt,6.0 lt,,,3 yıldız,2020 Kia Rio Hatchback 1.25 84 PS Elegance NCAP/ANCAP Web Sayfası,2017,Var,,,,,,,,Önden Çekişli,,,,,5 ileri,Manuel,
1246 kg,,1725 mm,4065 mm,1450 mm,,325 lt,,2020 Kia Rio Hatchback 1.4 100 PS Otomatik Cool,,,,,,2020 Kia Rio Hatchback 1.4 100 PS Otomatik Cool Test Sürüşü Talep Sayfası,2020 Kia Rio Hatchback 1.4 100 PS Otomatik Cool Ürün Kataloğu,,Kia Yol Yardım 0212 234 0770,Var,,,,,Atmosferik,,4,1368 cc,Çok Noktadan Enjeksiyon,12.9 saniye,183 km/s,133 nm,100 BG,,,Güney Kore,Hatchback,Binek,Cool,Hatchback,2020,İçten Yanmalı (Standart),2014 tl/yıl,B,Rio,Benzin,https://www.epey.com/araba/2020-kia-rio-hatchback-1-4-100-ps-otomatik-cool.html,,,,,,,136 g/km,5.9 lt,45 lt,,5.2 lt,7.3 lt,,,3 yıldız,2020 Kia Rio Hatchback 1.4 100 PS Otomatik Cool NCAP/ANCAP Web Sayfası,2017,Var,,,,,,,,Önden Çekişli,,,,,6 ileri,Otomatik,
1246 kg,,1725 mm,4065 mm,1450 mm,,325 lt,,2020 Kia Rio Hatchback 1.4 100 PS Otomatik Elegance,,,,,,2020 Kia Rio Hatchback 1.4 100 PS Otomatik Elegance Test Sürüşü Talep Sayfası,2020 Kia Rio Hatchback 1.4 100 PS Otomatik Elegance Ürün Kataloğu,,Kia Yol Yardım 0212 234 0770,Var,,,,,Atmosferik,,4,1368 cc,Çok Noktadan Enjeksiyon,12.9 saniye,183 km/s,133 nm,100 BG,,,Güney Kore,Hatchback,Binek,Elegance,Hatchback,2020,İçten Yanmalı (Standart),2014 tl/yıl,B,Rio,Benzin,https://www.epey.com/araba/2020-kia-rio-hatchback-1-4-100-ps-otomatik-elegance.html,,,,,,,136 g/km,5.9 lt,45 lt,,5.2 lt,7.3 lt,,,3 yıldız,2020 Kia Rio Hatchback 1.4 100 PS Otomatik Elegance NCAP/ANCAP Web Sayfası,2017,Var,,,,,,,,Önden Çekişli,,,,,6 ileri,Otomatik,
1090 kg,,1725 mm,4065 mm,1450 mm,,300 lt,,2020 Kia Rio HB 1.4 100 PS Otomatik Cool,,,,,,2020 Kia Rio HB 1.4 100 PS Otomatik Cool Test Sürüşü Talep Sayfası,,,,,,,,,,,,1368 cc,Çok Noktadan Enjeksiyon,12.9 saniye,183 km/s,133.4 nm,100 BG,,,Güney Kore,,Binek,Cool,Hatchback,2020,İçten Yanmalı (Standart),2014 tl/yıl,B,Rio,Benzin,https://www.epey.com/araba/2020-kia-rio-hb-1-4-100-ps-otomatik-cool.html,,,,,,,136 g/km,5.9 lt,45 lt,,5.2 lt,7.3 lt,,,3 yıldız,2020 Kia Rio HB 1.4 100 PS Otomatik Cool NCAP/ANCAP Web Sayfası,2017,Var,,,,,,,,Önden Çekişli,,,,,6 ileri,Otomatik,
1090 kg,,1725 mm,4065 mm,1450 mm,,300 lt,,2020 Kia Rio HB 1.4 100 PS Otomatik Elegance Tekno Paket,,,,,,2020 Kia Rio HB 1.4 100 PS Otomatik Elegance Tekno Paket Test Sürüşü Talep Sayfası,,,,,,,,,,,,1368 cc,Çok Noktadan Enjeksiyon,12.9 saniye,183 km/s,133.4 nm,100 BG,,,Güney Kore,,Binek,Elegance Tekno Paket,Hatchback,2020,İçten Yanmalı (Standart),2014 tl/yıl,B,Rio,Benzin,https://www.epey.com/araba/2020-kia-rio-hb-1-4-100-ps-otomatik-elegance-tekno-paket.html,,,,,,,136 g/km,5.9 lt,45 lt,,5.2 lt,7.3 lt,,,3 yıldız,2020 Kia Rio HB 1.4 100 PS Otomatik Elegance Tekno Paket NCAP/ANCAP Web Sayfası,2017,Var,,,,,,,,Önden Çekişli,,,,,6 ileri,Otomatik,
1090 kg,,1725 mm,4065 mm,1450 mm,,300 lt,,2020 Kia Rio HB 1.4 100 PS Otomatik Prestige,,,,,,2020 Kia Rio HB 1.4 100 PS Otomatik Prestige Test Sürüşü Talep Sayfası,,,,,,,,,,,,1368 cc,Çok Noktadan Enjeksiyon,12.9 saniye,183 km/s,133.4 nm,100 BG,,,Güney Kore,,Binek,Prestige,Hatchback,2020,İçten Yanmalı (Standart),2014 tl/yıl,B,Rio,Benzin,https://www.epey.com/araba/2020-kia-rio-hb-1-4-100-ps-otomatik-prestige.html,,,,,,,136 g/km,5.9 lt,45 lt,,5.2 lt,7.3 lt,,,3 yıldız,2020 Kia Rio HB 1.4 100 PS Otomatik Prestige NCAP/ANCAP Web Sayfası,2017,Var,,,,,,,,Önden Çekişli,,,,,6 ileri,Otomatik,
1415 kg,,1855 mm,4485 mm,1645 mm,1456 lt,467 lt,,2020 Kia Sportage 1.6 132 HP Cool (4x2),,,,,,2020 Kia Sportage 1.6 132 HP Cool (4x2) Test Sürüşü Talep Sayfası,2020 Kia Sportage 1.6 132 HP Cool (4x2) Ürün Kataloğu,,Kia Yol Yardım 0212 234 0770,Var,,,,,Atmosferik,,4,1591 cc,GDI (Doğrudan Enjeksiyon),11.5 saniye,182 km/s,161 nm,132 BG,,,Güney Kore,,Binek,Cool,SUV,2020,İçten Yanmalı (Standart),2014 tl/yıl,C,Sportage,Benzin,https://www.epey.com/araba/2020-kia-sportage-1-6-132-hp-cool-4x2.html,,,,,,,159 g/km,6.9 lt,62 lt,,6.2 lt,8.1 lt,,,5 yıldız,2020 Kia Sportage 1.6 132 HP Cool (4x2) NCAP/ANCAP Web Sayfası,2015,Var,,,,,,,,Önden Çekişli,,,,,6 ileri,Manuel,
1530 kg,,1855 mm,4485 mm,1645 mm,1456 lt,467 lt,,2020 Kia Sportage 1.6 Dizel 136 HP DCT Elegance (4x2),,,,,,2020 Kia Sportage 1.6 Dizel 136 HP DCT Elegance (4x2) Test Sürüşü Talep Sayfası,2020 Kia Sportage 1.6 Dizel 136 HP DCT Elegance (4x2) Ürün Kataloğu,,Kia Yol Yardım 0212 234 0770,Var,,,,,Turbo,,4,1598 cc,Common Rail Direkt Enjeksiyon,11.8 saniye,180 km/s,320 nm,136 BG,,,Güney Kore,,Binek,Elegance,SUV,2020,İçten Yanmalı (Standart),2014 tl/yıl,C,Sportage,Dizel,https://www.epey.com/araba/2020-kia-sportage-1-6-dizel-136-hp-dct-elegance-4x2.html,,,,,,,123 g/km,4.7 lt,58 lt,,4.5 lt,5.0 lt,,,5 yıldız,2020 Kia Sportage 1.6 Dizel 136 HP DCT Elegance (4x2) NCAP/ANCAP Web Sayfası,2015,Var,,,,,,,,Önden Çekişli,,,,,7 ileri,Otomatik,DCT (Yarı Otm.)
1593 kg,,1855 mm,4485 mm,1645 mm,1456 lt,467 lt,,2020 Kia Sportage 1.6 Dizel 136 HP DCT Elegance (4x4),,,,,,2020 Kia Sportage 1.6 Dizel 136 HP DCT Elegance (4x4) Test Sürüşü Talep Sayfası,2020 Kia Sportage 1.6 Dizel 136 HP DCT Elegance (4x4) Ürün Kataloğu,,Kia Yol Yardım 0212 234 0770,Var,,,,,Turbo,,4,1598 cc,Common Rail Direkt Enjeksiyon,12.0 saniye,180 km/s,320 nm,136 BG,,,Güney Kore,,Binek,Elegance,SUV,2020,İçten Yanmalı (Standart),2014 tl/yıl,C,Sportage,Dizel,https://www.epey.com/araba/2020-kia-sportage-1-6-dizel-136-hp-dct-elegance-4x4.html,,,,,,,133 g/km,5.1 lt,58 lt,,5.1 lt,5.0 lt,,,5 yıldız,2020 Kia Sportage 1.6 Dizel 136 HP DCT Elegance (4x4) NCAP/ANCAP Web Sayfası,2015,Var,,,,,,,,4x4 Çekişli,,,,,7 ileri,Otomatik,DCT (Yarı Otm.)
1530 kg,,1855 mm,4485 mm,1645 mm,1456 lt,467 lt,,2020 Kia Sportage 1.6 Dizel 136 HP DCT Elegance Konfor (4x2),,,,,,2020 Kia Sportage 1.6 Dizel 136 HP DCT Elegance Konfor (4x2) Test Sürüşü Talep Sayfası,2020 Kia Sportage 1.6 Dizel 136 HP DCT Elegance Konfor (4x2) Ürün Kataloğu,,Kia Yol Yardım 0212 234 0770,Var,,,,,Turbo,,4,1598 cc,Common Rail Direkt Enjeksiyon,11.8 saniye,180 km/s,320 nm,136 BG,,,Güney Kore,,Binek,Elegance Konfor,SUV,2020,İçten Yanmalı (Standart),2014 tl/yıl,C,Sportage,Dizel,https://www.epey.com/araba/2020-kia-sportage-1-6-dizel-136-hp-dct-elegance-konfor-4x2.html,,,,,,,123 g/km,4.7 lt,58 lt,,4.5 lt,5.0 lt,,,5 yıldız,2020 Kia Sportage 1.6 Dizel 136 HP DCT Elegance Konfor (4x2) NCAP/ANCAP Web Sayfası,2015,Var,,,,,,,,Önden Çekişli,,,,,7 ileri,Otomatik,DCT (Yarı Otm.)
1530 kg,,1855 mm,4485 mm,1645 mm,1456 lt,467 lt,,2020 Kia Sportage 1.6 Dizel 136 HP DCT Elegance Vizyon (4x2),,,,,,2020 Kia Sportage 1.6 Dizel 136 HP DCT Elegance Vizyon (4x2) Test Sürüşü Talep Sayfası,2020 Kia Sportage 1.6 Dizel 136 HP DCT Elegance Vizyon (4x2) Ürün Kataloğu,,Kia Yol Yardım 0212 234 0770,Var,,,,,Turbo,,4,1598 cc,Common Rail Direkt Enjeksiyon,11.8 saniye,180 km/s,320 nm,136 BG,,,Güney Kore,,Binek,Elegance Vizyon,SUV,2020,İçten Yanmalı (Standart),2014 tl/yıl,C,Sportage,Dizel,https://www.epey.com/araba/2020-kia-sportage-1-6-dizel-136-hp-dct-elegance-vizyon-4x2.html,,,,,,,123 g/km,4.7 lt,58 lt,,4.5 lt,5.0 lt,,,5 yıldız,2020 Kia Sportage 1.6 Dizel 136 HP DCT Elegance Vizyon (4x2) NCAP/ANCAP Web Sayfası,2015,Var,,,,,,,,Önden Çekişli,,,,,7 ileri,Otomatik,DCT (Yarı Otm.)
1530 kg,,1855 mm,4485 mm,1645 mm,1456 lt,467 lt,,2020 Kia Sportage 1.6 Dizel 136 HP DCT Prestige (4x2),,,,,,2020 Kia Sportage 1.6 Dizel 136 HP DCT Prestige (4x2) Test Sürüşü Talep Sayfası,2020 Kia Sportage 1.6 Dizel 136 HP DCT Prestige (4x2) Ürün Kataloğu,,Kia Yol Yardım 0212 234 0770,Var,,,,,Turbo,,4,1598 cc,Common Rail Direkt Enjeksiyon,11.8 saniye,180 km/s,320 nm,136 BG,,,Güney Kore,,Binek,Prestige,SUV,2020,İçten Yanmalı (Standart),2014 tl/yıl,C,Sportage,Dizel,https://www.epey.com/araba/2020-kia-sportage-1-6-dizel-136-hp-dct-prestige-4x2-2.html,,,,,,,123 g/km,4.7 lt,58 lt,,4.5 lt,5.0 lt,,,5 yıldız,2020 Kia Sportage 1.6 Dizel 136 HP DCT Prestige (4x2) NCAP/ANCAP Web Sayfası,2015,Var,,,,,,,,Önden Çekişli,,,,,7 ileri,Otomatik,DCT (Yarı Otm.)
1593 kg,,1855 mm,4485 mm,1645 mm,1456 lt,467 lt,,2020 Kia Sportage 1.6 Dizel 136 HP DCT Prestige (4x4),,,,,,2020 Kia Sportage 1.6 Dizel 136 HP DCT Prestige (4x4) Test Sürüşü Talep Sayfası,2020 Kia Sportage 1.6 Dizel 136 HP DCT Prestige (4x4) Ürün Kataloğu,,Kia Yol Yardım 0212 234 0770,Var,,,,,Turbo,,4,1598 cc,Common Rail Direkt Enjeksiyon,12.0 saniye,180 km/s,320 nm,136 BG,,,Güney Kore,,Binek,Prestige,SUV,2020,İçten Yanmalı (Standart),2014 tl/yıl,C,Sportage,Dizel,https://www.epey.com/araba/2020-kia-sportage-1-6-dizel-136-hp-dct-prestige-4x4.html,,,,,,,133 g/km,5.1 lt,58 lt,,5.1 lt,5.0 lt,,,5 yıldız,2020 Kia Sportage 1.6 Dizel 136 HP DCT Prestige (4x4) NCAP/ANCAP Web Sayfası,2015,Var,,,,,,,,4x4 Çekişli,,,,,7 ileri,Otomatik,DCT (Yarı Otm.)
1530 kg,,1855 mm,4485 mm,1645 mm,1456 lt,467 lt,,2020 Kia Sportage 1.6 Dizel 136 HP DCT Prestige Design Pack (4x2),,,,,,2020 Kia Sportage 1.6 Dizel 136 HP DCT Prestige Design Pack (4x2) Test Sürüşü Talep Sayfası,2020 Kia Sportage 1.6 Dizel 136 HP DCT Prestige Design Pack (4x2) Ürün Kataloğu,,Kia Yol Yardım 0212 234 0770,Var,,,,,Turbo,,4,1598 cc,Common Rail Direkt Enjeksiyon,11.8 saniye,180 km/s,320 nm,136 BG,,,Güney Kore,,Binek,Prestige,SUV,2020,İçten Yanmalı (Standart),2014 tl/yıl,C,Sportage,Dizel,https://www.epey.com/araba/2020-kia-sportage-1-6-dizel-136-hp-dct-prestige-design-pack-4x2.html,,,,,,,123 g/km,4.7 lt,58 lt,,4.5 lt,5.0 lt,,,5 yıldız,2020 Kia Sportage 1.6 Dizel 136 HP DCT Prestige Design Pack (4x2) NCAP/ANCAP Web Sayfası,2015,Var,,,,,,,,Önden Çekişli,,,,,7 ileri,Otomatik,DCT (Yarı Otm.)
1155 kg,,1760 mm,4140 mm,1500 mm,1155 lt,352 lt,,2020 Kia Stonic 1.0 100 PS DCT Cool (4x2),,,,,,2020 Kia Stonic 1.0 100 PS DCT Cool (4x2) Test Sürüşü Talep Sayfası,2020 Kia Stonic 1.0 100 PS DCT Cool (4x2) Ürün Kataloğu,,Kia Yol Yardım 0212 234 0770,Var,,,,,Turbo,,3,998 cc,Direkt Enjeksiyon,11.7 saniye,180 km/s,172 nm,100 BG,,,Güney Kore,,Binek,Cool,SUV,2020,İçten Yanmalı (Standart),1156 tl/yıl,B,Stonic,Benzin,https://www.epey.com/araba/2020-kia-stonic-1-0-100-ps-dct-cool-4x2.html,,,,,,,109 g/km,4.8 lt,45 lt,,4.3 lt,5.6 lt,,,3 yıldız,2020 Kia Stonic 1.0 100 PS DCT Cool (4x2) NCAP/ANCAP Web Sayfası,2017,Var,,,,,,,,Önden Çekişli,,,,,7 ileri,Otomatik,DCT (Yarı Otm.)
1155 kg,,1760 mm,4140 mm,1500 mm,1155 lt,352 lt,,2020 Kia Stonic 1.0 100 PS DCT Elegance Design Pack (4x2),,,,,,2020 Kia Stonic 1.0 100 PS DCT Elegance Design Pack (4x2) Test Sürüşü Talep Sayfası,2020 Kia Stonic 1.0 100 PS DCT Elegance Design Pack (4x2) Ürün Kataloğu,,Kia Yol Yardım 0212 234 0770,Var,,,,,Turbo,,3,998 cc,Direkt Enjeksiyon,11.7 saniye,180 km/s,172 nm,100 BG,,,Güney Kore,,Binek,Elegance Design Pack,SUV,2020,İçten Yanmalı (Standart),1156 tl/yıl,B,Stonic,Benzin,https://www.epey.com/araba/2020-kia-stonic-1-0-100-ps-dct-elegance-design-pack-4x2.html,,,,,,,109 g/km,4.8 lt,45 lt,,4.3 lt,5.6 lt,,,3 yıldız,2020 Kia Stonic 1.0 100 PS DCT Elegance Design Pack (4x2) NCAP/ANCAP Web Sayfası,2017,Var,,,,,,,,Önden Çekişli,,,,,7 ileri,Otomatik,DCT (Yarı Otm.)
1155 kg,,1760 mm,4140 mm,1500 mm,1155 lt,352 lt,,2020 Kia Stonic 1.0 100 PS DCT Elegance Konfor (4x2),,,,,,2020 Kia Stonic 1.0 100 PS DCT Elegance Konfor (4x2) Test Sürüşü Talep Sayfası,2020 Kia Stonic 1.0 100 PS DCT Elegance Konfor (4x2) Ürün Kataloğu,,Kia Yol Yardım 0212 234 0770,Var,,,,,Turbo,,3,998 cc,Direkt Enjeksiyon,11.7 saniye,180 km/s,172 nm,100 BG,,,Güney Kore,,Binek,Elegance Konfor,SUV,2020,İçten Yanmalı (Standart),1156 tl/yıl,B,Stonic,Benzin,https://www.epey.com/araba/2020-kia-stonic-1-0-100-ps-dct-elegance-konfor-4x2.html,,,,,,,109 g/km,4.8 lt,45 lt,,4.3 lt,5.6 lt,,,3 yıldız,2020 Kia Stonic 1.0 100 PS DCT Elegance Konfor (4x2) NCAP/ANCAP Web Sayfası,2017,Var,,,,,,,,Önden Çekişli,,,,,7 ileri,Otomatik,DCT (Yarı Otm.)
1220 kg,10.40 mt.,1760 mm,4140 mm,1500 mm,1155 lt,352 lt,,2020 Kia Stonic 1.0 120 PS DCT Elegance Design Pack (4x2),,,,,,2020 Kia Stonic 1.0 120 PS DCT Elegance Design Pack (4x2) Test Sürüşü Talep Sayfası,2020 Kia Stonic 1.0 120 PS DCT Elegance Design Pack (4x2) Ürün Kataloğu,,Kia Yol Yardım 0212 234 0770,Var,,,,,Turbo,,3,998 cc,T-GDI (Turbo Doğrudan Enjeksiyon),10.6 saniye,185 km/s,171.5 nm,120 BG,,,Güney Kore,,Binek,Elegance Design Pack,SUV,2020,İçten Yanmalı (Standart),1156 tl/yıl,B,Stonic,Benzin,https://www.epey.com/araba/2020-kia-stonic-1-0-120-ps-dct-elegance-design-pack-4x2.html,,,,,,,120 g/km,5.2 lt,45 lt,,4.9 lt,5.9 lt,,,3 yıldız,2020 Kia Stonic 1.0 120 PS DCT Elegance Design Pack (4x2) NCAP/ANCAP Web Sayfası,2017,Var,,,,,,,,Önden Çekişli,,,,,7 ileri,Otomatik,DCT (Yarı Otm.)
1220 kg,10.40 mt.,1760 mm,4140 mm,1500 mm,1155 lt,352 lt,,2020 Kia Stonic 1.0 120 PS DCT Elegance Konfor (4x2),,,,,,2020 Kia Stonic 1.0 120 PS DCT Elegance Konfor (4x2) Test Sürüşü Talep Sayfası,2020 Kia Stonic 1.0 120 PS DCT Elegance Konfor (4x2) Ürün Kataloğu,,Kia Yol Yardım 0212 234 0770,Var,,,,,Turbo,,3,998 cc,T-GDI (Turbo Doğrudan Enjeksiyon),10.6 saniye,185 km/s,171.5 nm,120 BG,,,Güney Kore,,Binek,Elegance Konfor,SUV,2020,İçten Yanmalı (Standart),1156 tl/yıl,B,Stonic,Benzin,https://www.epey.com/araba/2020-kia-stonic-1-0-120-ps-dct-elegance-konfor-4x2.html,,,,,,,120 g/km,5.2 lt,45 lt,,4.9 lt,5.9 lt,,,3 yıldız,2020 Kia Stonic 1.0 120 PS DCT Elegance Konfor (4x2) NCAP/ANCAP Web Sayfası,2017,Var,,,,,,,,Önden Çekişli,,,,,7 ileri,Otomatik,DCT (Yarı Otm.)
,10.40 mt.,1760 mm,4140 mm,1500 mm,1155 lt,352 lt,,2020 Kia Stonic 1.25 84 PS Cool (4x2),,,,,,2020 Kia Stonic 1.25 84 PS Cool (4x2) Test Sürüşü Talep Sayfası,2020 Kia Stonic 1.25 84 PS Cool (4x2) Ürün Kataloğu,,Kia Yol Yardım 0212 234 0770,Var,,,,,Atmosferik,,,1248 cc,Çok Noktadan Enjeksiyon,13.2 saniye,165 km/s,121.6 nm,84 BG,,,Güney Kore,,Binek,Cool,SUV,2020,İçten Yanmalı (Standart),1156 tl/yıl,B,Stonic,Benzin,https://www.epey.com/araba/2020-kia-stonic-1-25-84-ps-cool-4x2.html,,,,,,,131 g/km,5.7 lt,45 lt,,5.2 lt,6.6 lt,,,3 yıldız,2020 Kia Stonic 1.25 84 PS Cool (4x2) NCAP/ANCAP Web Sayfası,2017,Var,,,,,,,,Önden Çekişli,,,,,5 ileri,Manuel,
1183 kg,10.40 mt.,1760 mm,4140 mm,1500 mm,1155 lt,352 lt,,2020 Kia Stonic 1.4 100 PS Otomatik Cool (4x2),,,,,,2020 Kia Stonic 1.4 100 PS Otomatik Cool (4x2) Test Sürüşü Talep Sayfası,2020 Kia Stonic 1.4 100 PS Otomatik Cool (4x2) Ürün Kataloğu,,Kia Yol Yardım 0212 234 0770,Var,,,,,Atmosferik,,4,1368 cc,Çok Noktadan Enjeksiyon,13.8 saniye,173 km/s,133 nm,100 BG,,,Güney Kore,,Binek,Cool,SUV,2020,İçten Yanmalı (Standart),2014 tl/yıl,B,Stonic,Benzin,https://www.epey.com/araba/2020-kia-stonic-1-4-100-ps-otomatik-cool-4x2.html,,,,,,,141 g/km,6.2 lt,45 lt,,5.2 lt,7.8 lt,,,3 yıldız,2020 Kia Stonic 1.4 100 PS Otomatik Cool (4x2) NCAP/ANCAP Web Sayfası,2017,Var,,,,,,,,Önden Çekişli,,,,,6 ileri,Otomatik,
1183 kg,10.40 mt.,1760 mm,4140 mm,1500 mm,1155 lt,352 lt,,2020 Kia Stonic 1.4 100 PS Otomatik Elegance Konfor (4x2),,,,,,2020 Kia Stonic 1.4 100 PS Otomatik Elegance Konfor (4x2) Test Sürüşü Talep Sayfası,2020 Kia Stonic 1.4 100 PS Otomatik Elegance Konfor (4x2) Ürün Kataloğu,,Kia Yol Yardım 0212 234 0770,Var,,,,,Atmosferik,,4,1368 cc,Çok Noktadan Enjeksiyon,13.8 saniye,173 km/s,133 nm,100 BG,,,Güney Kore,,Binek,Elegance,SUV,2020,İçten Yanmalı (Standart),2014 tl/yıl,B,Stonic,Benzin,https://www.epey.com/araba/2020-kia-stonic-1-4-100-ps-otomatik-elegance-4x2.html,,,,,,,141 g/km,6.2 lt,45 lt,,5.2 lt,7.8 lt,,,3 yıldız,2020 Kia Stonic 1.4 100 PS Otomatik Elegance Konfor (4x2) NCAP/ANCAP Web Sayfası,2017,Var,,,,,,,,Önden Çekişli,,,,,6 ileri,Otomatik,
1183 kg,10.40 mt.,1760 mm,4140 mm,1500 mm,1155 lt,352 lt,,2020 Kia Stonic 1.4 100 PS Otomatik Elegance Design Pack (4x2),,,,,,2020 Kia Stonic 1.4 100 PS Otomatik Elegance Design Pack (4x2) Test Sürüşü Talep Sayfası,2020 Kia Stonic 1.4 100 PS Otomatik Elegance Design Pack (4x2) Ürün Kataloğu,,Kia Yol Yardım 0212 234 0770,Var,,,,,Atmosferik,,4,1368 cc,Çok Noktadan Enjeksiyon,13.8 saniye,173 km/s,133 nm,100 BG,,,Güney Kore,,Binek,Elegance Design Pack,SUV,2020,İçten Yanmalı (Standart),2014 tl/yıl,B,Stonic,Benzin,https://www.epey.com/araba/2020-kia-stonic-1-4-100-ps-otomatik-elegance-design-pack-4x2.html,,,,,,,141 g/km,6.2 lt,45 lt,,5.2 lt,7.8 lt,,,3 yıldız,2020 Kia Stonic 1.4 100 PS Otomatik Elegance Design Pack (4x2) NCAP/ANCAP Web Sayfası,2017,Var,,,,,,,,Önden Çekişli,,,,,6 ileri,Otomatik,
1080 kg,10.00 mt.,1743 mm,3999 mm,1455 mm,1004 lt,300 lt,,2020 Nissan Micra 1.0 IG-T 100 PS CVT Platinum Premium,,,,,,2020 Nissan Micra 1.0 IG-T 100 PS CVT Platinum Premium Test Sürüşü Talep Sayfası,2020 Nissan Micra 1.0 IG-T 100 PS CVT Platinum Premium Ürün Kataloğu,,,,,,,,Turbo,,3,999 cc,Çok Noktadan Enjeksiyon,13.0 saniye,177 km/s,144 nm,100 BG,,,Japonya,,Binek,Platinum Premium,Hatchback,2020,İçten Yanmalı (Standart),1156 tl/yıl,B,Micra,Benzin,https://www.epey.com/araba/2020-nissan-micra-1-0-ig-t-100-ps-cvt-platinum-premium.html,,,,,,,112 g/km,4.7 lt,41 lt,,4.5 lt,5.6 lt,,,4 yıldız,2020 Nissan Micra 1.0 IG-T 100 PS CVT Platinum Premium NCAP/ANCAP Web Sayfası,2017,Var,,,,,,,,Önden Çekişli,,,,,,Otomatik,CVT
1080 kg,10.00 mt.,1743 mm,3999 mm,1455 mm,1004 lt,300 lt,,2020 Nissan Micra 1.0 IG-T 100 PS CVT Platinum,,,,,,2020 Nissan Micra 1.0 IG-T 100 PS CVT Platinum Test Sürüşü Talep Sayfası,2020 Nissan Micra 1.0 IG-T 100 PS CVT Platinum Ürün Kataloğu,,,,,,,,Turbo,,3,999 cc,Çok Noktadan Enjeksiyon,13.0 saniye,177 km/s,144 nm,100 BG,,,Japonya,,Binek,Platinum,Hatchback,2020,İçten Yanmalı (Standart),1156 tl/yıl,B,Micra,Benzin,https://www.epey.com/araba/2020-nissan-micra-1-0-ig-t-100-ps-cvt-platinum.html,,,,,,,112 g/km,4.7 lt,41 lt,,4.5 lt,5.6 lt,,,4 yıldız,2020 Nissan Micra 1.0 IG-T 100 PS CVT Platinum NCAP/ANCAP Web Sayfası,2017,Var,,,,,,,,Önden Çekişli,,,,,,Otomatik,CVT
1080 kg,10.00 mt.,1743 mm,3999 mm,1455 mm,1004 lt,300 lt,,2020 Nissan Micra 1.0 IG-T 100 PS CVT Tekna,,,,,,2020 Nissan Micra 1.0 IG-T 100 PS CVT Tekna Test Sürüşü Talep Sayfası,2020 Nissan Micra 1.0 IG-T 100 PS CVT Tekna Ürün Kataloğu,,,,,,,,Turbo,,3,999 cc,Çok Noktadan Enjeksiyon,13.0 saniye,177 km/s,144 nm,100 BG,,,Japonya,,Binek,Tekna,Hatchback,2020,İçten Yanmalı (Standart),1156 tl/yıl,B,Micra,Benzin,https://www.epey.com/araba/2020-nissan-micra-1-0-ig-t-100-ps-cvt-tekna.html,,,,,,,112 g/km,4.7 lt,41 lt,,4.5 lt,5.6 lt,,,4 yıldız,2020 Nissan Micra 1.0 IG-T 100 PS CVT Tekna NCAP/ANCAP Web Sayfası,2017,Var,,,,,,,,Önden Çekişli,,,,,,Otomatik,CVT
1080 kg,10.00 mt.,1743 mm,3999 mm,1455 mm,1004 lt,300 lt,,2020 Nissan Micra 1.0 IG-T 100 PS CVT Visia,,,,,,2020 Nissan Micra 1.0 IG-T 100 PS CVT Visia Test Sürüşü Talep Sayfası,2020 Nissan Micra 1.0 IG-T 100 PS CVT Visia Ürün Kataloğu,,,,,,,,Turbo,,3,999 cc,Çok Noktadan Enjeksiyon,13.0 saniye,177 km/s,144 nm,100 BG,,,Japonya,,Binek,Visia,Hatchback,2020,İçten Yanmalı (Standart),1156 tl/yıl,B,Micra,Benzin,https://www.epey.com/araba/2020-nissan-micra-1-0-ig-t-100-ps-cvt-visia.html,,,,,,,112 g/km,4.7 lt,41 lt,,4.5 lt,5.6 lt,,,4 yıldız,2020 Nissan Micra 1.0 IG-T 100 PS CVT Visia NCAP/ANCAP Web Sayfası,2017,Var,,,,,,,,Önden Çekişli,,,,,,Otomatik,CVT
1060 kg,10.00 mt.,1743 mm,3999 mm,1455 mm,1004 lt,300 lt,,2020 Nissan Micra 1.0 IG-T 100 PS Visia,,,,,,2020 Nissan Micra 1.0 IG-T 100 PS Visia Test Sürüşü Talep Sayfası,2020 Nissan Micra 1.0 IG-T 100 PS Visia Ürün Kataloğu,,,,,,,,Turbo,,3,999 cc,Çok Noktadan Enjeksiyon,10.9 saniye,184 km/s,160 nm,100 BG,,,Japonya,,Binek,Visia,Hatchback,2020,İçten Yanmalı (Standart),1156 tl/yıl,B,Micra,Benzin,https://www.epey.com/araba/2020-nissan-micra-1-0-ig-t-100-ps-visia.html,,,,,,,105 g/km,4.6 lt,41 lt,,4.0 lt,5.6 lt,,,4 yıldız,2020 Nissan Micra 1.0 IG-T 100 PS Visia NCAP/ANCAP Web Sayfası,2017,Var,,,,,,,,Önden Çekişli,,,,,5 ileri,Manuel,
1315 kg,10.72 mt.,1806 mm,4394 mm,1590 mm,1598 lt,401 lt,,2020 Nissan Qashqai 1.3 DIG-T 160 PS DCT Midnight Edition (4x2),,,,,,2020 Nissan Qashqai 1.3 DIG-T 160 PS DCT Midnight Edition (4x2) Test Sürüşü Talep Sayfası,2020 Nissan Qashqai 1.3 DIG-T 160 PS DCT Midnight Edition (4x2) Ürün Kataloğu,,"Nissan Yol Yardımı 0800 211 6163
Nissan Yol Yardımı 0212 225 4959",Var,,,,,Turbo,,4,1332 cc,Direkt Enjeksiyon,10.1 saniye,198 km/s,270 nm,160 BG,,,Japonya,,Binek,Midnight Edition,SUV,2020,İçten Yanmalı (Standart),2014 tl/yıl,C,Qashqai,Benzin,https://www.epey.com/araba/2020-nissan-qashqai-1-3-dig-t-160-ps-dct-platinum-premium-p-4x2.html,,,,,,,122 g/km,5.4 lt,55 lt,,4.6 lt,6.7 lt,,,5 yıldız,2020 Nissan Qashqai 1.3 DIG-T 160 PS DCT Midnight Edition (4x2) NCAP/ANCAP Web Sayfası,2014,Var,,,,,,,,Önden Çekişli,,,,,7 ileri,Otomatik,DCT (Yarı Otm.)
1315 kg,10.72 mt.,1806 mm,4394 mm,1590 mm,1598 lt,401 lt,,2020 Nissan Qashqai 1.3 DIG-T 160 PS DCT Sky Pack (4x2),,,,,,2020 Nissan Qashqai 1.3 DIG-T 160 PS DCT Sky Pack (4x2) Test Sürüşü Talep Sayfası,2020 Nissan Qashqai 1.3 DIG-T 160 PS DCT Sky Pack (4x2) Ürün Kataloğu,,"Nissan Yol Yardımı 0800 211 6163
Nissan Yol Yardımı 0212 225 4959",Var,,,,,Turbo,,4,1332 cc,Direkt Enjeksiyon,10.1 saniye,198 km/s,270 nm,160 BG,,,Japonya,,Binek,Sky Pack,SUV,2020,İçten Yanmalı (Standart),2014 tl/yıl,C,Qashqai,Benzin,https://www.epey.com/araba/2020-nissan-qashqai-1-3-dig-t-160-ps-dct-sky-pack-4x2.html,,,,,,,122 g/km,5.4 lt,55 lt,,4.6 lt,6.7 lt,,,5 yıldız,2020 Nissan Qashqai 1.3 DIG-T 160 PS DCT Sky Pack (4x2) NCAP/ANCAP Web Sayfası,2014,Var,,,,,,,,Önden Çekişli,,,,,7 ileri,Otomatik,DCT (Yarı Otm.)
1315 kg,10.72 mt.,1806 mm,4394 mm,1590 mm,1598 lt,401 lt,,2020 Nissan Qashqai 1.3 DIG-T 160 PS DCT Tekna (4x2),,,,,,2020 Nissan Qashqai 1.3 DIG-T 160 PS DCT Tekna (4x2) Test Sürüşü Talep Sayfası,2020 Nissan Qashqai 1.3 DIG-T 160 PS DCT Tekna (4x2) Ürün Kataloğu,,"Nissan Yol Yardımı 0800 211 6163
Nissan Yol Yardımı 0212 225 4959",Var,,,,,Turbo,,4,1332 cc,Direkt Enjeksiyon,10.1 saniye,198 km/s,270 nm,160 BG,,,Japonya,,Binek,Tekna,SUV,2020,İçten Yanmalı (Standart),2014 tl/yıl,C,Qashqai,Benzin,https://www.epey.com/araba/2020-nissan-qashqai-1-3-dig-t-160-ps-dct-tekna-4x2.html,,,,,,,122 g/km,5.4 lt,55 lt,,4.6 lt,6.7 lt,,,5 yıldız,2020 Nissan Qashqai 1.3 DIG-T 160 PS DCT Tekna (4x2) NCAP/ANCAP Web Sayfası,2014,Var,,,,,,,,Önden Çekişli,,,,,7 ileri,Otomatik,DCT (Yarı Otm.)
1315 kg,10.72 mt.,1806 mm,4394 mm,1590 mm,1598 lt,401 lt,,2020 Nissan Qashqai 1.3 DIG-T 160 PS DCT UEFA Champions League Edition (4x2),,,,,,2020 Nissan Qashqai 1.3 DIG-T 160 PS DCT UEFA Champions League Edition (4x2) Test Sürüşü Talep Sayfası,2020 Nissan Qashqai 1.3 DIG-T 160 PS DCT UEFA Champions League Edition (4x2) Ürün Kataloğu,,"Nissan Yol Yardımı 0800 211 6163
Nissan Yol Yardımı 0212 225 4959",Var,,,,,Turbo,,4,1332 cc,Direkt Enjeksiyon,10.1 saniye,198 km/s,270 nm,160 BG,,,Japonya,,Binek,UEFA Champions League Edition,SUV,2020,İçten Yanmalı (Standart),2014 tl/yıl,C,Qashqai,Benzin,https://www.epey.com/araba/2020-nissan-qashqai-1-3-dig-t-160-ps-dct-uefa-champions-league-edition-4x2.html,,,,,,,122 g/km,5.4 lt,55 lt,,4.6 lt,6.7 lt,,,5 yıldız,2020 Nissan Qashqai 1.3 DIG-T 160 PS DCT UEFA Champions League Edition (4x2) NCAP/ANCAP Web Sayfası,2014,Var,,,,,,,,Önden Çekişli,,,,,7 ileri,Otomatik,DCT (Yarı Otm.)
1315 kg,10.72 mt.,1806 mm,4394 mm,1590 mm,1598 lt,401 lt,,2020 Nissan Qashqai 1.3 DIG-T 160 PS DCT Visia (4x2),,,,,,2020 Nissan Qashqai 1.3 DIG-T 160 PS DCT Visia (4x2) Test Sürüşü Talep Sayfası,2020 Nissan Qashqai 1.3 DIG-T 160 PS DCT Visia (4x2) Ürün Kataloğu,,"Nissan Yol Yardımı 0800 211 6163
Nissan Yol Yardımı 0212 225 4959",Var,,,,,Turbo,,4,1332 cc,Direkt Enjeksiyon,10.1 saniye,198 km/s,270 nm,160 BG,,,Japonya,,Binek,Visia,SUV,2020,İçten Yanmalı (Standart),2014 tl/yıl,C,Qashqai,Benzin,https://www.epey.com/araba/2020-nissan-qashqai-1-3-dig-t-160-ps-dct-visia-4x2.html,,,,,,,122 g/km,5.4 lt,55 lt,,4.6 lt,6.7 lt,,,5 yıldız,2020 Nissan Qashqai 1.3 DIG-T 160 PS DCT Visia (4x2) NCAP/ANCAP Web Sayfası,2014,Var,,,,,,,,Önden Çekişli,,,,,7 ileri,Otomatik,DCT (Yarı Otm.)
1400 kg,10.72 mt.,1806 mm,4394 mm,1590 mm,1598 lt,401 lt,,2020 Nissan Qashqai 1.5 dCi 115 PS DCT UEFA Champions League Edition (4x2),,,,,,2020 Nissan Qashqai 1.5 dCi 115 PS DCT UEFA Champions League Edition (4x2) Test Sürüşü Talep Sayfası,2020 Nissan Qashqai 1.5 dCi 115 PS DCT UEFA Champions League Edition (4x2) Ürün Kataloğu,,"Nissan Yol Yardımı 0800 211 6163
Nissan Yol Yardımı 0212 225 4959",Var,,,,,Turbo,,4,1461 cc,Common Rail Direkt Enjeksiyon,13.0 saniye,183 km/s,260 nm,115 BG,,,Japonya,,Binek,UEFA Champions League Edition,SUV,2020,İçten Yanmalı (Standart),2014 tl/yıl,C,Qashqai,Dizel,https://www.epey.com/araba/2020-nissan-qashqai-1-5-dci-115-ps-dct-platinum-p-pack-4x2.html,,,,,,,106 g/km,4.0 lt,55 lt,,3.8 lt,4.5 lt,,,5 yıldız,2020 Nissan Qashqai 1.5 dCi 115 PS DCT UEFA Champions League Edition (4x2) NCAP/ANCAP Web Sayfası,2014,Var,,,,,,,,Önden Çekişli,,,,,7 ileri,Otomatik,DCT (Yarı Otm.)
1400 kg,10.72 mt.,1806 mm,4394 mm,1590 mm,1598 lt,401 lt,,2020 Nissan Qashqai 1.5 dCi 115 PS DCT Sky Pack (4x2),,,,,,2020 Nissan Qashqai 1.5 dCi 115 PS DCT Sky Pack (4x2) Test Sürüşü Talep Sayfası,2020 Nissan Qashqai 1.5 dCi 115 PS DCT Sky Pack (4x2) Ürün Kataloğu,,"Nissan Yol Yardımı 0800 211 6163
Nissan Yol Yardımı 0212 225 4959",Var,,,,,Turbo,,4,1461 cc,Common Rail Direkt Enjeksiyon,13.0 saniye,183 km/s,260 nm,115 BG,,,Japonya,,Binek,Sky Pack,SUV,2020,İçten Yanmalı (Standart),2014 tl/yıl,C,Qashqai,Dizel,https://www.epey.com/araba/2020-nissan-qashqai-1-5-dci-115-ps-dct-sky-pack-4x2.html,,,,,,,106 g/km,4.0 lt,55 lt,,3.8 lt,4.5 lt,,,5 yıldız,2020 Nissan Qashqai 1.5 dCi 115 PS DCT Sky Pack (4x2) NCAP/ANCAP Web Sayfası,2014,Var,,,,,,,,Önden Çekişli,,,,,7 ileri,Otomatik,DCT (Yarı Otm.)
1400 kg,10.72 mt.,1806 mm,4394 mm,1590 mm,1598 lt,401 lt,,2020 Nissan Qashqai 1.5 dCi 115 PS DCT Tekna (4x2),,,,,,2020 Nissan Qashqai 1.5 dCi 115 PS DCT Tekna (4x2) Test Sürüşü Talep Sayfası,2020 Nissan Qashqai 1.5 dCi 115 PS DCT Tekna (4x2) Ürün Kataloğu,,"Nissan Yol Yardımı 0800 211 6163
Nissan Yol Yardımı 0212 225 4959",Var,,,,,Turbo,,4,1461 cc,Common Rail Direkt Enjeksiyon,13.0 saniye,183 km/s,260 nm,115 BG,,,Japonya,,Binek,Tekna,SUV,2020,İçten Yanmalı (Standart),2014 tl/yıl,C,Qashqai,Dizel,https://www.epey.com/araba/2020-nissan-qashqai-1-5-dci-115-ps-dct-tekna-4x2.html,,,,,,,106 g/km,4.0 lt,55 lt,,3.8 lt,4.5 lt,,,5 yıldız,2020 Nissan Qashqai 1.5 dCi 115 PS DCT Tekna (4x2) NCAP/ANCAP Web Sayfası,2014,Var,,,,,,,,Önden Çekişli,,,,,7 ileri,Otomatik,DCT (Yarı Otm.)
1400 kg,10.72 mt.,1806 mm,4394 mm,1590 mm,1598 lt,401 lt,,2020 Nissan Qashqai 1.5 dCi 115 PS DCT Visia (4x2),,,,,,2020 Nissan Qashqai 1.5 dCi 115 PS DCT Visia (4x2) Test Sürüşü Talep Sayfası,2020 Nissan Qashqai 1.5 dCi 115 PS DCT Visia (4x2) Ürün Kataloğu,,"Nissan Yol Yardımı 0800 211 6163
Nissan Yol Yardımı 0212 225 4959",Var,,,,,Turbo,,4,1461 cc,Common Rail Direkt Enjeksiyon,13.0 saniye,183 km/s,260 nm,115 BG,,,Japonya,,Binek,Visia,SUV,2020,İçten Yanmalı (Standart),2014 tl/yıl,C,Qashqai,Dizel,https://www.epey.com/araba/2020-nissan-qashqai-1-5-dci-115-ps-dct-visia-4x2.html,,,,,,,106 g/km,4.0 lt,55 lt,,3.8 lt,4.5 lt,,,5 yıldız,2020 Nissan Qashqai 1.5 dCi 115 PS DCT Visia (4x2) NCAP/ANCAP Web Sayfası,2014,Var,,,,,,,,Önden Çekişli,,,,,7 ileri,Otomatik,DCT (Yarı Otm.)
1385 kg,10.72 mt.,1806 mm,4394 mm,1590 mm,1598 lt,401 lt,,2020 Nissan Qashqai 1.5 dCi 115 PS SkyPack (4x2),,,,,,2020 Nissan Qashqai 1.5 dCi 115 PS SkyPack (4x2) Test Sürüşü Talep Sayfası,2020 Nissan Qashqai 1.5 dCi 115 PS SkyPack (4x2) Ürün Kataloğu,,"Nissan Yol Yardımı 0800 211 6163
Nissan Yol Yardımı 0212 225 4959",Var,,,,,Turbo,,4,1461 cc,Common Rail Direkt Enjeksiyon,12.3 saniye,181 km/s,260 nm,115 BG,,,Japonya,,Binek,Sky Pack,SUV,2020,İçten Yanmalı (Standart),2014 tl/yıl,C,Qashqai,Dizel,https://www.epey.com/araba/2020-nissan-qashqai-1-5-dci-115-ps-skypack-4x2.html,,,,,,,100 g/km,3.8 lt,55 lt,,3.5 lt,4.3 lt,,,5 yıldız,2020 Nissan Qashqai 1.5 dCi 115 PS SkyPack (4x2) NCAP/ANCAP Web Sayfası,2014,Var,,,,,,,,Önden Çekişli,,,,,6 ileri,Manuel,
1385 kg,10.72 mt.,1806 mm,4394 mm,1590 mm,1598 lt,401 lt,,2020 Nissan Qashqai 1.5 dCi 115 PS Tekna (4x2),,,,,,2020 Nissan Qashqai 1.5 dCi 115 PS Tekna (4x2) Test Sürüşü Talep Sayfası,2020 Nissan Qashqai 1.5 dCi 115 PS Tekna (4x2) Ürün Kataloğu,,"Nissan Yol Yardımı 0800 211 6163
Nissan Yol Yardımı 0212 225 4959",Var,,,,,Turbo,,4,1461 cc,Common Rail Direkt Enjeksiyon,12.3 saniye,181 km/s,260 nm,115 BG,,,Japonya,,Binek,Tekna,SUV,2020,İçten Yanmalı (Standart),2014 tl/yıl,C,Qashqai,Dizel,https://www.epey.com/araba/2020-nissan-qashqai-1-5-dci-115-ps-tekna-4x2.html,,,,,,,100 g/km,3.8 lt,55 lt,,3.5 lt,4.3 lt,,,5 yıldız,2020 Nissan Qashqai 1.5 dCi 115 PS Tekna (4x2) NCAP/ANCAP Web Sayfası,2014,Var,,,,,,,,Önden Çekişli,,,,,6 ileri,Manuel,
1385 kg,10.72 mt.,1806 mm,4394 mm,1590 mm,1598 lt,401 lt,,2020 Nissan Qashqai 1.5 dCi 115 PS Visia (4x2),,,,,,2020 Nissan Qashqai 1.5 dCi 115 PS Visia (4x2) Test Sürüşü Talep Sayfası,2020 Nissan Qashqai 1.5 dCi 115 PS Visia (4x2) Ürün Kataloğu,,"Nissan Yol Yardımı 0800 211 6163
Nissan Yol Yardımı 0212 225 4959",Var,,,,,Turbo,,4,1461 cc,Common Rail Direkt Enjeksiyon,12.3 saniye,181 km/s,260 nm,115 BG,,,Japonya,,Binek,Visia,SUV,2020,İçten Yanmalı (Standart),2014 tl/yıl,C,Qashqai,Dizel,https://www.epey.com/araba/2020-nissan-qashqai-1-5-dci-115-ps-visia-4x2.html,,,,,,,100 g/km,3.8 lt,55 lt,,3.5 lt,4.3 lt,,,5 yıldız,2020 Nissan Qashqai 1.5 dCi 115 PS Visia (4x2) NCAP/ANCAP Web Sayfası,2014,Var,,,,,,,,Önden Çekişli,,,,,6 ileri,Manuel,
1560 kg,,1820 mm,4690 mm,1710 mm,1996 lt,565 lt,,2020 Nissan X-Trail 1.3 DIG-T 160 BG DCT Design Pack (4x2),,,,,,2020 Nissan X-Trail 1.3 DIG-T 160 BG DCT Design Pack (4x2) Test Sürüşü Talep Sayfası,2020 Nissan X-Trail 1.3 DIG-T 160 BG DCT Design Pack (4x2) Ürün Kataloğu,"3 Yıl / 100 Bin Km Mekanik
12 Yıl Paslanmazlık","Nissan Yol Yardımı 0800 211 6163
Nissan Yol Yardımı 0212 225 4959",Var,,,,,Turbo,,4,1332 cc,Direkt Enjeksiyon,11.5 saniye,198 km/s,270 nm,160 BG,,,Japonya,,Binek,Design Pack,SUV,2020,İçten Yanmalı (Standart),2014 tl/yıl,D,X-Trail,Benzin,https://www.epey.com/araba/2020-nissan-x-trail-1-3-dig-t-160-bg-dct-design-pack-4x2.html,,,,,,,154 g/km,6.8 lt,60 lt,,6.1 lt,7.8 lt,,,5 yıldız,2020 Nissan X-Trail 1.3 DIG-T 160 BG DCT Design Pack (4x2) NCAP/ANCAP Web Sayfası,2014,Var,,,,,,,,Önden Çekişli,,,,,7 ileri,Otomatik,DCT (Yarı Otm.)
1560 kg,,1820 mm,4690 mm,1710 mm,1996 lt,565 lt,,2020 Nissan X-Trail 1.3 DIG-T 160 BG DCT Platinum (4x2),,,,,,2020 Nissan X-Trail 1.3 DIG-T 160 BG DCT Platinum (4x2) Test Sürüşü Talep Sayfası,2020 Nissan X-Trail 1.3 DIG-T 160 BG DCT Platinum (4x2) Ürün Kataloğu,"3 Yıl / 100 Bin Km Mekanik
12 Yıl Paslanmazlık","Nissan Yol Yardımı 0800 211 6163
Nissan Yol Yardımı 0212 225 4959",Var,,,,,Turbo,,4,1332 cc,Direkt Enjeksiyon,11.5 saniye,198 km/s,270 nm,160 BG,,,Japonya,,Binek,Platinum,SUV,2020,İçten Yanmalı (Standart),2014 tl/yıl,D,X-Trail,Benzin,https://www.epey.com/araba/2020-nissan-x-trail-1-3-dig-t-160-bg-dct-platinum-4x2.html,,,,,,,154 g/km,6.8 lt,60 lt,,6.1 lt,7.8 lt,,,5 yıldız,2020 Nissan X-Trail 1.3 DIG-T 160 BG DCT Platinum (4x2) NCAP/ANCAP Web Sayfası,2014,Var,,,,,,,,Önden Çekişli,,,,,7 ileri,Otomatik,DCT (Yarı Otm.)
1560 kg,,1820 mm,4690 mm,1710 mm,1996 lt,565 lt,,2020 Nissan X-Trail 1.3 DIG-T 160 BG DCT Platinum 7K.(4x2),,,,,,2020 Nissan X-Trail 1.3 DIG-T 160 BG DCT Platinum 7K.(4x2) Test Sürüşü Talep Sayfası,2020 Nissan X-Trail 1.3 DIG-T 160 BG DCT Platinum 7K.(4x2) Ürün Kataloğu,"3 Yıl / 100 Bin Km Mekanik
12 Yıl Paslanmazlık","Nissan Yol Yardımı 0800 211 6163
Nissan Yol Yardımı 0212 225 4959",Var,,,,,Turbo,,4,1332 cc,Direkt Enjeksiyon,11.5 saniye,198 km/s,270 nm,160 BG,,,Japonya,,Binek,Platinum,SUV,2020,İçten Yanmalı (Standart),2014 tl/yıl,D,X-Trail,Benzin,https://www.epey.com/araba/2020-nissan-x-trail-1-3-dig-t-160-bg-dct-platinum-7k-4x2.html,,,,,,,154 g/km,6.8 lt,60 lt,,6.1 lt,7.8 lt,,,5 yıldız,2020 Nissan X-Trail 1.3 DIG-T 160 BG DCT Platinum 7K.(4x2) NCAP/ANCAP Web Sayfası,2014,Var,,,,,,,,Önden Çekişli,,,,,7 ileri,Otomatik,DCT (Yarı Otm.)
1205 kg,,1809 mm,4370 mm,1485 mm,830 lt,360 lt,,2020 Opel Astra HB 1.2 110 HP Edition,,,,,,2020 Opel Astra HB 1.2 110 HP Edition Test Sürüşü Talep Sayfası,2020 Opel Astra HB 1.2 110 HP Edition Ürün Kataloğu,"2 Yıl Sınırsız Km Mekanik
12 Yıl Paslanmazlık","Opel Yol Yardım 0212 274 7447
Opel Yol Yardım 0800 211 4026",Var,,,,,Turbo,,3,1199 cc,Direkt Enjeksiyon,10.4 saniye,200 km/s,195 nm,110 BG,,,Almanya,Hatchback,Binek,Edition,Hatchback,2020,İçten Yanmalı (Standart),1156 tl/yıl,C,Astra,Benzin,https://www.epey.com/araba/2020-opel-astra-hb-1-2-110-hp-edition.html,,,,,,,101 g/km,4.4 lt,48 lt,,3.8 lt,5.4 lt,,,5 yıldız,2020 Opel Astra HB 1.2 110 HP Edition NCAP/ANCAP Web Sayfası,2015,Var,,,,,,,,Önden Çekişli,,,,,6 ileri,Manuel,
1270 kg,,1809 mm,4370 mm,1485 mm,830 lt,360 lt,,2020 Opel Astra HB 1.4 145 HP CVT GS Line,,,,,,2020 Opel Astra HB 1.4 145 HP CVT GS Line Test Sürüşü Talep Sayfası,2020 Opel Astra HB 1.4 145 HP CVT GS Line Ürün Kataloğu,"2 Yıl Sınırsız Km Mekanik
12 Yıl Paslanmazlık","Opel Yol Yardım 0212 274 7447
Opel Yol Yardım 0800 211 4026",Var,,,,,Turbo,,3,1342 cc,Direkt Enjeksiyon,9.8 saniye,210 km/s,236 nm,145 BG,,,Almanya,Hatchback,Binek,GS Line,Hatchback,2020,İçten Yanmalı (Standart),2014 tl/yıl,C,Astra,Benzin,https://www.epey.com/araba/2020-opel-astra-hb-1-4-145-hp-cvt-gs-line.html,,,,,,,115 g/km,5.0 lt,48 lt,,4.2 lt,6.4 lt,,,5 yıldız,2020 Opel Astra HB 1.4 145 HP CVT GS Line NCAP/ANCAP Web Sayfası,2015,Var,,,,,,,,Önden Çekişli,,,,,,Otomatik,CVT
1320 kg,,1809 mm,4370 mm,1485 mm,830 lt,360 lt,,2020 Opel Astra HB 1.5 Dizel 122 HP Otomatik Edtion,,,,,,2020 Opel Astra HB 1.5 Dizel 122 HP Otomatik Edtion Test Sürüşü Talep Sayfası,2020 Opel Astra HB 1.5 Dizel 122 HP Otomatik Edtion Ürün Kataloğu,"2 Yıl Sınırsız Km Mekanik
12 Yıl Paslanmazlık","Opel Yol Yardım 0212 274 7447
Opel Yol Yardım 0800 211 4026",Var,,,,,Turbo,,3,1496 cc,Common Rail Direkt Enjeksiyon,10.6 saniye,205 km/s,300 nm,122 BG,,,Almanya,Hatchback,Binek,Edition,Hatchback,2020,İçten Yanmalı (Standart),2014 tl/yıl,C,Astra,Dizel,https://www.epey.com/araba/2020-opel-astra-hb-1-5-dizel-122-hp-otomatik-edtion.html,,,,,,,122 g/km,4.6 lt,48 lt,Euro 6d,3.9 lt,5.8 lt,,,5 yıldız,2020 Opel Astra HB 1.5 Dizel 122 HP Otomatik Edtion NCAP/ANCAP Web Sayfası,2015,Var,,,,,,,,Önden Çekişli,,,,,9 ileri,Otomatik,
1320 kg,,1809 mm,4370 mm,1485 mm,830 lt,360 lt,,2020 Opel Astra HB 1.5 Dizel 122 HP Otomatik Elegance,,,,,,2020 Opel Astra HB 1.5 Dizel 122 HP Otomatik Elegance Test Sürüşü Talep Sayfası,2020 Opel Astra HB 1.5 Dizel 122 HP Otomatik Elegance Ürün Kataloğu,"2 Yıl Sınırsız Km Mekanik
12 Yıl Paslanmazlık","Opel Yol Yardım 0212 274 7447
Opel Yol Yardım 0800 211 4026",Var,,,,,Turbo,,3,1496 cc,Common Rail Direkt Enjeksiyon,10.6 saniye,205 km/s,300 nm,122 BG,,,Almanya,Hatchback,Binek,Elegance,Hatchback,2020,İçten Yanmalı (Standart),2014 tl/yıl,C,Astra,Dizel,https://www.epey.com/araba/2020-opel-astra-hb-1-5-dizel-122-hp-otomatik-elegance.html,,,,,,,122 g/km,4.6 lt,48 lt,Euro 6d,3.9 lt,5.8 lt,,,5 yıldız,2020 Opel Astra HB 1.5 Dizel 122 HP Otomatik Elegance NCAP/ANCAP Web Sayfası,2015,Var,,,,,,,,Önden Çekişli,,,,,9 ileri,Otomatik,
1320 kg,,1809 mm,4370 mm,1485 mm,830 lt,360 lt,,2020 Opel Astra HB 1.5 Dizel 122 HP Otomatik GS Line,,,,,,2020 Opel Astra HB 1.5 Dizel 122 HP Otomatik GS Line Test Sürüşü Talep Sayfası,2020 Opel Astra HB 1.5 Dizel 122 HP Otomatik GS Line Ürün Kataloğu,"2 Yıl Sınırsız Km Mekanik
12 Yıl Paslanmazlık","Opel Yol Yardım 0212 274 7447
Opel Yol Yardım 0800 211 4026",Var,,,,,Turbo,,3,1496 cc,Common Rail Direkt Enjeksiyon,10.6 saniye,205 km/s,300 nm,122 BG,,,Almanya,Hatchback,Binek,GS Line,Hatchback,2020,İçten Yanmalı (Standart),2014 tl/yıl,C,Astra,Dizel,https://www.epey.com/araba/2020-opel-astra-hb-1-5-dizel-122-hp-otomatik-gs-line.html,,,,,,,122 g/km,4.6 lt,48 lt,Euro 6d,3.9 lt,5.8 lt,,,5 yıldız,2020 Opel Astra HB 1.5 Dizel 122 HP Otomatik GS Line NCAP/ANCAP Web Sayfası,2015,Var,,,,,,,,Önden Çekişli,,,,,9 ileri,Otomatik,
,,1814 mm,4658 mm,1500 mm,,420 lt,,2020 Opel Astra Sedan 1.4 140 HP Edition Plus,,,,,,2020 Opel Astra Sedan 1.4 140 HP Edition Plus Test Sürüşü Talep Sayfası,2020 Opel Astra Sedan 1.4 140 HP Edition Plus Ürün Kataloğu,"2 Yıl Sınırsız Km Mekanik
12 Yıl Paslanmazlık","Opel Yol Yardım 0212 274 7447
Opel Yol Yardım 0800 211 4026",Var,,,,,Turbo,,4,1364 cc,Çok Noktadan Enjeksiyon,10.2 saniye,207 km/s,200 nm,140 BG,,,Almanya,Sedan,Binek,Edition Plus,Sedan,2020,İçten Yanmalı (Standart),2014 tl/yıl,C,Astra,Benzin,https://www.epey.com/araba/2020-opel-astra-sedan-1-4-140-hp-edition-plus.html,,,,,,,144 g/km,6.1 lt,56 lt,Euro 6,5.1 lt,7.9 lt,,,5 yıldız,2020 Opel Astra Sedan 1.4 140 HP Edition Plus NCAP/ANCAP Web Sayfası,2012,Var,,,,,,,,Önden Çekişli,,,,,6 ileri,Manuel,
1408 kg,,1814 mm,4658 mm,1500 mm,,420 lt,,2020 Opel Astra Sedan 1.4 140 HP Otomatik Edition Plus,,,,,,2020 Opel Astra Sedan 1.4 140 HP Otomatik Edition Plus Test Sürüşü Talep Sayfası,2020 Opel Astra Sedan 1.4 140 HP Otomatik Edition Plus Ürün Kataloğu,"2 Yıl Sınırsız Km Mekanik
12 Yıl Paslanmazlık","Opel Yol Yardım 0212 274 7447
Opel Yol Yardım 0800 211 4026",Var,,,,,Turbo,,4,1364 cc,Çok Noktadan Enjeksiyon,10.2 saniye,205 km/s,200 nm,140 BG,,,Almanya,Sedan,Binek,Edition Plus,Sedan,2020,İçten Yanmalı (Standart),2014 tl/yıl,C,Astra,Benzin,https://www.epey.com/araba/2020-opel-astra-sedan-1-4-140-hp-otomatik-edition-plus.html,,,,,,,157 g/km,6.7 lt,56 lt,Euro 6,5.6 lt,8.5 lt,,,5 yıldız,2020 Opel Astra Sedan 1.4 140 HP Otomatik Edition Plus NCAP/ANCAP Web Sayfası,2012,Var,,,,,,,,Önden Çekişli,,,,,6 ileri,Otomatik,
1408 kg,,1814 mm,4658 mm,1500 mm,,420 lt,,2020 Opel Astra Sedan 1.4 140 HP Otomatik Sport,,,,,,2020 Opel Astra Sedan 1.4 140 HP Otomatik Sport Test Sürüşü Talep Sayfası,2020 Opel Astra Sedan 1.4 140 HP Otomatik Sport Ürün Kataloğu,"2 Yıl Sınırsız Km Mekanik
12 Yıl Paslanmazlık","Opel Yol Yardım 0212 274 7447
Opel Yol Yardım 0800 211 4026",Var,,,,,Turbo,,4,1364 cc,Çok Noktadan Enjeksiyon,10.2 saniye,205 km/s,200 nm,140 BG,,,Almanya,Sedan,Binek,Sport,Sedan,2020,İçten Yanmalı (Standart),2014 tl/yıl,C,Astra,Benzin,https://www.epey.com/araba/2020-opel-astra-sedan-1-4-140-hp-otomatik-sport.html,,,,,,,157 g/km,6.7 lt,56 lt,Euro 6,5.6 lt,8.5 lt,,,5 yıldız,2020 Opel Astra Sedan 1.4 140 HP Otomatik Sport NCAP/ANCAP Web Sayfası,2012,Var,,,,,,,,Önden Çekişli,,,,,6 ileri,Otomatik,
1320 kg,,1841 mm,4447 mm,1620 mm,1482 lt,520 lt,,2020 Peugeot 3008 1.2 130 HP EAT8 Active (4x2),,,,,,2020 Peugeot 3008 1.2 130 HP EAT8 Active (4x2) Test Sürüşü Talep Sayfası,2020 Peugeot 3008 1.2 130 HP EAT8 Active (4x2) Ürün Kataloğu,"2 Yıl Sınırsız Km Mekanik
12 Yıl Paslanmazlık",Peugeot Assistance 0212 292 2626,Var,,,,,Turbo,PureTech (Yakıt Tasarrufu),3,1199 cc,Çok Noktadan Enjeksiyon,9.7 saniye,197 km/s,230 nm,130 BG,,,Fransa,,Binek,Active,SUV,2020,İçten Yanmalı (Standart),1156 tl/yıl,C,3008,Benzin,https://www.epey.com/araba/2020-peugeot-3008-1-2-130-hp-eat8-active-dynamic-4x2.html,,,,,,,120 g/km,5.2 lt,53 lt,Euro 6,4.8 lt,6.1 lt,,,5 yıldız,2020 Peugeot 3008 1.2 130 HP EAT8 Active (4x2) NCAP/ANCAP Web Sayfası,2016,Var,,,,,,,,Önden Çekişli,,,,,8 ileri,Otomatik,EAT8 (Otomatik)
1320 kg,,1841 mm,4447 mm,1624 mm,1482 lt,520 lt,,2020 Peugeot 3008 1.2 130 HP EAT8 Active Prime (4x2),,,,,,2020 Peugeot 3008 1.2 130 HP EAT8 Active Prime (4x2) Test Sürüşü Talep Sayfası,2020 Peugeot 3008 1.2 130 HP EAT8 Active Prime (4x2) Ürün Kataloğu,"2 Yıl Sınırsız Km Mekanik
12 Yıl Paslanmazlık",Peugeot Assistance 0212 292 2626,Var,,,,,Turbo,PureTech (Yakıt Tasarrufu),3,1199 cc,Çok Noktadan Enjeksiyon,9.7 saniye,188 km/s,230 nm,130 BG,,,Fransa,,Binek,Active Prime,SUV,2020,İçten Yanmalı (Standart),1156 tl/yıl,C,3008,Benzin,https://www.epey.com/araba/2020-peugeot-3008-1-2-130-hp-eat8-active-prime-4x2.html,,,,,,,122 g/km,5.4 lt,53 lt,Euro 6,4.9 lt,6.1 lt,,,5 yıldız,2020 Peugeot 3008 1.2 130 HP EAT8 Active Prime (4x2) NCAP/ANCAP Web Sayfası,2016,Var,,,,,,,,Önden Çekişli,,,,,8 ileri,Otomatik,EAT8 (Otomatik)
1320 kg,,1841 mm,4447 mm,1620 mm,1482 lt,520 lt,,2020 Peugeot 3008 1.2 130 HP EAT8 Allure Dynamic (4x2),,,,,,2020 Peugeot 3008 1.2 130 HP EAT8 Allure Dynamic (4x2) Test Sürüşü Talep Sayfası,2020 Peugeot 3008 1.2 130 HP EAT8 Allure Dynamic (4x2) Ürün Kataloğu,"2 Yıl Sınırsız Km Mekanik
12 Yıl Paslanmazlık",Peugeot Assistance 0212 292 2626,Var,,,,,Turbo,PureTech (Yakıt Tasarrufu),3,1199 cc,Çok Noktadan Enjeksiyon,9.7 saniye,197 km/s,230 nm,130 BG,,,Fransa,,Binek,Allure Dynamic,SUV,2020,İçten Yanmalı (Standart),1156 tl/yıl,C,3008,Benzin,https://www.epey.com/araba/2020-peugeot-3008-1-2-130-hp-eat8-allure-dynamic-4x2.html,,,,,,,120 g/km,5.2 lt,53 lt,Euro 6,4.8 lt,6.1 lt,,,5 yıldız,2020 Peugeot 3008 1.2 130 HP EAT8 Allure Dynamic (4x2) NCAP/ANCAP Web Sayfası,2016,Var,,,,,,,,Önden Çekişli,,,,,8 ileri,Otomatik,EAT8 (Otomatik)
1320 kg,,1841 mm,4447 mm,1620 mm,1482 lt,520 lt,,2020 Peugeot 3008 1.2 130 HP EAT8 GT-Line Dynamic (4x2),,,,,,2020 Peugeot 3008 1.2 130 HP EAT8 GT-Line Dynamic (4x2) Test Sürüşü Talep Sayfası,2020 Peugeot 3008 1.2 130 HP EAT8 GT-Line Dynamic (4x2) Ürün Kataloğu,"2 Yıl Sınırsız Km Mekanik
12 Yıl Paslanmazlık",Peugeot Assistance 0212 292 2626,Var,,,,,Turbo,PureTech (Yakıt Tasarrufu),3,1199 cc,Çok Noktadan Enjeksiyon,9.7 saniye,197 km/s,230 nm,130 BG,,,Fransa,,Binek,GT-Line Dynamic,SUV,2020,İçten Yanmalı (Standart),1156 tl/yıl,C,3008,Benzin,https://www.epey.com/araba/2020-peugeot-3008-1-2-130-hp-eat8-gt-line-dynamic-4x2.html,,,,,,,120 g/km,5.2 lt,53 lt,Euro 6,4.8 lt,6.1 lt,,,5 yıldız,2020 Peugeot 3008 1.2 130 HP EAT8 GT-Line Dynamic (4x2) NCAP/ANCAP Web Sayfası,2016,Var,,,,,,,,Önden Çekişli,,,,,8 ileri,Otomatik,EAT8 (Otomatik)
1430 kg,,1841 mm,4447 mm,1620 mm,1482 lt,520 lt,,2020 Peugeot 3008 1.5 BlueHDi 130 HP EAT6 Active Life Prime Ed.(4x2),,,,,,2020 Peugeot 3008 1.5 BlueHDi 130 HP EAT6 Active Life Prime Ed.(4x2) Test Sürüşü Talep Sayfası,2020 Peugeot 3008 1.5 BlueHDi 130 HP EAT6 Active Life Prime Ed.(4x2) Ürün Kataloğu,"2 Yıl Sınırsız Km Mekanik
12 Yıl Paslanmazlık",Peugeot Assistance 0212 292 2626,Var,,,,,Turbo,,4,1499 cc,Common Rail Direkt Enjeksiyon,9.8 saniye,193 km/s,300 nm,130 BG,,,Fransa,,Binek,Active Life Prime Edition,SUV,2020,İçten Yanmalı (Standart),2014 tl/yıl,C,3008,Dizel,https://www.epey.com/araba/2020-peugeot-3008-1-5-bluehdi-130-hp-eat6-active-life-prime-ed-4x2.html,,,,,,,109 g/km,4.1 lt,53 lt,Euro 6,3.9 lt,4.5 lt,,,5 yıldız,2020 Peugeot 3008 1.5 BlueHDi 130 HP EAT6 Active Life Prime Ed.(4x2) NCAP/ANCAP Web Sayfası,2016,Var,,,,,,,,Önden Çekişli,,,,,6 ileri,Otomatik,EAT6 (Otomatik)
1430 kg,,1841 mm,4447 mm,1620 mm,1482 lt,520 lt,,2020 Peugeot 3008 1.5 BlueHDi 130 HP EAT6 Active Life Sport P.(4x2),,,,,,2020 Peugeot 3008 1.5 BlueHDi 130 HP EAT6 Active Life Sport P.(4x2) Test Sürüşü Talep Sayfası,2020 Peugeot 3008 1.5 BlueHDi 130 HP EAT6 Active Life Sport P.(4x2) Ürün Kataloğu,"2 Yıl Sınırsız Km Mekanik
12 Yıl Paslanmazlık",Peugeot Assistance 0212 292 2626,Var,,,,,Turbo,,4,1499 cc,Common Rail Direkt Enjeksiyon,9.8 saniye,193 km/s,300 nm,130 BG,,,Fransa,,Binek,Active Life Sport Pack,SUV,2020,İçten Yanmalı (Standart),2014 tl/yıl,C,3008,Dizel,https://www.epey.com/araba/2020-peugeot-3008-1-5-bluehdi-130-hp-eat6-active-life-s-p-4x2.html,,,,,,,109 g/km,4.1 lt,53 lt,Euro 6,3.9 lt,4.5 lt,,,5 yıldız,2020 Peugeot 3008 1.5 BlueHDi 130 HP EAT6 Active Life Sport P.(4x2) NCAP/ANCAP Web Sayfası,2016,Var,,,,,,,,Önden Çekişli,,,,,6 ileri,Otomatik,EAT6 (Otomatik)
1430 kg,,1841 mm,4447 mm,1620 mm,1482 lt,520 lt,,2020 Peugeot 3008 1.5 BlueHDi 130 HP EAT6 Active Life Sky P.(4x2),,,,,,2020 Peugeot 3008 1.5 BlueHDi 130 HP EAT6 Active Life Sky P.(4x2) Test Sürüşü Talep Sayfası,2020 Peugeot 3008 1.5 BlueHDi 130 HP EAT6 Active Life Sky P.(4x2) Ürün Kataloğu,"2 Yıl Sınırsız Km Mekanik
12 Yıl Paslanmazlık",Peugeot Assistance 0212 292 2626,Var,,,,,Turbo,,4,1499 cc,Common Rail Direkt Enjeksiyon,9.8 saniye,193 km/s,300 nm,130 BG,,,Fransa,,Binek,Active Life Sky Pack,SUV,2020,İçten Yanmalı (Standart),2014 tl/yıl,C,3008,Dizel,https://www.epey.com/araba/2020-peugeot-3008-1-5-bluehdi-130-hp-eat6-active-life-sky-p-4x2.html,,,,,,,109 g/km,4.1 lt,53 lt,Euro 6,3.9 lt,4.5 lt,,,5 yıldız,2020 Peugeot 3008 1.5 BlueHDi 130 HP EAT6 Active Life Sky P.(4x2) NCAP/ANCAP Web Sayfası,2016,Var,,,,,,,,Önden Çekişli,,,,,6 ileri,Otomatik,EAT6 (Otomatik)
1430 kg,,1841 mm,4447 mm,1620 mm,1482 lt,520 lt,,2020 Peugeot 3008 1.5 BlueHDi 130 HP EAT6 Allure Selection (4x2),,,,,,2020 Peugeot 3008 1.5 BlueHDi 130 HP EAT6 Allure Selection (4x2) Test Sürüşü Talep Sayfası,2020 Peugeot 3008 1.5 BlueHDi 130 HP EAT6 Allure Selection (4x2) Ürün Kataloğu,"2 Yıl Sınırsız Km Mekanik
12 Yıl Paslanmazlık",Peugeot Assistance 0212 292 2626,Var,,,,,Turbo,,4,1499 cc,Common Rail Direkt Enjeksiyon,9.8 saniye,193 km/s,300 nm,130 BG,,,Fransa,,Binek,Allure Selection,SUV,2020,İçten Yanmalı (Standart),2014 tl/yıl,C,3008,Dizel,https://www.epey.com/araba/2020-peugeot-3008-1-5-bluehdi-130-hp-eat6-allure-4x2.html,,,,,,,109 g/km,4.1 lt,53 lt,Euro 6,3.9 lt,4.5 lt,,,5 yıldız,2020 Peugeot 3008 1.5 BlueHDi 130 HP EAT6 Allure Selection (4x2) NCAP/ANCAP Web Sayfası,2016,Var,,,,,,,,Önden Çekişli,,,,,6 ileri,Otomatik,EAT6 (Otomatik)
1430 kg,,1841 mm,4447 mm,1620 mm,1482 lt,520 lt,,2020 Peugeot 3008 1.5 BlueHDi 130 HP EAT6 Allure Dynamic (4x2),,,,,,2020 Peugeot 3008 1.5 BlueHDi 130 HP EAT6 Allure Dynamic (4x2) Test Sürüşü Talep Sayfası,2020 Peugeot 3008 1.5 BlueHDi 130 HP EAT6 Allure Dynamic (4x2) Ürün Kataloğu,"2 Yıl Sınırsız Km Mekanik
12 Yıl Paslanmazlık",Peugeot Assistance 0212 292 2626,Var,,,,,Turbo,,4,1499 cc,Common Rail Direkt Enjeksiyon,9.8 saniye,193 km/s,300 nm,130 BG,,,Fransa,,Binek,Allure Dynamic,SUV,2020,İçten Yanmalı (Standart),2014 tl/yıl,C,3008,Dizel,https://www.epey.com/araba/2020-peugeot-3008-1-5-bluehdi-130-hp-eat6-allure-dynamic-4x2.html,,,,,,,109 g/km,4.1 lt,53 lt,Euro 6,3.9 lt,4.5 lt,,,5 yıldız,2020 Peugeot 3008 1.5 BlueHDi 130 HP EAT6 Allure Dynamic (4x2) NCAP/ANCAP Web Sayfası,2016,Var,,,,,,,,Önden Çekişli,,,,,6 ileri,Otomatik,EAT6 (Otomatik)
1429 kg,,1841 mm,4447 mm,1624 mm,1482 lt,520 lt,,2020 Peugeot 3008 1.5 BlueHDi 130 HP EAT8 Active Prime (4x2),,,,,,2020 Peugeot 3008 1.5 BlueHDi 130 HP EAT8 Active Prime (4x2) Test Sürüşü Talep Sayfası,2020 Peugeot 3008 1.5 BlueHDi 130 HP EAT8 Active Prime (4x2) Ürün Kataloğu,"2 Yıl Sınırsız Km Mekanik
12 Yıl Paslanmazlık",Peugeot Assistance 0212 292 2626,Var,,,,,Turbo,,4,1499 cc,Common Rail Direkt Enjeksiyon,11.5 saniye,189 km/s,300 nm,130 BG,,,Fransa,,Binek,Active Prime,SUV,2020,İçten Yanmalı (Standart),2014 tl/yıl,C,3008,Dizel,https://www.epey.com/araba/2020-peugeot-3008-1-5-bluehdi-130-hp-eat8-active-prime-4x2.html,,,,,,,104 g/km,4.0 lt,53 lt,Euro 6,3.7 lt,4.4 lt,,,5 yıldız,2020 Peugeot 3008 1.5 BlueHDi 130 HP EAT8 Active Prime (4x2) NCAP/ANCAP Web Sayfası,2016,Var,,,,,,,,Önden Çekişli,,,,,8 ileri,Otomatik,EAT8 (Otomatik)
1429 kg,,1841 mm,4447 mm,1624 mm,1482 lt,520 lt,,2020 Peugeot 3008 1.5 BlueHDi 130 HP EAT8 Allure (4x2),,,,,,2020 Peugeot 3008 1.5 BlueHDi 130 HP EAT8 Allure (4x2) Test Sürüşü Talep Sayfası,2020 Peugeot 3008 1.5 BlueHDi 130 HP EAT8 Allure (4x2) Ürün Kataloğu,"2 Yıl Sınırsız Km Mekanik
12 Yıl Paslanmazlık",Peugeot Assistance 0212 292 2626,Var,,,,,Turbo,,4,1499 cc,Common Rail Direkt Enjeksiyon,11.5 saniye,189 km/s,300 nm,130 BG,,,Fransa,,Binek,Allure,SUV,2020,İçten Yanmalı (Standart),2014 tl/yıl,C,3008,Dizel,https://www.epey.com/araba/2020-peugeot-3008-1-5-bluehdi-130-hp-eat8-allure-4x2.html,,,,,,,104 g/km,4.0 lt,53 lt,Euro 6,3.7 lt,4.4 lt,,,5 yıldız,2020 Peugeot 3008 1.5 BlueHDi 130 HP EAT8 Allure (4x2) NCAP/ANCAP Web Sayfası,2016,Var,,,,,,,,Önden Çekişli,,,,,8 ileri,Otomatik,EAT8 (Otomatik)
1429 kg,,1841 mm,4447 mm,1624 mm,1482 lt,520 lt,,2020 Peugeot 3008 1.5 BlueHDi 130 HP EAT8 GT (4x2),,,,,,2020 Peugeot 3008 1.5 BlueHDi 130 HP EAT8 GT (4x2) Test Sürüşü Talep Sayfası,2020 Peugeot 3008 1.5 BlueHDi 130 HP EAT8 GT (4x2) Ürün Kataloğu,"2 Yıl Sınırsız Km Mekanik
12 Yıl Paslanmazlık",Peugeot Assistance 0212 292 2626,Var,,,,,Turbo,,4,1499 cc,Common Rail Direkt Enjeksiyon,11.5 saniye,189 km/s,300 nm,130 BG,,,Fransa,,Binek,GT,SUV,2020,İçten Yanmalı (Standart),2014 tl/yıl,C,3008,Dizel,https://www.epey.com/araba/2020-peugeot-3008-1-5-bluehdi-130-hp-eat8-gt-4x2.html,,,,,,,104 g/km,4.0 lt,53 lt,Euro 6,3.7 lt,4.4 lt,,,5 yıldız,2020 Peugeot 3008 1.5 BlueHDi 130 HP EAT8 GT (4x2) NCAP/ANCAP Web Sayfası,2016,Var,,,,,,,,Önden Çekişli,,,,,8 ileri,Otomatik,EAT8 (Otomatik)
1430 kg,,1841 mm,4447 mm,1620 mm,1482 lt,520 lt,,2020 Peugeot 3008 1.5 BlueHDi 130 HP EAT8 GT-Line (4x2),,,,,,2020 Peugeot 3008 1.5 BlueHDi 130 HP EAT8 GT-Line (4x2) Test Sürüşü Talep Sayfası,2020 Peugeot 3008 1.5 BlueHDi 130 HP EAT8 GT-Line (4x2) Ürün Kataloğu,"2 Yıl Sınırsız Km Mekanik
12 Yıl Paslanmazlık",Peugeot Assistance 0212 292 2626,Var,,,,,Turbo,,4,1499 cc,Common Rail Direkt Enjeksiyon,11.5 saniye,192 km/s,300 nm,130 BG,,,Fransa,,Binek,GT-Line,SUV,2020,İçten Yanmalı (Standart),2014 tl/yıl,C,3008,Dizel,https://www.epey.com/araba/2020-peugeot-3008-1-5-bluehdi-130-hp-eat8-gt-line-4x2.html,,,,,,,108 g/km,4.1 lt,53 lt,Euro 6,3.9 lt,4.4 lt,,,5 yıldız,2020 Peugeot 3008 1.5 BlueHDi 130 HP EAT8 GT-Line (4x2) NCAP/ANCAP Web Sayfası,2016,Var,,,,,,,,Önden Çekişli,,,,,8 ileri,Otomatik,EAT8 (Otomatik)
1430 kg,,1841 mm,4447 mm,1620 mm,1482 lt,520 lt,,2020 Peugeot 3008 1.5 BlueHDi 130 HP EAT8 GT-Line Dynamic (4x2),,,,,,2020 Peugeot 3008 1.5 BlueHDi 130 HP EAT8 GT-Line Dynamic (4x2) Test Sürüşü Talep Sayfası,2020 Peugeot 3008 1.5 BlueHDi 130 HP EAT8 GT-Line Dynamic (4x2) Ürün Kataloğu,"2 Yıl Sınırsız Km Mekanik
12 Yıl Paslanmazlık",Peugeot Assistance 0212 292 2626,Var,,,,,Turbo,,4,1499 cc,Common Rail Direkt Enjeksiyon,11.5 saniye,192 km/s,300 nm,130 BG,,,Fransa,,Binek,GT-Line Dynamic,SUV,2020,İçten Yanmalı (Standart),2014 tl/yıl,C,3008,Dizel,https://www.epey.com/araba/2020-peugeot-3008-1-5-bluehdi-130-hp-eat8-gt-line-dynamic-4x2.html,,,,,,,108 g/km,4.1 lt,53 lt,Euro 6,3.9 lt,4.4 lt,,,5 yıldız,2020 Peugeot 3008 1.5 BlueHDi 130 HP EAT8 GT-Line Dynamic (4x2) NCAP/ANCAP Web Sayfası,2016,Var,,,,,,,,Önden Çekişli,,,,,8 ileri,Otomatik,EAT8 (Otomatik)
1429 kg,,1841 mm,4447 mm,1624 mm,1482 lt,520 lt,,2020 Peugeot 3008 1.5 BlueHDi 130 HP EAT8 GT Selection (4x2),,,,,,2020 Peugeot 3008 1.5 BlueHDi 130 HP EAT8 GT Selection (4x2) Test Sürüşü Talep Sayfası,2020 Peugeot 3008 1.5 BlueHDi 130 HP EAT8 GT Selection (4x2) Ürün Kataloğu,"2 Yıl Sınırsız Km Mekanik
12 Yıl Paslanmazlık",Peugeot Assistance 0212 292 2626,Var,,,,,Turbo,,4,1499 cc,Common Rail Direkt Enjeksiyon,11.5 saniye,189 km/s,300 nm,130 BG,,,Fransa,,Binek,GT Selection,SUV,2020,İçten Yanmalı (Standart),2014 tl/yıl,C,3008,Dizel,https://www.epey.com/araba/2020-peugeot-3008-1-5-bluehdi-130-hp-eat8-gt-selection-4x2.html,,,,,,,104 g/km,4.0 lt,53 lt,Euro 6,3.7 lt,4.4 lt,,,5 yıldız,2020 Peugeot 3008 1.5 BlueHDi 130 HP EAT8 GT Selection (4x2) NCAP/ANCAP Web Sayfası,2016,Var,,,,,,,,Önden Çekişli,,,,,8 ileri,Otomatik,EAT8 (Otomatik)
1429 kg,,1841 mm,4447 mm,1624 mm,1482 lt,520 lt,,2020 Peugeot 3008 1.6 180 HP EAT8 Allure (4x2),,,,,,2020 Peugeot 3008 1.6 180 HP EAT8 Allure (4x2) Test Sürüşü Talep Sayfası,2020 Peugeot 3008 1.6 180 HP EAT8 Allure (4x2) Ürün Kataloğu,"2 Yıl Sınırsız Km Mekanik
12 Yıl Paslanmazlık",Peugeot Assistance 0212 292 2626,Var,,,,,Turbo,PureTech (Yakıt Tasarrufu),4,1598 cc,Çok Noktadan Enjeksiyon,8.0 saniye,222 km/s,250 nm,180 BG,,,Fransa,,Binek,Active Prime,SUV,2020,İçten Yanmalı (Standart),2014 tl/yıl,C,3008,Benzin,https://www.epey.com/araba/2020-peugeot-3008-1-6-180-hp-eat8-allure-4x2.html,,,,,,,126 g/km,5.5 lt,53 lt,Euro 6,5.0 lt,6.5 lt,,,5 yıldız,2020 Peugeot 3008 1.6 180 HP EAT8 Allure (4x2) NCAP/ANCAP Web Sayfası,2016,Var,,,,,,,,Önden Çekişli,,,,,8 ileri,Otomatik,EAT8 (Otomatik)
1429 kg,,1841 mm,4447 mm,1624 mm,1482 lt,520 lt,,2020 Peugeot 3008 1.6 180 HP EAT8 GT (4x2),,,,,,2020 Peugeot 3008 1.6 180 HP EAT8 GT (4x2) Test Sürüşü Talep Sayfası,2020 Peugeot 3008 1.6 180 HP EAT8 GT (4x2) Ürün Kataloğu,"2 Yıl Sınırsız Km Mekanik
12 Yıl Paslanmazlık",Peugeot Assistance 0212 292 2626,Var,,,,,Turbo,PureTech (Yakıt Tasarrufu),4,1598 cc,Çok Noktadan Enjeksiyon,8.0 saniye,222 km/s,250 nm,180 BG,,,Fransa,,Binek,GT,SUV,2020,İçten Yanmalı (Standart),2014 tl/yıl,C,3008,Benzin,https://www.epey.com/araba/2020-peugeot-3008-1-6-180-hp-eat8-gt-4x2.html,,,,,,,126 g/km,5.5 lt,53 lt,Euro 6,5.0 lt,6.5 lt,,,5 yıldız,2020 Peugeot 3008 1.6 180 HP EAT8 GT (4x2) NCAP/ANCAP Web Sayfası,2016,Var,,,,,,,,Önden Çekişli,,,,,8 ileri,Otomatik,EAT8 (Otomatik)
1429 kg,,1841 mm,4447 mm,1624 mm,1482 lt,520 lt,,2020 Peugeot 3008 1.6 180 HP EAT8 GT Selection (4x2),,,,,,2020 Peugeot 3008 1.6 180 HP EAT8 GT Selection (4x2) Test Sürüşü Talep Sayfası,2020 Peugeot 3008 1.6 180 HP EAT8 GT Selection (4x2) Ürün Kataloğu,"2 Yıl Sınırsız Km Mekanik
12 Yıl Paslanmazlık",Peugeot Assistance 0212 292 2626,Var,,,,,Turbo,PureTech (Yakıt Tasarrufu),4,1598 cc,Çok Noktadan Enjeksiyon,8.0 saniye,222 km/s,250 nm,180 BG,,,Fransa,,Binek,GT Selection,SUV,2020,İçten Yanmalı (Standart),2014 tl/yıl,C,3008,Benzin,https://www.epey.com/araba/2020-peugeot-3008-1-6-180-hp-eat8-gt-selection-4x2.html,,,,,,,126 g/km,5.5 lt,53 lt,Euro 6,5.0 lt,6.5 lt,,,5 yıldız,2020 Peugeot 3008 1.6 180 HP EAT8 GT Selection (4x2) NCAP/ANCAP Web Sayfası,2016,Var,,,,,,,,Önden Çekişli,,,,,8 ileri,Otomatik,EAT8 (Otomatik)
1430 kg,,1841 mm,4447 mm,1620 mm,1482 lt,520 lt,,2020 Peugeot 3008 1.6 THP 180 HP EAT8 Active Drive Prime Ed.(4x2),,,,,,2020 Peugeot 3008 1.6 THP 180 HP EAT8 Active Drive Prime Ed.(4x2) Test Sürüşü Talep Sayfası,2020 Peugeot 3008 1.6 THP 180 HP EAT8 Active Drive Prime Ed.(4x2) Ürün Kataloğu,"2 Yıl Sınırsız Km Mekanik
12 Yıl Paslanmazlık",Peugeot Assistance 0212 292 2626,Var,,,,,Turbo,,4,1598 cc,Direkt Enjeksiyon,8.0 saniye,222 km/s,250 nm,180 BG,,,Fransa,,Binek,Active Drive Prime Edition,SUV,2020,İçten Yanmalı (Standart),2014 tl/yıl,C,3008,Benzin,https://www.epey.com/araba/2020-peugeot-3008-1-6-thp-180-hp-eat8-active-drive-prime-ed-4x2.html,,,,,,,132 g/km,5.8 lt,53 lt,Euro 6,4.9 lt,7.2 lt,,,5 yıldız,2020 Peugeot 3008 1.6 THP 180 HP EAT8 Active Drive Prime Ed.(4x2) NCAP/ANCAP Web Sayfası,2016,Var,,,,,,,,Önden Çekişli,,,,,8 ileri,Otomatik,EAT8 (Otomatik)
1430 kg,,1841 mm,4447 mm,1620 mm,1482 lt,520 lt,,2020 Peugeot 3008 1.6 THP 180 HP EAT8 Active Prime Edition (4x2),,,,,,2020 Peugeot 3008 1.6 THP 180 HP EAT8 Active Prime Edition (4x2) Test Sürüşü Talep Sayfası,2020 Peugeot 3008 1.6 THP 180 HP EAT8 Active Prime Edition (4x2) Ürün Kataloğu,"2 Yıl Sınırsız Km Mekanik
12 Yıl Paslanmazlık",Peugeot Assistance 0212 292 2626,Var,,,,,Turbo,,4,1598 cc,Direkt Enjeksiyon,8.0 saniye,222 km/s,250 nm,180 BG,,,Fransa,,Binek,Active Prime Edition,SUV,2020,İçten Yanmalı (Standart),2014 tl/yıl,C,3008,Benzin,https://www.epey.com/araba/2020-peugeot-3008-1-6-thp-180-hp-eat8-active-prime-edition-4x2.html,,,,,,,132 g/km,5.8 lt,53 lt,Euro 6,4.9 lt,7.2 lt,,,5 yıldız,2020 Peugeot 3008 1.6 THP 180 HP EAT8 Active Prime Edition (4x2) NCAP/ANCAP Web Sayfası,2016,Var,,,,,,,,Önden Çekişli,,,,,8 ileri,Otomatik,EAT8 (Otomatik)
1430 kg,,1841 mm,4447 mm,1620 mm,1482 lt,520 lt,,2020 Peugeot 3008 1.6 THP 180 HP EAT8 Allure Dynamic (4x2),,,,,,2020 Peugeot 3008 1.6 THP 180 HP EAT8 Allure Dynamic (4x2) Test Sürüşü Talep Sayfası,2020 Peugeot 3008 1.6 THP 180 HP EAT8 Allure Dynamic (4x2) Ürün Kataloğu,"2 Yıl Sınırsız Km Mekanik
12 Yıl Paslanmazlık",Peugeot Assistance 0212 292 2626,Var,,,,,Turbo,,4,1598 cc,Direkt Enjeksiyon,8.0 saniye,222 km/s,250 nm,180 BG,,,Fransa,,Binek,Allure Dynamic,SUV,2020,İçten Yanmalı (Standart),2014 tl/yıl,C,3008,Benzin,https://www.epey.com/araba/2020-peugeot-3008-1-6-thp-180-hp-eat8-allure-dynamic-4x2.html,,,,,,,132 g/km,5.8 lt,53 lt,Euro 6,4.9 lt,7.2 lt,,,5 yıldız,2020 Peugeot 3008 1.6 THP 180 HP EAT8 Allure Dynamic (4x2) NCAP/ANCAP Web Sayfası,2016,Var,,,,,,,,Önden Çekişli,,,,,8 ileri,Otomatik,EAT8 (Otomatik)
1430 kg,,1841 mm,4447 mm,1620 mm,1482 lt,520 lt,,2020 Peugeot 3008 1.6 THP 180 HP EAT8 Allure Selection (4x2),,,,,,2020 Peugeot 3008 1.6 THP 180 HP EAT8 Allure Selection (4x2) Test Sürüşü Talep Sayfası,2020 Peugeot 3008 1.6 THP 180 HP EAT8 Allure Selection (4x2) Ürün Kataloğu,"2 Yıl Sınırsız Km Mekanik
12 Yıl Paslanmazlık",Peugeot Assistance 0212 292 2626,Var,,,,,Turbo,,4,1598 cc,Direkt Enjeksiyon,8.0 saniye,222 km/s,250 nm,180 BG,,,Fransa,,Binek,Allure Selection,SUV,2020,İçten Yanmalı (Standart),2014 tl/yıl,C,3008,Benzin,https://www.epey.com/araba/2020-peugeot-3008-1-6-thp-180-hp-eat8-allure-selection-4x2.html,,,,,,,132 g/km,5.8 lt,53 lt,Euro 6,4.9 lt,7.2 lt,,,5 yıldız,2020 Peugeot 3008 1.6 THP 180 HP EAT8 Allure Selection (4x2) NCAP/ANCAP Web Sayfası,2016,Var,,,,,,,,Önden Çekişli,,,,,8 ileri,Otomatik,EAT8 (Otomatik)
1430 kg,,1841 mm,4447 mm,1620 mm,1482 lt,520 lt,,2020 Peugeot 3008 1.6 THP 180 HP EAT8 GT-Line (4x2),,,,,,2020 Peugeot 3008 1.6 THP 180 HP EAT8 GT-Line (4x2) Test Sürüşü Talep Sayfası,2020 Peugeot 3008 1.6 THP 180 HP EAT8 GT-Line (4x2) Ürün Kataloğu,"2 Yıl Sınırsız Km Mekanik
12 Yıl Paslanmazlık",Peugeot Assistance 0212 292 2626,Var,,,,,Turbo,,4,1598 cc,Direkt Enjeksiyon,8.0 saniye,222 km/s,250 nm,180 BG,,,Fransa,,Binek,GT-Line,SUV,2020,İçten Yanmalı (Standart),2014 tl/yıl,C,3008,Benzin,https://www.epey.com/araba/2020-peugeot-3008-1-6-thp-180-hp-eat8-gt-line-4x2.html,,,,,,,132 g/km,5.8 lt,53 lt,Euro 6,4.9 lt,7.2 lt,,,5 yıldız,2020 Peugeot 3008 1.6 THP 180 HP EAT8 GT-Line (4x2) NCAP/ANCAP Web Sayfası,2016,Var,,,,,,,,Önden Çekişli,,,,,8 ileri,Otomatik,EAT8 (Otomatik)
1090 kg,10.90 mt.,1748 mm,4445 mm,1466 mm,640 lt,506 lt,,2020 Peugeot 301 1.5 BlueHDi 100 HP Active,,,,,,2020 Peugeot 301 1.5 BlueHDi 100 HP Active Test Sürüşü Talep Sayfası,2020 Peugeot 301 1.5 BlueHDi 100 HP Active Ürün Kataloğu,"2 Yıl Sınırsız Km Mekanik
3 Yıl Boya
12 Yıl Paslanmazlık",Peugeot Assistance 0212 292 2626,Var,,,,,Turbo,,4,1499 cc,Common Rail Direkt Enjeksiyon,10.1 saniye,190 km/s,250 nm,100 BG,,,Fransa,,Binek,Active,Sedan,2020,İçten Yanmalı (Standart),2014 tl/yıl,B,301,Dizel,https://www.epey.com/araba/2020-peugeot-301-1-5-bluehdi-100-hp-active.html,,,,,,,104 g/km,3.9 lt,50 lt,Euro 6,3.4 lt,4.8 lt,,,3 yıldız,2020 Peugeot 301 1.5 BlueHDi 100 HP Active NCAP/ANCAP Web Sayfası,2014,Var,,,,,,,,Önden Çekişli,,,,,6 ileri,Manuel,
1090 kg,10.90 mt.,1748 mm,4445 mm,1466 mm,640 lt,506 lt,,2020 Peugeot 301 1.5 BlueHDi 100 HP Allure,,,,,,2020 Peugeot 301 1.5 BlueHDi 100 HP Allure Test Sürüşü Talep Sayfası,2020 Peugeot 301 1.5 BlueHDi 100 HP Allure Ürün Kataloğu,"2 Yıl Sınırsız Km Mekanik
3 Yıl Boya
12 Yıl Paslanmazlık",Peugeot Assistance 0212 292 2626,Var,,,,,Turbo,,4,1499 cc,Common Rail Direkt Enjeksiyon,10.1 saniye,190 km/s,250 nm,100 BG,,,Fransa,,Binek,Allure,Sedan,2020,İçten Yanmalı (Standart),2014 tl/yıl,B,301,Dizel,https://www.epey.com/araba/2020-peugeot-301-1-5-bluehdi-100-hp-allure.html,,,,,,,104 g/km,3.9 lt,50 lt,Euro 6,3.4 lt,4.8 lt,,,3 yıldız,2020 Peugeot 301 1.5 BlueHDi 100 HP Allure NCAP/ANCAP Web Sayfası,2014,Var,,,,,,,,Önden Çekişli,,,,,6 ileri,Manuel,
1205 kg,10.40 mt.,1804 mm,4253 mm,1457 mm,1228 lt,420 lt,,2020 Peugeot 308 1.2 130 HP EAT8 Active Dynamic,,,,,,2020 Peugeot 308 1.2 130 HP EAT8 Active Dynamic Test Sürüşü Talep Sayfası,2020 Peugeot 308 1.2 130 HP EAT8 Active Dynamic Ürün Kataloğu,"2 Yıl Sınırsız Km Mekanik
3 Yıl Boya
12 Yıl Paslanmazlık",Peugeot Assistance 0212 292 2626,Var,,,,,Turbo,,3,1199 cc,Çok Noktadan Enjeksiyon,9.4 saniye,204 km/s,230 nm,130 BG,,,Fransa,,Binek,Active Dynamic,Hatchback,2020,İçten Yanmalı (Standart),1156 tl/yıl,C,308,Benzin,https://www.epey.com/araba/2020-peugeot-308-1-2-130-hp-eat8-active-dynamic.html,,,,,,,108 g/km,4.2 lt,53 lt,,4.8 lt,5.7 lt,,,5 yıldız,2020 Peugeot 308 1.2 130 HP EAT8 Active Dynamic NCAP/ANCAP Web Sayfası,2013,Var,,,,,,,,Önden Çekişli,,,,,8 ileri,Otomatik,EAT8 (Otomatik)
1205 kg,10.40 mt.,1804 mm,4253 mm,1457 mm,1228 lt,420 lt,,2020 Peugeot 308 1.2 130 HP EAT8 Allure Sport,,,,,,2020 Peugeot 308 1.2 130 HP EAT8 Allure Sport Test Sürüşü Talep Sayfası,2020 Peugeot 308 1.2 130 HP EAT8 Allure Sport Ürün Kataloğu,"2 Yıl Sınırsız Km Mekanik
3 Yıl Boya
12 Yıl Paslanmazlık",Peugeot Assistance 0212 292 2626,Var,,,,,Turbo,,3,1199 cc,Çok Noktadan Enjeksiyon,9.4 saniye,204 km/s,230 nm,130 BG,,,Fransa,,Binek,Allure Sport,Hatchback,2020,İçten Yanmalı (Standart),1156 tl/yıl,C,308,Benzin,https://www.epey.com/araba/2020-peugeot-308-1-2-130-hp-eat8-allure-dynamic.html,,,,,,,108 g/km,4.2 lt,53 lt,,4.8 lt,5.7 lt,,,5 yıldız,2020 Peugeot 308 1.2 130 HP EAT8 Allure Sport NCAP/ANCAP Web Sayfası,2013,Var,,,,,,,,Önden Çekişli,,,,,8 ileri,Otomatik,EAT8 (Otomatik)
1205 kg,10.40 mt.,1804 mm,4253 mm,1457 mm,1228 lt,420 lt,,2020 Peugeot 308 1.2 130 HP EAT8 Style Tech,,,,,,2020 Peugeot 308 1.2 130 HP EAT8 Style Tech Test Sürüşü Talep Sayfası,2020 Peugeot 308 1.2 130 HP EAT8 Style Tech Ürün Kataloğu,"2 Yıl Sınırsız Km Mekanik
3 Yıl Boya
12 Yıl Paslanmazlık",Peugeot Assistance 0212 292 2626,Var,,,,,Turbo,,3,1199 cc,Çok Noktadan Enjeksiyon,9.4 saniye,204 km/s,230 nm,130 BG,,,Fransa,,Binek,Style Tech,Hatchback,2020,İçten Yanmalı (Standart),1156 tl/yıl,C,308,Benzin,https://www.epey.com/araba/2020-peugeot-308-1-2-130-hp-eat8-style.html,,,,,,,108 g/km,4.2 lt,53 lt,,4.8 lt,5.7 lt,,,5 yıldız,2020 Peugeot 308 1.2 130 HP EAT8 Style Tech NCAP/ANCAP Web Sayfası,2013,Var,,,,,,,,Önden Çekişli,,,,,8 ileri,Otomatik,EAT8 (Otomatik)
1205 kg,10.40 mt.,1804 mm,4253 mm,1457 mm,1228 lt,420 lt,,2020 Peugeot 308 1.5 BlueHDi 130 HP S&S EAT6 Style Tech,,,,,,2020 Peugeot 308 1.5 BlueHDi 130 HP S&S EAT6 Style Tech Test Sürüşü Talep Sayfası,2020 Peugeot 308 1.5 BlueHDi 130 HP S&S EAT6 Style Tech Ürün Kataloğu,"2 Yıl Sınırsız Km Mekanik
3 Yıl Boya
12 Yıl Paslanmazlık",Peugeot Assistance 0212 292 2626,Var,,,,,Turbo,,4,1499 cc,Common Rail Direkt Enjeksiyon,9.0 saniye,206 km/s,300 nm,130 BG,,,Fransa,,Binek,Style Tech,Hatchback,2020,İçten Yanmalı (Standart),2014 tl/yıl,C,308,Dizel,https://www.epey.com/araba/2020-peugeot-308-1-5-bluehdi-130-hp-ss-eat6-style.html,,,,,,,102 g/km,3.9 lt,53 lt,,3.7 lt,4.4 lt,,,5 yıldız,2020 Peugeot 308 1.5 BlueHDi 130 HP S&S EAT6 Style Tech NCAP/ANCAP Web Sayfası,2013,Var,,,,,,,,Önden Çekişli,,,,,6 ileri,Otomatik,EAT6 (Otomatik)
1204 kg,,1804 mm,4253 mm,1472 mm,1228 lt,420 lt,,2020 Peugeot 308 1.5 BlueHDi 130 HP S&S EAT8 Active Dynamic,,,,,,2020 Peugeot 308 1.5 BlueHDi 130 HP S&S EAT8 Active Dynamic Test Sürüşü Talep Sayfası,2020 Peugeot 308 1.5 BlueHDi 130 HP S&S EAT8 Active Dynamic Ürün Kataloğu,"2 Yıl Sınırsız Km Mekanik
3 Yıl Boya
12 Yıl Paslanmazlık",Peugeot Assistance 0212 292 2626,Var,,,,,Turbo,,4,1499 cc,Common Rail Direkt Enjeksiyon,9.4 saniye,206 km/s,300 nm,130 BG,,,Fransa,,Binek,Active Dynamic,Hatchback,2020,İçten Yanmalı (Standart),2014 tl/yıl,C,308,Dizel,https://www.epey.com/araba/2020-peugeot-308-1-5-bluehdi-130-hp-ss-eat8-active-dynamic.html,,,,,,,,,53 lt,,,,,,5 yıldız,2020 Peugeot 308 1.5 BlueHDi 130 HP S&S EAT8 Active Dynamic NCAP/ANCAP Web Sayfası,2013,Var,,,,,,,,Önden Çekişli,,,,,8 ileri,Otomatik,EAT8 (Otomatik)
1265 kg,,1797 mm,4227 mm,1576 mm,1275 lt,422 lt,,2020 Renault Captur 1.0 TCe 100 BG Joy (4x2),,,,,,2020 Renault Captur 1.0 TCe 100 BG Joy (4x2) Test Sürüşü Talep Sayfası,2020 Renault Captur 1.0 TCe 100 BG Joy (4x2) Ürün Kataloğu,,,,,,,,Turbo,,3,999 cc,Direkt Enjeksiyon,13.3 saniye,173 km/s,160 nm,100 BG,,,Fransa,,Binek,Joy,SUV,2020,İçten Yanmalı (Standart),1156 tl/yıl,B,Captur,Benzin,https://www.epey.com/araba/2020-renault-captur-1-0-tce-100-bg-joy-4x2.html,,,,,,,120 g/km,5.3 lt,48 lt,,4.6 lt,6.3 lt,,,5 yıldız,2020 Renault Captur 1.0 TCe 100 BG Joy (4x2) NCAP/ANCAP Web Sayfası,2019,Var,,,,,,,,Önden Çekişli,,,,,5 ileri,Manuel,
1334 kg,,1797 mm,4227 mm,1576 mm,1275 lt,422 lt,,2020 Renault Captur 1.3 TCe 130 BG EDC Icon (4x2),,,,,,2020 Renault Captur 1.3 TCe 130 BG EDC Icon (4x2) Test Sürüşü Talep Sayfası,2020 Renault Captur 1.3 TCe 130 BG EDC Icon (4x2) Ürün Kataloğu,,,,,,,,Turbo,,4,1333 cc,Direkt Enjeksiyon,9.6 saniye,193 km/s,240 nm,130 BG,,,Fransa,,Binek,Icon,SUV,2020,İçten Yanmalı (Standart),2014 tl/yıl,B,Captur,Benzin,https://www.epey.com/araba/2020-renault-captur-1-3-tce-130-bg-edc-icon-4x2.html,,,,,,,128 g/km,5.6 lt,48 lt,,5.1 lt,7.5 lt,,,5 yıldız,2020 Renault Captur 1.3 TCe 130 BG EDC Icon (4x2) NCAP/ANCAP Web Sayfası,2019,Var,,,,,,,,Önden Çekişli,,,,,7 ileri,Otomatik,EDC (Çift Kavramalı Otm.)
1334 kg,,1797 mm,4227 mm,1576 mm,1275 lt,422 lt,,2020 Renault Captur 1.3 TCe 130 BG EDC Joy (4x2),,,,,,2020 Renault Captur 1.3 TCe 130 BG EDC Joy (4x2) Test Sürüşü Talep Sayfası,2020 Renault Captur 1.3 TCe 130 BG EDC Joy (4x2) Ürün Kataloğu,,,,,,,,Turbo,,4,1333 cc,Direkt Enjeksiyon,9.6 saniye,193 km/s,240 nm,130 BG,,,Fransa,,Binek,Joy,SUV,2020,İçten Yanmalı (Standart),2014 tl/yıl,B,Captur,Benzin,https://www.epey.com/araba/2020-renault-captur-1-3-tce-130-bg-edc-joy-4x2.html,,,,,,,128 g/km,5.6 lt,48 lt,,5.1 lt,7.5 lt,,,5 yıldız,2020 Renault Captur 1.3 TCe 130 BG EDC Joy (4x2) NCAP/ANCAP Web Sayfası,2019,Var,,,,,,,,Önden Çekişli,,,,,7 ileri,Otomatik,EDC (Çift Kavramalı Otm.)
1334 kg,,1797 mm,4227 mm,1576 mm,1275 lt,422 lt,,2020 Renault Captur 1.3 TCe 130 BG EDC Touch (4x2),,,,,,2020 Renault Captur 1.3 TCe 130 BG EDC Touch (4x2) Test Sürüşü Talep Sayfası,2020 Renault Captur 1.3 TCe 130 BG EDC Touch (4x2) Ürün Kataloğu,,,,,,,,Turbo,,4,1333 cc,Direkt Enjeksiyon,9.6 saniye,193 km/s,240 nm,130 BG,,,Fransa,,Binek,Touch,SUV,2020,İçten Yanmalı (Standart),2014 tl/yıl,B,Captur,Benzin,https://www.epey.com/araba/2020-renault-captur-1-3-tce-130-bg-edc-touch-4x2.html,,,,,,,128 g/km,5.6 lt,48 lt,,5.1 lt,7.5 lt,,,5 yıldız,2020 Renault Captur 1.3 TCe 130 BG EDC Touch (4x2) NCAP/ANCAP Web Sayfası,2019,Var,,,,,,,,Önden Çekişli,,,,,7 ileri,Otomatik,EDC (Çift Kavramalı Otm.)
1341 kg,,1797 mm,4227 mm,1576 mm,1275 lt,422 lt,,2020 Renault Captur 1.3 TCe 155 BG EDC Icon (4x2),,,,,,2020 Renault Captur 1.3 TCe 155 BG EDC Icon (4x2) Test Sürüşü Talep Sayfası,2020 Renault Captur 1.3 TCe 155 BG EDC Icon (4x2) Ürün Kataloğu,,,,,,,,Turbo,,4,1333 cc,Direkt Enjeksiyon,8.6 saniye,202 km/s,270 nm,155 BG,,,Fransa,,Binek,Icon,SUV,2020,İçten Yanmalı (Standart),2014 tl/yıl,B,Captur,Benzin,https://www.epey.com/araba/2020-renault-captur-1-3-tce-155-bg-edc-icon-4x2.html,,,,,,,126 g/km,5.5 lt,48 lt,,5.0 lt,7.5 lt,,,5 yıldız,2020 Renault Captur 1.3 TCe 155 BG EDC Icon (4x2) NCAP/ANCAP Web Sayfası,2019,Var,,,,,,,,Önden Çekişli,,,,,7 ileri,Otomatik,EDC (Çift Kavramalı Otm.)
1402 kg,,1797 mm,4227 mm,1576 mm,1275 lt,422 lt,,2020 Renault Captur 1.5 Blue dCi 115 BG EDC Icon (4x2),,,,,,2020 Renault Captur 1.5 Blue dCi 115 BG EDC Icon (4x2) Test Sürüşü Talep Sayfası,2020 Renault Captur 1.5 Blue dCi 115 BG EDC Icon (4x2) Ürün Kataloğu,,,,,,,,Turbo,,4,1461 cc,Common Rail Direkt Enjeksiyon,11.0 saniye,186 km/s,260 nm,115 BG,,,Fransa,,Binek,Icon,SUV,2020,İçten Yanmalı (Standart),2014 tl/yıl,B,Captur,Dizel,https://www.epey.com/araba/2020-renault-captur-1-5-blue-dci-115-bg-edc-icon-4x2.html,,,,,,,110 g/km,4.2 lt,46 lt,,4.0 lt,4.5 lt,,,5 yıldız,2020 Renault Captur 1.5 Blue dCi 115 BG EDC Icon (4x2) NCAP/ANCAP Web Sayfası,2019,Var,,,,,,,,Önden Çekişli,,,,,7 ileri,Otomatik,EDC (Çift Kavramalı Otm.)
1402 kg,,1797 mm,4227 mm,1576 mm,1275 lt,422 lt,,2020 Renault Captur 1.5 Blue dCi 115 BG EDC Touch (4x2),,,,,,2020 Renault Captur 1.5 Blue dCi 115 BG EDC Touch (4x2) Test Sürüşü Talep Sayfası,2020 Renault Captur 1.5 Blue dCi 115 BG EDC Touch (4x2) Ürün Kataloğu,,,,,,,,Turbo,,4,1461 cc,Common Rail Direkt Enjeksiyon,11.0 saniye,186 km/s,260 nm,115 BG,,,Fransa,,Binek,Touch,SUV,2020,İçten Yanmalı (Standart),2014 tl/yıl,B,Captur,Dizel,https://www.epey.com/araba/2020-renault-captur-1-5-blue-dci-115-bg-edc-touch-4x2.html,,,,,,,110 g/km,4.2 lt,46 lt,,4.0 lt,4.5 lt,,,5 yıldız,2020 Renault Captur 1.5 Blue dCi 115 BG EDC Touch (4x2) NCAP/ANCAP Web Sayfası,2019,Var,,,,,,,,Önden Çekişli,,,,,7 ileri,Otomatik,EDC (Çift Kavramalı Otm.)
1370 kg,,1797 mm,4227 mm,1576 mm,1275 lt,422 lt,,2020 Renault Captur 1.5 Blue dCi 95 BG Joy (4x2),,,,,,2020 Renault Captur 1.5 Blue dCi 95 BG Joy (4x2) Test Sürüşü Talep Sayfası,2020 Renault Captur 1.5 Blue dCi 95 BG Joy (4x2) Ürün Kataloğu,,,,,,,,Turbo,,4,1461 cc,Common Rail Direkt Enjeksiyon,14.3 saniye,178 km/s,240 nm,95 BG,,,Fransa,,Binek,Joy,SUV,2020,İçten Yanmalı (Standart),2014 tl/yıl,B,Captur,Dizel,https://www.epey.com/araba/2020-renault-captur-1-5-blue-dci-95-bg-joy-4x2.html,,,,,,,108 g/km,4.1 lt,46 lt,,3.8 lt,4.6 lt,,,5 yıldız,2020 Renault Captur 1.5 Blue dCi 95 BG Joy (4x2) NCAP/ANCAP Web Sayfası,2019,Var,,,,,,,,Önden Çekişli,,,,,6 ileri,Manuel,
1082 kg,,1732 mm,4062 mm,1448 mm,,300 lt,,2020 Renault Clio 0.9 TCe 90 BG Icon,,,,,,2020 Renault Clio 0.9 TCe 90 BG Icon Test Sürüşü Talep Sayfası,2020 Renault Clio 0.9 TCe 90 BG Icon Ürün Kataloğu,,Renault Yardım 444 6247,Var,,,,,Turbo,,3,898 cc,,12.2 saniye,180 km/s,150 nm,90 BG,,,Fransa,Hatchback,Binek,Icon,Hatchback,2020,İçten Yanmalı (Standart),1156 tl/yıl,B,Clio,Benzin,https://www.epey.com/araba/2020-renault-clio-0-9-tce-90-bg-icon.html,,,,,,,105 g/km,4.7 lt,45 lt,,4.1 lt,5.7 lt,,,5 yıldız,2020 Renault Clio 0.9 TCe 90 BG Icon NCAP/ANCAP Web Sayfası,2012,Var,,,,,,,,Önden Çekişli,,,,,5 ileri,Manuel,
1082 kg,,1732 mm,4062 mm,1448 mm,,300 lt,,2020 Renault Clio 0.9 TCe 90 BG Joy,,,,,,2020 Renault Clio 0.9 TCe 90 BG Joy Test Sürüşü Talep Sayfası,2020 Renault Clio 0.9 TCe 90 BG Joy Ürün Kataloğu,"3 Yıl / 100 Bin Km Mekanik
3 Yıl Boya
12 Yıl Paslanmazlık",Renault Yardım 444 6247,Var,,,,,Turbo,,3,898 cc,,12.2 saniye,180 km/s,150 nm,90 BG,,,Fransa,Hatchback,Binek,Joy,Hatchback,2020,İçten Yanmalı (Standart),1156 tl/yıl,B,Clio,Benzin,https://www.epey.com/araba/2020-renault-clio-0-9-tce-90-bg-joy.html,,,,,,,105 g/km,4.7 lt,45 lt,,4.1 lt,5.7 lt,,,5 yıldız,2020 Renault Clio 0.9 TCe 90 BG Joy NCAP/ANCAP Web Sayfası,2012,Var,,,,,,,,Önden Çekişli,,,,,5 ileri,Manuel,
1082 kg,,1732 mm,4062 mm,1448 mm,,300 lt,,2020 Renault Clio 0.9 TCe 90 BG Touch,,,,,,2020 Renault Clio 0.9 TCe 90 BG Touch Test Sürüşü Talep Sayfası,2020 Renault Clio 0.9 TCe 90 BG Touch Ürün Kataloğu,"3 Yıl / 100 Bin Km Mekanik
3 Yıl Boya
12 Yıl Paslanmazlık",Renault Yardım 444 6247,Var,,,,,Turbo,,3,898 cc,,12.2 saniye,180 km/s,150 nm,90 BG,,,Fransa,Hatchback,Binek,Touch,Hatchback,2020,İçten Yanmalı (Standart),1156 tl/yıl,B,Clio,Benzin,https://www.epey.com/araba/2020-renault-clio-0-9-tce-90-bg-touch.html,,,,,,,105 g/km,4.7 lt,45 lt,,4.1 lt,5.7 lt,,,5 yıldız,2020 Renault Clio 0.9 TCe 90 BG Touch NCAP/ANCAP Web Sayfası,2012,Var,,,,,,,,Önden Çekişli,,,,,5 ileri,Manuel,
1055 kg,,1732 mm,4267 mm,1475 mm,,445 lt,,2020 Renault Clio Sport Tourer 0.9 TCe 90 BG Joy,,,,,,2020 Renault Clio Sport Tourer 0.9 TCe 90 BG Joy Test Sürüşü Talep Sayfası,2020 Renault Clio Sport Tourer 0.9 TCe 90 BG Joy Ürün Kataloğu,"3 Yıl / 100 Bin Km Mekanik
3 Yıl Boya
12 Yıl Paslanmazlık",Renault Yardım 444 6247,Var,,,,,Turbo,,3,898 cc,,,182 km/s,150 nm,90 BG,,,Fransa,Sport Tourer,Binek,Joy,Station Wagon,2020,İçten Yanmalı (Standart),1156 tl/yıl,B,Clio,Benzin,https://www.epey.com/araba/2020-renault-clio-sport-tourer-0-9-tce-90-bg-joy.html,,,,,,,104 g/km,4.6 lt,45 lt,Euro 6,4.0 lt,5.7 lt,,,5 yıldız,2020 Renault Clio Sport Tourer 0.9 TCe 90 BG Joy NCAP/ANCAP Web Sayfası,2012,Var,,,,,,,,Önden Çekişli,,,,,5 ileri,Manuel,
1055 kg,,1732 mm,4267 mm,1475 mm,,445 lt,,2020 Renault Clio Sport Tourer 0.9 TCe 90 BG Touch,,,,,,2020 Renault Clio Sport Tourer 0.9 TCe 90 BG Touch Test Sürüşü Talep Sayfası,2020 Renault Clio Sport Tourer 0.9 TCe 90 BG Touch Ürün Kataloğu,"3 Yıl / 100 Bin Km Mekanik
3 Yıl Boya
12 Yıl Paslanmazlık",Renault Yardım 444 6247,Var,,,,,Turbo,,3,898 cc,,,182 km/s,150 nm,90 BG,,,Fransa,Sport Tourer,Binek,Touch,Station Wagon,2020,İçten Yanmalı (Standart),1156 tl/yıl,B,Clio,Benzin,https://www.epey.com/araba/2020-renault-clio-sport-tourer-0-9-tce-90-bg-touch.html,,,,,,,104 g/km,4.6 lt,45 lt,Euro 6,4.0 lt,5.7 lt,,,5 yıldız,2020 Renault Clio Sport Tourer 0.9 TCe 90 BG Touch NCAP/ANCAP Web Sayfası,2012,Var,,,,,,,,Önden Çekişli,,,,,5 ileri,Manuel,
1362 kg,,1836 mm,4489 mm,1613 mm,,527 lt,,2020 Renault Kadjar 1.3 TCe 160 BG EDC Touch Roof (4x2),,,,,,2020 Renault Kadjar 1.3 TCe 160 BG EDC Touch Roof (4x2) Test Sürüşü Talep Sayfası,2020 Renault Kadjar 1.3 TCe 160 BG EDC Touch Roof (4x2) Ürün Kataloğu,"3 Yıl / 100 Bin Km Mekanik
3 Yıl Boya
12 Yıl Paslanmazlık",Renault Yardım 444 6247,Var,,,,,Turbo,,4,1332 cc,Direkt Enjeksiyon,9.3 saniye,210 km/s,260 nm,160 BG,,,Fransa,,Binek,Touch Roof,SUV,2020,İçten Yanmalı (Standart),2014 tl/yıl,C,Kadjar,Benzin,https://www.epey.com/araba/2020-renault-kadjar-1-3-tce-160-bg-edc-touch-roof-4x2.html,,,,,,,135 g/km,5.9 lt,55 lt,Euro 6,5.3 lt,7.1 lt,,,5 yıldız,2020 Renault Kadjar 1.3 TCe 160 BG EDC Touch Roof (4x2) NCAP/ANCAP Web Sayfası,2015,Var,,,,,,,,Önden Çekişli,,,,,7 ileri,Otomatik,EDC (Çift Kavramalı Otm.)
1334 kg,,1814 mm,4359 mm,1447 mm,1247 lt,434 lt,,2020 Renault Megane HB 1.3 Tce 140 BG EDC Touch,,,,,,2020 Renault Megane HB 1.3 Tce 140 BG EDC Touch Test Sürüşü Talep Sayfası,2020 Renault Megane HB 1.3 Tce 140 BG EDC Touch Ürün Kataloğu,"3 Yıl / 100 Bin Km Mekanik
3 Yıl Boya
12 Yıl Paslanmazlık",Renault Yardım 444 6247,Var,,,,,Turbo,,4,1333 cc,Direkt Enjeksiyon,9.2 saniye,205 km/s,240 nm,140 BG,,,Fransa,Hatchback,Binek,Touch,Hatchback,2020,İçten Yanmalı (Standart),2014 tl/yıl,C,Megane,Benzin,https://www.epey.com/araba/2020-renault-megane-hb-1-3-tce-140-bg-edc-touch.html,,,,,,,125 g/km,5.6 lt,49.7 lt,Euro 6,4.9 lt,7.0 lt,,,5 yıldız,2020 Renault Megane HB 1.3 Tce 140 BG EDC Touch NCAP/ANCAP Web Sayfası,2015,Var,,,,,,,,Önden Çekişli,,,,,7 ileri,Otomatik,EDC (Çift Kavramalı Otm.)
1306 kg,,1814 mm,4359 mm,1447 mm,1247 lt,434 lt,,2020 Renault Megane HB 1.3 Tce 140 BG Touch,,,,,,2020 Renault Megane HB 1.3 Tce 140 BG Touch Test Sürüşü Talep Sayfası,2020 Renault Megane HB 1.3 Tce 140 BG Touch Ürün Kataloğu,"3 Yıl / 100 Bin Km Mekanik
3 Yıl Boya
12 Yıl Paslanmazlık",Renault Yardım 444 6247,Var,,,,,Turbo,,4,1333 cc,Direkt Enjeksiyon,9.7 saniye,205 km/s,240 nm,140 BG,,,Fransa,Hatchback,Binek,Touch,Hatchback,2020,İçten Yanmalı (Standart),2014 tl/yıl,C,Megane,Benzin,https://www.epey.com/araba/2020-renault-megane-hb-1-3-tce-140-bg-touch.html,,,,,,,125 g/km,5.5 lt,49.7 lt,Euro 6,4.6 lt,7.0 lt,,,5 yıldız,2020 Renault Megane HB 1.3 Tce 140 BG Touch NCAP/ANCAP Web Sayfası,2015,Var,,,,,,,,Önden Çekişli,,,,,7 ileri,Manuel,
1382 kg,,1814 mm,4632 mm,1443 mm,987 lt,503 lt,,2020 Renault Megane Sedan 1.3 TCe 140 BG EDC Icon,,,,,,2020 Renault Megane Sedan 1.3 TCe 140 BG EDC Icon Test Sürüşü Talep Sayfası,2020 Renault Megane Sedan 1.3 TCe 140 BG EDC Icon Ürün Kataloğu,"3 Yıl / 100 Bin Km Mekanik
3 Yıl Boya
12 Yıl Paslanmazlık",Renault Yardım 444 6247,Var,,,,,Turbo,,4,1332 cc,Direkt Enjeksiyon,9.0 saniye,205 km/s,240 nm,140 BG,,,Fransa,Sedan,Binek,Icon,Sedan,2020,İçten Yanmalı (Standart),2014 tl/yıl,C,Megane,Benzin,https://www.epey.com/araba/2020-renault-megane-sedan-1-3-tce-140-bg-edc-icon.html,,,,,,,130 g/km,5.7 lt,49.7 lt,Euro 6,5.1 lt,7.0 lt,,,5 yıldız,2020 Renault Megane Sedan 1.3 TCe 140 BG EDC Icon NCAP/ANCAP Web Sayfası,2015,Var,,,,,,,,Önden Çekişli,,,,,7 ileri,Otomatik,EDC (Çift Kavramalı Otm.)
1382 kg,,1814 mm,4632 mm,1443 mm,987 lt,503 lt,,2020 Renault Megane Sedan 1.3 TCe 140 BG EDC Joy,,,,,,2020 Renault Megane Sedan 1.3 TCe 140 BG EDC Joy Test Sürüşü Talep Sayfası,2020 Renault Megane Sedan 1.3 TCe 140 BG EDC Joy Ürün Kataloğu,"3 Yıl / 100 Bin Km Mekanik
3 Yıl Boya
12 Yıl Paslanmazlık",Renault Yardım 444 6247,Var,,,,,Turbo,,4,1332 cc,Direkt Enjeksiyon,9.0 saniye,205 km/s,240 nm,140 BG,,,Fransa,Sedan,Binek,Joy,Sedan,2020,İçten Yanmalı (Standart),2014 tl/yıl,C,Megane,Benzin,https://www.epey.com/araba/2020-renault-megane-sedan-1-3-tce-140-bg-edc-joy.html,,,,,,,130 g/km,5.7 lt,49.7 lt,Euro 6,5.1 lt,7.0 lt,,,5 yıldız,2020 Renault Megane Sedan 1.3 TCe 140 BG EDC Joy NCAP/ANCAP Web Sayfası,2015,Var,,,,,,,,Önden Çekişli,,,,,7 ileri,Otomatik,EDC (Çift Kavramalı Otm.)
1382 kg,,1814 mm,4632 mm,1443 mm,987 lt,503 lt,,2020 Renault Megane Sedan 1.3 TCe 140 BG EDC Touch,,,,,,2020 Renault Megane Sedan 1.3 TCe 140 BG EDC Touch Test Sürüşü Talep Sayfası,2020 Renault Megane Sedan 1.3 TCe 140 BG EDC Touch Ürün Kataloğu,"3 Yıl / 100 Bin Km Mekanik
3 Yıl Boya
12 Yıl Paslanmazlık",Renault Yardım 444 6247,Var,,,,,Turbo,,4,1332 cc,Direkt Enjeksiyon,9.0 saniye,205 km/s,240 nm,140 BG,,,Fransa,Sedan,Binek,Touch,Sedan,2020,İçten Yanmalı (Standart),2014 tl/yıl,C,Megane,Benzin,https://www.epey.com/araba/2020-renault-megane-sedan-1-3-tce-140-bg-edc-touch.html,,,,,,,130 g/km,5.7 lt,49.7 lt,Euro 6,5.1 lt,7.0 lt,,,5 yıldız,2020 Renault Megane Sedan 1.3 TCe 140 BG EDC Touch NCAP/ANCAP Web Sayfası,2015,Var,,,,,,,,Önden Çekişli,,,,,7 ileri,Otomatik,EDC (Çift Kavramalı Otm.)
1355 kg,,1814 mm,4632 mm,1443 mm,987 lt,503 lt,,2020 Renault Megane Sedan 1.3 TCe 140 BG Joy,,,,,,2020 Renault Megane Sedan 1.3 TCe 140 BG Joy Test Sürüşü Talep Sayfası,2020 Renault Megane Sedan 1.3 TCe 140 BG Joy Ürün Kataloğu,"3 Yıl / 100 Bin Km Mekanik
3 Yıl Boya
12 Yıl Paslanmazlık",Renault Yardım 444 6247,Var,,,,,Turbo,,4,1332 cc,Direkt Enjeksiyon,9.7 saniye,205 km/s,240 nm,140 BG,,,Fransa,Sedan,Binek,Joy,Sedan,2020,İçten Yanmalı (Standart),2014 tl/yıl,C,Megane,Benzin,https://www.epey.com/araba/2020-renault-megane-sedan-1-3-tce-140-bg-joy.html,,,,,,,126 g/km,5.5 lt,49.7 lt,Euro 6,4.8 lt,7.0 lt,,,5 yıldız,2020 Renault Megane Sedan 1.3 TCe 140 BG Joy NCAP/ANCAP Web Sayfası,2015,Var,,,,,,,,Önden Çekişli,,,,,6 ileri,Manuel,
1478 kg,,1814 mm,4632 mm,1443 mm,987 lt,503 lt,,2020 Renault Megane Sedan 1.5 Blue dCi 115 BG EDC Icon,,,,,,2020 Renault Megane Sedan 1.5 Blue dCi 115 BG EDC Icon Test Sürüşü Talep Sayfası,2020 Renault Megane Sedan 1.5 Blue dCi 115 BG EDC Icon Ürün Kataloğu,"3 Yıl / 100 Bin Km Mekanik
3 Yıl Boya
12 Yıl Paslanmazlık",Renault Yardım 444 6247,Var,,,,,Turbo,,4,1461 cc,Common Rail Direkt Enjeksiyon,10.8 saniye,197 km/s,260 nm,115 BG,,,Fransa,Sedan,Binek,Icon,Sedan,2020,İçten Yanmalı (Standart),2014 tl/yıl,C,Megane,Dizel,https://www.epey.com/araba/2020-renault-megane-sedan-1-5-blue-dci-115-bg-edc-icon.html,,,,,,,112 g/km,4.2 lt,49 lt,Euro 6,3.9 lt,4.9 lt,,,5 yıldız,2020 Renault Megane Sedan 1.5 Blue dCi 115 BG EDC Icon NCAP/ANCAP Web Sayfası,2015,Var,,,,,,,,Önden Çekişli,,,,,7 ileri,Otomatik,EDC (Çift Kavramalı Otm.)
1478 kg,,1814 mm,4632 mm,1443 mm,987 lt,503 lt,,2020 Renault Megane Sedan 1.5 Blue dCi 115 BG EDC Joy,,,,,,2020 Renault Megane Sedan 1.5 Blue dCi 115 BG EDC Joy Test Sürüşü Talep Sayfası,,"3 Yıl / 100 Bin Km Mekanik
3 Yıl Boya
12 Yıl Paslanmazlık",Renault Yardım 444 6247,Var,,,,,Turbo,,4,1461 cc,Common Rail Direkt Enjeksiyon,10.8 saniye,197 km/s,260 nm,115 BG,,,Fransa,Sedan,Binek,Joy,Sedan,2020,İçten Yanmalı (Standart),2014 tl/yıl,C,Megane,Dizel,https://www.epey.com/araba/2020-renault-megane-sedan-1-5-blue-dci-115-bg-edc-joy.html,,,,,,,112 g/km,4.2 lt,49 lt,Euro 6,3.9 lt,4.9 lt,,,5 yıldız,2020 Renault Megane Sedan 1.5 Blue dCi 115 BG EDC Joy NCAP/ANCAP Web Sayfası,2015,Var,,,,,,,,Önden Çekişli,,,,,7 ileri,Otomatik,EDC (Çift Kavramalı Otm.)
1478 kg,,1814 mm,4632 mm,1443 mm,987 lt,503 lt,,2020 Renault Megane Sedan 1.5 Blue dCi 115 BG EDC Touch,,,,,,2020 Renault Megane Sedan 1.5 Blue dCi 115 BG EDC Touch Test Sürüşü Talep Sayfası,,"3 Yıl / 100 Bin Km Mekanik
3 Yıl Boya
12 Yıl Paslanmazlık",Renault Yardım 444 6247,Var,,,,,Turbo,,4,1461 cc,Common Rail Direkt Enjeksiyon,10.8 saniye,197 km/s,260 nm,115 BG,,,Fransa,Sedan,Binek,Touch,Sedan,2020,İçten Yanmalı (Standart),2014 tl/yıl,C,Megane,Dizel,https://www.epey.com/araba/2020-renault-megane-sedan-1-5-blue-dci-115-bg-edc-touch.html,,,,,,,112 g/km,4.2 lt,49 lt,Euro 6,3.9 lt,4.9 lt,,,5 yıldız,2020 Renault Megane Sedan 1.5 Blue dCi 115 BG EDC Touch NCAP/ANCAP Web Sayfası,2015,Var,,,,,,,,Önden Çekişli,,,,,7 ileri,Otomatik,EDC (Çift Kavramalı Otm.)
1450 kg,,1814 mm,4632 mm,1443 mm,987 lt,503 lt,,2020 Renault Megane Sedan 1.5 Blue dCi 115 BG Icon,,,,,,2020 Renault Megane Sedan 1.5 Blue dCi 115 BG Icon Test Sürüşü Talep Sayfası,2020 Renault Megane Sedan 1.5 Blue dCi 115 BG Icon Ürün Kataloğu,,Renault Yardım 444 6247,Var,,,,,Turbo,,4,1461 cc,Common Rail Direkt Enjeksiyon,11.3 saniye,191 km/s,260 nm,115 BG,,,Fransa,Sedan,Binek,Icon,Sedan,2020,İçten Yanmalı (Standart),2014 tl/yıl,C,Megane,Dizel,https://www.epey.com/araba/2020-renault-megane-sedan-1-5-blue-dci-115-bg-icon.html,,,,,,,110 g/km,4.2 lt,49 lt,Euro 6,3.7 lt,5.0 lt,,,5 yıldız,2020 Renault Megane Sedan 1.5 Blue dCi 115 BG Icon NCAP/ANCAP Web Sayfası,2015,Var,,,,,,,,Önden Çekişli,,,,,6 ileri,Manuel,
1450 kg,,1814 mm,4632 mm,1443 mm,987 lt,503 lt,,2020 Renault Megane Sedan 1.5 Blue dCi 115 BG Joy,,,,,,2020 Renault Megane Sedan 1.5 Blue dCi 115 BG Joy Test Sürüşü Talep Sayfası,,"3 Yıl / 100 Bin Km Mekanik
3 Yıl Boya
12 Yıl Paslanmazlık",Renault Yardım 444 6247,Var,,,,,Turbo,,4,1461 cc,Common Rail Direkt Enjeksiyon,11.3 saniye,191 km/s,260 nm,115 BG,,,Fransa,Sedan,Binek,Joy,Sedan,2020,İçten Yanmalı (Standart),2014 tl/yıl,C,Megane,Dizel,https://www.epey.com/araba/2020-renault-megane-sedan-1-5-blue-dci-115-bg-joy.html,,,,,,,110 g/km,4.2 lt,49 lt,Euro 6,3.7 lt,5.0 lt,,,5 yıldız,2020 Renault Megane Sedan 1.5 Blue dCi 115 BG Joy NCAP/ANCAP Web Sayfası,2015,Var,,,,,,,,Önden Çekişli,,,,,6 ileri,Manuel,
1450 kg,,1814 mm,4632 mm,1443 mm,987 lt,503 lt,,2020 Renault Megane Sedan 1.5 Blue dCi 115 BG Touch,,,,,,2020 Renault Megane Sedan 1.5 Blue dCi 115 BG Touch Test Sürüşü Talep Sayfası,2020 Renault Megane Sedan 1.5 Blue dCi 115 BG Touch Ürün Kataloğu,,Renault Yardım 444 6247,Var,,,,,Turbo,,4,1461 cc,Common Rail Direkt Enjeksiyon,11.3 saniye,191 km/s,260 nm,115 BG,,,Fransa,Sedan,Binek,Touch,Sedan,2020,İçten Yanmalı (Standart),2014 tl/yıl,C,Megane,Dizel,https://www.epey.com/araba/2020-renault-megane-sedan-1-5-blue-dci-115-bg-touch.html,,,,,,,110 g/km,4.2 lt,49 lt,Euro 6,3.7 lt,5.0 lt,,,5 yıldız,2020 Renault Megane Sedan 1.5 Blue dCi 115 BG Touch NCAP/ANCAP Web Sayfası,2015,Var,,,,,,,,Önden Çekişli,,,,,6 ileri,Manuel,
1088 kg,,1733 mm,4354 mm,1517 mm,1257 lt,510 lt,,2020 Renault Symbol 0.9 TCe 90 BG Joy,,,,,,2020 Renault Symbol 0.9 TCe 90 BG Joy Test Sürüşü Talep Sayfası,2020 Renault Symbol 0.9 TCe 90 BG Joy Ürün Kataloğu,"3 Yıl / 100 Bin Km Mekanik
3 Yıl Boya
12 Yıl Paslanmazlık",Renault Yardım 444 6247,Var,,,,,Turbo,,3,899 cc,,11.1 saniye,175 km/s,140 nm,90 BG,,,Fransa,,Binek,Joy,Sedan,2020,İçten Yanmalı (Standart),1156 tl/yıl,B,Symbol,Benzin,https://www.epey.com/araba/2020-renault-symbol-0-9-tce-90-bg-joy.html,,,,,,,122 g/km,5.4 lt,50 lt,Euro 6,4.7 lt,6.5 lt,,,,,,,,,,,,,,Önden Çekişli,,,,,5 ileri,Manuel,
1191 kg,,1733 mm,4354 mm,1517 mm,1257 lt,510 lt,,2020 Renault Symbol 1.5 Blue dCi 95 BG Joy,,,,,,2020 Renault Symbol 1.5 Blue dCi 95 BG Joy Test Sürüşü Talep Sayfası,2020 Renault Symbol 1.5 Blue dCi 95 BG Joy Ürün Kataloğu,"3 Yıl / 100 Bin Km Mekanik
3 Yıl Boya
12 Yıl Paslanmazlık",Renault Yardım 444 6247,Var,,,,,Turbo,,4,1461 cc,Common Rail Direkt Enjeksiyon,11.9 saniye,167 km/s,220 nm,95 BG,,,Fransa,,Binek,Joy,Sedan,2020,İçten Yanmalı (Standart),2014 tl/yıl,B,Symbol,Dizel,https://www.epey.com/araba/2020-renault-symbol-1-5-blue-dci-95-bg-joy.html,,,,,,,104 g/km,3.9 lt,50 lt,Euro 6,3.6 lt,4.5 lt,,,,,,,,,,,,,,Önden Çekişli,,,,,5 ileri,Manuel,
,11.60 mt.,1869 mm,4848 mm,1463 mm,1022 lt,608 lt,,2020 Renault Talisman 1.3 TCe 160 HP EDC Icon,,,,,,2020 Renault Talisman 1.3 TCe 160 HP EDC Icon Test Sürüşü Talep Sayfası,,"3 Yıl / 150 Bin Km Mekanik
3 Yıl Boya
12 Yıl Paslanmazlık",Renault Yardım 444 6247,Var,,,,,Turbo,,4,1332 cc,Direkt Enjeksiyon,,,260 nm,160 BG,,,Fransa,,Binek,Icon,Sedan,2020,İçten Yanmalı (Standart),2014 tl/yıl,D,Talisman,Benzin,https://www.epey.com/araba/2020-renault-talisman-1-3-tce-160-hp-edc-icon.html,,,,,,,,,52 lt,Euro 6,,,,,5 yıldız,2020 Renault Talisman 1.3 TCe 160 HP EDC Icon NCAP/ANCAP Web Sayfası,2015,Var,,,,,,,,Önden Çekişli,,,,,7 ileri,Otomatik,EDC (Çift Kavramalı Otm.)
,11.60 mt.,1869 mm,4848 mm,1463 mm,1022 lt,608 lt,,2020 Renault Talisman 1.3 TCe 160 HP EDC Touch,,,,,,2020 Renault Talisman 1.3 TCe 160 HP EDC Touch Test Sürüşü Talep Sayfası,,"3 Yıl / 150 Bin Km Mekanik
3 Yıl Boya
12 Yıl Paslanmazlık",Renault Yardım 444 6247,Var,,,,,Turbo,,4,1332 cc,Direkt Enjeksiyon,,,260 nm,160 BG,,,Fransa,,Binek,Touch,Sedan,2020,İçten Yanmalı (Standart),2014 tl/yıl,D,Talisman,Benzin,https://www.epey.com/araba/2020-renault-talisman-1-3-tce-160-hp-edc-touch.html,,,,,,,,,52 lt,Euro 6,,,,,5 yıldız,2020 Renault Talisman 1.3 TCe 160 HP EDC Touch NCAP/ANCAP Web Sayfası,2015,Var,,,,,,,,Önden Çekişli,,,,,7 ileri,Otomatik,EDC (Çift Kavramalı Otm.)
1393 kg,10.90 mt.,1841 mm,4382 mm,1603 mm,1630 lt,521 lt,,2020 Skoda Karoq 1.5 TSI 150 PS ACT DSG Premium (4x2),,,,,,2020 Skoda Karoq 1.5 TSI 150 PS ACT DSG Premium (4x2) Test Sürüşü Talep Sayfası,2020 Skoda Karoq 1.5 TSI 150 PS ACT DSG Premium (4x2) Ürün Kataloğu,"2 Yıl Sınırsız Km Mekanik
3 Yıl Boya
12 Yıl Paslanmazlık","Skoda Yol Yardımı 0212 216 4228
Skoda Yol Yardımı 0212 275 0121
Skoda Yol Yardımı 0800 211 4106",Var,,,,,Turbo,ACT (Aktif Silindir Yönetimi),4,1498 cc,TSI - Doğrudan Enjeksiyon,8.6 saniye,203 km/s,250 nm,150 BG,,,Çek Cumhuriyeti > Almanya,,Binek,Premium,SUV,2020,İçten Yanmalı (Standart),2014 tl/yıl,C,Karoq,Benzin,https://www.epey.com/araba/2020-skoda-karoq-1-5-tsi-150-ps-act-dsg-premium-4x2.html,,,,,,,127 g/km,5.6 lt,50 lt,Euro 6,5.0 lt,6.8 lt,,,5 yıldız,2020 Skoda Karoq 1.5 TSI 150 PS ACT DSG Premium (4x2) NCAP/ANCAP Web Sayfası,2017,Var,,,,,,,,Önden Çekişli,,,,,7 ileri,Otomatik,DSG (Yarı Otm.)
1393 kg,10.90 mt.,1841 mm,4382 mm,1603 mm,1630 lt,521 lt,,2020 Skoda Karoq 1.5 TSI 150 PS ACT DSG Prestige (4x2),,,,,,2020 Skoda Karoq 1.5 TSI 150 PS ACT DSG Prestige (4x2) Test Sürüşü Talep Sayfası,2020 Skoda Karoq 1.5 TSI 150 PS ACT DSG Prestige (4x2) Ürün Kataloğu,"2 Yıl Sınırsız Km Mekanik
3 Yıl Boya
12 Yıl Paslanmazlık","Skoda Yol Yardımı 0212 216 4228
Skoda Yol Yardımı 0212 275 0121
Skoda Yol Yardımı 0800 211 4106",Var,,,,,Turbo,ACT (Aktif Silindir Yönetimi),4,1498 cc,TSI - Doğrudan Enjeksiyon,8.6 saniye,203 km/s,250 nm,150 BG,,,Çek Cumhuriyeti > Almanya,,Binek,Prestige,SUV,2020,İçten Yanmalı (Standart),2014 tl/yıl,C,Karoq,Benzin,https://www.epey.com/araba/2020-skoda-karoq-1-5-tsi-150-ps-act-dsg-prestige-4x2.html,,,,,,,127 g/km,5.6 lt,50 lt,Euro 6,5.0 lt,6.8 lt,,,5 yıldız,2020 Skoda Karoq 1.5 TSI 150 PS ACT DSG Prestige (4x2) NCAP/ANCAP Web Sayfası,2017,Var,,,,,,,,Önden Çekişli,,,,,7 ileri,Otomatik,DSG (Yarı Otm.)
1441 kg,10.90 mt.,1841 mm,4382 mm,1603 mm,1630 lt,521 lt,,2020 Skoda Karoq 1.6 TDI 115 PS DSG Premium (4x2),,,,,,2020 Skoda Karoq 1.6 TDI 115 PS DSG Premium (4x2) Test Sürüşü Talep Sayfası,2020 Skoda Karoq 1.6 TDI 115 PS DSG Premium (4x2) Ürün Kataloğu,"2 Yıl Sınırsız Km Mekanik
3 Yıl Boya
12 Yıl Paslanmazlık","Skoda Yol Yardımı 0212 216 4228
Skoda Yol Yardımı 0212 275 0121
Skoda Yol Yardımı 0800 211 4106",Var,,,,,Turbo,,4,1598 cc,Common Rail Direkt Enjeksiyon,10.9 saniye,188 km/s,250 nm,115 BG,,,Çek Cumhuriyeti > Almanya,,Binek,Premium,SUV,2020,İçten Yanmalı (Standart),2014 tl/yıl,C,Karoq,Dizel,https://www.epey.com/araba/2020-skoda-karoq-1-6-tdi-115-ps-dsg-premium-4x2.html,,,,,,,114 g/km,4.3 lt,50 lt,Euro 6,4.2 lt,4.5 lt,,,5 yıldız,2020 Skoda Karoq 1.6 TDI 115 PS DSG Premium (4x2) NCAP/ANCAP Web Sayfası,2017,Var,,,,,,,,Önden Çekişli,,,,,7 ileri,Otomatik,DSG (Yarı Otm.)
1441 kg,10.90 mt.,1841 mm,4382 mm,1603 mm,1630 lt,521 lt,,2020 Skoda Karoq 1.6 TDI 115 PS DSG Prestige (4x2),,,,,,2020 Skoda Karoq 1.6 TDI 115 PS DSG Prestige (4x2) Test Sürüşü Talep Sayfası,2020 Skoda Karoq 1.6 TDI 115 PS DSG Prestige (4x2) Ürün Kataloğu,"2 Yıl Sınırsız Km Mekanik
3 Yıl Boya
12 Yıl Paslanmazlık","Skoda Yol Yardımı 0212 216 4228
Skoda Yol Yardımı 0212 275 0121
Skoda Yol Yardımı 0800 211 4106",Var,,,,,Turbo,,4,1598 cc,Common Rail Direkt Enjeksiyon,10.9 saniye,188 km/s,250 nm,115 BG,,,Çek Cumhuriyeti > Almanya,,Binek,Prestige,SUV,2020,İçten Yanmalı (Standart),2014 tl/yıl,C,Karoq,Dizel,https://www.epey.com/araba/2020-skoda-karoq-1-6-tdi-115-ps-dsg-prestige-4x2.html,,,,,,,114 g/km,4.3 lt,50 lt,Euro 6,4.2 lt,4.5 lt,,,5 yıldız,2020 Skoda Karoq 1.6 TDI 115 PS DSG Prestige (4x2) NCAP/ANCAP Web Sayfası,2017,Var,,,,,,,,Önden Çekişli,,,,,7 ileri,Otomatik,DSG (Yarı Otm.)
1582 kg,,1882 mm,4697 mm,1676 mm,2065 lt,720 lt,,2020 Skoda Kodiaq 1.5 TSI 150 PS ACT DSG Elite (4x2),,,,,,2020 Skoda Kodiaq 1.5 TSI 150 PS ACT DSG Elite (4x2) Test Sürüşü Talep Sayfası,2020 Skoda Kodiaq 1.5 TSI 150 PS ACT DSG Elite (4x2) Ürün Kataloğu,"2 Yıl Sınırsız Km Mekanik
3 Yıl Boya
12 Yıl Paslanmazlık","Skoda Yol Yardımı 0212 216 4228
Skoda Yol Yardımı 0212 275 0121
Skoda Yol Yardımı 0800 211 4106",Var,,,,,Turbo,,4,1498 cc,TSI - Doğrudan Enjeksiyon,9.8 saniye,198 km/s,250 nm,150 BG,,,Çek Cumhuriyeti > Almanya,,Binek,Elite,SUV,2020,İçten Yanmalı (Standart),2014 tl/yıl,D,Kodiaq,Benzin,https://www.epey.com/araba/2020-skoda-kodiaq-1-5-tsi-150-ps-act-dsg-elite-4x2.html,,,,,,,136 g/km,6.0 lt,58 lt,,5.4 lt,7.2 lt,,,5 yıldız,2020 Skoda Kodiaq 1.5 TSI 150 PS ACT DSG Elite (4x2) NCAP/ANCAP Web Sayfası,2017,Var,,,,,,,,Önden Çekişli,,,,,7 ileri,Otomatik,DSG (Yarı Otm.)
1582 kg,,1882 mm,4697 mm,1676 mm,2065 lt,720 lt,,2020 Skoda Kodiaq 1.5 TSI 150 PS ACT DSG L&K Crystal (4x2),,,,,,2020 Skoda Kodiaq 1.5 TSI 150 PS ACT DSG L&K Crystal (4x2) Test Sürüşü Talep Sayfası,2020 Skoda Kodiaq 1.5 TSI 150 PS ACT DSG L&K Crystal (4x2) Ürün Kataloğu,"2 Yıl Sınırsız Km Mekanik
3 Yıl Boya
12 Yıl Paslanmazlık","Skoda Yol Yardımı 0212 216 4228
Skoda Yol Yardımı 0212 275 0121
Skoda Yol Yardımı 0800 211 4106",Var,,,,,Turbo,,4,1498 cc,TSI - Doğrudan Enjeksiyon,9.8 saniye,198 km/s,250 nm,150 BG,,,Çek Cumhuriyeti > Almanya,,Binek,L&K Crystal,SUV,2020,İçten Yanmalı (Standart),2014 tl/yıl,D,Kodiaq,Benzin,https://www.epey.com/araba/2020-skoda-kodiaq-1-5-tsi-150-ps-act-dsg-lk-crystal-4x2.html,,,,,,,136 g/km,6.0 lt,58 lt,,5.4 lt,7.2 lt,,,5 yıldız,2020 Skoda Kodiaq 1.5 TSI 150 PS ACT DSG L&K Crystal (4x2) NCAP/ANCAP Web Sayfası,2017,Var,,,,,,,,Önden Çekişli,,,,,7 ileri,Otomatik,DSG (Yarı Otm.)
1582 kg,,1882 mm,4697 mm,1676 mm,2065 lt,720 lt,,2020 Skoda Kodiaq 1.5 TSI 150 PS ACT DSG Premium (4x2),,,,,,2020 Skoda Kodiaq 1.5 TSI 150 PS ACT DSG Premium (4x2) Test Sürüşü Talep Sayfası,2020 Skoda Kodiaq 1.5 TSI 150 PS ACT DSG Premium (4x2) Ürün Kataloğu,"2 Yıl Sınırsız Km Mekanik
3 Yıl Boya
12 Yıl Paslanmazlık","Skoda Yol Yardımı 0212 216 4228
Skoda Yol Yardımı 0212 275 0121
Skoda Yol Yardımı 0800 211 4106",Var,,,,,Turbo,,4,1498 cc,TSI - Doğrudan Enjeksiyon,9.8 saniye,198 km/s,250 nm,150 BG,,,Çek Cumhuriyeti > Almanya,,Binek,Premium,SUV,2020,İçten Yanmalı (Standart),2014 tl/yıl,D,Kodiaq,Benzin,https://www.epey.com/araba/2020-skoda-kodiaq-1-5-tsi-150-ps-act-dsg-premium-4x2.html,,,,,,,136 g/km,6.0 lt,58 lt,,5.4 lt,7.2 lt,,,5 yıldız,2020 Skoda Kodiaq 1.5 TSI 150 PS ACT DSG Premium (4x2) NCAP/ANCAP Web Sayfası,2017,Var,,,,,,,,Önden Çekişli,,,,,7 ileri,Otomatik,DSG (Yarı Otm.)
1582 kg,,1882 mm,4697 mm,1676 mm,2065 lt,720 lt,,2020 Skoda Kodiaq 1.5 TSI 150 PS ACT DSG Prestige (4x2),,,,,,2020 Skoda Kodiaq 1.5 TSI 150 PS ACT DSG Prestige (4x2) Test Sürüşü Talep Sayfası,2020 Skoda Kodiaq 1.5 TSI 150 PS ACT DSG Prestige (4x2) Ürün Kataloğu,"2 Yıl Sınırsız Km Mekanik
3 Yıl Boya
12 Yıl Paslanmazlık","Skoda Yol Yardımı 0212 216 4228
Skoda Yol Yardımı 0212 275 0121
Skoda Yol Yardımı 0800 211 4106",Var,,,,,Turbo,,4,1498 cc,TSI - Doğrudan Enjeksiyon,9.8 saniye,198 km/s,250 nm,150 BG,,,Çek Cumhuriyeti > Almanya,,Binek,Prestige,SUV,2020,İçten Yanmalı (Standart),2014 tl/yıl,D,Kodiaq,Benzin,https://www.epey.com/araba/2020-skoda-kodiaq-1-5-tsi-150-ps-act-dsg-prestige-4x2.html,,,,,,,136 g/km,6.0 lt,58 lt,,5.4 lt,7.2 lt,,,5 yıldız,2020 Skoda Kodiaq 1.5 TSI 150 PS ACT DSG Prestige (4x2) NCAP/ANCAP Web Sayfası,2017,Var,,,,,,,,Önden Çekişli,,,,,7 ileri,Otomatik,DSG (Yarı Otm.)
1775 kg,,1882 mm,4697 mm,1676 mm,2065 lt,720 lt,,2020 Skoda Kodiaq 2.0 TDI 190 PS DSG L&K Crystal (4x4),,,,,,2020 Skoda Kodiaq 2.0 TDI 190 PS DSG L&K Crystal (4x4) Test Sürüşü Talep Sayfası,2020 Skoda Kodiaq 2.0 TDI 190 PS DSG L&K Crystal (4x4) Ürün Kataloğu,"2 Yıl Sınırsız Km Mekanik
3 Yıl Boya
12 Yıl Paslanmazlık","Skoda Yol Yardımı 0212 216 4228
Skoda Yol Yardımı 0212 275 0121
Skoda Yol Yardımı 0800 211 4106",Var,,,,,Turbo,,4,1968 cc,Common Rail Direkt Enjeksiyon,8.4 saniye,210 km/s,400 nm,190 BG,,,Çek Cumhuriyeti > Almanya,,Binek,L&K Crystal,SUV,2020,İçten Yanmalı (Standart),5603 tl/yıl,D,Kodiaq,Dizel,https://www.epey.com/araba/2020-skoda-kodiaq-2-0-tdi-190-ps-dsg-lk-crystal-4x4.html,,,,,,,149 g/km,5.6 lt,58 lt,,5.1 lt,6.6 lt,,,5 yıldız,2020 Skoda Kodiaq 2.0 TDI 190 PS DSG L&K Crystal (4x4) NCAP/ANCAP Web Sayfası,2017,Var,,,,,,,,4x4 Çekişli,,,,,7 ileri,Otomatik,DSG (Yarı Otm.)
1295 kg,10.60 mt.,1814 mm,4670 mm,1461 mm,1530 lt,568 lt,,2020 Skoda Octavia 1.5 TSI 150 PS DSG Style,,,,,,2020 Skoda Octavia 1.5 TSI 150 PS DSG Style Test Sürüşü Talep Sayfası,2020 Skoda Octavia 1.5 TSI 150 PS DSG Style Ürün Kataloğu,"2 Yıl Sınırsız Km Mekanik
3 Yıl Boya
12 Yıl Paslanmazlık","Skoda Yol Yardımı 0212 216 4228
Skoda Yol Yardımı 0212 275 0121
Skoda Yol Yardımı 0800 211 4106",Var,,,,,Turbo,,4,1498 cc,TSI - Doğrudan Enjeksiyon,8.3 saniye,223 km/s,250 nm,150 BG,,,Çek Cumhuriyeti > Almanya,,Binek,Style,Sedan,2020,İçten Yanmalı (Standart),2014 tl/yıl,C,Octavia,Benzin,https://www.epey.com/araba/2020-skoda-octavia-1-5-tsi-150-ps-dsg-style.html,,,,,,,116 g/km,5.1 lt,50 lt,,4.3 lt,6.8 lt,,,5 yıldız,2020 Skoda Octavia 1.5 TSI 150 PS DSG Style NCAP/ANCAP Web Sayfası,2013,Var,,,,,,,,Önden Çekişli,Var,"ASR (Patinaj Önleme Sistemi)
MSR (Elektronik Motor Çekiş Kontrolü)",,,7 ileri,Otomatik,DSG (Yarı Otm.)
1363 kg,10.60 mt.,1814 mm,4670 mm,1461 mm,1530 lt,568 lt,,2020 Skoda Octavia 1.6 TDI 115 PS DSG Style,,,,,,2020 Skoda Octavia 1.6 TDI 115 PS DSG Style Test Sürüşü Talep Sayfası,2020 Skoda Octavia 1.6 TDI 115 PS DSG Style Ürün Kataloğu,"2 Yıl Sınırsız Km Mekanik
3 Yıl Boya
12 Yıl Paslanmazlık","Skoda Yol Yardımı 0212 216 4228
Skoda Yol Yardımı 0212 275 0121
Skoda Yol Yardımı 0800 211 4106",Var,,,,,Turbo,,4,1598 cc,Common Rail Direkt Enjeksiyon,10.4 saniye,204 km/s,250 nm,115 BG,,,Çek Cumhuriyeti > Almanya,,Binek,Style,Sedan,2020,İçten Yanmalı (Standart),2014 tl/yıl,C,Octavia,Dizel,https://www.epey.com/araba/2020-skoda-octavia-1-6-tdi-115-ps-dsg-style.html,,,,,,,103 g/km,3.9 lt,50 lt,,3.6 lt,4.4 lt,,,5 yıldız,2020 Skoda Octavia 1.6 TDI 115 PS DSG Style NCAP/ANCAP Web Sayfası,2013,Var,,,,,,,,Önden Çekişli,Var,"ASR (Patinaj Önleme Sistemi)
MSR (Elektronik Motor Çekiş Kontrolü)",,,7 ileri,Otomatik,DSG (Yarı Otm.)
1455 kg,11.70 mt.,1864 mm,4869 mm,1503 mm,1730 lt,595 lt,,2020 Skoda Superb 1.5 TSI 150 HP Comfort,,,,,,2020 Skoda Superb 1.5 TSI 150 HP Comfort Test Sürüşü Talep Sayfası,,"2 Yıl Sınırsız Km Mekanik
3 Yıl Boya
12 Yıl Paslanmazlık","Skoda Yol Yardımı 0212 216 4228
Skoda Yol Yardımı 0212 275 0121
Skoda Yol Yardımı 0800 211 4106",Var,,,,,Turbo,,4,1498 cc,TSI - Doğrudan Enjeksiyon,9.0 saniye,220 km/s,250 nm,150 BG,,,Çek Cumhuriyeti > Almanya,,Binek,Comfort,Sedan,2020,İçten Yanmalı (Standart),2014 tl/yıl,D,Superb,Benzin,https://www.epey.com/araba/2020-skoda-superb-1-5-tsi-150-hp-comfort.html,,,,,,,120 g/km,5.2 lt,66 lt,Euro 6,4.4 lt,6.7 lt,,,5 yıldız,2020 Skoda Superb 1.5 TSI 150 HP Comfort NCAP/ANCAP Web Sayfası,2015,Var,,,,,,,,Önden Çekişli,,,,,6 ileri,Manuel,
1470 kg,11.70 mt.,1864 mm,4869 mm,1503 mm,1730 lt,595 lt,,2020 Skoda Superb 1.5 TSI 150 HP DSG Elite,,,,,,2020 Skoda Superb 1.5 TSI 150 HP DSG Elite Test Sürüşü Talep Sayfası,,"2 Yıl Sınırsız Km Mekanik
3 Yıl Boya
12 Yıl Paslanmazlık","Skoda Yol Yardımı 0212 216 4228
Skoda Yol Yardımı 0212 275 0121
Skoda Yol Yardımı 0800 211 4106",Var,,,,,Turbo,,4,1498 cc,TSI - Doğrudan Enjeksiyon,9.2 saniye,219 km/s,250 nm,150 BG,,,Çek Cumhuriyeti > Almanya,,Binek,Elite,Sedan,2020,İçten Yanmalı (Standart),2014 tl/yıl,D,Superb,Benzin,https://www.epey.com/araba/2020-skoda-superb-1-5-tsi-150-hp-dsg-elite.html,,,,,,,123 g/km,5.4 lt,66 lt,Euro 6,4.6 lt,6.8 lt,,,5 yıldız,2020 Skoda Superb 1.5 TSI 150 HP DSG Elite NCAP/ANCAP Web Sayfası,2015,Var,,,,,,,,Önden Çekişli,,,,,7 ileri,Otomatik,DSG (Yarı Otm.)
1470 kg,11.70 mt.,1864 mm,4869 mm,1503 mm,1730 lt,595 lt,,2020 Skoda Superb 1.5 TSI 150 HP DSG L&K Crystal,,,,,,2020 Skoda Superb 1.5 TSI 150 HP DSG L&K Crystal Test Sürüşü Talep Sayfası,,"2 Yıl Sınırsız Km Mekanik
3 Yıl Boya
12 Yıl Paslanmazlık","Skoda Yol Yardımı 0212 216 4228
Skoda Yol Yardımı 0212 275 0121
Skoda Yol Yardımı 0800 211 4106",Var,,,,,Turbo,,4,1498 cc,TSI - Doğrudan Enjeksiyon,9.2 saniye,219 km/s,250 nm,150 BG,,,Çek Cumhuriyeti > Almanya,,Binek,L&K Crystal,Sedan,2020,İçten Yanmalı (Standart),2014 tl/yıl,D,Superb,Benzin,https://www.epey.com/araba/2020-skoda-superb-1-5-tsi-150-hp-dsg-lk-crystal.html,,,,,,,123 g/km,5.4 lt,66 lt,Euro 6,4.6 lt,6.8 lt,,,5 yıldız,2020 Skoda Superb 1.5 TSI 150 HP DSG L&K Crystal NCAP/ANCAP Web Sayfası,2015,Var,,,,,,,,Önden Çekişli,,,,,7 ileri,Otomatik,DSG (Yarı Otm.)
1470 kg,11.70 mt.,1864 mm,4869 mm,1503 mm,1730 lt,595 lt,,2020 Skoda Superb 1.5 TSI 150 HP DSG Premium,,,,,,2020 Skoda Superb 1.5 TSI 150 HP DSG Premium Test Sürüşü Talep Sayfası,,"2 Yıl Sınırsız Km Mekanik
3 Yıl Boya
12 Yıl Paslanmazlık","Skoda Yol Yardımı 0212 216 4228
Skoda Yol Yardımı 0212 275 0121
Skoda Yol Yardımı 0800 211 4106",Var,,,,,Turbo,,4,1498 cc,TSI - Doğrudan Enjeksiyon,9.2 saniye,219 km/s,250 nm,150 BG,,,Çek Cumhuriyeti > Almanya,,Binek,Premium,Sedan,2020,İçten Yanmalı (Standart),2014 tl/yıl,D,Superb,Benzin,https://www.epey.com/araba/2020-skoda-superb-1-5-tsi-150-hp-dsg-premium.html,,,,,,,123 g/km,5.4 lt,66 lt,Euro 6,4.6 lt,6.8 lt,,,5 yıldız,2020 Skoda Superb 1.5 TSI 150 HP DSG Premium NCAP/ANCAP Web Sayfası,2015,Var,,,,,,,,Önden Çekişli,,,,,7 ileri,Otomatik,DSG (Yarı Otm.)
1470 kg,11.70 mt.,1864 mm,4869 mm,1503 mm,1730 lt,595 lt,,2020 Skoda Superb 1.5 TSI 150 HP DSG Prestige,,,,,,2020 Skoda Superb 1.5 TSI 150 HP DSG Prestige Test Sürüşü Talep Sayfası,,"2 Yıl Sınırsız Km Mekanik
3 Yıl Boya
12 Yıl Paslanmazlık","Skoda Yol Yardımı 0212 216 4228
Skoda Yol Yardımı 0212 275 0121
Skoda Yol Yardımı 0800 211 4106",Var,,,,,Turbo,,4,1498 cc,TSI - Doğrudan Enjeksiyon,9.2 saniye,219 km/s,250 nm,150 BG,,,Çek Cumhuriyeti > Almanya,,Binek,Prestige,Sedan,2020,İçten Yanmalı (Standart),2014 tl/yıl,D,Superb,Benzin,https://www.epey.com/araba/2020-skoda-superb-1-5-tsi-150-hp-dsg-prestige.html,,,,,,,123 g/km,5.4 lt,66 lt,Euro 6,4.6 lt,6.8 lt,,,5 yıldız,2020 Skoda Superb 1.5 TSI 150 HP DSG Prestige NCAP/ANCAP Web Sayfası,2015,Var,,,,,,,,Önden Çekişli,,,,,7 ileri,Otomatik,DSG (Yarı Otm.)
1530 kg,11.70 mt.,1864 mm,4869 mm,1503 mm,1730 lt,595 lt,,2020 Skoda Superb 1.6 TDI 120 HP DSG Elite,,,,,,2020 Skoda Superb 1.6 TDI 120 HP DSG Elite Test Sürüşü Talep Sayfası,,"2 Yıl Sınırsız Km Mekanik
3 Yıl Boya
12 Yıl Paslanmazlık","Skoda Yol Yardımı 0212 216 4228
Skoda Yol Yardımı 0212 275 0121
Skoda Yol Yardımı 0800 211 4106",Var,,,,,Turbo,,4,1598 cc,Common Rail Direkt Enjeksiyon,11.1 saniye,205 km/s,250 nm,120 BG,,,Çek Cumhuriyeti > Almanya,,Binek,Elite,Sedan,2020,İçten Yanmalı (Standart),2014 tl/yıl,D,Superb,Dizel,https://www.epey.com/araba/2020-skoda-superb-1-6-tdi-120-hp-dsg-elite.html,,,,,,,110 g/km,4.2 lt,66 lt,Euro 6,3.9 lt,4.7 lt,,,5 yıldız,2020 Skoda Superb 1.6 TDI 120 HP DSG Elite NCAP/ANCAP Web Sayfası,2015,Var,,,,,,,,Önden Çekişli,,,,,7 ileri,Otomatik,DSG (Yarı Otm.)
1530 kg,11.70 mt.,1864 mm,4869 mm,1503 mm,1730 lt,595 lt,,2020 Skoda Superb 1.6 TDI 120 HP DSG Premium,,,,,,2020 Skoda Superb 1.6 TDI 120 HP DSG Premium Test Sürüşü Talep Sayfası,,"2 Yıl Sınırsız Km Mekanik
3 Yıl Boya
12 Yıl Paslanmazlık","Skoda Yol Yardımı 0212 216 4228
Skoda Yol Yardımı 0212 275 0121
Skoda Yol Yardımı 0800 211 4106",Var,,,,,Turbo,,4,1598 cc,Common Rail Direkt Enjeksiyon,11.1 saniye,205 km/s,250 nm,120 BG,,,Çek Cumhuriyeti > Almanya,,Binek,Premium,Sedan,2020,İçten Yanmalı (Standart),2014 tl/yıl,D,Superb,Dizel,https://www.epey.com/araba/2020-skoda-superb-1-6-tdi-120-hp-dsg-premium.html,,,,,,,110 g/km,4.2 lt,66 lt,Euro 6,3.9 lt,4.7 lt,,,5 yıldız,2020 Skoda Superb 1.6 TDI 120 HP DSG Premium NCAP/ANCAP Web Sayfası,2015,Var,,,,,,,,Önden Çekişli,,,,,7 ileri,Otomatik,DSG (Yarı Otm.)
1530 kg,11.70 mt.,1864 mm,4869 mm,1503 mm,1730 lt,595 lt,,2020 Skoda Superb 1.6 TDI 120 HP DSG Prestige,,,,,,2020 Skoda Superb 1.6 TDI 120 HP DSG Prestige Test Sürüşü Talep Sayfası,,"2 Yıl Sınırsız Km Mekanik
3 Yıl Boya
12 Yıl Paslanmazlık","Skoda Yol Yardımı 0212 216 4228
Skoda Yol Yardımı 0212 275 0121
Skoda Yol Yardımı 0800 211 4106",Var,,,,,Turbo,,4,1598 cc,Common Rail Direkt Enjeksiyon,11.1 saniye,205 km/s,250 nm,120 BG,,,Çek Cumhuriyeti > Almanya,,Binek,Prestige,Sedan,2020,İçten Yanmalı (Standart),2014 tl/yıl,D,Superb,Dizel,https://www.epey.com/araba/2020-skoda-superb-1-6-tdi-120-hp-dsg-prestige.html,,,,,,,110 g/km,4.2 lt,66 lt,Euro 6,3.9 lt,4.7 lt,,,5 yıldız,2020 Skoda Superb 1.6 TDI 120 HP DSG Prestige NCAP/ANCAP Web Sayfası,2015,Var,,,,,,,,Önden Çekişli,,,,,7 ileri,Otomatik,DSG (Yarı Otm.)
1665 kg,11.70 mt.,1864 mm,4869 mm,1503 mm,1730 lt,595 lt,,2020 Skoda Superb 2.0 TDI 190 HP DSG L&K Crystal (4x4),,,,,,2020 Skoda Superb 2.0 TDI 190 HP DSG L&K Crystal (4x4) Test Sürüşü Talep Sayfası,,"2 Yıl Sınırsız Km Mekanik
3 Yıl Boya
12 Yıl Paslanmazlık","Skoda Yol Yardımı 0212 216 4228
Skoda Yol Yardımı 0212 275 0121
Skoda Yol Yardımı 0800 211 4106",Var,,,,,Turbo,,4,1968 cc,Common Rail Direkt Enjeksiyon,8.0 saniye,232 km/s,400 nm,190 BG,,,Çek Cumhuriyeti > Almanya,,Binek,L&K Crystal,Sedan,2020,İçten Yanmalı (Standart),5603 tl/yıl,D,Superb,Dizel,https://www.epey.com/araba/2020-skoda-superb-2-0-tdi-190-hp-dsg-lk-crystal-4x4.html,,,,,,,129 g/km,4.9 lt,66 lt,Euro 6,4.4 lt,5.8 lt,,,5 yıldız,2020 Skoda Superb 2.0 TDI 190 HP DSG L&K Crystal (4x4) NCAP/ANCAP Web Sayfası,2015,Var,,,,,,,,4x4 Çekişli,,,,,7 ileri,Otomatik,DSG (Yarı Otm.)
1450 kg,,1795 mm,4390 mm,1565 mm,,297 lt,,2020 Toyota C-HR 1.2 Turbo 116 PS Flame (4x2),,,,,,2020 Toyota C-HR 1.2 Turbo 116 PS Flame (4x2) Test Sürüşü Talep Sayfası,2020 Toyota C-HR 1.2 Turbo 116 PS Flame (4x2) Ürün Kataloğu,"3 Yıl / 100 Bin Km Mekanik
3 Yıl Boya
12 Yıl Paslanmazlık","Toyota Asistanım 0212 233 3145
Toyota Asistanım 0800 211 6166
Toyota İletişim Merkezi 0212 354 0354",Var,,,,,Turbo,,4,1197 cc,Direkt Enjeksiyon,10.9 saniye,190 km/s,185 nm,116 BG,,,Japonya,,Binek,Flame,SUV,2020,İçten Yanmalı (Standart),1156 tl/yıl,B,C-HR,Benzin,https://www.epey.com/araba/2020-toyota-c-hr-1-2-turbo-116-ps-flame-4x2.html,,,,,,,138 g/km,6.1 lt,50 lt,Euro 6,5.3 lt,7.3 lt,,,5 yıldız,2020 Toyota C-HR 1.2 Turbo 116 PS Flame (4x2) NCAP/ANCAP Web Sayfası,2017,Var,,,,,,,,Önden Çekişli,,,,,6 ileri,Manuel,
1465 kg,,1795 mm,4390 mm,1565 mm,,297 lt,,2020 Toyota C-HR 1.2 Turbo 116 PS Multidrive S Flame (4x2),,,,,,2020 Toyota C-HR 1.2 Turbo 116 PS Multidrive S Flame (4x2) Test Sürüşü Talep Sayfası,2020 Toyota C-HR 1.2 Turbo 116 PS Multidrive S Flame (4x2) Ürün Kataloğu,"3 Yıl / 100 Bin Km Mekanik
3 Yıl Boya
12 Yıl Paslanmazlık","Toyota Asistanım 0212 233 3145
Toyota Asistanım 0800 211 6166
Toyota İletişim Merkezi 0212 354 0354",Var,,,,,Turbo,,4,1197 cc,Direkt Enjeksiyon,10.9 saniye,190 km/s,185 nm,116 BG,,,Japonya,,Binek,Flame,SUV,2020,İçten Yanmalı (Standart),1156 tl/yıl,B,C-HR,Benzin,https://www.epey.com/araba/2020-toyota-c-hr-1-2-turbo-116-ps-multidrive-s-flame-4x2.html,,,,,,,138 g/km,6.1 lt,50 lt,Euro 6,5.3 lt,7.4 lt,,,5 yıldız,2020 Toyota C-HR 1.2 Turbo 116 PS Multidrive S Flame (4x2) NCAP/ANCAP Web Sayfası,2017,Var,,,,,,,,Önden Çekişli,,,,,,Otomatik,Multidrive S (Değişken Oranlı CVT)
1465 kg,,1795 mm,4390 mm,1565 mm,,297 lt,,2020 Toyota C-HR 1.2 Turbo 116 PS Multidrive S Passion (4x2),,,,,,2020 Toyota C-HR 1.2 Turbo 116 PS Multidrive S Passion (4x2) Test Sürüşü Talep Sayfası,2020 Toyota C-HR 1.2 Turbo 116 PS Multidrive S Passion (4x2) Ürün Kataloğu,"3 Yıl / 100 Bin Km Mekanik
3 Yıl Boya
12 Yıl Paslanmazlık","Toyota Asistanım 0212 233 3145
Toyota Asistanım 0800 211 6166
Toyota İletişim Merkezi 0212 354 0354",Var,,,,,Turbo,,4,1197 cc,Direkt Enjeksiyon,10.9 saniye,190 km/s,185 nm,116 BG,,,Japonya,,Binek,Passion,SUV,2020,İçten Yanmalı (Standart),1156 tl/yıl,B,C-HR,Benzin,https://www.epey.com/araba/2020-toyota-c-hr-1-2-turbo-116-ps-multidrive-s-passion-4x2.html,,,,,,,138 g/km,6.1 lt,50 lt,Euro 6,5.3 lt,7.4 lt,,,5 yıldız,2020 Toyota C-HR 1.2 Turbo 116 PS Multidrive S Passion (4x2) NCAP/ANCAP Web Sayfası,2017,Var,,,,,,,,Önden Çekişli,,,,,,Otomatik,Multidrive S (Değişken Oranlı CVT)
1495 kg,,1795 mm,4390 mm,1555 mm,,297 lt,,2020 Toyota C-HR 1.8 Hybrid 122 PS e-CVT Flame (4x2),,,,,,2020 Toyota C-HR 1.8 Hybrid 122 PS e-CVT Flame (4x2) Test Sürüşü Talep Sayfası,2020 Toyota C-HR 1.8 Hybrid 122 PS e-CVT Flame (4x2) Ürün Kataloğu,"3 Yıl / 100 Bin Km Mekanik
3 Yıl Boya
12 Yıl Paslanmazlık","Toyota Asistanım 0212 233 3145
Toyota Asistanım 0800 211 6166
Toyota İletişim Merkezi 0212 354 0354",Var,163 nm,,Lityum İyon,,Atmosferik,,4,1798 cc,EFI (Elektronik Yakıt Püskürtme),11.0 saniye,170 km/s,142 nm,122 BG,,,Japonya,,Binek,Flame,SUV,2020,HEV (Benzinli & Elektrikli),3557 tl/yıl,B,C-HR,Benzin & Elektrik,https://www.epey.com/araba/2020-toyota-c-hr-1-8-hybrid-122-ps-e-cvt-flame-4x2.html,,,,,,,86 g/km,3.8 lt,43 lt,Euro 6,3.2 lt,4.2 lt,,,5 yıldız,2020 Toyota C-HR 1.8 Hybrid 122 PS e-CVT Flame (4x2) NCAP/ANCAP Web Sayfası,2017,Var,,,,,,,,Önden Çekişli,,,,,,Otomatik,e-CVT (Elk.Kont.Sürekli Değişken)
1495 kg,,1795 mm,4390 mm,1555 mm,,297 lt,,2020 Toyota C-HR 1.8 Hybrid 122 PS e-CVT Passion (4x2),,,,,,2020 Toyota C-HR 1.8 Hybrid 122 PS e-CVT Passion (4x2) Test Sürüşü Talep Sayfası,2020 Toyota C-HR 1.8 Hybrid 122 PS e-CVT Passion (4x2) Ürün Kataloğu,"3 Yıl / 100 Bin Km Mekanik
3 Yıl Boya
12 Yıl Paslanmazlık","Toyota Asistanım 0212 233 3145
Toyota Asistanım 0800 211 6166
Toyota İletişim Merkezi 0212 354 0354",Var,163 nm,,Lityum İyon,,Atmosferik,,4,1798 cc,EFI (Elektronik Yakıt Püskürtme),11.0 saniye,170 km/s,142 nm,122 BG,,,Japonya,,Binek,Passion,SUV,2020,HEV (Benzinli & Elektrikli),3557 tl/yıl,B,C-HR,Benzin & Elektrik,https://www.epey.com/araba/2020-toyota-c-hr-1-8-hybrid-122-ps-e-cvt-passion-4x2.html,,,,,,,86 g/km,3.8 lt,43 lt,Euro 6,3.2 lt,4.2 lt,,,5 yıldız,2020 Toyota C-HR 1.8 Hybrid 122 PS e-CVT Passion (4x2) NCAP/ANCAP Web Sayfası,2017,Var,,,,,,,,Önden Çekişli,,,,,,Otomatik,e-CVT (Elk.Kont.Sürekli Değişken)
1495 kg,,1795 mm,4390 mm,1555 mm,,297 lt,,2020 Toyota C-HR 1.8 Hybrid 122 PS e-CVT Passion X-Pack (4x2),,,,,,2020 Toyota C-HR 1.8 Hybrid 122 PS e-CVT Passion X-Pack (4x2) Test Sürüşü Talep Sayfası,2020 Toyota C-HR 1.8 Hybrid 122 PS e-CVT Passion X-Pack (4x2) Ürün Kataloğu,"3 Yıl / 100 Bin Km Mekanik
3 Yıl Boya
12 Yıl Paslanmazlık","Toyota Asistanım 0212 233 3145
Toyota Asistanım 0800 211 6166
Toyota İletişim Merkezi 0212 354 0354",Var,163 nm,,Lityum İyon,,Atmosferik,,4,1798 cc,EFI (Elektronik Yakıt Püskürtme),11.0 saniye,170 km/s,142 nm,122 BG,,,Japonya,,Binek,Passion X-Pack,SUV,2020,HEV (Benzinli & Elektrikli),3557 tl/yıl,B,C-HR,Benzin & Elektrik,https://www.epey.com/araba/2020-toyota-c-hr-1-8-hybrid-122-ps-e-cvt-passion-x-pack-4x2.html,,,,,,,86 g/km,3.8 lt,43 lt,Euro 6,3.2 lt,4.2 lt,,,5 yıldız,2020 Toyota C-HR 1.8 Hybrid 122 PS e-CVT Passion X-Pack (4x2) NCAP/ANCAP Web Sayfası,2017,Var,,,,,,,,Önden Çekişli,,,,,,Otomatik,e-CVT (Elk.Kont.Sürekli Değişken)
1265 kg,,1780 mm,4630 mm,1435 mm,,471 lt,,2020 Toyota Corolla 1.6 132 PS Dream,,,,,,2020 Toyota Corolla 1.6 132 PS Dream Test Sürüşü Talep Sayfası,2020 Toyota Corolla 1.6 132 PS Dream Ürün Kataloğu,"3 Yıl / 100 Bin Km Mekanik
3 Yıl Boya
12 Yıl Paslanmazlık","Toyota Asistanım 0212 233 3145
Toyota Asistanım 0800 211 6166
Toyota İletişim Merkezi 0212 354 0354",Var,,,,,Atmosferik,,4,1598 cc,EFI (Elektronik Yakıt Püskürtme),9.7 saniye,200 km/s,159 nm,132 BG,,,Japonya,Sedan,Binek,Dream,Sedan,2020,İçten Yanmalı (Standart),2014 tl/yıl,C,Corolla,Benzin,https://www.epey.com/araba/2020-toyota-corolla-1-6-132-ps-dream.html,,,,,,,138 g/km,6.0 lt,50 lt,,4.9 lt,8.0 lt,,,5 yıldız,2020 Toyota Corolla 1.6 132 PS Dream NCAP/ANCAP Web Sayfası,2013,Var,,,,,,,,Önden Çekişli,,,,,6 ileri,Manuel,
1265 kg,,1780 mm,4630 mm,1435 mm,,471 lt,,2020 Toyota Corolla 1.6 132 PS Flame X-Pack,,,,,,2020 Toyota Corolla 1.6 132 PS Flame X-Pack Test Sürüşü Talep Sayfası,2020 Toyota Corolla 1.6 132 PS Flame X-Pack Ürün Kataloğu,"3 Yıl / 100 Bin Km Mekanik
3 Yıl Boya
12 Yıl Paslanmazlık","Toyota Asistanım 0212 233 3145
Toyota Asistanım 0800 211 6166
Toyota İletişim Merkezi 0212 354 0354",Var,,,,,Atmosferik,,4,1598 cc,EFI (Elektronik Yakıt Püskürtme),9.7 saniye,200 km/s,159 nm,132 BG,,,Japonya,Sedan,Binek,Flame X-Pack,Sedan,2020,İçten Yanmalı (Standart),2014 tl/yıl,C,Corolla,Benzin,https://www.epey.com/araba/2020-toyota-corolla-1-6-132-ps-flame-x-pack.html,,,,,,,138 g/km,6.0 lt,50 lt,,4.9 lt,8.0 lt,,,5 yıldız,2020 Toyota Corolla 1.6 132 PS Flame X-Pack NCAP/ANCAP Web Sayfası,2013,Var,,,,,,,,Önden Çekişli,,,,,6 ileri,Manuel,
1265 kg,,1780 mm,4630 mm,1435 mm,,471 lt,,2020 Toyota Corolla 1.6 132 PS Flame,,,,,,2020 Toyota Corolla 1.6 132 PS Flame Test Sürüşü Talep Sayfası,2020 Toyota Corolla 1.6 132 PS Flame Ürün Kataloğu,"3 Yıl / 100 Bin Km Mekanik
3 Yıl Boya
12 Yıl Paslanmazlık","Toyota Asistanım 0212 233 3145
Toyota Asistanım 0800 211 6166
Toyota İletişim Merkezi 0212 354 0354",Var,,,,,Atmosferik,,4,1598 cc,EFI (Elektronik Yakıt Püskürtme),9.7 saniye,200 km/s,159 nm,132 BG,,,Japonya,Sedan,Binek,Flame,Sedan,2020,İçten Yanmalı (Standart),2014 tl/yıl,C,Corolla,Benzin,https://www.epey.com/araba/2020-toyota-corolla-1-6-132-ps-flame.html,,,,,,,138 g/km,6.0 lt,50 lt,,4.9 lt,8.0 lt,,,5 yıldız,2020 Toyota Corolla 1.6 132 PS Flame NCAP/ANCAP Web Sayfası,2013,Var,,,,,,,,Önden Çekişli,,,,,6 ileri,Manuel,
1280 kg,,1780 mm,4630 mm,1435 mm,,471 lt,,2020 Toyota Corolla 1.6 132 PS Multidrive S Dream,,,,,,2020 Toyota Corolla 1.6 132 PS Multidrive S Dream Test Sürüşü Talep Sayfası,2020 Toyota Corolla 1.6 132 PS Multidrive S Dream Ürün Kataloğu,"3 Yıl / 100 Bin Km Mekanik
3 Yıl Boya
12 Yıl Paslanmazlık","Toyota Asistanım 0212 233 3145
Toyota Asistanım 0800 211 6166
Toyota İletişim Merkezi 0212 354 0354",Var,,,,,Atmosferik,,4,1598 cc,EFI (Elektronik Yakıt Püskürtme),10.2 saniye,190 km/s,159 nm,132 BG,,,Japonya,Sedan,Binek,Dream,Sedan,2020,İçten Yanmalı (Standart),2014 tl/yıl,C,Corolla,Benzin,https://www.epey.com/araba/2020-toyota-corolla-1-6-132-ps-multidrive-s-dream.html,,,,,,,133 g/km,5.8 lt,50 lt,,4.8 lt,7.6 lt,,,5 yıldız,2020 Toyota Corolla 1.6 132 PS Multidrive S Dream NCAP/ANCAP Web Sayfası,2013,Var,,,,,,,,Önden Çekişli,,,,,,Otomatik,Multidrive S (Otomatik)
1280 kg,,1780 mm,4630 mm,1435 mm,,471 lt,,2020 Toyota Corolla 1.6 132 PS Multidrive S Flame X-Pack,,,,,,2020 Toyota Corolla 1.6 132 PS Multidrive S Flame X-Pack Test Sürüşü Talep Sayfası,2020 Toyota Corolla 1.6 132 PS Multidrive S Flame X-Pack Ürün Kataloğu,"3 Yıl / 100 Bin Km Mekanik
3 Yıl Boya
12 Yıl Paslanmazlık","Toyota Asistanım 0212 233 3145
Toyota Asistanım 0800 211 6166
Toyota İletişim Merkezi 0212 354 0354",Var,,,,,Atmosferik,,4,1598 cc,EFI (Elektronik Yakıt Püskürtme),10.2 saniye,190 km/s,159 nm,132 BG,,,Japonya,Sedan,Binek,Flame X-Pack,Sedan,2020,İçten Yanmalı (Standart),2014 tl/yıl,C,Corolla,Benzin,https://www.epey.com/araba/2020-toyota-corolla-1-6-132-ps-multidrive-s-flame-x-pack.html,,,,,,,133 g/km,5.8 lt,50 lt,,4.8 lt,7.6 lt,,,5 yıldız,2020 Toyota Corolla 1.6 132 PS Multidrive S Flame X-Pack NCAP/ANCAP Web Sayfası,2013,Var,,,,,,,,Önden Çekişli,,,,,,Otomatik,Multidrive S (Otomatik)
1280 kg,,1780 mm,4630 mm,1435 mm,,471 lt,,2020 Toyota Corolla 1.6 132 PS Multidrive S Flame,,,,,,2020 Toyota Corolla 1.6 132 PS Multidrive S Flame Test Sürüşü Talep Sayfası,2020 Toyota Corolla 1.6 132 PS Multidrive S Flame Ürün Kataloğu,"3 Yıl / 100 Bin Km Mekanik
3 Yıl Boya
12 Yıl Paslanmazlık","Toyota Asistanım 0212 233 3145
Toyota Asistanım 0800 211 6166
Toyota İletişim Merkezi 0212 354 0354",Var,,,,,Atmosferik,,4,1598 cc,EFI (Elektronik Yakıt Püskürtme),10.2 saniye,190 km/s,159 nm,132 BG,,,Japonya,Sedan,Binek,Flame,Sedan,2020,İçten Yanmalı (Standart),2014 tl/yıl,C,Corolla,Benzin,https://www.epey.com/araba/2020-toyota-corolla-1-6-132-ps-multidrive-s-flame.html,,,,,,,133 g/km,5.8 lt,50 lt,,4.8 lt,7.6 lt,,,5 yıldız,2020 Toyota Corolla 1.6 132 PS Multidrive S Flame NCAP/ANCAP Web Sayfası,2013,Var,,,,,,,,Önden Çekişli,,,,,,Otomatik,Multidrive S (Otomatik)
1280 kg,,1780 mm,4630 mm,1435 mm,,471 lt,,2020 Toyota Corolla 1.6 132 PS Multidrive S Passion X-Pack,,,,,,2020 Toyota Corolla 1.6 132 PS Multidrive S Passion X-Pack Test Sürüşü Talep Sayfası,2020 Toyota Corolla 1.6 132 PS Multidrive S Passion X-Pack Ürün Kataloğu,"3 Yıl / 100 Bin Km Mekanik
3 Yıl Boya
12 Yıl Paslanmazlık","Toyota Asistanım 0212 233 3145
Toyota Asistanım 0800 211 6166
Toyota İletişim Merkezi 0212 354 0354",Var,,,,,Atmosferik,,4,1598 cc,EFI (Elektronik Yakıt Püskürtme),10.2 saniye,190 km/s,159 nm,132 BG,,,Japonya,Sedan,Binek,Passion X-Pack,Sedan,2020,İçten Yanmalı (Standart),2014 tl/yıl,C,Corolla,Benzin,https://www.epey.com/araba/2020-toyota-corolla-1-6-132-ps-multidrive-s-passion-x-pack.html,,,,,,,133 g/km,5.8 lt,50 lt,,4.8 lt,7.6 lt,,,5 yıldız,2020 Toyota Corolla 1.6 132 PS Multidrive S Passion X-Pack NCAP/ANCAP Web Sayfası,2013,Var,,,,,,,,Önden Çekişli,,,,,,Otomatik,Multidrive S (Otomatik)
1280 kg,,1780 mm,4630 mm,1435 mm,,471 lt,,2020 Toyota Corolla 1.6 132 PS Multidrive S Passion,,,,,,2020 Toyota Corolla 1.6 132 PS Multidrive S Passion Test Sürüşü Talep Sayfası,2020 Toyota Corolla 1.6 132 PS Multidrive S Passion Ürün Kataloğu,"3 Yıl / 100 Bin Km Mekanik
3 Yıl Boya
12 Yıl Paslanmazlık","Toyota Asistanım 0212 233 3145
Toyota Asistanım 0800 211 6166
Toyota İletişim Merkezi 0212 354 0354",Var,,,,,Atmosferik,,4,1598 cc,EFI (Elektronik Yakıt Püskürtme),10.2 saniye,190 km/s,159 nm,132 BG,,,Japonya,Sedan,Binek,Passion,Sedan,2020,İçten Yanmalı (Standart),2014 tl/yıl,C,Corolla,Benzin,https://www.epey.com/araba/2020-toyota-corolla-1-6-132-ps-multidrive-s-passion.html,,,,,,,133 g/km,5.8 lt,50 lt,,4.8 lt,7.6 lt,,,5 yıldız,2020 Toyota Corolla 1.6 132 PS Multidrive S Passion NCAP/ANCAP Web Sayfası,2013,Var,,,,,,,,Önden Çekişli,,,,,,Otomatik,Multidrive S (Otomatik)
1280 kg,,1780 mm,4630 mm,1435 mm,,471 lt,,2020 Toyota Corolla 1.6 132 PS Multidrive S Vision,,,,,,2020 Toyota Corolla 1.6 132 PS Multidrive S Vision Test Sürüşü Talep Sayfası,2020 Toyota Corolla 1.6 132 PS Multidrive S Vision Ürün Kataloğu,"3 Yıl / 100 Bin Km Mekanik
3 Yıl Boya
12 Yıl Paslanmazlık","Toyota Asistanım 0212 233 3145
Toyota Asistanım 0800 211 6166
Toyota İletişim Merkezi 0212 354 0354",Var,,,,,Atmosferik,,4,1598 cc,EFI (Elektronik Yakıt Püskürtme),10.2 saniye,190 km/s,159 nm,132 BG,,,Japonya,Sedan,Binek,Vision,Sedan,2020,İçten Yanmalı (Standart),2014 tl/yıl,C,Corolla,Benzin,https://www.epey.com/araba/2020-toyota-corolla-1-6-132-ps-multidrive-s-vision.html,,,,,,,133 g/km,5.8 lt,50 lt,,4.8 lt,7.6 lt,,,5 yıldız,2020 Toyota Corolla 1.6 132 PS Multidrive S Vision NCAP/ANCAP Web Sayfası,2013,Var,,,,,,,,Önden Çekişli,,,,,,Otomatik,Multidrive S (Otomatik)
1265 kg,,1780 mm,4630 mm,1435 mm,,471 lt,,2020 Toyota Corolla 1.6 132 PS Vision,,,,,,2020 Toyota Corolla 1.6 132 PS Vision Test Sürüşü Talep Sayfası,2020 Toyota Corolla 1.6 132 PS Vision Ürün Kataloğu,"3 Yıl / 100 Bin Km Mekanik
3 Yıl Boya
12 Yıl Paslanmazlık","Toyota Asistanım 0212 233 3145
Toyota Asistanım 0800 211 6166
Toyota İletişim Merkezi 0212 354 0354",Var,,,,,Atmosferik,,4,1598 cc,EFI (Elektronik Yakıt Püskürtme),9.7 saniye,200 km/s,159 nm,132 BG,,,Japonya,Sedan,Binek,Vision,Sedan,2020,İçten Yanmalı (Standart),2014 tl/yıl,C,Corolla,Benzin,https://www.epey.com/araba/2020-toyota-corolla-1-6-132-ps-vision.html,,,,,,,138 g/km,6.0 lt,50 lt,,4.9 lt,8.0 lt,,,5 yıldız,2020 Toyota Corolla 1.6 132 PS Vision NCAP/ANCAP Web Sayfası,2013,Var,,,,,,,,Önden Çekişli,,,,,6 ileri,Manuel,
1385 kg,,1780 mm,4630 mm,1435 mm,,471 lt,,2020 Toyota Corolla 1.8 Hybrid 122 PS e-CVT Dream,,,,,,2020 Toyota Corolla 1.8 Hybrid 122 PS e-CVT Dream Test Sürüşü Talep Sayfası,2020 Toyota Corolla 1.8 Hybrid 122 PS e-CVT Dream Ürün Kataloğu,"3 Yıl / 100 Bin Km Mekanik
3 Yıl Boya
12 Yıl Paslanmazlık","Toyota Asistanım 0212 233 3145
Toyota Asistanım 0800 211 6166
Toyota İletişim Merkezi 0212 354 0354",Var,163 nm,,Nikel-Metal Hidrid (NiMH),,Atmosferik,,4,1798 cc,EFI (Elektronik Yakıt Püskürtme),11.0 saniye,180 km/s,142 nm,122 BG,,,Japonya,Sedan,Binek,Dream,Sedan,2020,HEV (Benzinli & Elektrikli),3557 tl/yıl,C,Corolla,Benzin & Elektrik,https://www.epey.com/araba/2020-toyota-corolla-1-8-hybrid-122-ps-e-cvt-dream.html,,,,,,,87 g/km,3.8 lt,43 lt,,3.9 lt,3.6 lt,,,5 yıldız,2020 Toyota Corolla 1.8 Hybrid 122 PS e-CVT Dream NCAP/ANCAP Web Sayfası,2013,Var,,,,,,,,Önden Çekişli,,,,,,Otomatik,e-CVT (Elk.Kont.Sürekli Değişken)
1385 kg,,1780 mm,4630 mm,1435 mm,,471 lt,,2020 Toyota Corolla 1.8 Hybrid 122 PS e-CVT Flame X-Pack,,,,,,2020 Toyota Corolla 1.8 Hybrid 122 PS e-CVT Flame X-Pack Test Sürüşü Talep Sayfası,2020 Toyota Corolla 1.8 Hybrid 122 PS e-CVT Flame X-Pack Ürün Kataloğu,"3 Yıl / 100 Bin Km Mekanik
3 Yıl Boya
12 Yıl Paslanmazlık","Toyota Asistanım 0212 233 3145
Toyota Asistanım 0800 211 6166
Toyota İletişim Merkezi 0212 354 0354",Var,163 nm,,Nikel-Metal Hidrid (NiMH),,Atmosferik,,4,1798 cc,EFI (Elektronik Yakıt Püskürtme),11.0 saniye,180 km/s,142 nm,122 BG,,,Japonya,Sedan,Binek,Flame X-Pack,Sedan,2020,HEV (Benzinli & Elektrikli),3557 tl/yıl,C,Corolla,Benzin & Elektrik,https://www.epey.com/araba/2020-toyota-corolla-1-8-hybrid-122-ps-e-cvt-flame-x-pack.html,,,,,,,87 g/km,3.8 lt,43 lt,,3.9 lt,3.6 lt,,,5 yıldız,2020 Toyota Corolla 1.8 Hybrid 122 PS e-CVT Flame X-Pack NCAP/ANCAP Web Sayfası,2013,Var,,,,,,,,Önden Çekişli,,,,,,Otomatik,e-CVT (Elk.Kont.Sürekli Değişken)
1385 kg,,1780 mm,4630 mm,1435 mm,,471 lt,,2020 Toyota Corolla 1.8 Hybrid 122 PS e-CVT Flame,,,,,,2020 Toyota Corolla 1.8 Hybrid 122 PS e-CVT Flame Test Sürüşü Talep Sayfası,2020 Toyota Corolla 1.8 Hybrid 122 PS e-CVT Flame Ürün Kataloğu,"3 Yıl / 100 Bin Km Mekanik
3 Yıl Boya
12 Yıl Paslanmazlık","Toyota Asistanım 0212 233 3145
Toyota Asistanım 0800 211 6166
Toyota İletişim Merkezi 0212 354 0354",Var,163 nm,,Nikel-Metal Hidrid (NiMH),,Atmosferik,,4,1798 cc,EFI (Elektronik Yakıt Püskürtme),11.0 saniye,180 km/s,142 nm,122 BG,,,Japonya,Sedan,Binek,Flame,Sedan,2020,HEV (Benzinli & Elektrikli),3557 tl/yıl,C,Corolla,Benzin & Elektrik,https://www.epey.com/araba/2020-toyota-corolla-1-8-hybrid-122-ps-e-cvt-flame.html,,,,,,,87 g/km,3.8 lt,43 lt,,3.9 lt,3.6 lt,,,5 yıldız,2020 Toyota Corolla 1.8 Hybrid 122 PS e-CVT Flame NCAP/ANCAP Web Sayfası,2013,Var,,,,,,,,Önden Çekişli,,,,,,Otomatik,e-CVT (Elk.Kont.Sürekli Değişken)
1385 kg,,1780 mm,4630 mm,1435 mm,,471 lt,,2020 Toyota Corolla 1.8 Hybrid 122 PS e-CVT Passion X-Pack,,,,,,2020 Toyota Corolla 1.8 Hybrid 122 PS e-CVT Passion X-Pack Test Sürüşü Talep Sayfası,2020 Toyota Corolla 1.8 Hybrid 122 PS e-CVT Passion X-Pack Ürün Kataloğu,"3 Yıl / 100 Bin Km Mekanik
3 Yıl Boya
12 Yıl Paslanmazlık","Toyota Asistanım 0212 233 3145
Toyota Asistanım 0800 211 6166
Toyota İletişim Merkezi 0212 354 0354",Var,163 nm,,Nikel-Metal Hidrid (NiMH),,Atmosferik,,4,1798 cc,EFI (Elektronik Yakıt Püskürtme),11.0 saniye,180 km/s,142 nm,122 BG,,,Japonya,Sedan,Binek,Passion X-Pack,Sedan,2020,HEV (Benzinli & Elektrikli),3557 tl/yıl,C,Corolla,Benzin & Elektrik,https://www.epey.com/araba/2020-toyota-corolla-1-8-hybrid-122-ps-e-cvt-passion-x-pack.html,,,,,,,87 g/km,3.8 lt,43 lt,,3.9 lt,3.6 lt,,,5 yıldız,2020 Toyota Corolla 1.8 Hybrid 122 PS e-CVT Passion X-Pack NCAP/ANCAP Web Sayfası,2013,Var,,,,,,,,Önden Çekişli,,,,,,Otomatik,e-CVT (Elk.Kont.Sürekli Değişken)
1385 kg,,1780 mm,4630 mm,1435 mm,,471 lt,,2020 Toyota Corolla 1.8 Hybrid 122 PS e-CVT Passion,,,,,,2020 Toyota Corolla 1.8 Hybrid 122 PS e-CVT Passion Test Sürüşü Talep Sayfası,2020 Toyota Corolla 1.8 Hybrid 122 PS e-CVT Passion Ürün Kataloğu,"3 Yıl / 100 Bin Km Mekanik
3 Yıl Boya
12 Yıl Paslanmazlık","Toyota Asistanım 0212 233 3145
Toyota Asistanım 0800 211 6166
Toyota İletişim Merkezi 0212 354 0354",Var,163 nm,,Nikel-Metal Hidrid (NiMH),,Atmosferik,,4,1798 cc,EFI (Elektronik Yakıt Püskürtme),11.0 saniye,180 km/s,142 nm,122 BG,,,Japonya,Sedan,Binek,Passion,Sedan,2020,HEV (Benzinli & Elektrikli),3557 tl/yıl,C,Corolla,Benzin & Elektrik,https://www.epey.com/araba/2020-toyota-corolla-1-8-hybrid-122-ps-e-cvt-passion.html,,,,,,,87 g/km,3.8 lt,43 lt,,3.9 lt,3.6 lt,,,5 yıldız,2020 Toyota Corolla 1.8 Hybrid 122 PS e-CVT Passion NCAP/ANCAP Web Sayfası,2013,Var,,,,,,,,Önden Çekişli,,,,,,Otomatik,e-CVT (Elk.Kont.Sürekli Değişken)
980 kg,9.60 mt.,1695 mm,3945 mm,1520 mm,,286 lt,,2020 Toyota Yaris 1.0 69 PS Life,,,,,,2020 Toyota Yaris 1.0 69 PS Life Test Sürüşü Talep Sayfası,2020 Toyota Yaris 1.0 69 PS Life Ürün Kataloğu,"3 Yıl / 100 Bin Km Mekanik
3 Yıl Boya
12 Yıl Paslanmazlık","Toyota Asistanım 0212 233 3145
Toyota Asistanım 0800 211 6166",Var,,,,,Atmosferik,,3,998 cc,Elektronik Doğrudan Enjeksiyon,15.3 saniye,155 km/s,95 nm,69 BG,,,Japonya,,Binek,Life,Hatchback,2020,İçten Yanmalı (Standart),1156 tl/yıl,B,Yaris,Benzin,https://www.epey.com/araba/2020-toyota-yaris-1-0-69-ps-life.html,,,,,,,109 g/km,4.7 lt,42 lt,Euro 6,4.2 lt,5.6 lt,,,5 yıldız,2020 Toyota Yaris 1.0 69 PS Life NCAP/ANCAP Web Sayfası,2017,Var,,,,,,,,Önden Çekişli,,,,,5 ileri,Manuel,
1045 kg,9.60 mt.,1695 mm,3945 mm,1520 mm,,286 lt,,2020 Toyota Yaris 1.5 111 PS Fun Special,,,,,,2020 Toyota Yaris 1.5 111 PS Fun Special Test Sürüşü Talep Sayfası,2020 Toyota Yaris 1.5 111 PS Fun Special Ürün Kataloğu,"3 Yıl / 100 Bin Km Mekanik
3 Yıl Boya
12 Yıl Paslanmazlık","Toyota Asistanım 0212 233 3145
Toyota Asistanım 0800 211 6166",Var,,,,,Atmosferik,,4,1496 cc,Elektronik Doğrudan Enjeksiyon,11.0 saniye,175 km/s,136 nm,111 BG,,,Japonya,,Binek,Fun Special,Hatchback,2020,İçten Yanmalı (Standart),2014 tl/yıl,B,Yaris,Benzin,https://www.epey.com/araba/2020-toyota-yaris-1-5-111-ps-fun-special.html,,,,,,,109 g/km,4.7 lt,42 lt,Euro 6,4.2 lt,5.6 lt,,,5 yıldız,2020 Toyota Yaris 1.5 111 PS Fun Special NCAP/ANCAP Web Sayfası,2017,Var,,,,,,,,Önden Çekişli,,,,,6 ileri,Manuel,
1065 kg,9.60 mt.,1695 mm,3945 mm,1520 mm,,286 lt,,2020 Toyota Yaris 1.5 111 PS Multidrive S Fun Special,,,,,,2020 Toyota Yaris 1.5 111 PS Multidrive S Fun Special Test Sürüşü Talep Sayfası,2020 Toyota Yaris 1.5 111 PS Multidrive S Fun Special Ürün Kataloğu,"3 Yıl / 100 Bin Km Mekanik
3 Yıl Boya
12 Yıl Paslanmazlık","Toyota Asistanım 0212 233 3145
Toyota Asistanım 0800 211 6166",Var,,,,,Atmosferik,,4,1496 cc,Elektronik Doğrudan Enjeksiyon,11.2 saniye,175 km/s,136 nm,111 BG,,,Japonya,,Binek,Fun Special,Hatchback,2020,İçten Yanmalı (Standart),2014 tl/yıl,B,Yaris,Benzin,https://www.epey.com/araba/2020-toyota-yaris-1-5-111-ps-multidrive-s-fun-special.html,,,,,,,108 g/km,4.8 lt,42 lt,Euro 6,4.1 lt,6.0 lt,,,5 yıldız,2020 Toyota Yaris 1.5 111 PS Multidrive S Fun Special NCAP/ANCAP Web Sayfası,2017,Var,,,,,,,,Önden Çekişli,,,,,,Otomatik,Multidrive S (Otomatik)
1065 kg,9.60 mt.,1695 mm,3945 mm,1520 mm,,286 lt,,2020 Toyota Yaris 1.5 111 PS Multidrive S Style X-Trend,,,,,,2020 Toyota Yaris 1.5 111 PS Multidrive S Style X-Trend Test Sürüşü Talep Sayfası,2020 Toyota Yaris 1.5 111 PS Multidrive S Style X-Trend Ürün Kataloğu,"3 Yıl / 100 Bin Km Mekanik
3 Yıl Boya
12 Yıl Paslanmazlık","Toyota Asistanım 0212 233 3145
Toyota Asistanım 0800 211 6166",Var,,,,,Atmosferik,,4,1496 cc,Elektronik Doğrudan Enjeksiyon,11.2 saniye,175 km/s,136 nm,111 BG,,,Japonya,,Binek,Style X-Trend,Hatchback,2020,İçten Yanmalı (Standart),2014 tl/yıl,B,Yaris,Benzin,https://www.epey.com/araba/2020-toyota-yaris-1-5-111-ps-multidrive-s-style-x-trend.html,,,,,,,108 g/km,4.8 lt,42 lt,Euro 6,4.1 lt,6.0 lt,,,5 yıldız,2020 Toyota Yaris 1.5 111 PS Multidrive S Style X-Trend NCAP/ANCAP Web Sayfası,2017,Var,,,,,,,,Önden Çekişli,,,,,,Otomatik,Multidrive S (Otomatik)
1200 kg,,1745 mm,3940 mm,1500 mm,,286 lt,,2020 Toyota Yaris 1.5 125 PS Multidrive S Dream X-Pack,,,,,,2020 Toyota Yaris 1.5 125 PS Multidrive S Dream X-Pack Test Sürüşü Talep Sayfası,2020 Toyota Yaris 1.5 125 PS Multidrive S Dream X-Pack Ürün Kataloğu,,,,,,,,,,3,1490 cc,Çok Noktalı Direkt Enjeksiyon,10.2 saniye,180 km/s,153 nm,125 BG,,,Japonya,,Binek,Dream X-Pack,Hatchback,2020,İçten Yanmalı (Standart),2014 tl/yıl,B,Yaris,Benzin,https://www.epey.com/araba/2020-toyota-yaris-1-5-125-ps-multidrive-s-dream-x-pack.html,,,,,,,112 g/km,4.9 lt,42 lt,,4.3 lt,6.0 lt,,,5 yıldız,2020 Toyota Yaris 1.5 125 PS Multidrive S Dream X-Pack NCAP/ANCAP Web Sayfası,2020,Var,,,,,,,,Önden Çekişli,,,,,,Otomatik,Multidrive S (Otomatik)
1200 kg,,1745 mm,3940 mm,1500 mm,,286 lt,,2020 Toyota Yaris 1.5 125 PS Multidrive S Dream,,,,,,2020 Toyota Yaris 1.5 125 PS Multidrive S Dream Test Sürüşü Talep Sayfası,2020 Toyota Yaris 1.5 125 PS Multidrive S Dream Ürün Kataloğu,,,,,,,,,,3,1490 cc,Çok Noktalı Direkt Enjeksiyon,10.2 saniye,180 km/s,153 nm,125 BG,,,Japonya,,Binek,Dream,Hatchback,2020,İçten Yanmalı (Standart),2014 tl/yıl,B,Yaris,Benzin,https://www.epey.com/araba/2020-toyota-yaris-1-5-125-ps-multidrive-s-dream.html,,,,,,,112 g/km,4.9 lt,42 lt,,4.3 lt,6.0 lt,,,5 yıldız,2020 Toyota Yaris 1.5 125 PS Multidrive S Dream NCAP/ANCAP Web Sayfası,2020,Var,,,,,,,,Önden Çekişli,,,,,,Otomatik,Multidrive S (Otomatik)
1200 kg,,1745 mm,3940 mm,1500 mm,,286 lt,,2020 Toyota Yaris 1.5 125 PS Multidrive S Flame X-Pack,,,,,,2020 Toyota Yaris 1.5 125 PS Multidrive S Flame X-Pack Test Sürüşü Talep Sayfası,2020 Toyota Yaris 1.5 125 PS Multidrive S Flame X-Pack Ürün Kataloğu,,,,,,,,,,3,1490 cc,Çok Noktalı Direkt Enjeksiyon,10.2 saniye,180 km/s,153 nm,125 BG,,,Japonya,,Binek,Flame X-Pack,Hatchback,2020,İçten Yanmalı (Standart),2014 tl/yıl,B,Yaris,Benzin,https://www.epey.com/araba/2020-toyota-yaris-1-5-125-ps-multidrive-s-flame-x-pack.html,,,,,,,112 g/km,4.9 lt,42 lt,,4.3 lt,6.0 lt,,,5 yıldız,2020 Toyota Yaris 1.5 125 PS Multidrive S Flame X-Pack NCAP/ANCAP Web Sayfası,2020,Var,,,,,,,,Önden Çekişli,,,,,,Otomatik,Multidrive S (Otomatik)
1200 kg,,1745 mm,3940 mm,1500 mm,,286 lt,,2020 Toyota Yaris 1.5 125 PS Multidrive S Flame,,,,,,2020 Toyota Yaris 1.5 125 PS Multidrive S Flame Test Sürüşü Talep Sayfası,2020 Toyota Yaris 1.5 125 PS Multidrive S Flame Ürün Kataloğu,,,,,,,,,,3,1490 cc,Çok Noktalı Direkt Enjeksiyon,10.2 saniye,180 km/s,153 nm,125 BG,,,Japonya,,Binek,Flame,Hatchback,2020,İçten Yanmalı (Standart),2014 tl/yıl,B,Yaris,Benzin,https://www.epey.com/araba/2020-toyota-yaris-1-5-125-ps-multidrive-s-flame.html,,,,,,,112 g/km,4.9 lt,42 lt,,4.3 lt,6.0 lt,,,5 yıldız,2020 Toyota Yaris 1.5 125 PS Multidrive S Flame NCAP/ANCAP Web Sayfası,2020,Var,,,,,,,,Önden Çekişli,,,,,,Otomatik,Multidrive S (Otomatik)
1165 kg,11.00 mt.,1695 mm,3945 mm,1520 mm,,286 lt,,2020 Toyota Yaris 1.5 Hybrid 100 PS e-CVT Cool,,,,,,2020 Toyota Yaris 1.5 Hybrid 100 PS e-CVT Cool Test Sürüşü Talep Sayfası,2020 Toyota Yaris 1.5 Hybrid 100 PS e-CVT Cool Ürün Kataloğu,"3 Yıl / 100 Bin Km Mekanik
3 Yıl Boya
12 Yıl Paslanmazlık","Toyota Asistanım 0212 233 3145
Toyota Asistanım 0800 211 6166",Var,169 nm,18.6 kW/sa,Nikel-Metal Hidrid (NiMH),,Atmosferik,,4,1497 cc,EFI (Elektronik Yakıt Püskürtme),12.0 saniye,165 km/s,111 nm,100 BG,,,Japonya,,Binek,Cool,Hatchback,2020,HEV (Benzinli & Elektrikli),,B,Yaris,Benzin & Elektrik,https://www.epey.com/araba/2020-toyota-yaris-1-5-hybrid-100-ps-e-cvt-cool.html,,,,,,,82 g/km,3.6 lt,36 lt,Euro 6,3.6 lt,3.3 lt,,,5 yıldız,2020 Toyota Yaris 1.5 Hybrid 100 PS e-CVT Cool NCAP/ANCAP Web Sayfası,2017,Var,,,,,,,,Önden Çekişli,,,,,,Otomatik,e-CVT (Elk.Kont.Sürekli Değişken)
1165 kg,11.00 mt.,1695 mm,3945 mm,1520 mm,,286 lt,,2020 Toyota Yaris 1.5 Hybrid 100 PS e-CVT Spirit X-Trend,,,,,,2020 Toyota Yaris 1.5 Hybrid 100 PS e-CVT Spirit X-Trend Test Sürüşü Talep Sayfası,2020 Toyota Yaris 1.5 Hybrid 100 PS e-CVT Spirit X-Trend Ürün Kataloğu,"3 Yıl / 100 Bin Km Mekanik
3 Yıl Boya
12 Yıl Paslanmazlık","Toyota Asistanım 0212 233 3145
Toyota Asistanım 0800 211 6166",Var,169 nm,18.6 kW/sa,Nikel-Metal Hidrid (NiMH),,Atmosferik,,4,1497 cc,EFI (Elektronik Yakıt Püskürtme),12.0 saniye,165 km/s,111 nm,100 BG,,,Japonya,,Binek,Spirit X-Trend,Hatchback,2020,HEV (Benzinli & Elektrikli),,B,Yaris,Benzin & Elektrik,https://www.epey.com/araba/2020-toyota-yaris-1-5-hybrid-100-ps-e-cvt-spirit-x-trend.html,,,,,,,82 g/km,3.6 lt,36 lt,Euro 6,3.6 lt,3.3 lt,,,5 yıldız,2020 Toyota Yaris 1.5 Hybrid 100 PS e-CVT Spirit X-Trend NCAP/ANCAP Web Sayfası,2017,Var,,,,,,,,Önden Çekişli,,,,,,Otomatik,e-CVT (Elk.Kont.Sürekli Değişken)
1235 kg,,1745 mm,3940 mm,1500 mm,,286 lt,,2020 Toyota Yaris 1.5 Hybrid 116 PS e-CVT Dream,,,,,,2020 Toyota Yaris 1.5 Hybrid 116 PS e-CVT Dream Test Sürüşü Talep Sayfası,2020 Toyota Yaris 1.5 Hybrid 116 PS e-CVT Dream Ürün Kataloğu,,,,141 nm,,Lityum İyon,,,,3,1490 cc,Çok Noktalı Direkt Enjeksiyon,9.7 saniye,175 km/s,120 nm,116 BG,,,Japonya,,Binek,Dream,Hatchback,2020,HEV (Benzinli & Elektrikli),2014 tl/yıl,B,Yaris,Benzin & Elektrik,https://www.epey.com/araba/2020-toyota-yaris-1-5-hybrid-116-ps-e-cvt-dream.html,,,,,,,73 g/km,3.2 lt,36 lt,,3.6 lt,2.7 lt,,,5 yıldız,2020 Toyota Yaris 1.5 Hybrid 116 PS e-CVT Dream NCAP/ANCAP Web Sayfası,2020,Var,,,,,,,,Önden Çekişli,,,,,,Otomatik,e-CVT
1235 kg,,1745 mm,3940 mm,1500 mm,,286 lt,,2020 Toyota Yaris 1.5 Hybrid 116 PS e-CVT Flame,,,,,,2020 Toyota Yaris 1.5 Hybrid 116 PS e-CVT Flame Test Sürüşü Talep Sayfası,2020 Toyota Yaris 1.5 Hybrid 116 PS e-CVT Flame Ürün Kataloğu,,,,141 nm,,Lityum İyon,,,,3,1490 cc,Çok Noktalı Direkt Enjeksiyon,9.7 saniye,175 km/s,120 nm,116 BG,,,Japonya,,Binek,Flame,Hatchback,2020,HEV (Benzinli & Elektrikli),2014 tl/yıl,B,Yaris,Benzin & Elektrik,https://www.epey.com/araba/2020-toyota-yaris-1-5-hybrid-116-ps-e-cvt-flame.html,,,,,,,73 g/km,3.2 lt,36 lt,,3.6 lt,2.7 lt,,,5 yıldız,2020 Toyota Yaris 1.5 Hybrid 116 PS e-CVT Flame NCAP/ANCAP Web Sayfası,2020,Var,,,,,,,,Önden Çekişli,,,,,,Otomatik,e-CVT
1235 kg,,1745 mm,3940 mm,1500 mm,,286 lt,,2020 Toyota Yaris 1.5 Hybrid 116 PS e-CVT Passion,,,,,,2020 Toyota Yaris 1.5 Hybrid 116 PS e-CVT Passion Test Sürüşü Talep Sayfası,2020 Toyota Yaris 1.5 Hybrid 116 PS e-CVT Passion Ürün Kataloğu,,,,141 nm,,Lityum İyon,,,,3,1490 cc,Çok Noktalı Direkt Enjeksiyon,9.7 saniye,175 km/s,120 nm,116 BG,,,Japonya,,Binek,Passion,Hatchback,2020,HEV (Benzinli & Elektrikli),2014 tl/yıl,B,Yaris,Benzin & Elektrik,https://www.epey.com/araba/2020-toyota-yaris-1-5-hybrid-116-ps-e-cvt-passion.html,,,,,,,73 g/km,3.2 lt,36 lt,,3.6 lt,2.7 lt,,,5 yıldız,2020 Toyota Yaris 1.5 Hybrid 116 PS e-CVT Passion NCAP/ANCAP Web Sayfası,2020,Var,,,,,,,,Önden Çekişli,,,,,,Otomatik,e-CVT
2286 kg,11.90 mt.,1954 mm,5254 mm,1834 mm,,,,2020 Volkswagen Amarok 3.0 TDI 204 PS Otomatik Canyon (4x4),,,,,,,2020 Volkswagen Amarok 3.0 TDI 204 PS Otomatik Canyon (4x4) Ürün Kataloğu,,"Volkswagen Çağrı24 0212 335 0404
Volkswagen Çağrı24 0800 211 0870",Var,,,,,Değişken Geometrili Turbo,,6,2967 cc,Common Rail Direkt Enjeksiyon,9.0 saniye,186 km/s,500 nm,204 BG,,,Almanya,,Ticari,Canyon,Pick-Up,2020,İçten Yanmalı (Standart),10741 tl/yıl,Mini Ticari,Amarok,Dizel,https://www.epey.com/araba/2020-volkswagen-amarok-3-0-tdi-204-ps-otomatik-canyon-4x4.html,,,,,,,,8.1 lt,80 lt,Euro 6,4.6 lt,9.0 lt,,,4 yıldız,2020 Volkswagen Amarok 3.0 TDI 204 PS Otomatik Canyon (4x4) NCAP/ANCAP Web Sayfası,2010,Var,,620 kg,2820 kg,1620 mm,1555 mm,,1222 mm,4x4 Çekişli,,,,,8 ileri,Otomatik,
2286 kg,11.90 mt.,1954 mm,5254 mm,1834 mm,,,,2020 Volkswagen Amarok 3.0 TDI 204 PS Otomatik Highline (4x4),,,,,,,2020 Volkswagen Amarok 3.0 TDI 204 PS Otomatik Highline (4x4) Ürün Kataloğu,,"Volkswagen Çağrı24 0212 335 0404
Volkswagen Çağrı24 0800 211 0870",Var,,,,,Değişken Geometrili Turbo,,6,2967 cc,Common Rail Direkt Enjeksiyon,9.0 saniye,186 km/s,500 nm,204 BG,,,Almanya,,Ticari,Highline,Pick-Up,2020,İçten Yanmalı (Standart),10741 tl/yıl,Mini Ticari,Amarok,Dizel,https://www.epey.com/araba/2020-volkswagen-amarok-3-0-tdi-204-ps-otomatik-highline-4x4.html,,,,,,,,8.1 lt,80 lt,Euro 6,7.6 lt,9.0 lt,,,4 yıldız,2020 Volkswagen Amarok 3.0 TDI 204 PS Otomatik Highline (4x4) NCAP/ANCAP Web Sayfası,2010,Var,,620 kg,2820 kg,1620 mm,1555 mm,,1222 mm,4x4 Çekişli,,,,,8 ileri,Otomatik,
2053 kg,,1954 mm,5254 mm,1834 mm,,,,2020 Volkswagen Amarok 3.0 TDI 258 PS Otomatik Aventura (4x4),,,,,,,2020 Volkswagen Amarok 3.0 TDI 258 PS Otomatik Aventura (4x4) Ürün Kataloğu,,"Volkswagen Çağrı24 0212 335 0404
Volkswagen Çağrı24 0800 211 0870",Var,,,,,Değişken Geometrili Turbo,,6,2967 cc,Common Rail Direkt Enjeksiyon,7.6 saniye,205 km/s,580 nm,258 BG,,,Almanya,,Ticari,Aventura,Pick-Up,2020,İçten Yanmalı (Standart),10741 tl/yıl,Mini Ticari,Amarok,Dizel,https://www.epey.com/araba/2020-volkswagen-amarok-3-0-tdi-258-ps-otomatik-aventura-4x4.html,,,,,,,,8.4 lt,80 lt,Euro 6,7.9 lt,9.2 lt,,,4 yıldız,2020 Volkswagen Amarok 3.0 TDI 258 PS Otomatik Aventura (4x4) NCAP/ANCAP Web Sayfası,2010,Var,,620 kg,2820 kg,1620 mm,1555 mm,,1222 mm,4x4 Çekişli,,,,,8 ileri,Otomatik,
1382 kg,11.10 mt.,1793 mm,4408 mm,1858 mm,2852 lt,750 lt,,2020 Volkswagen Caddy 2.0 TDI 102 PS Comfortline,,,,,,,2020 Volkswagen Caddy 2.0 TDI 102 PS Comfortline Ürün Kataloğu,,"Volkswagen Çağrı24 0212 335 0404
Volkswagen Çağrı24 0800 211 0870",Var,,,,,Değişken Geometrili Turbo,,4,1968 cc,Common Rail Direkt Enjeksiyon,12.9 saniye,172 km/s,250 nm,102 BG,,,Almanya,Combi,Ticari,Comfortline,Kombi,2020,İçten Yanmalı (Standart),2311 tl/yıl,Hafif Ticari,Caddy,Dizel,https://www.epey.com/araba/2020-volkswagen-caddy-2-0-tdi-102-ps-comfortline.html,,,,,,,130 g/km,4.9 lt,55 lt,Euro 6,4.4 lt,5.9 lt,,,4 yıldız,2020 Volkswagen Caddy 2.0 TDI 102 PS Comfortline NCAP/ANCAP Web Sayfası,2015,Var,,,,,,,,Önden Çekişli,,,,,5 ileri,Manuel,
1417 kg,11.10 mt.,1793 mm,4408 mm,1858 mm,2852 lt,750 lt,,2020 Volkswagen Caddy 2.0 TDI 102 PS DSG Comfortline,,,,,,,2020 Volkswagen Caddy 2.0 TDI 102 PS DSG Comfortline Ürün Kataloğu,,"Volkswagen Çağrı24 0212 335 0404
Volkswagen Çağrı24 0800 211 0870",Var,,,,,Değişken Geometrili Turbo,,4,1968 cc,Common Rail Direkt Enjeksiyon,13.0 saniye,170 km/s,250 nm,102 BG,,,Almanya,Combi,Ticari,Comfortline,Kombi,2020,İçten Yanmalı (Standart),2311 tl/yıl,Hafif Ticari,Caddy,Dizel,https://www.epey.com/araba/2020-volkswagen-caddy-2-0-tdi-102-ps-dsg-comfortline.html,,,,,,,137 g/km,5.2 lt,55 lt,Euro 6,4.8 lt,5.9 lt,,,4 yıldız,2020 Volkswagen Caddy 2.0 TDI 102 PS DSG Comfortline NCAP/ANCAP Web Sayfası,2015,Var,,,,,,,,Önden Çekişli,,,,,6 ileri,Otomatik,DSG (Yarı Otm.)
1417 kg,11.10 mt.,1793 mm,4408 mm,1858 mm,2852 lt,750 lt,,2020 Volkswagen Caddy 2.0 TDI 102 PS DSG Exclusive,,,,,,,2020 Volkswagen Caddy 2.0 TDI 102 PS DSG Exclusive Ürün Kataloğu,,"Volkswagen Çağrı24 0212 335 0404
Volkswagen Çağrı24 0800 211 0870",Var,,,,,Değişken Geometrili Turbo,,4,1968 cc,Common Rail Direkt Enjeksiyon,13.0 saniye,170 km/s,250 nm,102 BG,,,Almanya,Combi,Ticari,Exclusive,Kombi,2020,İçten Yanmalı (Standart),2311 tl/yıl,Hafif Ticari,Caddy,Dizel,https://www.epey.com/araba/2020-volkswagen-caddy-2-0-tdi-102-ps-dsg-exclusive.html,,,,,,,137 g/km,5.2 lt,55 lt,Euro 6,4.8 lt,5.9 lt,,,4 yıldız,2020 Volkswagen Caddy 2.0 TDI 102 PS DSG Exclusive NCAP/ANCAP Web Sayfası,2015,Var,,,,,,,,Önden Çekişli,,,,,6 ileri,Otomatik,DSG (Yarı Otm.)
1417 kg,11.10 mt.,1793 mm,4408 mm,1858 mm,2852 lt,750 lt,,2020 Volkswagen Caddy 2.0 TDI 102 PS DSG Trendline,,,,,,,2020 Volkswagen Caddy 2.0 TDI 102 PS DSG Trendline Ürün Kataloğu,,"Volkswagen Çağrı24 0212 335 0404
Volkswagen Çağrı24 0800 211 0870",Var,,,,,Değişken Geometrili Turbo,,4,1968 cc,Common Rail Direkt Enjeksiyon,13.0 saniye,170 km/s,250 nm,102 BG,,,Almanya,Combi,Ticari,Trendline,Kombi,2020,İçten Yanmalı (Standart),2311 tl/yıl,Hafif Ticari,Caddy,Dizel,https://www.epey.com/araba/2020-volkswagen-caddy-2-0-tdi-102-ps-dsg-trendline.html,,,,,,,137 g/km,5.2 lt,55 lt,Euro 6,4.8 lt,5.9 lt,,,4 yıldız,2020 Volkswagen Caddy 2.0 TDI 102 PS DSG Trendline NCAP/ANCAP Web Sayfası,2015,Var,,,,,,,,Önden Çekişli,,,,,6 ileri,Otomatik,DSG (Yarı Otm.)
1382 kg,11.10 mt.,1793 mm,4408 mm,1858 mm,2852 lt,750 lt,,2020 Volkswagen Caddy 2.0 TDI 102 PS Exclusive,,,,,,,2020 Volkswagen Caddy 2.0 TDI 102 PS Exclusive Ürün Kataloğu,,"Volkswagen Çağrı24 0212 335 0404
Volkswagen Çağrı24 0800 211 0870",Var,,,,,Değişken Geometrili Turbo,,4,1968 cc,Common Rail Direkt Enjeksiyon,12.9 saniye,172 km/s,250 nm,102 BG,,,Almanya,Combi,Ticari,Exclusive,Kombi,2020,İçten Yanmalı (Standart),2311 tl/yıl,Hafif Ticari,Caddy,Dizel,https://www.epey.com/araba/2020-volkswagen-caddy-2-0-tdi-102-ps-exclusive.html,,,,,,,130 g/km,4.9 lt,55 lt,Euro 6,4.4 lt,5.9 lt,,,4 yıldız,2020 Volkswagen Caddy 2.0 TDI 102 PS Exclusive NCAP/ANCAP Web Sayfası,2015,Var,,,,,,,,Önden Çekişli,,,,,5 ileri,Manuel,
1382 kg,11.10 mt.,1793 mm,4408 mm,1858 mm,2852 lt,750 lt,,2020 Volkswagen Caddy 2.0 TDI 102 PS Trendline,,,,,,,2020 Volkswagen Caddy 2.0 TDI 102 PS Trendline Ürün Kataloğu,,"Volkswagen Çağrı24 0212 335 0404
Volkswagen Çağrı24 0800 211 0870",Var,,,,,Değişken Geometrili Turbo,,4,1968 cc,Common Rail Direkt Enjeksiyon,12.9 saniye,172 km/s,250 nm,102 BG,,,Almanya,Combi,Ticari,Trendline,Kombi,2020,İçten Yanmalı (Standart),2311 tl/yıl,Hafif Ticari,Caddy,Dizel,https://www.epey.com/araba/2020-volkswagen-caddy-2-0-tdi-102-ps-trendline.html,,,,,,,130 g/km,4.9 lt,55 lt,Euro 6,4.4 lt,5.9 lt,,,4 yıldız,2020 Volkswagen Caddy 2.0 TDI 102 PS Trendline NCAP/ANCAP Web Sayfası,2015,Var,,,,,,,,Önden Çekişli,,,,,5 ileri,Manuel,
1513 kg,12.20 mt.,1793 mm,4976 mm,1872 mm,,,,2020 Volkswagen Caddy Maxi Van 2.0 TDI 102 PS DSG,,,,,,,2020 Volkswagen Caddy Maxi Van 2.0 TDI 102 PS DSG Ürün Kataloğu,,"Volkswagen Çağrı24 0212 335 0404
Volkswagen Çağrı24 0800 211 0870",Var,,,,,Turbo,"BlueMotion Teknolojisi (Yakıt Verimliliği)
SCR (Seçimli Katalitik İndirgeme)
VTG (Değişken Geometrili Turboşarj)",4,1968 cc,Common Rail Direkt Enjeksiyon,12.6 saniye,170 km/s,250 nm,102 BG,,,Almanya,Panelvan,Ticari,Standart,Panelvan,2020,İçten Yanmalı (Standart),2311 tl/yıl,Hafif Ticari,Caddy,Dizel,https://www.epey.com/araba/2020-volkswagen-caddy-maxi-van-2-0-tdi-102-ps-dsg.html,,,,,,,,5.1 lt,55 lt,Euro 6,4.8 lt,5.7 lt,,,,,,,4.2 m³,2326 kg,2280 kg,1532 mm,2249 mm,1259 mm,1168 mm,Önden Çekişli,,,,,6 ileri,Otomatik,DSG (Yarı Otm.)
1477 kg,12.20 mt.,1793 mm,4976 mm,1872 mm,,,,2020 Volkswagen Caddy Maxi Van 2.0 TDI 102 PS,,,,,,,2020 Volkswagen Caddy Maxi Van 2.0 TDI 102 PS Ürün Kataloğu,,"Volkswagen Çağrı24 0212 335 0404
Volkswagen Çağrı24 0800 211 0870",Var,,,,,Turbo,"BlueMotion Teknolojisi (Yakıt Verimliliği)
SCR (Seçimli Katalitik İndirgeme)
VTG (Değişken Geometrili Turboşarj)",4,1968 cc,Common Rail Direkt Enjeksiyon,12.5 saniye,172 km/s,250 nm,102 BG,,,Almanya,Panelvan,Ticari,Standart,Panelvan,2020,İçten Yanmalı (Standart),2091 tl/yıl,Hafif Ticari,Caddy,Dizel,https://www.epey.com/araba/2020-volkswagen-caddy-maxi-van-2-0-tdi-102-ps.html,,,,,,,,5.9 lt,55 lt,Euro 6,4.4 lt,5.8 lt,,,,,,,4.2 m³,2299 kg,2280 kg,1532 mm,2249 mm,1259 mm,1168 mm,Önden Çekişli,,,,,5 ileri,Manuel,
1353 kg,10.90 mt.,1790 mm,4258 mm,1492 mm,,380 lt,,2020 Volkswagen Golf 1.0 TSI 110 PS DSG Comfortline,,,,,,2020 Volkswagen Golf 1.0 TSI 110 PS DSG Comfortline Test Sürüşü Talep Sayfası,2020 Volkswagen Golf 1.0 TSI 110 PS DSG Comfortline Ürün Kataloğu,"2 Yıl Mekanik
3 Yıl Boya
12 Yıl Paslanmazlık","Volkswagen Çağrı24 0212 335 0404
Volkswagen Çağrı24 0800 211 0870",Var,,,,,Turbo,,3,999 cc,Elektronik Doğrudan Enjeksiyon,9.9 saniye,196 km/s,200 nm,110 BG,,,Almanya,,Binek,Comfortline,Hatchback,2020,İçten Yanmalı (Standart),1156 tl/yıl,C,Golf,Benzin,https://www.epey.com/araba/2020-volkswagen-golf-1-0-tsi-110-ps-dsg-comfortline.html,,,,,,,120 g/km,5.2 lt,50 lt,Euro 6,4.7 lt,6.1 lt,,Var,5 yıldız,2020 Volkswagen Golf 1.0 TSI 110 PS DSG Comfortline NCAP/ANCAP Web Sayfası,2019,Var,,,,,,,,Önden Çekişli,,,,,7 ileri,Otomatik,DSG (Yarı Otm.)
1333 kg,10.90 mt.,1790 mm,4258 mm,1492 mm,,380 lt,,2020 Volkswagen Golf 1.0 TSI 110 PS Midline Plus,,,,,,2020 Volkswagen Golf 1.0 TSI 110 PS Midline Plus Test Sürüşü Talep Sayfası,2020 Volkswagen Golf 1.0 TSI 110 PS Midline Plus Ürün Kataloğu,"2 Yıl Mekanik
3 Yıl Boya
12 Yıl Paslanmazlık","Volkswagen Çağrı24 0212 335 0404
Volkswagen Çağrı24 0800 211 0870",Var,,,,,Turbo,,3,999 cc,Elektronik Doğrudan Enjeksiyon,9.8 saniye,198 km/s,200 nm,110 BG,,,Almanya,,Binek,Midline Plus,Hatchback,2020,İçten Yanmalı (Standart),1156 tl/yıl,C,Golf,Benzin,https://www.epey.com/araba/2020-volkswagen-golf-1-0-tsi-110-ps-midline-plus.html,,,,,,,122 g/km,5.3 lt,50 lt,Euro 6,4.7 lt,6.4 lt,,Var,5 yıldız,2020 Volkswagen Golf 1.0 TSI 110 PS Midline Plus NCAP/ANCAP Web Sayfası,2019,Var,,,,,,,,Önden Çekişli,,,,,6 ileri,Manuel,
,10.90 mt.,1790 mm,4258 mm,1492 mm,,380 lt,,2020 Volkswagen Golf 1.5 TSI ACT 150 PS DSG Comfortline,,,,,,2020 Volkswagen Golf 1.5 TSI ACT 150 PS DSG Comfortline Test Sürüşü Talep Sayfası,2020 Volkswagen Golf 1.5 TSI ACT 150 PS DSG Comfortline Ürün Kataloğu,"2 Yıl Mekanik
3 Yıl Boya
12 Yıl Paslanmazlık","Volkswagen Çağrı24 0212 335 0404
Volkswagen Çağrı24 0800 211 0870",Var,,,,,Turbo,,4,1498 cc,Direkt Enjeksiyon,8.3 saniye,216 km/s,250 nm,150 BG,,,Almanya,,Binek,Comfortline,Hatchback,2020,İçten Yanmalı (Standart),2014 tl/yıl,C,Golf,Benzin,https://www.epey.com/araba/2020-volkswagen-golf-1-5-tsi-act-150-ps-dsg-comfortline.html,,,,,,,112 g/km,4.9 lt,50 lt,Euro 6,4.2 lt,6.1 lt,,Var,5 yıldız,2020 Volkswagen Golf 1.5 TSI ACT 150 PS DSG Comfortline NCAP/ANCAP Web Sayfası,2019,Var,,,,,,,,Önden Çekişli,,,,,7 ileri,Otomatik,DSG (Yarı Otm.)
,10.90 mt.,1790 mm,4258 mm,1492 mm,,380 lt,,2020 Volkswagen Golf 1.5 TSI ACT 150 PS DSG Highline,,,,,,2020 Volkswagen Golf 1.5 TSI ACT 150 PS DSG Highline Test Sürüşü Talep Sayfası,2020 Volkswagen Golf 1.5 TSI ACT 150 PS DSG Highline Ürün Kataloğu,"2 Yıl Mekanik
3 Yıl Boya
12 Yıl Paslanmazlık","Volkswagen Çağrı24 0212 335 0404
Volkswagen Çağrı24 0800 211 0870",Var,,,,,Turbo,,4,1498 cc,Direkt Enjeksiyon,8.3 saniye,216 km/s,250 nm,150 BG,,,Almanya,,Binek,Highline,Hatchback,2020,İçten Yanmalı (Standart),2014 tl/yıl,C,Golf,Benzin,https://www.epey.com/araba/2020-volkswagen-golf-1-5-tsi-act-150-ps-dsg-highline.html,,,,,,,112 g/km,4.9 lt,50 lt,Euro 6,4.2 lt,6.1 lt,,Var,5 yıldız,2020 Volkswagen Golf 1.5 TSI ACT 150 PS DSG Highline NCAP/ANCAP Web Sayfası,2019,Var,,,,,,,,Önden Çekişli,,,,,7 ileri,Otomatik,DSG (Yarı Otm.)
1323 kg,10.90 mt.,1790 mm,4258 mm,1492 mm,,380 lt,,2020 Volkswagen Golf 1.6 TDI 115 PS Comfortline,,,,,,2020 Volkswagen Golf 1.6 TDI 115 PS Comfortline Test Sürüşü Talep Sayfası,2020 Volkswagen Golf 1.6 TDI 115 PS Comfortline Ürün Kataloğu,"2 Yıl Mekanik
3 Yıl Boya
12 Yıl Paslanmazlık","Volkswagen Çağrı24 0212 335 0404
Volkswagen Çağrı24 0800 211 0870",Var,,,,,Turbo,,4,1598 cc,Common Rail Direkt Enjeksiyon,10.2 saniye,198 km/s,250 nm,115 BG,,,Almanya,,Binek,Comfortline,Hatchback,2020,İçten Yanmalı (Standart),2014 tl/yıl,C,Golf,Dizel,https://www.epey.com/araba/2020-volkswagen-golf-1-6-tdi-115-ps-comfortline.html,,,,,,,109 g/km,4.2 lt,50 lt,Euro 6,3.9 lt,4.7 lt,,Var,5 yıldız,2020 Volkswagen Golf 1.6 TDI 115 PS Comfortline NCAP/ANCAP Web Sayfası,2019,Var,,,,,,,,Önden Çekişli,,,,,5 ileri,Manuel,
1343 kg,10.90 mt.,1790 mm,4258 mm,1492 mm,,380 lt,,2020 Volkswagen Golf 1.6 TDI 115 PS DSG Comfortline,,,,,,2020 Volkswagen Golf 1.6 TDI 115 PS DSG Comfortline Test Sürüşü Talep Sayfası,2020 Volkswagen Golf 1.6 TDI 115 PS DSG Comfortline Ürün Kataloğu,"2 Yıl Mekanik
3 Yıl Boya
12 Yıl Paslanmazlık","Volkswagen Çağrı24 0212 335 0404
Volkswagen Çağrı24 0800 211 0870",Var,,,,,Turbo,,4,1598 cc,Common Rail Direkt Enjeksiyon,10.5 saniye,198 km/s,250 nm,115 BG,,,Almanya,,Binek,Comfortline,Hatchback,2020,İçten Yanmalı (Standart),2014 tl/yıl,C,Golf,Dizel,https://www.epey.com/araba/2020-volkswagen-golf-1-6-tdi-115-ps-dsg-comfortline.html,,,,,,,105 g/km,4.0 lt,50 lt,Euro 6,3.9 lt,4.2 lt,,Var,5 yıldız,2020 Volkswagen Golf 1.6 TDI 115 PS DSG Comfortline NCAP/ANCAP Web Sayfası,2019,Var,,,,,,,,Önden Çekişli,,,,,7 ileri,Otomatik,DSG (Yarı Otm.)
1323 kg,10.90 mt.,1790 mm,4258 mm,1492 mm,,380 lt,,2020 Volkswagen Golf 1.6 TDI 115 PS Highline,,,,,,2020 Volkswagen Golf 1.6 TDI 115 PS Highline Test Sürüşü Talep Sayfası,2020 Volkswagen Golf 1.6 TDI 115 PS Highline Ürün Kataloğu,"2 Yıl Mekanik
3 Yıl Boya
12 Yıl Paslanmazlık","Volkswagen Çağrı24 0212 335 0404
Volkswagen Çağrı24 0800 211 0870",Var,,,,,Turbo,,4,1598 cc,Common Rail Direkt Enjeksiyon,10.2 saniye,198 km/s,250 nm,115 BG,,,Almanya,,Binek,Highline,Hatchback,2020,İçten Yanmalı (Standart),2014 tl/yıl,C,Golf,Dizel,https://www.epey.com/araba/2020-volkswagen-golf-1-6-tdi-115-ps-highline.html,,,,,,,109 g/km,4.2 lt,50 lt,Euro 6,3.9 lt,4.7 lt,,Var,5 yıldız,2020 Volkswagen Golf 1.6 TDI 115 PS Highline NCAP/ANCAP Web Sayfası,2019,Var,,,,,,,,Önden Çekişli,,,,,5 ileri,Manuel,
1435 kg,11.70 mt.,1832 mm,4775 mm,1442 mm,,586 lt,,2020 Volkswagen Passat 1.5 TSI ACT 150 PS DSG Business,,,,,,2020 Volkswagen Passat 1.5 TSI ACT 150 PS DSG Business Test Sürüşü Talep Sayfası,2020 Volkswagen Passat 1.5 TSI ACT 150 PS DSG Business Ürün Kataloğu,"2 Yıl Mekanik
3 Yıl Boya
12 Yıl Paslanmazlık","Volkswagen Çağrı24 0212 335 0404
Volkswagen Çağrı24 0800 211 0870",Var,,,,,Turbo,,4,1498 cc,Direkt Enjeksiyon,8.7 saniye,220 km/s,250 nm,150 BG,,,Almanya,Passat Sedan,Binek,Business,Sedan,2020,İçten Yanmalı (Standart),2014 tl/yıl,D,Passat,Benzin,https://www.epey.com/araba/2020-volkswagen-passat-1-5-tsi-act-150-ps-dsg-business.html,,,,,,,117 g/km,5.1 lt,59 lt,,4.3 lt,6.6 lt,,,5 yıldız,2020 Volkswagen Passat 1.5 TSI ACT 150 PS DSG Business NCAP/ANCAP Web Sayfası,2014,Var,,,,,,,,Önden Çekişli,,,,,7 ileri,Otomatik,DSG (Yarı Otm.)
1435 kg,11.70 mt.,1832 mm,4775 mm,1442 mm,,586 lt,,2020 Volkswagen Passat 1.5 TSI ACT 150 PS DSG Impression,,,,,,2020 Volkswagen Passat 1.5 TSI ACT 150 PS DSG Impression Test Sürüşü Talep Sayfası,2020 Volkswagen Passat 1.5 TSI ACT 150 PS DSG Impression Ürün Kataloğu,"2 Yıl Mekanik
3 Yıl Boya
12 Yıl Paslanmazlık","Volkswagen Çağrı24 0212 335 0404
Volkswagen Çağrı24 0800 211 0870",Var,,,,,Turbo,,4,1498 cc,Direkt Enjeksiyon,8.7 saniye,220 km/s,250 nm,150 BG,,,Almanya,Passat Sedan,Binek,Impression,Sedan,2020,İçten Yanmalı (Standart),2014 tl/yıl,D,Passat,Benzin,https://www.epey.com/araba/2020-volkswagen-passat-1-5-tsi-act-150-ps-dsg-impression.html,,,,,,,117 g/km,5.1 lt,59 lt,,4.3 lt,6.6 lt,,,5 yıldız,2020 Volkswagen Passat 1.5 TSI ACT 150 PS DSG Impression NCAP/ANCAP Web Sayfası,2014,Var,,,,,,,,Önden Çekişli,,,,,7 ileri,Otomatik,DSG (Yarı Otm.)
1500 kg,11.70 mt.,1832 mm,4775 mm,1442 mm,,586 lt,,2020 Volkswagen Passat 1.6 TDI 120 PS DSG Business,,,,,,2020 Volkswagen Passat 1.6 TDI 120 PS DSG Business Test Sürüşü Talep Sayfası,2020 Volkswagen Passat 1.6 TDI 120 PS DSG Business Ürün Kataloğu,"2 Yıl Mekanik
3 Yıl Boya
12 Yıl Paslanmazlık","Volkswagen Çağrı24 0212 335 0404
Volkswagen Çağrı24 0800 211 0870",Var,,,,,Turbo,,4,1598 cc,Common Rail Direkt Enjeksiyon,10.8 saniye,205 km/s,250 nm,120 BG,,,Almanya,Passat Sedan,Binek,Business,Sedan,2020,İçten Yanmalı (Standart),2014 tl/yıl,D,Passat,Dizel,https://www.epey.com/araba/2020-volkswagen-passat-1-6-tdi-120-ps-dsg-business.html,,,,,,,109 g/km,4.2 lt,59 lt,,3.9 lt,4.6 lt,,,5 yıldız,2020 Volkswagen Passat 1.6 TDI 120 PS DSG Business NCAP/ANCAP Web Sayfası,2014,Var,,,,,,,,Önden Çekişli,,,,,7 ileri,Otomatik,DSG (Yarı Otm.)
1500 kg,11.70 mt.,1832 mm,4775 mm,1442 mm,,586 lt,,2020 Volkswagen Passat 1.6 TDI 120 PS DSG Elegance,,,,,,2020 Volkswagen Passat 1.6 TDI 120 PS DSG Elegance Test Sürüşü Talep Sayfası,2020 Volkswagen Passat 1.6 TDI 120 PS DSG Elegance Ürün Kataloğu,"2 Yıl Mekanik
3 Yıl Boya
12 Yıl Paslanmazlık","Volkswagen Çağrı24 0212 335 0404
Volkswagen Çağrı24 0800 211 0870",Var,,,,,Turbo,,4,1598 cc,Common Rail Direkt Enjeksiyon,10.8 saniye,205 km/s,250 nm,120 BG,,,Almanya,Passat Sedan,Binek,Elegance,Sedan,2020,İçten Yanmalı (Standart),2014 tl/yıl,D,Passat,Dizel,https://www.epey.com/araba/2020-volkswagen-passat-1-6-tdi-120-ps-dsg-elegance.html,,,,,,,109 g/km,4.2 lt,59 lt,,3.9 lt,4.6 lt,,,5 yıldız,2020 Volkswagen Passat 1.6 TDI 120 PS DSG Elegance NCAP/ANCAP Web Sayfası,2014,Var,,,,,,,,Önden Çekişli,,,,,7 ileri,Otomatik,DSG (Yarı Otm.)
1500 kg,11.70 mt.,1832 mm,4775 mm,1442 mm,,586 lt,,2020 Volkswagen Passat 1.6 TDI 120 PS DSG Impression,,,,,,2020 Volkswagen Passat 1.6 TDI 120 PS DSG Impression Test Sürüşü Talep Sayfası,2020 Volkswagen Passat 1.6 TDI 120 PS DSG Impression Ürün Kataloğu,"2 Yıl Mekanik
3 Yıl Boya
12 Yıl Paslanmazlık","Volkswagen Çağrı24 0212 335 0404
Volkswagen Çağrı24 0800 211 0870",Var,,,,,Turbo,,4,1598 cc,Common Rail Direkt Enjeksiyon,10.8 saniye,205 km/s,250 nm,120 BG,,,Almanya,Passat Sedan,Binek,Impression,Sedan,2020,İçten Yanmalı (Standart),2014 tl/yıl,D,Passat,Dizel,https://www.epey.com/araba/2020-volkswagen-passat-1-6-tdi-120-ps-dsg-impression.html,,,,,,,109 g/km,4.2 lt,59 lt,,3.9 lt,4.6 lt,,,5 yıldız,2020 Volkswagen Passat 1.6 TDI 120 PS DSG Impression NCAP/ANCAP Web Sayfası,2014,Var,,,,,,,,Önden Çekişli,,,,,7 ileri,Otomatik,DSG (Yarı Otm.)
1550 kg,11.70 mt.,1832 mm,4775 mm,1442 mm,,586 lt,,2020 Volkswagen Passat 2.0 TDI 150 PS DSG Business,,,,,,2020 Volkswagen Passat 2.0 TDI 150 PS DSG Business Test Sürüşü Talep Sayfası,2020 Volkswagen Passat 2.0 TDI 150 PS DSG Business Ürün Kataloğu,"2 Yıl Mekanik
3 Yıl Boya
12 Yıl Paslanmazlık","Volkswagen Çağrı24 0212 335 0404
Volkswagen Çağrı24 0800 211 0870",Var,,,,,Turbo,,4,1968 cc,Common Rail Direkt Enjeksiyon,8.7 saniye,220 km/s,340 nm,150 BG,,,Almanya,Passat Sedan,Binek,Business,Sedan,2020,İçten Yanmalı (Standart),5603 tl/yıl,D,Passat,Dizel,https://www.epey.com/araba/2020-volkswagen-passat-2-0-tdi-150-ps-dsg-business.html,,,,,,,109 g/km,4.1 lt,59 lt,,3.9 lt,4.6 lt,,,5 yıldız,2020 Volkswagen Passat 2.0 TDI 150 PS DSG Business NCAP/ANCAP Web Sayfası,2014,Var,,,,,,,,Önden Çekişli,,,,,7 ileri,Otomatik,DSG (Yarı Otm.)
1550 kg,11.70 mt.,1832 mm,4775 mm,1442 mm,,586 lt,,2020 Volkswagen Passat 2.0 TDI 150 PS DSG Elegance,,,,,,2020 Volkswagen Passat 2.0 TDI 150 PS DSG Elegance Test Sürüşü Talep Sayfası,2020 Volkswagen Passat 2.0 TDI 150 PS DSG Elegance Ürün Kataloğu,"2 Yıl Mekanik
3 Yıl Boya
12 Yıl Paslanmazlık","Volkswagen Çağrı24 0212 335 0404
Volkswagen Çağrı24 0800 211 0870",Var,,,,,Turbo,,4,1968 cc,Common Rail Direkt Enjeksiyon,8.7 saniye,220 km/s,340 nm,150 BG,,,Almanya,Passat Sedan,Binek,Elegance,Sedan,2020,İçten Yanmalı (Standart),5603 tl/yıl,D,Passat,Dizel,https://www.epey.com/araba/2020-volkswagen-passat-2-0-tdi-150-ps-dsg-elegance.html,,,,,,,109 g/km,4.1 lt,59 lt,,3.9 lt,4.6 lt,,,5 yıldız,2020 Volkswagen Passat 2.0 TDI 150 PS DSG Elegance NCAP/ANCAP Web Sayfası,2014,Var,,,,,,,,Önden Çekişli,,,,,7 ileri,Otomatik,DSG (Yarı Otm.)
1730 kg,11.70 mt.,1832 mm,4775 mm,1442 mm,,586 lt,,2020 Volkswagen Passat 2.0 TDI 240 PS 4M DSG Elegance (4x4),,,,,,2020 Volkswagen Passat 2.0 TDI 240 PS 4M DSG Elegance (4x4) Test Sürüşü Talep Sayfası,2020 Volkswagen Passat 2.0 TDI 240 PS 4M DSG Elegance (4x4) Ürün Kataloğu,"2 Yıl Mekanik
3 Yıl Boya
12 Yıl Paslanmazlık","Volkswagen Çağrı24 0212 335 0404
Volkswagen Çağrı24 0800 211 0870",Var,,,,,Turbo,,4,1968 cc,Common Rail Direkt Enjeksiyon,6.1 saniye,247 km/s,500 nm,240 BG,,,Almanya,Passat Sedan,Binek,Elegance,Sedan,2020,İçten Yanmalı (Standart),5603 tl/yıl,D,Passat,Dizel,https://www.epey.com/araba/2020-volkswagen-passat-2-0-tdi-240-ps-4m-dsg-elegance-4x4.html,,,,,,,150 g/km,5.7 lt,66 lt,,5.1 lt,6.8 lt,,,5 yıldız,2020 Volkswagen Passat 2.0 TDI 240 PS 4M DSG Elegance (4x4) NCAP/ANCAP Web Sayfası,2014,Var,,,,,,,,4x4 Çekişli,,,,,7 ileri,Otomatik,DSG (Yarı Otm.)
1050 kg,10.60 mt.,1751 mm,4053 mm,1446 mm,,351 lt,,2020 Volkswagen Polo 1.0 80 PS Trendline,,,,,,2020 Volkswagen Polo 1.0 80 PS Trendline Test Sürüşü Talep Sayfası,2020 Volkswagen Polo 1.0 80 PS Trendline Ürün Kataloğu,2 Yıl Sınırsız Km Mekanik,"Volkswagen Çağrı24 0212 335 0404
Volkswagen Çağrı24 0800 211 0870",Var,,,,,Atmosferik,,3,999 cc,Çok Noktadan Enjeksiyon,15.4 saniye,171 km/s,95 nm,80 BG,,,Almanya,,Binek,Trendline,Hatchback,2020,İçten Yanmalı (Standart),1156 tl/yıl,B,Polo,Benzin,https://www.epey.com/araba/2020-volkswagen-polo-1-0-80-ps-trendline.html,,,,,,,110 g/km,4.8 lt,40 lt,Euro 6,4.1 lt,6.1 lt,,,5 yıldız,2020 Volkswagen Polo 1.0 80 PS Trendline NCAP/ANCAP Web Sayfası,2017,Var,,,,,,,,Önden Çekişli,,,,,5 ileri,Manuel,
1145 kg,10.60 mt.,1751 mm,4053 mm,1446 mm,,351 lt,,2020 Volkswagen Polo 1.0 TSI 95 PS Comfortline,,,,,,2020 Volkswagen Polo 1.0 TSI 95 PS Comfortline Test Sürüşü Talep Sayfası,2020 Volkswagen Polo 1.0 TSI 95 PS Comfortline Ürün Kataloğu,2 Yıl Sınırsız Km Mekanik,"Volkswagen Çağrı24 0212 335 0404
Volkswagen Çağrı24 0800 211 0870",Var,,,,,Turbo,,3,999 cc,Çok Noktadan Enjeksiyon,10.8 saniye,187 km/s,175 nm,95 BG,,,Almanya,,Binek,Comfortline,Hatchback,2020,İçten Yanmalı (Standart),1156 tl/yıl,B,Polo,Benzin,https://www.epey.com/araba/2020-volkswagen-polo-1-0-tsi-95-ps-comfortline.html,,,,,,,103 g/km,4.5 lt,40 lt,,3.9 lt,5.6 lt,,,5 yıldız,2020 Volkswagen Polo 1.0 TSI 95 PS Comfortline NCAP/ANCAP Web Sayfası,2017,Var,,,,,,,,Önden Çekişli,,,,,5 ileri,Manuel,
1180 kg,10.60 mt.,1751 mm,4053 mm,1446 mm,,351 lt,,2020 Volkswagen Polo 1.0 TSI 95 PS DSG Comfortline,,,,,,2020 Volkswagen Polo 1.0 TSI 95 PS DSG Comfortline Test Sürüşü Talep Sayfası,2020 Volkswagen Polo 1.0 TSI 95 PS DSG Comfortline Ürün Kataloğu,2 Yıl Sınırsız Km Mekanik,"Volkswagen Çağrı24 0212 335 0404
Volkswagen Çağrı24 0800 211 0870",Var,,,,,Turbo,,3,999 cc,Çok Noktadan Enjeksiyon,10.8 saniye,187 km/s,175 nm,95 BG,,,Almanya,,Binek,Comfortline,Hatchback,2020,İçten Yanmalı (Standart),1156 tl/yıl,B,Polo,Benzin,https://www.epey.com/araba/2020-volkswagen-polo-1-0-tsi-95-ps-dsg-comfortline.html,,,,,,,107 g/km,4.7 lt,40 lt,,4.1 lt,5.8 lt,,,5 yıldız,2020 Volkswagen Polo 1.0 TSI 95 PS DSG Comfortline NCAP/ANCAP Web Sayfası,2017,Var,,,,,,,,Önden Çekişli,,,,,7 ileri,Otomatik,DSG (Yarı Otm.)
1180 kg,10.60 mt.,1751 mm,4053 mm,1446 mm,,351 lt,,2020 Volkswagen Polo 1.0 TSI 95 PS DSG Highline,,,,,,2020 Volkswagen Polo 1.0 TSI 95 PS DSG Highline Test Sürüşü Talep Sayfası,2020 Volkswagen Polo 1.0 TSI 95 PS DSG Highline Ürün Kataloğu,2 Yıl Sınırsız Km Mekanik,"Volkswagen Çağrı24 0212 335 0404
Volkswagen Çağrı24 0800 211 0870",Var,,,,,Turbo,,3,999 cc,Çok Noktadan Enjeksiyon,10.8 saniye,187 km/s,175 nm,95 BG,,,Almanya,,Binek,Highline,Hatchback,2020,İçten Yanmalı (Standart),1156 tl/yıl,B,Polo,Benzin,https://www.epey.com/araba/2020-volkswagen-polo-1-0-tsi-95-ps-dsg-highline.html,,,,,,,107 g/km,4.7 lt,40 lt,,4.1 lt,5.8 lt,,,5 yıldız,2020 Volkswagen Polo 1.0 TSI 95 PS DSG Highline NCAP/ANCAP Web Sayfası,2017,Var,,,,,,,,Önden Çekişli,,,,,7 ileri,Otomatik,DSG (Yarı Otm.)
1303 kg,10.60 mt.,1751 mm,4053 mm,1446 mm,,351 lt,,2020 Volkswagen Polo 1.6 TDI 95 PS DSG Comfortline,,,,,,2020 Volkswagen Polo 1.6 TDI 95 PS DSG Comfortline Test Sürüşü Talep Sayfası,2020 Volkswagen Polo 1.6 TDI 95 PS DSG Comfortline Ürün Kataloğu,2 Yıl Sınırsız Km Mekanik,"Volkswagen Çağrı24 0212 335 0404
Volkswagen Çağrı24 0800 211 0870",Var,,,,,Turbo,,4,1598 cc,Common Rail Direkt Enjeksiyon,11.2 saniye,185 km/s,250 nm,95 BG,,,Almanya,,Binek,Comfortline,Hatchback,2020,İçten Yanmalı (Standart),2014 tl/yıl,B,Polo,Dizel,https://www.epey.com/araba/2020-volkswagen-polo-1-6-tdi-95-ps-dsg-comfortline.html,,,,,,,105 g/km,4.0 lt,40 lt,,3.7 lt,4.5 lt,,,5 yıldız,2020 Volkswagen Polo 1.6 TDI 95 PS DSG Comfortline NCAP/ANCAP Web Sayfası,2017,Var,,,,,,,,Önden Çekişli,,,,,7 ileri,Otomatik,DSG (Yarı Otm.)
1303 kg,10.60 mt.,1751 mm,4053 mm,1446 mm,,351 lt,,2020 Volkswagen Polo 1.6 TDI 95 PS DSG Highline,,,,,,2020 Volkswagen Polo 1.6 TDI 95 PS DSG Highline Test Sürüşü Talep Sayfası,2020 Volkswagen Polo 1.6 TDI 95 PS DSG Highline Ürün Kataloğu,2 Yıl Sınırsız Km Mekanik,"Volkswagen Çağrı24 0212 335 0404
Volkswagen Çağrı24 0800 211 0870",Var,,,,,Turbo,,4,1598 cc,Common Rail Direkt Enjeksiyon,11.2 saniye,185 km/s,250 nm,95 BG,,,Almanya,,Binek,Highline,Hatchback,2020,İçten Yanmalı (Standart),2014 tl/yıl,B,Polo,Dizel,https://www.epey.com/araba/2020-volkswagen-polo-1-6-tdi-95-ps-dsg-highline.html,,,,,,,105 g/km,4.0 lt,40 lt,,3.7 lt,4.5 lt,,,5 yıldız,2020 Volkswagen Polo 1.6 TDI 95 PS DSG Highline NCAP/ANCAP Web Sayfası,2017,Var,,,,,,,,Önden Çekişli,,,,,7 ileri,Otomatik,DSG (Yarı Otm.)
1350 kg,11.10 mt.,1819 mm,4234 mm,1573 mm,,445 lt,,2020 Volkswagen T-Roc 1.5 TSI ACT 150 PS DSG Highline (4x2),,,,,,2020 Volkswagen T-Roc 1.5 TSI ACT 150 PS DSG Highline (4x2) Test Sürüşü Talep Sayfası,2020 Volkswagen T-Roc 1.5 TSI ACT 150 PS DSG Highline (4x2) Ürün Kataloğu,"2 Yıl Mekanik
3 Yıl Boya
12 Yıl Paslanmazlık","Volkswagen Çağrı24 0212 335 0404
Volkswagen Çağrı24 0800 211 0870",Var,,,,,Turbo,ACT (Aktif Silindir Yönetimi),4,1498 cc,Elektronik Doğrudan Enjeksiyon,8.4 saniye,205 km/s,250 nm,150 BG,,,Almanya,,Binek,Highline,SUV,2020,İçten Yanmalı (Standart),2014 tl/yıl,B,T-Roc,Benzin,https://www.epey.com/araba/2020-volkswagen-t-roc-1-5-tsi-act-150-ps-dsg-highline-4x2.html,,,,,,,127 g/km,5.6 lt,50 lt,Euro 6,4.9 lt,6.8 lt,,,5 yıldız,2020 Volkswagen T-Roc 1.5 TSI ACT 150 PS DSG Highline (4x2) NCAP/ANCAP Web Sayfası,2017,Var,,,,,,,,Önden Çekişli,,,,,7 ileri,Otomatik,DSG (Yarı Otm.)
1520 kg,11.50 mt.,1839 mm,4486 mm,1643 mm,,615 lt,,2020 Volkswagen Tiguan 1.5 TSI ACT 130 PS Comfortline (4x2),,,,,,2020 Volkswagen Tiguan 1.5 TSI ACT 130 PS Comfortline (4x2) Test Sürüşü Talep Sayfası,2020 Volkswagen Tiguan 1.5 TSI ACT 130 PS Comfortline (4x2) Ürün Kataloğu,"2 Yıl Mekanik
3 Yıl Boya
12 Yıl Paslanmazlık","Volkswagen Çağrı24 0212 335 0404
Volkswagen Çağrı24 0800 211 0870",Var,,,,,Turbo,,4,1498 cc,TSI - Doğrudan Enjeksiyon,10.2 saniye,192 km/s,200 nm,130 BG,,,Almanya,,Binek,Comfortline,SUV,2020,İçten Yanmalı (Standart),2014 tl/yıl,C,Tiguan,Benzin,https://www.epey.com/araba/2020-volkswagen-tiguan-1-5-tsi-act-130-ps-comfortline-4x2.html,,,,,,,130 g/km,5.7 lt,58 lt,,5.0 lt,7.1 lt,,,5 yıldız,2020 Volkswagen Tiguan 1.5 TSI ACT 130 PS Comfortline (4x2) NCAP/ANCAP Web Sayfası,2016,Var,,,,,,,,Önden Çekişli,,,,,6 ileri,Manuel,
1520 kg,11.50 mt.,1839 mm,4486 mm,1643 mm,,615 lt,,2020 Volkswagen Tiguan 1.5 TSI ACT 130 PS Trendline (4x2),,,,,,2020 Volkswagen Tiguan 1.5 TSI ACT 130 PS Trendline (4x2) Test Sürüşü Talep Sayfası,2020 Volkswagen Tiguan 1.5 TSI ACT 130 PS Trendline (4x2) Ürün Kataloğu,"2 Yıl Mekanik
3 Yıl Boya
12 Yıl Paslanmazlık","Volkswagen Çağrı24 0212 335 0404
Volkswagen Çağrı24 0800 211 0870",Var,,,,,Turbo,,4,1498 cc,TSI - Doğrudan Enjeksiyon,10.2 saniye,192 km/s,200 nm,130 BG,,,Almanya,,Binek,Trendline,SUV,2020,İçten Yanmalı (Standart),2014 tl/yıl,C,Tiguan,Benzin,https://www.epey.com/araba/2020-volkswagen-tiguan-1-5-tsi-act-130-ps-trendline-4x2.html,,,,,,,130 g/km,5.7 lt,58 lt,,5.0 lt,7.1 lt,,,5 yıldız,2020 Volkswagen Tiguan 1.5 TSI ACT 130 PS Trendline (4x2) NCAP/ANCAP Web Sayfası,2016,Var,,,,,,,,Önden Çekişli,,,,,6 ileri,Manuel,
1550 kg,11.50 mt.,1839 mm,4486 mm,1643 mm,,615 lt,,2020 Volkswagen Tiguan 1.5 TSI ACT 150 PS DSG Comfortline (4x2),,,,,,2020 Volkswagen Tiguan 1.5 TSI ACT 150 PS DSG Comfortline (4x2) Test Sürüşü Talep Sayfası,2020 Volkswagen Tiguan 1.5 TSI ACT 150 PS DSG Comfortline (4x2) Ürün Kataloğu,"2 Yıl Mekanik
3 Yıl Boya
12 Yıl Paslanmazlık","Volkswagen Çağrı24 0212 335 0404
Volkswagen Çağrı24 0800 211 0870",Var,,,,,Turbo,,4,1498 cc,TSI - Doğrudan Enjeksiyon,9.2 saniye,200 km/s,250 nm,150 BG,,,Almanya,,Binek,Comfortline,SUV,2020,İçten Yanmalı (Standart),2014 tl/yıl,C,Tiguan,Benzin,https://www.epey.com/araba/2020-volkswagen-tiguan-1-5-tsi-act-150-ps-dsg-comfortline-4x2.html,,,,,,,138 g/km,6.1 lt,58 lt,,5.4 lt,7.1 lt,,,5 yıldız,2020 Volkswagen Tiguan 1.5 TSI ACT 150 PS DSG Comfortline (4x2) NCAP/ANCAP Web Sayfası,2016,Var,,,,,,,,Önden Çekişli,,,,,7 ileri,Otomatik,DSG (Yarı Otm.)
1541 kg,,1839 mm,4509 mm,1675 mm,,615 lt,,2020 Volkswagen Tiguan 1.5 TSI ACT 150 PS DSG Elegance (4x2),,,,,,2020 Volkswagen Tiguan 1.5 TSI ACT 150 PS DSG Elegance (4x2) Test Sürüşü Talep Sayfası,2020 Volkswagen Tiguan 1.5 TSI ACT 150 PS DSG Elegance (4x2) Ürün Kataloğu,"2 Yıl Mekanik
3 Yıl Boya
12 Yıl Paslanmazlık","Volkswagen Çağrı24 0212 335 0404
Volkswagen Çağrı24 0800 211 0870",Var,,,,,Turbo,,4,1498 cc,Direkt Enjeksiyon,,202 km/s,250 nm,150 BG,,,Almanya,,Binek,Elegance,SUV,2020,İçten Yanmalı (Standart),2014 tl/yıl,C,Tiguan,Benzin,https://www.epey.com/araba/2020-volkswagen-tiguan-1-5-tsi-act-150-ps-dsg-elegance-4x2.html,,,,,,,128 g/km,5.6 lt,60 lt,,5.2 lt,6.5 lt,,,5 yıldız,2020 Volkswagen Tiguan 1.5 TSI ACT 150 PS DSG Elegance (4x2) NCAP/ANCAP Web Sayfası,2016,Var,,,,,,,,Önden Çekişli,,,,,7 ileri,Otomatik,DSG (Yarı Otm.)
1550 kg,11.50 mt.,1839 mm,4486 mm,1643 mm,,615 lt,,2020 Volkswagen Tiguan 1.5 TSI ACT 150 PS DSG Highline (4x2),,,,,,2020 Volkswagen Tiguan 1.5 TSI ACT 150 PS DSG Highline (4x2) Test Sürüşü Talep Sayfası,2020 Volkswagen Tiguan 1.5 TSI ACT 150 PS DSG Highline (4x2) Ürün Kataloğu,"2 Yıl Mekanik
3 Yıl Boya
12 Yıl Paslanmazlık","Volkswagen Çağrı24 0212 335 0404
Volkswagen Çağrı24 0800 211 0870",Var,,,,,Turbo,,4,1498 cc,TSI - Doğrudan Enjeksiyon,9.2 saniye,200 km/s,250 nm,150 BG,,,Almanya,,Binek,Highline,SUV,2020,İçten Yanmalı (Standart),2014 tl/yıl,C,Tiguan,Benzin,https://www.epey.com/araba/2020-volkswagen-tiguan-1-5-tsi-act-150-ps-dsg-highline-4x2.html,,,,,,,138 g/km,6.1 lt,58 lt,,5.4 lt,7.1 lt,,,5 yıldız,2020 Volkswagen Tiguan 1.5 TSI ACT 150 PS DSG Highline (4x2) NCAP/ANCAP Web Sayfası,2016,Var,,,,,,,,Önden Çekişli,,,,,7 ileri,Otomatik,DSG (Yarı Otm.)
1541 kg,,1839 mm,4509 mm,1675 mm,,615 lt,,2020 Volkswagen Tiguan 1.5 TSI ACT 150 PS DSG Life (4x2),,,,,,2020 Volkswagen Tiguan 1.5 TSI ACT 150 PS DSG Life (4x2) Test Sürüşü Talep Sayfası,2020 Volkswagen Tiguan 1.5 TSI ACT 150 PS DSG Life (4x2) Ürün Kataloğu,"2 Yıl Mekanik
3 Yıl Boya
12 Yıl Paslanmazlık","Volkswagen Çağrı24 0212 335 0404
Volkswagen Çağrı24 0800 211 0870",Var,,,,,Turbo,,4,1498 cc,Direkt Enjeksiyon,,202 km/s,250 nm,150 BG,,,Almanya,,Binek,Life,SUV,2020,İçten Yanmalı (Standart),2014 tl/yıl,C,Tiguan,Benzin,https://www.epey.com/araba/2020-volkswagen-tiguan-1-5-tsi-act-150-ps-dsg-life-4x2.html,,,,,,,128 g/km,5.6 lt,60 lt,,5.2 lt,6.5 lt,,,5 yıldız,2020 Volkswagen Tiguan 1.5 TSI ACT 150 PS DSG Life (4x2) NCAP/ANCAP Web Sayfası,2016,Var,,,,,,,,Önden Çekişli,,,,,7 ileri,Otomatik,DSG (Yarı Otm.)
1541 kg,,1839 mm,4509 mm,1675 mm,,615 lt,,2020 Volkswagen Tiguan 1.5 TSI ACT 150 PS DSG R-Line (4x2),,,,,,2020 Volkswagen Tiguan 1.5 TSI ACT 150 PS DSG R-Line (4x2) Test Sürüşü Talep Sayfası,2020 Volkswagen Tiguan 1.5 TSI ACT 150 PS DSG R-Line (4x2) Ürün Kataloğu,"2 Yıl Mekanik
3 Yıl Boya
12 Yıl Paslanmazlık","Volkswagen Çağrı24 0212 335 0404
Volkswagen Çağrı24 0800 211 0870",Var,,,,,Turbo,,4,1498 cc,Direkt Enjeksiyon,,202 km/s,250 nm,150 BG,,,Almanya,,Binek,R-Line,SUV,2020,İçten Yanmalı (Standart),2014 tl/yıl,C,Tiguan,Benzin,https://www.epey.com/araba/2020-volkswagen-tiguan-1-5-tsi-act-150-ps-dsg-r-line-4x2.html,,,,,,,128 g/km,5.6 lt,60 lt,,5.2 lt,6.5 lt,,,5 yıldız,2020 Volkswagen Tiguan 1.5 TSI ACT 150 PS DSG R-Line (4x2) NCAP/ANCAP Web Sayfası,2016,Var,,,,,,,,Önden Çekişli,,,,,7 ileri,Otomatik,DSG (Yarı Otm.)
1550 kg,11.50 mt.,1839 mm,4486 mm,1643 mm,,615 lt,,2020 Volkswagen Tiguan 1.5 TSI ACT 150 PS DSG Trendline (4x2),,,,,,2020 Volkswagen Tiguan 1.5 TSI ACT 150 PS DSG Trendline (4x2) Test Sürüşü Talep Sayfası,2020 Volkswagen Tiguan 1.5 TSI ACT 150 PS DSG Trendline (4x2) Ürün Kataloğu,"2 Yıl Mekanik
3 Yıl Boya
12 Yıl Paslanmazlık","Volkswagen Çağrı24 0212 335 0404
Volkswagen Çağrı24 0800 211 0870",Var,,,,,Turbo,,4,1498 cc,TSI - Doğrudan Enjeksiyon,9.2 saniye,200 km/s,250 nm,150 BG,,,Almanya,,Binek,Trendline,SUV,2020,İçten Yanmalı (Standart),2014 tl/yıl,C,Tiguan,Benzin,https://www.epey.com/araba/2020-volkswagen-tiguan-1-5-tsi-act-150-ps-dsg-trendline-4x2.html,,,,,,,138 g/km,6.1 lt,58 lt,,5.4 lt,7.1 lt,,,5 yıldız,2020 Volkswagen Tiguan 1.5 TSI ACT 150 PS DSG Trendline (4x2) NCAP/ANCAP Web Sayfası,2016,Var,,,,,,,,Önden Çekişli,,,,,7 ileri,Otomatik,DSG (Yarı Otm.)
1585 kg,11.50 mt.,1839 mm,4486 mm,1643 mm,,615 lt,,2020 Volkswagen Tiguan 1.6 TDI 115 PS Comfortline (4x2),,,,,,2020 Volkswagen Tiguan 1.6 TDI 115 PS Comfortline (4x2) Test Sürüşü Talep Sayfası,2020 Volkswagen Tiguan 1.6 TDI 115 PS Comfortline (4x2) Ürün Kataloğu,"2 Yıl Mekanik
3 Yıl Boya
12 Yıl Paslanmazlık","Volkswagen Çağrı24 0212 335 0404
Volkswagen Çağrı24 0800 211 0870",Var,,,,,Turbo,,4,1598 cc,Common Rail Direkt Enjeksiyon,11.4 saniye,185 km/s,280 nm,115 BG,,,Almanya,,Binek,Comfortline,SUV,2020,İçten Yanmalı (Standart),2014 tl/yıl,C,Tiguan,Dizel,https://www.epey.com/araba/2020-volkswagen-tiguan-1-6-tdi-115-ps-comfortline-4x2.html,,,,,,,129 g/km,4.9 lt,58 lt,,4.4 lt,5.9 lt,,,5 yıldız,2020 Volkswagen Tiguan 1.6 TDI 115 PS Comfortline (4x2) NCAP/ANCAP Web Sayfası,2016,Var,,,,,,,,Önden Çekişli,,,,,6 ileri,Manuel,
1585 kg,11.50 mt.,1839 mm,4486 mm,1643 mm,,615 lt,,2020 Volkswagen Tiguan 1.6 TDI 115 PS Highline (4x2),,,,,,2020 Volkswagen Tiguan 1.6 TDI 115 PS Highline (4x2) Test Sürüşü Talep Sayfası,2020 Volkswagen Tiguan 1.6 TDI 115 PS Highline (4x2) Ürün Kataloğu,"2 Yıl Mekanik
3 Yıl Boya
12 Yıl Paslanmazlık","Volkswagen Çağrı24 0212 335 0404
Volkswagen Çağrı24 0800 211 0870",Var,,,,,Turbo,,4,1598 cc,Common Rail Direkt Enjeksiyon,11.4 saniye,185 km/s,280 nm,115 BG,,,Almanya,,Binek,Highline,SUV,2020,İçten Yanmalı (Standart),2014 tl/yıl,C,Tiguan,Dizel,https://www.epey.com/araba/2020-volkswagen-tiguan-1-6-tdi-115-ps-highline-4x2.html,,,,,,,129 g/km,4.9 lt,58 lt,,4.4 lt,5.9 lt,,,5 yıldız,2020 Volkswagen Tiguan 1.6 TDI 115 PS Highline (4x2) NCAP/ANCAP Web Sayfası,2016,Var,,,,,,,,Önden Çekişli,,,,,6 ileri,Manuel,
1585 kg,11.50 mt.,1839 mm,4486 mm,1643 mm,,615 lt,,2020 Volkswagen Tiguan 1.6 TDI 115 PS Trendline (4x2),,,,,,2020 Volkswagen Tiguan 1.6 TDI 115 PS Trendline (4x2) Test Sürüşü Talep Sayfası,2020 Volkswagen Tiguan 1.6 TDI 115 PS Trendline (4x2) Ürün Kataloğu,"2 Yıl Mekanik
3 Yıl Boya
12 Yıl Paslanmazlık","Volkswagen Çağrı24 0212 335 0404
Volkswagen Çağrı24 0800 211 0870",Var,,,,,Turbo,,4,1598 cc,Common Rail Direkt Enjeksiyon,11.4 saniye,185 km/s,280 nm,115 BG,,,Almanya,,Binek,Trendline,SUV,2020,İçten Yanmalı (Standart),2014 tl/yıl,C,Tiguan,Dizel,https://www.epey.com/araba/2020-volkswagen-tiguan-1-6-tdi-115-ps-trendline-4x2.html,,,,,,,129 g/km,4.9 lt,58 lt,,4.4 lt,5.9 lt,,,5 yıldız,2020 Volkswagen Tiguan 1.6 TDI 115 PS Trendline (4x2) NCAP/ANCAP Web Sayfası,2016,Var,,,,,,,,Önden Çekişli,,,,,6 ileri,Manuel,
1715 kg,,1839 mm,4509 mm,1675 mm,,615 lt,,2020 Volkswagen Tiguan 2.0 TDI 150 PS 4MOTION DSG Elegance (4x4),,,,,,2020 Volkswagen Tiguan 2.0 TDI 150 PS 4MOTION DSG Elegance (4x4) Test Sürüşü Talep Sayfası,2020 Volkswagen Tiguan 2.0 TDI 150 PS 4MOTION DSG Elegance (4x4) Ürün Kataloğu,"2 Yıl Mekanik
3 Yıl Boya
12 Yıl Paslanmazlık","Volkswagen Çağrı24 0212 335 0404
Volkswagen Çağrı24 0800 211 0870",Var,,,,,Turbo,,4,1968 cc,Common Rail Direkt Enjeksiyon,,198 km/s,360 nm,150 BG,,,Almanya,,Binek,Elegance,SUV,2020,İçten Yanmalı (Standart),5603 tl/yıl,C,Tiguan,Dizel,https://www.epey.com/araba/2020-volkswagen-tiguan-2-0-tdi-150-ps-4motion-dsg-elegance-4x4.html,,,,,,,125 g/km,4.8 lt,63 lt,,4.3 lt,5.6 lt,,,5 yıldız,2020 Volkswagen Tiguan 2.0 TDI 150 PS 4MOTION DSG Elegance (4x4) NCAP/ANCAP Web Sayfası,2016,Var,,,,,,,,4x4 Çekişli,,,,,7 ileri,Otomatik,DSG (Yarı Otm.)
1715 kg,,1839 mm,4509 mm,1675 mm,,615 lt,,2020 Volkswagen Tiguan 2.0 TDI 150 PS 4MOTION DSG R-Line (4x4),,,,,,2020 Volkswagen Tiguan 2.0 TDI 150 PS 4MOTION DSG R-Line (4x4) Test Sürüşü Talep Sayfası,2020 Volkswagen Tiguan 2.0 TDI 150 PS 4MOTION DSG R-Line (4x4) Ürün Kataloğu,"2 Yıl Mekanik
3 Yıl Boya
12 Yıl Paslanmazlık","Volkswagen Çağrı24 0212 335 0404
Volkswagen Çağrı24 0800 211 0870",Var,,,,,Turbo,,4,1968 cc,Common Rail Direkt Enjeksiyon,,198 km/s,360 nm,150 BG,,,Almanya,,Binek,R-Line,SUV,2020,İçten Yanmalı (Standart),5603 tl/yıl,C,Tiguan,Dizel,https://www.epey.com/araba/2020-volkswagen-tiguan-2-0-tdi-150-ps-4motion-dsg-r-line-4x4.html,,,,,,,125 g/km,4.8 lt,63 lt,,4.3 lt,5.6 lt,,,5 yıldız,2020 Volkswagen Tiguan 2.0 TDI 150 PS 4MOTION DSG R-Line (4x4) NCAP/ANCAP Web Sayfası,2016,Var,,,,,,,,4x4 Çekişli,,,,,7 ileri,Otomatik,DSG (Yarı Otm.)
1725 kg,11.50 mt.,1839 mm,4486 mm,1643 mm,,615 lt,,2020 Volkswagen Tiguan 2.0 TDI 150 PS DSG Comfortline (4x4),,,,,,2020 Volkswagen Tiguan 2.0 TDI 150 PS DSG Comfortline (4x4) Test Sürüşü Talep Sayfası,2020 Volkswagen Tiguan 2.0 TDI 150 PS DSG Comfortline (4x4) Ürün Kataloğu,"2 Yıl Mekanik
3 Yıl Boya
12 Yıl Paslanmazlık","Volkswagen Çağrı24 0212 335 0404
Volkswagen Çağrı24 0800 211 0870",Var,,,,,Turbo,,4,1968 cc,Common Rail Direkt Enjeksiyon,9.4 saniye,200 km/s,340 nm,150 BG,,,Almanya,,Binek,Comfortline,SUV,2020,İçten Yanmalı (Standart),5603 tl/yıl,C,Tiguan,Dizel,https://www.epey.com/araba/2020-volkswagen-tiguan-2-0-tdi-150-ps-dsg-comfortline-4x4.html,,,,,,,143 g/km,5.4 lt,60 lt,,5.1 lt,6.2 lt,,,5 yıldız,2020 Volkswagen Tiguan 2.0 TDI 150 PS DSG Comfortline (4x4) NCAP/ANCAP Web Sayfası,2016,Var,,,,,,,,4x4 Çekişli,,,,,7 ileri,Otomatik,DSG (Yarı Otm.)
1725 kg,11.50 mt.,1839 mm,4486 mm,1643 mm,,615 lt,,2020 Volkswagen Tiguan 2.0 TDI 150 PS DSG Highline (4x4),,,,,,2020 Volkswagen Tiguan 2.0 TDI 150 PS DSG Highline (4x4) Test Sürüşü Talep Sayfası,2020 Volkswagen Tiguan 2.0 TDI 150 PS DSG Highline (4x4) Ürün Kataloğu,"2 Yıl Mekanik
3 Yıl Boya
12 Yıl Paslanmazlık","Volkswagen Çağrı24 0212 335 0404
Volkswagen Çağrı24 0800 211 0870",Var,,,,,Turbo,,4,1968 cc,Common Rail Direkt Enjeksiyon,9.4 saniye,200 km/s,340 nm,150 BG,,,Almanya,,Binek,Highline,SUV,2020,İçten Yanmalı (Standart),5603 tl/yıl,C,Tiguan,Dizel,https://www.epey.com/araba/2020-volkswagen-tiguan-2-0-tdi-150-ps-dsg-highline-4x4.html,,,,,,,143 g/km,5.4 lt,60 lt,,5.1 lt,6.2 lt,,,5 yıldız,2020 Volkswagen Tiguan 2.0 TDI 150 PS DSG Highline (4x4) NCAP/ANCAP Web Sayfası,2016,Var,,,,,,,,4x4 Çekişli,,,,,7 ileri,Otomatik,DSG (Yarı Otm.)
1590 kg,11.90 mt.,1839 mm,4701 mm,1674 mm,1775 lt,700 lt,230 lt,2020 Volkswagen Tiguan Allspace 1.5 TSI 150 PS DSG Comfortline (4x2),,,,,,2020 Volkswagen Tiguan Allspace 1.5 TSI 150 PS DSG Comfortline (4x2) Test Sürüşü Talep Sayfası,2020 Volkswagen Tiguan Allspace 1.5 TSI 150 PS DSG Comfortline (4x2) Ürün Kataloğu,"2 Yıl Mekanik
3 Yıl Boya
12 Yıl Paslanmazlık","Volkswagen Çağrı24 0212 335 0404
Volkswagen Çağrı24 0800 211 0870",Var,,,,,Turbo,,4,1498 cc,TSI - Doğrudan Enjeksiyon,9.5 saniye,198 km/s,250 nm,150 BG,,,Almanya,,Binek,Comfortline,SUV,2020,İçten Yanmalı (Standart),2014 tl/yıl,C,Tiguan Allspace,Benzin,https://www.epey.com/araba/2020-volkswagen-tiguan-allspace-1-5-tsi-150-ps-dsg-comfortline-4x2.html,,,,,,,145 g/km,6.4 lt,58 lt,,5.7 lt,7.6 lt,,,5 yıldız,2020 Volkswagen Tiguan Allspace 1.5 TSI 150 PS DSG Comfortline (4x2) NCAP/ANCAP Web Sayfası,2016,Var,,,,,,,,Önden Çekişli,,,,,6 ileri,Otomatik,DSG (Yarı Otm.)
1590 kg,11.90 mt.,1839 mm,4701 mm,1674 mm,1775 lt,700 lt,230 lt,2020 Volkswagen Tiguan Allspace 1.5 TSI 150 PS DSG Highline (4x2),,,,,,2020 Volkswagen Tiguan Allspace 1.5 TSI 150 PS DSG Highline (4x2) Test Sürüşü Talep Sayfası,2020 Volkswagen Tiguan Allspace 1.5 TSI 150 PS DSG Highline (4x2) Ürün Kataloğu,"2 Yıl Mekanik
3 Yıl Boya
12 Yıl Paslanmazlık","Volkswagen Çağrı24 0212 335 0404
Volkswagen Çağrı24 0800 211 0870",Var,,,,,Turbo,,4,1498 cc,TSI - Doğrudan Enjeksiyon,9.5 saniye,198 km/s,250 nm,150 BG,,,Almanya,,Binek,Highline,SUV,2020,İçten Yanmalı (Standart),2014 tl/yıl,C,Tiguan Allspace,Benzin,https://www.epey.com/araba/2020-volkswagen-tiguan-allspace-1-5-tsi-150-ps-dsg-highline-4x2.html,,,,,,,145 g/km,6.4 lt,58 lt,,5.7 lt,7.6 lt,,,5 yıldız,2020 Volkswagen Tiguan Allspace 1.5 TSI 150 PS DSG Highline (4x2) NCAP/ANCAP Web Sayfası,2016,Var,,,,,,,,Önden Çekişli,,,,,6 ileri,Otomatik,DSG (Yarı Otm.)
,13.20 mt.,1904 mm,5304 mm,1990 mm,,,,2020 Volkswagen Transporter Camlı Van 2.0 TDI 150 PS (4+1 Uzun),,,,,Uzun,,2020 Volkswagen Transporter Camlı Van 2.0 TDI 150 PS (4+1 Uzun) Ürün Kataloğu,"2 Yıl Sınırsız Km Mekanik
3 Yıl Boya
8 Yıl Paslanmazlık","Volkswagen Çağrı24 0212 335 0404
Volkswagen Çağrı24 0800 211 0870",Var,,,,,Değişken Geometrili Turbo,,4,1968 cc,Common Rail Direkt Enjeksiyon,12.0 saniye,181 km/s,340 nm,150 BG,,,Almanya,Camlı Van,Ticari,Standart,Kombi,2020,İçten Yanmalı (Standart),2311 tl/yıl,Hafif Ticari,Transporter,Dizel,https://www.epey.com/araba/2020-volkswagen-transporter-camli-van-2-0-tdi-150-ps-4plus1-uzun.html,,,,,,,,7.8 lt,70 lt,,7.4 lt,8.4 lt,,,,,,,6.7 m³,,3000 kg,1627 mm,,1397 mm,1244 mm,Önden Çekişli,,,2500 kg,750 kg,6 ileri,Manuel,
,11.90 mt.,1904 mm,4904 mm,1990 mm,,,,2020 Volkswagen Transporter Camlı Van 2.0 TDI 150 PS (4+1),,,,,Standart,,2020 Volkswagen Transporter Camlı Van 2.0 TDI 150 PS (4+1) Ürün Kataloğu,"2 Yıl Sınırsız Km Mekanik
3 Yıl Boya
8 Yıl Paslanmazlık","Volkswagen Çağrı24 0212 335 0404
Volkswagen Çağrı24 0800 211 0870",Var,,,,,Değişken Geometrili Turbo,,4,1968 cc,Common Rail Direkt Enjeksiyon,12.0 saniye,181 km/s,340 nm,150 BG,,,Almanya,Camlı Van,Ticari,Standart,Kombi,2020,İçten Yanmalı (Standart),2311 tl/yıl,Hafif Ticari,Transporter,Dizel,https://www.epey.com/araba/2020-volkswagen-transporter-camli-van-2-0-tdi-150-ps-4plus1.html,,,,,,,,7.8 lt,70 lt,,7.4 lt,8.4 lt,,,,,,,5.8 m³,,3000 kg,1627 mm,,1397 mm,1244 mm,Önden Çekişli,,,2500 kg,750 kg,6 ileri,Manuel,
2133 kg,11.90 mt.,1904 mm,4904 mm,1990 mm,,,,2020 Volkswagen Transporter Panel Van 2.0 TDI 110 PS (2+1),Yukarı Açılır,Tek,4,Var,Standart,,2020 Volkswagen Transporter Panel Van 2.0 TDI 110 PS (2+1) Ürün Kataloğu,"2 Yıl Sınırsız Km Mekanik
3 Yıl Boya
8 Yıl Paslanmazlık","Volkswagen Çağrı24 0212 335 0404
Volkswagen Çağrı24 0800 211 0870",Var,,,,,Değişken Geometrili Turbo,,4,1968 cc,Common Rail Direkt Enjeksiyon,14.8 saniye,164 km/s,250 nm,110 BG,,,Almanya,Panelvan,Ticari,Standart,Panelvan,2020,İçten Yanmalı (Standart),2091 tl/yıl,Hafif Ticari,Transporter,Dizel,https://www.epey.com/araba/2020-volkswagen-transporter-panel-van-2-0-tdi-110-ps-2-plus1.html,Yok,,,,,,,7.9 lt,70 lt,,7.5 lt,8.5 lt,,,,,,,5.8 m³,1278 kg,3000 kg,1700 mm,2572 mm,1410 mm,1244 mm,Önden Çekişli,,,2200 kg,750 kg,5 ileri,Manuel,
2190 kg,13.20 mt.,1904 mm,5304 mm,1990 mm,,,,2020 Volkswagen Transporter Panel Van 2.0 TDI 110 PS (2+1 Uzun),Yukarı Açılır,Tek,4,Var,Uzun,,2020 Volkswagen Transporter Panel Van 2.0 TDI 110 PS (2+1 Uzun) Ürün Kataloğu,"2 Yıl Sınırsız Km Mekanik
3 Yıl Boya
8 Yıl Paslanmazlık","Volkswagen Çağrı24 0212 335 0404
Volkswagen Çağrı24 0800 211 0870",Var,,,,,Değişken Geometrili Turbo,,4,1968 cc,Common Rail Direkt Enjeksiyon,14.8 saniye,164 km/s,250 nm,110 BG,,,Almanya,Panelvan,Ticari,Standart,Panelvan,2020,İçten Yanmalı (Standart),2091 tl/yıl,Hafif Ticari,Transporter,Dizel,https://www.epey.com/araba/2020-volkswagen-transporter-panel-van-2-0-tdi-110-ps-2plus1-uzun.html,Yok,,,,,,,7.9 lt,70 lt,,7.5 lt,8.5 lt,,,,,,,6.7 m³,1221 kg,3000 kg,1700 mm,2975 mm,1410 mm,1244 mm,Önden Çekişli,,,2200 kg,750 kg,5 ileri,Manuel,
2220 kg,13.20 mt.,1904 mm,5304 mm,1990 mm,,,,2020 Volkswagen Transporter Panel Van 2.0 TDI 150 PS (2+1 Uzun),Yukarı Açılır,Tek,4,Var,Uzun,,2020 Volkswagen Transporter Panel Van 2.0 TDI 150 PS (2+1 Uzun) Ürün Kataloğu,"2 Yıl Sınırsız Km Mekanik
3 Yıl Boya
8 Yıl Paslanmazlık","Volkswagen Çağrı24 0212 335 0404
Volkswagen Çağrı24 0800 211 0870",Var,,,,,Değişken Geometrili Turbo,,4,1968 cc,Common Rail Direkt Enjeksiyon,11.1 saniye,182 km/s,340 nm,150 BG,,,Almanya,Panelvan,Ticari,Standart,Panelvan,2020,İçten Yanmalı (Standart),2091 tl/yıl,Hafif Ticari,Transporter,Dizel,https://www.epey.com/araba/2020-volkswagen-transporter-panel-van-2-0-tdi-150-ps-2plus1-uzun.html,Yok,,,,,,,7.8 lt,70 lt,,7.4 lt,8.4 lt,,,,,,,6.7 m³,1221 kg,3000 kg,1700 mm,2975 mm,1410 mm,1244 mm,Önden Çekişli,,,2500 kg,750 kg,6 ileri,Manuel,
,11.80 mt.,1890 mm,4963 mm,1443 mm,,500 lt,,2020 Volvo S90 B6 Mild Hibrit 2.0 300 HP AWD Geartronic Inscription (4x4),,,,,,2020 Volvo S90 B6 Mild Hibrit 2.0 300 HP AWD Geartronic Inscription (4x4) Test Sürüşü Talep Sayfası,2020 Volvo S90 B6 Mild Hibrit 2.0 300 HP AWD Geartronic Inscription (4x4) Ürün Kataloğu,3 Yıl / 100 Bin Km Mekanik,"Garanti Süresi Boyunca Ücretsiz
Volvo OtoLine 444 4858",Var,,,,,Kompresör & Turbo,,4,1969 cc,Direkt Enjeksiyon,6.2 saniye,180 km/s,420 nm,300 BG,,,İsveç > Çin,B6,Binek,Inscription,Sedan,2020,MHEV (Yarı Hibrit Sistem),5603 tl/yıl,E,S90,Benzin & Elektrik,https://www.epey.com/araba/2020-volvo-s90-b6-mild-hibrit-2-0-300-hp-awd-geartronic-inscription-4x4.html,,,,,,,194 g/km,8.5 lt,60 lt,,,,,,5 yıldız,2020 Volvo S90 B6 Mild Hibrit 2.0 300 HP AWD Geartronic Inscription (4x4) NCAP/ANCAP Web Sayfası,2017,Var,,,,,,,,4x4 Çekişli,,,,,8 ileri,Otomatik,Geartronic (Otomatik)
,11.80 mt.,1890 mm,4963 mm,1443 mm,,500 lt,,2020 Volvo S90 B6 Mild Hibrit 2.0 300 HP AWD Geartronic R-Design (4x4),,,,,,2020 Volvo S90 B6 Mild Hibrit 2.0 300 HP AWD Geartronic R-Design (4x4) Test Sürüşü Talep Sayfası,2020 Volvo S90 B6 Mild Hibrit 2.0 300 HP AWD Geartronic R-Design (4x4) Ürün Kataloğu,3 Yıl / 100 Bin Km Mekanik,"Garanti Süresi Boyunca Ücretsiz
Volvo OtoLine 444 4858",Var,,,,,Kompresör & Turbo,,4,1969 cc,Direkt Enjeksiyon,6.2 saniye,180 km/s,420 nm,300 BG,,,İsveç > Çin,B6,Binek,R-Design,Sedan,2020,MHEV (Yarı Hibrit Sistem),5603 tl/yıl,E,S90,Benzin & Elektrik,https://www.epey.com/araba/2020-volvo-s90-b6-mild-hibrit-2-0-300-hp-awd-geartronic-r-design-4x4.html,,,,,,,194 g/km,8.5 lt,60 lt,,,,,,5 yıldız,2020 Volvo S90 B6 Mild Hibrit 2.0 300 HP AWD Geartronic R-Design (4x4) NCAP/ANCAP Web Sayfası,2017,Var,,,,,,,,4x4 Çekişli,,,,,8 ileri,Otomatik,Geartronic (Otomatik)
,11.80 mt.,1890 mm,4963 mm,1443 mm,,500 lt,,2020 Volvo S90 D5 2.0 235 HP AWD Geartronic Inscription (4x4),,,,,,2020 Volvo S90 D5 2.0 235 HP AWD Geartronic Inscription (4x4) Test Sürüşü Talep Sayfası,2020 Volvo S90 D5 2.0 235 HP AWD Geartronic Inscription (4x4) Ürün Kataloğu,3 Yıl / 100 Bin Km Mekanik,"Garanti Süresi Boyunca Ücretsiz
Volvo OtoLine 444 4858",Var,,,,,Turbo,,4,1969 cc,Common Rail Direkt Enjeksiyon,7.3 saniye,230 km/s,480 nm,235 BG,,,İsveç > Çin,D5,Binek,Inscription Plus,Sedan,2020,İçten Yanmalı (Standart),5603 tl/yıl,E,S90,Dizel,https://www.epey.com/araba/2020-volvo-s90-d5-2-0-235-hp-awd-geartronic-inscription-plus-4x4.html,,,,,,,133 g/km,5.1 lt,60 lt,,,,,,5 yıldız,2020 Volvo S90 D5 2.0 235 HP AWD Geartronic Inscription (4x4) NCAP/ANCAP Web Sayfası,2017,Var,,,,,,,,4x4 Çekişli,,,,,8 ileri,Otomatik,Geartronic (Otomatik)
,11.80 mt.,1890 mm,4963 mm,1443 mm,,500 lt,,2020 Volvo S90 D5 2.0 235 HP AWD Geartronic Momentum (4x4),,,,,,2020 Volvo S90 D5 2.0 235 HP AWD Geartronic Momentum (4x4) Test Sürüşü Talep Sayfası,2020 Volvo S90 D5 2.0 235 HP AWD Geartronic Momentum (4x4) Ürün Kataloğu,3 Yıl / 100 Bin Km Mekanik,"Garanti Süresi Boyunca Ücretsiz
Volvo OtoLine 444 4858",Var,,,,,Turbo,,4,1969 cc,Common Rail Direkt Enjeksiyon,7.3 saniye,230 km/s,480 nm,235 BG,,,İsveç > Çin,D5,Binek,Momentum,Sedan,2020,İçten Yanmalı (Standart),5603 tl/yıl,E,S90,Dizel,https://www.epey.com/araba/2020-volvo-s90-d5-2-0-235-hp-awd-geartronic-momentum-4x4.html,,,,,,,133 g/km,5.1 lt,60 lt,,,,,,5 yıldız,2020 Volvo S90 D5 2.0 235 HP AWD Geartronic Momentum (4x4) NCAP/ANCAP Web Sayfası,2017,Var,,,,,,,,4x4 Çekişli,,,,,8 ileri,Otomatik,Geartronic (Otomatik)
,11.80 mt.,1890 mm,4963 mm,1443 mm,,500 lt,,2020 Volvo S90 D5 2.0 235 HP AWD Geartronic Momentum Plus (4x4),,,,,,2020 Volvo S90 D5 2.0 235 HP AWD Geartronic Momentum Plus (4x4) Test Sürüşü Talep Sayfası,2020 Volvo S90 D5 2.0 235 HP AWD Geartronic Momentum Plus (4x4) Ürün Kataloğu,3 Yıl / 100 Bin Km Mekanik,"Garanti Süresi Boyunca Ücretsiz
Volvo OtoLine 444 4858",Var,,,,,Turbo,,4,1969 cc,Common Rail Direkt Enjeksiyon,7.3 saniye,230 km/s,480 nm,235 BG,,,İsveç > Çin,D5,Binek,Momentum Plus,Sedan,2020,İçten Yanmalı (Standart),5603 tl/yıl,E,S90,Dizel,https://www.epey.com/araba/2020-volvo-s90-d5-2-0-235-hp-awd-geartronic-momentum-plus-4x4.html,,,,,,,133 g/km,5.1 lt,60 lt,,,,,,5 yıldız,2020 Volvo S90 D5 2.0 235 HP AWD Geartronic Momentum Plus (4x4) NCAP/ANCAP Web Sayfası,2017,Var,,,,,,,,4x4 Çekişli,,,,,8 ileri,Otomatik,Geartronic (Otomatik)
,11.80 mt.,1890 mm,4963 mm,1443 mm,,500 lt,,2020 Volvo S90 D5 2.0 235 HP AWD Geartronic R-Design (4x4),,,,,,2020 Volvo S90 D5 2.0 235 HP AWD Geartronic R-Design (4x4) Test Sürüşü Talep Sayfası,2020 Volvo S90 D5 2.0 235 HP AWD Geartronic R-Design (4x4) Ürün Kataloğu,3 Yıl / 100 Bin Km Mekanik,"Garanti Süresi Boyunca Ücretsiz
Volvo OtoLine 444 4858",Var,,,,,Turbo,,4,1969 cc,Common Rail Direkt Enjeksiyon,7.3 saniye,230 km/s,480 nm,235 BG,,,İsveç > Çin,D5,Binek,R-Design Plus,Sedan,2020,İçten Yanmalı (Standart),5603 tl/yıl,E,S90,Dizel,https://www.epey.com/araba/2020-volvo-s90-d5-2-0-235-hp-awd-geartronic-r-design-plus-4x4.html,,,,,,,133 g/km,5.1 lt,60 lt,,,,,,5 yıldız,2020 Volvo S90 D5 2.0 235 HP AWD Geartronic R-Design (4x4) NCAP/ANCAP Web Sayfası,2017,Var,,,,,,,,4x4 Çekişli,,,,,8 ileri,Otomatik,Geartronic (Otomatik)
,11.80 mt.,1890 mm,4963 mm,1443 mm,,500 lt,,2020 Volvo S90 T6 2.0 320 HP AWD Geartronic Inscription Plus (4x4),,,,,,2020 Volvo S90 T6 2.0 320 HP AWD Geartronic Inscription Plus (4x4) Test Sürüşü Talep Sayfası,2020 Volvo S90 T6 2.0 320 HP AWD Geartronic Inscription Plus (4x4) Ürün Kataloğu,3 Yıl / 100 Bin Km Mekanik,"Garanti Süresi Boyunca Ücretsiz
Volvo OtoLine 444 4858",Var,,,,,Kompresör & Turbo,,4,1969 cc,Direkt Enjeksiyon,7.3 saniye,230 km/s,400 nm,320 BG,,,İsveç > Çin,T6,Binek,Inscription Plus,Sedan,2020,İçten Yanmalı (Standart),5603 tl/yıl,E,S90,Benzin,https://www.epey.com/araba/2020-volvo-s90-t6-2-0-320-hp-awd-geartronic-inscription-plus-4x4.html,,,,,,,169 g/km,7.3 lt,60 lt,,,,,,5 yıldız,2020 Volvo S90 T6 2.0 320 HP AWD Geartronic Inscription Plus (4x4) NCAP/ANCAP Web Sayfası,2017,Var,,,,,,,,4x4 Çekişli,,,,,8 ileri,Otomatik,Geartronic (Otomatik)
,11.80 mt.,1890 mm,4963 mm,1443 mm,,500 lt,,2020 Volvo S90 T6 2.0 320 HP AWD Geartronic Momentum Plus (4x4),,,,,,2020 Volvo S90 T6 2.0 320 HP AWD Geartronic Momentum Plus (4x4) Test Sürüşü Talep Sayfası,2020 Volvo S90 T6 2.0 320 HP AWD Geartronic Momentum Plus (4x4) Ürün Kataloğu,3 Yıl / 100 Bin Km Mekanik,"Garanti Süresi Boyunca Ücretsiz
Volvo OtoLine 444 4858",Var,,,,,Kompresör & Turbo,,4,1969 cc,Direkt Enjeksiyon,7.3 saniye,230 km/s,400 nm,320 BG,,,İsveç > Çin,T6,Binek,Inscription Plus,Sedan,2020,İçten Yanmalı (Standart),5603 tl/yıl,E,S90,Benzin,https://www.epey.com/araba/2020-volvo-s90-t6-2-0-320-hp-awd-geartronic-momentum-plus-4x4.html,,,,,,,169 g/km,7.3 lt,60 lt,,,,,,5 yıldız,2020 Volvo S90 T6 2.0 320 HP AWD Geartronic Momentum Plus (4x4) NCAP/ANCAP Web Sayfası,2017,Var,,,,,,,,4x4 Çekişli,,,,,8 ileri,Otomatik,Geartronic (Otomatik)
,11.80 mt.,1890 mm,4963 mm,1443 mm,,500 lt,,2020 Volvo S90 T6 2.0 320 HP AWD Geartronic R-Design (4x4),,,,,,2020 Volvo S90 T6 2.0 320 HP AWD Geartronic R-Design (4x4) Test Sürüşü Talep Sayfası,2020 Volvo S90 T6 2.0 320 HP AWD Geartronic R-Design (4x4) Ürün Kataloğu,3 Yıl / 100 Bin Km Mekanik,"Garanti Süresi Boyunca Ücretsiz
Volvo OtoLine 444 4858",Var,,,,,Kompresör & Turbo,,4,1969 cc,Direkt Enjeksiyon,7.3 saniye,230 km/s,400 nm,320 BG,,,İsveç > Çin,T6,Binek,R-Design,Sedan,2020,İçten Yanmalı (Standart),5603 tl/yıl,E,S90,Benzin,https://www.epey.com/araba/2020-volvo-s90-t6-2-0-320-hp-awd-geartronic-r-design-4x4.html,,,,,,,169 g/km,7.3 lt,60 lt,,,,,,5 yıldız,2020 Volvo S90 T6 2.0 320 HP AWD Geartronic R-Design (4x4) NCAP/ANCAP Web Sayfası,2017,Var,,,,,,,,4x4 Çekişli,,,,,8 ileri,Otomatik,Geartronic (Otomatik)
,,1890 mm,4963 mm,1443 mm,,500 lt,,2020 Volvo S90 T8 Plug-in Hibrit 2.0 407 HP EAWD Geartronic Inscription (4x4),,,,,,2020 Volvo S90 T8 Plug-in Hibrit 2.0 407 HP EAWD Geartronic Inscription (4x4) Test Sürüşü Talep Sayfası,2020 Volvo S90 T8 Plug-in Hibrit 2.0 407 HP EAWD Geartronic Inscription (4x4) Ürün Kataloğu,3 Yıl / 100 Bin Km Mekanik,"Garanti Süresi Boyunca Ücretsiz
Volvo OtoLine 444 4858",Var,240 nm,9.2 kW/sa,,,Kompresör & Turbo,,4,1969 cc,Direkt Enjeksiyon,4.7 saniye,250 km/s,400 nm,407 BG,,,İsveç > Çin,T8 Plug-in Hibrit,Binek,Inscription,Sedan,2020,PHEV (Prizden Şarjlı HEV),,E,S90,Benzin & Elektrik,https://www.epey.com/araba/2020-volvo-s90-t8-plug-in-hibrit-2-0-407-hp-eawd-geartronic-inscription-4x4.html,,,,,,,,1.9 lt,50 lt,,,,,,5 yıldız,2020 Volvo S90 T8 Plug-in Hibrit 2.0 407 HP EAWD Geartronic Inscription (4x4) NCAP/ANCAP Web Sayfası,2017,Var,,,,,,,,4x4 Çekişli,,,,,8 ileri,Otomatik,Geartronic (Otomatik)
,,1890 mm,4963 mm,1443 mm,,500 lt,,2020 Volvo S90 T8 Plug-in Hibrit 2.0 407 HP EAWD Geartronic R-Design (4x4),,,,,,2020 Volvo S90 T8 Plug-in Hibrit 2.0 407 HP EAWD Geartronic R-Design (4x4) Test Sürüşü Talep Sayfası,2020 Volvo S90 T8 Plug-in Hibrit 2.0 407 HP EAWD Geartronic R-Design (4x4) Ürün Kataloğu,3 Yıl / 100 Bin Km Mekanik,"Garanti Süresi Boyunca Ücretsiz
Volvo OtoLine 444 4858",Var,240 nm,9.2 kW/sa,,,Kompresör & Turbo,,4,1969 cc,Direkt Enjeksiyon,4.7 saniye,250 km/s,400 nm,407 BG,,,İsveç > Çin,T8 Plug-in Hibrit,Binek,R-Design,Sedan,2020,PHEV (Prizden Şarjlı HEV),,E,S90,Benzin & Elektrik,https://www.epey.com/araba/2020-volvo-s90-t8-plug-in-hibrit-2-0-407-hp-eawd-geartronic-r-design-4x4.html,,,,,,,,1.9 lt,50 lt,,,,,,5 yıldız,2020 Volvo S90 T8 Plug-in Hibrit 2.0 407 HP EAWD Geartronic R-Design (4x4) NCAP/ANCAP Web Sayfası,2017,Var,,,,,,,,4x4 Çekişli,,,,,8 ileri,Otomatik,Geartronic (Otomatik)
1717 kg,11.4 mt.,1863 mm,4425 mm,1652 mm,1336 lt,460 lt,,2020 Volvo XC40 B4 Mild Hibrit 2.0 197 HP AWD Geartronic Inscription (4x4),,,,,,2020 Volvo XC40 B4 Mild Hibrit 2.0 197 HP AWD Geartronic Inscription (4x4) Test Sürüşü Talep Sayfası,2020 Volvo XC40 B4 Mild Hibrit 2.0 197 HP AWD Geartronic Inscription (4x4) Ürün Kataloğu,"3 Yıl / 100 Bin Km Mekanik
8 Yıl Boya
12 Yıl Paslanmazlık","Garanti Süresi Boyunca Ücretsiz
Volvo OtoLine 444 4858",Var,40 nm,,,,Turbo,,4,1969 cc,Direkt Enjeksiyon,8.5 saniye,180 km/s,300 nm,197 BG,,,İsveç > Çin,B4,Binek,Inscription,SUV,2020,MHEV (Yarı Hibrit Sistem),5603 tl/yıl,Premium B,XC40,Benzin & Elektrik,https://www.epey.com/araba/2020-volvo-xc40-b4-mild-hibrit-2-0-197-hp-awd-geartronic-inscription-4x4.html,,,,,,,186 g/km,8.2 lt,54 lt,Euro 6,,,,,5 yıldız,2020 Volvo XC40 B4 Mild Hibrit 2.0 197 HP AWD Geartronic Inscription (4x4) NCAP/ANCAP Web Sayfası,2018,Var,,,,,,,,4x4 Çekişli,,,,,8 ileri,Otomatik,Geartronic (Otomatik)
1717 kg,11.4 mt.,1863 mm,4425 mm,1652 mm,1336 lt,460 lt,,2020 Volvo XC40 B4 Mild Hibrit 2.0 197 HP AWD Geartronic Momentum (4x4),,,,,,2020 Volvo XC40 B4 Mild Hibrit 2.0 197 HP AWD Geartronic Momentum (4x4) Test Sürüşü Talep Sayfası,2020 Volvo XC40 B4 Mild Hibrit 2.0 197 HP AWD Geartronic Momentum (4x4) Ürün Kataloğu,"3 Yıl / 100 Bin Km Mekanik
8 Yıl Boya
12 Yıl Paslanmazlık","Garanti Süresi Boyunca Ücretsiz
Volvo OtoLine 444 4858",Var,40 nm,,,,Turbo,,4,1969 cc,Direkt Enjeksiyon,8.5 saniye,180 km/s,300 nm,197 BG,,,İsveç > Çin,B4,Binek,Momentum,SUV,2020,MHEV (Yarı Hibrit Sistem),5603 tl/yıl,Premium B,XC40,Benzin & Elektrik,https://www.epey.com/araba/2020-volvo-xc40-b4-mild-hibrit-2-0-197-hp-awd-geartronic-momentum-4x4.html,,,,,,,186 g/km,8.2 lt,54 lt,Euro 6,,,,,5 yıldız,2020 Volvo XC40 B4 Mild Hibrit 2.0 197 HP AWD Geartronic Momentum (4x4) NCAP/ANCAP Web Sayfası,2018,Var,,,,,,,,4x4 Çekişli,,,,,8 ileri,Otomatik,Geartronic (Otomatik)
1717 kg,11.4 mt.,1863 mm,4425 mm,1652 mm,1336 lt,460 lt,,2020 Volvo XC40 B4 Mild Hibrit 2.0 197 HP AWD Geartronic R-Design (4x4),,,,,,2020 Volvo XC40 B4 Mild Hibrit 2.0 197 HP AWD Geartronic R-Design (4x4) Test Sürüşü Talep Sayfası,2020 Volvo XC40 B4 Mild Hibrit 2.0 197 HP AWD Geartronic R-Design (4x4) Ürün Kataloğu,"3 Yıl / 100 Bin Km Mekanik
8 Yıl Boya
12 Yıl Paslanmazlık","Garanti Süresi Boyunca Ücretsiz
Volvo OtoLine 444 4858",Var,40 nm,,,,Turbo,,4,1969 cc,Direkt Enjeksiyon,8.5 saniye,180 km/s,300 nm,197 BG,,,İsveç > Çin,B4,Binek,R-Design,SUV,2020,MHEV (Yarı Hibrit Sistem),5603 tl/yıl,Premium B,XC40,Benzin & Elektrik,https://www.epey.com/araba/2020-volvo-xc40-b4-mild-hibrit-2-0-197-hp-awd-geartronic-r-design-4x4.html,,,,,,,186 g/km,8.2 lt,54 lt,Euro 6,,,,,5 yıldız,2020 Volvo XC40 B4 Mild Hibrit 2.0 197 HP AWD Geartronic R-Design (4x4) NCAP/ANCAP Web Sayfası,2018,Var,,,,,,,,4x4 Çekişli,,,,,8 ileri,Otomatik,Geartronic (Otomatik)
,11.4 mt.,1863 mm,4425 mm,1652 mm,1336 lt,460 lt,,2020 Volvo XC40 T3 1.5 163 HP Geartronic Inscription (4x2),,,,,,2020 Volvo XC40 T3 1.5 163 HP Geartronic Inscription (4x2) Test Sürüşü Talep Sayfası,2020 Volvo XC40 T3 1.5 163 HP Geartronic Inscription (4x2) Ürün Kataloğu,"3 Yıl / 100 Bin Km Mekanik
8 Yıl Boya
12 Yıl Paslanmazlık","Garanti Süresi Boyunca Ücretsiz
Volvo OtoLine 444 4858",Var,,,,,Turbo,,3,1477 cc,Direkt Enjeksiyon,9.6 saniye,200 km/s,265 nm,163 BG,,,İsveç > Çin,T3,Binek,Inscription,SUV,2020,İçten Yanmalı (Standart),2014 tl/yıl,Premium B,XC40,Benzin,https://www.epey.com/araba/2020-volvo-xc40-t3-1-5-163-hp-geartronic-inscription-4x2.html,,,,,,,,,54 lt,Euro 6,,,,,5 yıldız,2020 Volvo XC40 T3 1.5 163 HP Geartronic Inscription (4x2) NCAP/ANCAP Web Sayfası,2018,Var,,,,,,,,Önden Çekişli,,,,,8 ileri,Otomatik,Geartronic (Otomatik)
,11.4 mt.,1863 mm,4425 mm,1652 mm,1336 lt,460 lt,,2020 Volvo XC40 T3 1.5 163 HP Geartronic Momentum (4x2),,,,,,2020 Volvo XC40 T3 1.5 163 HP Geartronic Momentum (4x2) Test Sürüşü Talep Sayfası,2020 Volvo XC40 T3 1.5 163 HP Geartronic Momentum (4x2) Ürün Kataloğu,"3 Yıl / 100 Bin Km Mekanik
8 Yıl Boya
12 Yıl Paslanmazlık","Garanti Süresi Boyunca Ücretsiz
Volvo OtoLine 444 4858",Var,,,,,Turbo,,3,1477 cc,Direkt Enjeksiyon,9.6 saniye,200 km/s,265 nm,163 BG,,,İsveç > Çin,T3,Binek,Momentum,SUV,2020,İçten Yanmalı (Standart),2014 tl/yıl,Premium B,XC40,Benzin,https://www.epey.com/araba/2020-volvo-xc40-t3-1-5-163-hp-geartronic-momentum-4x2.html,,,,,,,,,54 lt,Euro 6,,,,,5 yıldız,2020 Volvo XC40 T3 1.5 163 HP Geartronic Momentum (4x2) NCAP/ANCAP Web Sayfası,2018,Var,,,,,,,,Önden Çekişli,,,,,8 ileri,Otomatik,Geartronic (Otomatik)
,11.4 mt.,1863 mm,4425 mm,1652 mm,1336 lt,460 lt,,2020 Volvo XC40 T3 1.5 163 HP Geartronic R-Design (4x2),,,,,,2020 Volvo XC40 T3 1.5 163 HP Geartronic R-Design (4x2) Test Sürüşü Talep Sayfası,2020 Volvo XC40 T3 1.5 163 HP Geartronic R-Design (4x2) Ürün Kataloğu,"3 Yıl / 100 Bin Km Mekanik
8 Yıl Boya
12 Yıl Paslanmazlık","Garanti Süresi Boyunca Ücretsiz
Volvo OtoLine 444 4858",Var,,,,,Turbo,,3,1477 cc,Direkt Enjeksiyon,9.6 saniye,200 km/s,265 nm,163 BG,,,İsveç > Çin,T3,Binek,R-Design,SUV,2020,İçten Yanmalı (Standart),2014 tl/yıl,Premium B,XC40,Benzin,https://www.epey.com/araba/2020-volvo-xc40-t3-1-5-163-hp-geartronic-r-design-4x2.html,,,,,,,,,54 lt,Euro 6,,,,,5 yıldız,2020 Volvo XC40 T3 1.5 163 HP Geartronic R-Design (4x2) NCAP/ANCAP Web Sayfası,2018,Var,,,,,,,,Önden Çekişli,,,,,8 ileri,Otomatik,Geartronic (Otomatik)
1706 kg,11.4 mt.,1863 mm,4425 mm,1652 mm,1336 lt,460 lt,,2020 Volvo XC40 T4 2.0 190 HP AWD Geartronic Inscription (4x4),,,,,,2020 Volvo XC40 T4 2.0 190 HP AWD Geartronic Inscription (4x4) Test Sürüşü Talep Sayfası,2020 Volvo XC40 T4 2.0 190 HP AWD Geartronic Inscription (4x4) Ürün Kataloğu,"3 Yıl / 100 Bin Km Mekanik
8 Yıl Boya
12 Yıl Paslanmazlık","Garanti Süresi Boyunca Ücretsiz
Volvo OtoLine 444 4858",Var,,,,,Turbo,,4,1969 cc,Direkt Enjeksiyon,8.5 saniye,210 km/s,300 nm,190 BG,,,İsveç > Çin,T4,Binek,Inscription,SUV,2020,İçten Yanmalı (Standart),5603 tl/yıl,Premium B,XC40,Benzin,https://www.epey.com/araba/2020-volvo-xc40-t4-2-0-190-hp-awd-geartronic-inscription-4x4.html,,,,,,,161 g/km,6.9 lt,54 lt,Euro 6,,,,,5 yıldız,2020 Volvo XC40 T4 2.0 190 HP AWD Geartronic Inscription (4x4) NCAP/ANCAP Web Sayfası,2018,Var,,,,,,,,4x4 Çekişli,,,,,8 ileri,Otomatik,Geartronic (Otomatik)
1706 kg,11.4 mt.,1863 mm,4425 mm,1652 mm,1336 lt,460 lt,,2020 Volvo XC40 T4 2.0 190 HP AWD Geartronic Momentum (4x4),,,,,,2020 Volvo XC40 T4 2.0 190 HP AWD Geartronic Momentum (4x4) Test Sürüşü Talep Sayfası,2020 Volvo XC40 T4 2.0 190 HP AWD Geartronic Momentum (4x4) Ürün Kataloğu,"3 Yıl / 100 Bin Km Mekanik
8 Yıl Boya
12 Yıl Paslanmazlık","Garanti Süresi Boyunca Ücretsiz
Volvo OtoLine 444 4858",Var,,,,,Turbo,,4,1969 cc,Direkt Enjeksiyon,8.5 saniye,210 km/s,300 nm,190 BG,,,İsveç > Çin,T4,Binek,Momentum,SUV,2020,İçten Yanmalı (Standart),5603 tl/yıl,Premium B,XC40,Benzin,https://www.epey.com/araba/2020-volvo-xc40-t4-2-0-190-hp-awd-geartronic-momentum-4x4.html,,,,,,,161 g/km,6.9 lt,54 lt,Euro 6,,,,,5 yıldız,2020 Volvo XC40 T4 2.0 190 HP AWD Geartronic Momentum (4x4) NCAP/ANCAP Web Sayfası,2018,Var,,,,,,,,4x4 Çekişli,,,,,8 ileri,Otomatik,Geartronic (Otomatik)
1706 kg,11.4 mt.,1863 mm,4425 mm,1652 mm,1336 lt,460 lt,,2020 Volvo XC40 T4 2.0 190 HP AWD Geartronic R-Design (4x4),,,,,,2020 Volvo XC40 T4 2.0 190 HP AWD Geartronic R-Design (4x4) Test Sürüşü Talep Sayfası,2020 Volvo XC40 T4 2.0 190 HP AWD Geartronic R-Design (4x4) Ürün Kataloğu,"3 Yıl / 100 Bin Km Mekanik
8 Yıl Boya
12 Yıl Paslanmazlık","Garanti Süresi Boyunca Ücretsiz
Volvo OtoLine 444 4858",Var,,,,,Turbo,,4,1969 cc,Direkt Enjeksiyon,8.5 saniye,210 km/s,300 nm,190 BG,,,İsveç > Çin,T4,Binek,R-Design,SUV,2020,İçten Yanmalı (Standart),5603 tl/yıl,Premium B,XC40,Benzin,https://www.epey.com/araba/2020-volvo-xc40-t4-2-0-190-hp-awd-geartronic-r-design-4x4.html,,,,,,,161 g/km,6.9 lt,54 lt,Euro 6,,,,,5 yıldız,2020 Volvo XC40 T4 2.0 190 HP AWD Geartronic R-Design (4x4) NCAP/ANCAP Web Sayfası,2018,Var,,,,,,,,4x4 Çekişli,,,,,8 ileri,Otomatik,Geartronic (Otomatik)
2329 kg,11.90 mt.,2008 mm,4950 mm,1776 mm,,505 lt,,2020 Volvo XC90 B5 Mild Hibrit 2.0 235 HP Geartronic Inscription (4x4),,,,,,2020 Volvo XC90 B5 Mild Hibrit 2.0 235 HP Geartronic Inscription (4x4) Test Sürüşü Talep Sayfası,2020 Volvo XC90 B5 Mild Hibrit 2.0 235 HP Geartronic Inscription (4x4) Ürün Kataloğu,3 Yıl / 100 Bin Km Mekanik,"Garanti Süresi Boyunca Ücretsiz
Volvo OtoLine 444 4858",Var,40 nm,,Lityum İyon,,Turbo,,4,1969 cc,Common Rail Direkt Enjeksiyon,7.1 saniye,225 km/s,480 nm,235 BG,,,İsveç > Çin,B5,Binek,Inscription,SUV,2020,MHEV (Yarı Hibrit Sistem),5603 tl/yıl,E,XC90,Dizel & Elektrik,https://www.epey.com/araba/2020-volvo-xc90-b5-mild-hibrit-2-0-235-hp-geartronic-inscription-4x4.html,,,,,,,,,71 lt,,,,,,5 yıldız,2020 Volvo XC90 B5 Mild Hibrit 2.0 235 HP Geartronic Inscription (4x4) NCAP/ANCAP Web Sayfası,2015,Var,,,,,,,,4x4 Çekişli,,,,,8 ileri,Otomatik,Geartronic (Otomatik)
2329 kg,11.90 mt.,2008 mm,4950 mm,1776 mm,,505 lt,,2020 Volvo XC90 B5 Mild Hibrit 2.0 235 HP Geartronic Momentum (4x4),,,,,,2020 Volvo XC90 B5 Mild Hibrit 2.0 235 HP Geartronic Momentum (4x4) Test Sürüşü Talep Sayfası,2020 Volvo XC90 B5 Mild Hibrit 2.0 235 HP Geartronic Momentum (4x4) Ürün Kataloğu,3 Yıl / 100 Bin Km Mekanik,"Garanti Süresi Boyunca Ücretsiz
Volvo OtoLine 444 4858",Var,40 nm,,Lityum İyon,,Turbo,,4,1969 cc,Common Rail Direkt Enjeksiyon,7.1 saniye,225 km/s,480 nm,235 BG,,,İsveç > Çin,B5,Binek,Momentum,SUV,2020,MHEV (Yarı Hibrit Sistem),5603 tl/yıl,E,XC90,Dizel & Elektrik,https://www.epey.com/araba/2020-volvo-xc90-b5-mild-hibrit-2-0-235-hp-geartronic-momentum-4x4.html,,,,,,,,,71 lt,,,,,,5 yıldız,2020 Volvo XC90 B5 Mild Hibrit 2.0 235 HP Geartronic Momentum (4x4) NCAP/ANCAP Web Sayfası,2015,Var,,,,,,,,4x4 Çekişli,,,,,8 ileri,Otomatik,Geartronic (Otomatik)
2329 kg,11.90 mt.,2008 mm,4950 mm,1776 mm,,505 lt,,2020 Volvo XC90 B5 Mild Hibrit 2.0 235 HP Geartronic R-Design (4x4),,,,,,2020 Volvo XC90 B5 Mild Hibrit 2.0 235 HP Geartronic R-Design (4x4) Test Sürüşü Talep Sayfası,2020 Volvo XC90 B5 Mild Hibrit 2.0 235 HP Geartronic R-Design (4x4) Ürün Kataloğu,3 Yıl / 100 Bin Km Mekanik,"Garanti Süresi Boyunca Ücretsiz
Volvo OtoLine 444 4858",Var,40 nm,,Lityum İyon,,Turbo,,4,1969 cc,Common Rail Direkt Enjeksiyon,7.1 saniye,225 km/s,480 nm,235 BG,,,İsveç > Çin,B5,Binek,R-Design,SUV,2020,MHEV (Yarı Hibrit Sistem),5603 tl/yıl,E,XC90,Dizel & Elektrik,https://www.epey.com/araba/2020-volvo-xc90-b5-mild-hibrit-2-0-235-hp-geartronic-r-design-4x4.html,,,,,,,,,71 lt,,,,,,5 yıldız,2020 Volvo XC90 B5 Mild Hibrit 2.0 235 HP Geartronic R-Design (4x4) NCAP/ANCAP Web Sayfası,2015,Var,,,,,,,,4x4 Çekişli,,,,,8 ileri,Otomatik,Geartronic (Otomatik)
2143 kg,11.90 mt.,2008 mm,4950 mm,1776 mm,,505 lt,,2020 Volvo XC90 B6 Mild Hibrit 2.0 300 HP Geartronic Inscription (4x4),,,,,,2020 Volvo XC90 B6 Mild Hibrit 2.0 300 HP Geartronic Inscription (4x4) Test Sürüşü Talep Sayfası,2020 Volvo XC90 B6 Mild Hibrit 2.0 300 HP Geartronic Inscription (4x4) Ürün Kataloğu,3 Yıl / 100 Bin Km Mekanik,"Garanti Süresi Boyunca Ücretsiz
Volvo OtoLine 444 4858",Var,40 nm,,Lityum İyon,,Turbo,,4,1969 cc,Direkt Enjeksiyon,6.7 saniye,180 km/s,420 nm,300 BG,,,İsveç > Çin,B6,Binek,Inscription,SUV,2020,MHEV (Yarı Hibrit Sistem),5603 tl/yıl,E,XC90,Benzin & Elektrik,https://www.epey.com/araba/2020-volvo-xc90-b6-mild-hibrit-2-0-300-hp-geartronic-inscription-4x4.html,,,,,,,174 g/km,7.6 lt,71 lt,,,,,,5 yıldız,2020 Volvo XC90 B6 Mild Hibrit 2.0 300 HP Geartronic Inscription (4x4) NCAP/ANCAP Web Sayfası,2015,Var,,,,,,,,4x4 Çekişli,,,,,8 ileri,Otomatik,Geartronic (Otomatik)
2143 kg,11.90 mt.,2008 mm,4950 mm,1776 mm,,505 lt,,2020 Volvo XC90 B6 Mild Hibrit 2.0 300 HP Geartronic R-Design (4x4),,,,,,2020 Volvo XC90 B6 Mild Hibrit 2.0 300 HP Geartronic R-Design (4x4) Test Sürüşü Talep Sayfası,2020 Volvo XC90 B6 Mild Hibrit 2.0 300 HP Geartronic R-Design (4x4) Ürün Kataloğu,3 Yıl / 100 Bin Km Mekanik,"Garanti Süresi Boyunca Ücretsiz
Volvo OtoLine 444 4858",Var,40 nm,,Lityum İyon,,Turbo,,4,1969 cc,Direkt Enjeksiyon,6.7 saniye,180 km/s,420 nm,300 BG,,,İsveç > Çin,B6,Binek,R-Design,SUV,2020,MHEV (Yarı Hibrit Sistem),5603 tl/yıl,E,XC90,Benzin & Elektrik,https://www.epey.com/araba/2020-volvo-xc90-b6-mild-hibrit-2-0-300-hp-geartronic-r-design-4x4.html,,,,,,,174 g/km,7.6 lt,71 lt,,,,,,5 yıldız,2020 Volvo XC90 B6 Mild Hibrit 2.0 300 HP Geartronic R-Design (4x4) NCAP/ANCAP Web Sayfası,2015,Var,,,,,,,,4x4 Çekişli,,,,,8 ileri,Otomatik,Geartronic (Otomatik)
2294 kg,11.90 mt.,2008 mm,4950 mm,1776 mm,1868 lt,991 lt,450 lt,2020 Volvo XC90 T8 Plug-in Hibrit 2.0 407 HP Geartronic Inscription (4x4),,,,,,2020 Volvo XC90 T8 Plug-in Hibrit 2.0 407 HP Geartronic Inscription (4x4) Test Sürüşü Talep Sayfası,2020 Volvo XC90 T8 Plug-in Hibrit 2.0 407 HP Geartronic Inscription (4x4) Ürün Kataloğu,3 Yıl / 100 Bin Km Mekanik,"Garanti Süresi Boyunca Ücretsiz
Volvo OtoLine 444 4858",Var,,9.2 kW/sa,Lityum İyon,,Çift Turbo,,4,1969 cc,Direkt Enjeksiyon,5.6 saniye,230 km/s,640 nm,407 BG,,,İsveç > Çin,T8 Plug-in Hibrit,Binek,Inscription,SUV,2020,PHEV (Prizden Şarjlı HEV),,E,XC90,Benzin & Elektrik,https://www.epey.com/araba/2020-volvo-xc90-t8-plug-in-hibrit-2-0-407-hp-geartronic-inscription-4x4.html,,,,,,,49 g/km,2.1 lt,50 lt,,,,,,5 yıldız,2020 Volvo XC90 T8 Plug-in Hibrit 2.0 407 HP Geartronic Inscription (4x4) NCAP/ANCAP Web Sayfası,2015,Var,,,,,,,,4x4 Çekişli,,,,,8 ileri,Otomatik,Geartronic (Otomatik)
2294 kg,11.90 mt.,2008 mm,4950 mm,1776 mm,1868 lt,991 lt,450 lt,2020 Volvo XC90 T8 Plug-in Hibrit 2.0 407 HP Geartronic R-Design (4x4),,,,,,2020 Volvo XC90 T8 Plug-in Hibrit 2.0 407 HP Geartronic R-Design (4x4) Test Sürüşü Talep Sayfası,2020 Volvo XC90 T8 Plug-in Hibrit 2.0 407 HP Geartronic R-Design (4x4) Ürün Kataloğu,3 Yıl / 100 Bin Km Mekanik,"Garanti Süresi Boyunca Ücretsiz
Volvo OtoLine 444 4858",Var,,9.2 kW/sa,Lityum İyon,,Çift Turbo,,4,1969 cc,Direkt Enjeksiyon,5.6 saniye,230 km/s,640 nm,407 BG,,,İsveç > Çin,T8 Plug-in Hibrit,Binek,R-Design,SUV,2020,PHEV (Prizden Şarjlı HEV),,E,XC90,Benzin & Elektrik,https://www.epey.com/araba/2020-volvo-xc90-t8-plug-in-hibrit-2-0-407-hp-geartronic-r-design-4x4.html,,,,,,,49 g/km,2.1 lt,50 lt,,,,,,5 yıldız,2020 Volvo XC90 T8 Plug-in Hibrit 2.0 407 HP Geartronic R-Design (4x4) NCAP/ANCAP Web Sayfası,2015,Var,,,,,,,,4x4 Çekişli,,,,,8 ileri,Otomatik,Geartronic (Otomatik)
1735 kg,,1868 mm,4963 mm,1457 mm,,,,2020 Yeni BMW 520d xDrive 2.0 190 BG Otomatik S.Ed.Luxury Line (4x4),,,,,,2020 Yeni BMW 520d xDrive 2.0 190 BG Otomatik S.Ed.Luxury Line (4x4) Test Sürüşü Talep Sayfası,,,,,,,,,Turbo,,4,1995 cc,,7.3 saniye,232 km/s,400 nm,190 BG,,,Almanya,,Binek,Special Edition Luxury Line,Sedan,2020,İçten Yanmalı (Standart),5603 tl/yıl,E,5 Serisi,Dizel,https://www.epey.com/araba/2020-yeni-bmw-520d-xdrive-2-0-190-bg-otomatik-s-ed-luxury-line-4x4.html,,,,,,,144 g/km,5.5 lt,66 lt,,,,,,5 yıldız,2020 Yeni BMW 520d xDrive 2.0 190 BG Otomatik S.Ed.Luxury Line (4x4) NCAP/ANCAP Web Sayfası,2017,Var,,,,,,,,4x4 Çekişli,Var,xDrive (BMW 4 Tekerlekten Çekiş Sistemi),,,8 ileri,Otomatik,
1580 kg,,1868 mm,4963 mm,1457 mm,,,,2020 Yeni BMW 520i 1.6 170 BG Otomatik Luxury Line,,,,,,2020 Yeni BMW 520i 1.6 170 BG Otomatik Luxury Line Test Sürüşü Talep Sayfası,,,,,,,,,Turbo,,4,1597 cc,,8.3 saniye,226 km/s,250 nm,170 BG,,,Almanya,,Binek,Luxury Line,Sedan,2020,İçten Yanmalı (Standart),2014 tl/yıl,E,5 Serisi,Benzin,https://www.epey.com/araba/2020-yeni-bmw-520i-1-6-170-bg-otomatik-luxury-line.html,,,,,,,162 g/km,7.1 lt,68 lt,,,,,,5 yıldız,2020 Yeni BMW 520i 1.6 170 BG Otomatik Luxury Line NCAP/ANCAP Web Sayfası,2017,Var,,,,,,,,Arkadan İtişli,,,,,8 ileri,Otomatik,
1680 kg,,1868 mm,4963 mm,1457 mm,,,,2020 Yeni BMW 530i xDrive 2.0 252 BG Otomatik S.Ed.Luxury Line (4x4),,,,,,2020 Yeni BMW 530i xDrive 2.0 252 BG Otomatik S.Ed.Luxury Line (4x4) Test Sürüşü Talep Sayfası,,,,,,,,,Turbo,,4,1998 cc,,6.3 saniye,250 km/s,350 nm,252 BG,,,Almanya,,Binek,Special Edition Luxury Line,Sedan,2020,MHEV (Yarı Hibrit Sistem),5603 tl/yıl,E,5 Serisi,Benzin & Elektrik,https://www.epey.com/araba/2020-yeni-bmw-530i-xdrive-2-0-252-bg-otomatik-s-ed-luxury-line-4x4.html,,,,,,,166 g/km,7.3 lt,68 lt,,,,,,5 yıldız,2020 Yeni BMW 530i xDrive 2.0 252 BG Otomatik S.Ed.Luxury Line (4x4) NCAP/ANCAP Web Sayfası,2017,Var,,,,,,,,4x4 Çekişli,Var,xDrive (BMW 4 Tekerlekten Çekiş Sistemi),,,8 ileri,Otomatik,
1599 kg,,2000 mm,4614 mm,1678 mm,1478 lt,511 lt,,2020 Yeni Ford Kuga 1.5 EcoBlue 120 PS Otomatik ST-Line (4x2),,,,,,,2020 Yeni Ford Kuga 1.5 EcoBlue 120 PS Otomatik ST-Line (4x2) Ürün Kataloğu,,,,,,,,Turbo,,4,1499 cc,Common Rail Direkt Enjeksiyon,12.0 saniye,177 km/s,300 nm,120 BG,,,Amerika,,Binek,ST-Line,SUV,2020,İçten Yanmalı (Standart),2014 tl/yıl,C,Kuga,Dizel,https://www.epey.com/araba/2020-yeni-ford-kuga-1-5-ecoblue-120-ps-otomatik-st-line-4x2.html,,,,,,,125 g/km,4.7 lt,54 lt,Eu 6d Temp,4.2 lt,5.1 lt,,,5 yıldız,2020 Yeni Ford Kuga 1.5 EcoBlue 120 PS Otomatik ST-Line (4x2) NCAP/ANCAP Web Sayfası,2019,Var,,,,,,,,Önden Çekişli,,,,,8 ileri,Otomatik,
1599 kg,,2000 mm,4614 mm,1678 mm,1478 lt,511 lt,,2020 Yeni Ford Kuga 1.5 EcoBlue 120 PS Otomatik Style (4x2),,,,,,,2020 Yeni Ford Kuga 1.5 EcoBlue 120 PS Otomatik Style (4x2) Ürün Kataloğu,,,,,,,,Turbo,,4,1499 cc,Common Rail Direkt Enjeksiyon,12.0 saniye,177 km/s,300 nm,120 BG,,,Amerika,,Binek,Style,SUV,2020,İçten Yanmalı (Standart),2014 tl/yıl,C,Kuga,Dizel,https://www.epey.com/araba/2020-yeni-ford-kuga-1-5-ecoblue-120-ps-otomatik-style-4x2.html,,,,,,,125 g/km,4.7 lt,54 lt,Eu 6d Temp,4.2 lt,5.1 lt,,,5 yıldız,2020 Yeni Ford Kuga 1.5 EcoBlue 120 PS Otomatik Style (4x2) NCAP/ANCAP Web Sayfası,2019,Var,,,,,,,,Önden Çekişli,,,,,8 ileri,Otomatik,
1599 kg,,2000 mm,4614 mm,1678 mm,1478 lt,511 lt,,2020 Yeni Ford Kuga 1.5 EcoBlue 120 PS Otomatik Titanium (4x2),,,,,,,2020 Yeni Ford Kuga 1.5 EcoBlue 120 PS Otomatik Titanium (4x2) Ürün Kataloğu,,,,,,,,Turbo,,4,1499 cc,Common Rail Direkt Enjeksiyon,12.0 saniye,177 km/s,300 nm,120 BG,,,Amerika,,Binek,Titanium,SUV,2020,İçten Yanmalı (Standart),2014 tl/yıl,C,Kuga,Dizel,https://www.epey.com/araba/2020-yeni-ford-kuga-1-5-ecoblue-120-ps-otomatik-titanium-4x2.html,,,,,,,125 g/km,4.7 lt,54 lt,Eu 6d Temp,4.2 lt,5.1 lt,,,5 yıldız,2020 Yeni Ford Kuga 1.5 EcoBlue 120 PS Otomatik Titanium (4x2) NCAP/ANCAP Web Sayfası,2019,Var,,,,,,,,Önden Çekişli,,,,,8 ileri,Otomatik,
1576 kg,,2000 mm,4614 mm,1678 mm,1478 lt,511 lt,,2020 Yeni Ford Kuga 1.5 EcoBlue 120 PS Style (4x2),,,,,,,2020 Yeni Ford Kuga 1.5 EcoBlue 120 PS Style (4x2) Ürün Kataloğu,,,,,,,,Turbo,,4,1499 cc,Common Rail Direkt Enjeksiyon,11.7 saniye,180 km/s,300 nm,120 BG,,,Amerika,,Binek,Style,SUV,2020,İçten Yanmalı (Standart),2014 tl/yıl,C,Kuga,Dizel,https://www.epey.com/araba/2020-yeni-ford-kuga-1-5-ecoblue-120-ps-style-4x2.html,,,,,,,109 g/km,4.2 lt,54 lt,Eu 6d Temp,3.8 lt,4.7 lt,,,5 yıldız,2020 Yeni Ford Kuga 1.5 EcoBlue 120 PS Style (4x2) NCAP/ANCAP Web Sayfası,2019,Var,,,,,,,,Önden Çekişli,,,,,6 ileri,Manuel,
1564 kg,,2000 mm,4614 mm,1678 mm,1478 lt,511 lt,,2020 Yeni Ford Kuga 1.5 EcoBoost 120 PS Style (4x2),,,,,,,2020 Yeni Ford Kuga 1.5 EcoBoost 120 PS Style (4x2) Ürün Kataloğu,,,,,,,,Turbo,,3,1497 cc,Direkt Enjeksiyon,11.6 saniye,184 km/s,240 nm,120 BG,,,Amerika,,Binek,Style,SUV,2020,İçten Yanmalı (Standart),2014 tl/yıl,C,Kuga,Benzin,https://www.epey.com/araba/2020-yeni-ford-kuga-1-5-ecoboost-120-ps-style-4x2.html,,,,,,,127 g/km,5.6 lt,54 lt,Eu 6d Temp,4.9 lt,6.8 lt,,,5 yıldız,2020 Yeni Ford Kuga 1.5 EcoBoost 120 PS Style (4x2) NCAP/ANCAP Web Sayfası,2019,Var,,,,,,,,Önden Çekişli,,,,,6 ileri,Manuel,
1844 kg,,2000 mm,4614 mm,1678 mm,1478 lt,511 lt,,2020 Yeni Ford Kuga Plug-in Hibrit 2.5 225 PS CVT ST-Line (4x2),,,,,,,2020 Yeni Ford Kuga Plug-in Hibrit 2.5 225 PS CVT ST-Line (4x2) Ürün Kataloğu,,,,,14.4 kW/sa,,56 km,Atmosferik,,4,2488 cc,Direkt Enjeksiyon,9.2 saniye,200 km/s,300 nm,225 BG,,,Amerika,,Binek,ST-Line,SUV,2020,PHEV (Prizden Şarjlı HEV),8405 tl/yıl,C,Kuga,Benzin & Elektrik,https://www.epey.com/araba/2020-yeni-ford-kuga-plug-in-hibrit-2-5-225-ps-cvt-st-line-4x2.html,,,,,,,26 g/km,1.2 lt,,Eu 6d Temp,,,,,5 yıldız,2020 Yeni Ford Kuga Plug-in Hibrit 2.5 225 PS CVT ST-Line (4x2) NCAP/ANCAP Web Sayfası,2019,Var,,,,,,,,Önden Çekişli,,,,,8 ileri,Otomatik,CVT
1326 kg,,1805 mm,4207 mm,1536 mm,1216 lt,456 lt,,2020 Yeni Ford Puma 1.0 EcoBoost 125 PS Otomatik ST-Line (4x2),,,,,,2020 Yeni Ford Puma 1.0 EcoBoost 125 PS Otomatik ST-Line (4x2) Test Sürüşü Talep Sayfası,2020 Yeni Ford Puma 1.0 EcoBoost 125 PS Otomatik ST-Line (4x2) Ürün Kataloğu,,,,,,,,Turbo,,3,999 cc,Direkt Enjeksiyon,10.2 saniye,190 km/s,200 nm,125 BG,,,Amerika,,Binek,ST-Line,SUV,2020,HEV (Benzinli & Elektrikli),1156 tl/yıl,B,Puma,Benzin,https://www.epey.com/araba/2020-yeni-ford-puma-1-0-ecoboost-125-ps-otomatik-st-line-4x2.html,,,,,,,110 g/km,4.9 lt,42 lt,Euro 6.2,4.3 lt,5.8 lt,,,5 yıldız,2020 Yeni Ford Puma 1.0 EcoBoost 125 PS Otomatik ST-Line (4x2) NCAP/ANCAP Web Sayfası,2019,Var,,,,,,,,Önden Çekişli,,,,,7 ileri,Otomatik,
1326 kg,,1805 mm,4186 mm,1536 mm,1216 lt,456 lt,,2020 Yeni Ford Puma 1.0 EcoBoost 125 PS Otomatik Style (4x2),,,,,,2020 Yeni Ford Puma 1.0 EcoBoost 125 PS Otomatik Style (4x2) Test Sürüşü Talep Sayfası,2020 Yeni Ford Puma 1.0 EcoBoost 125 PS Otomatik Style (4x2) Ürün Kataloğu,,,,,,,,Turbo,,3,999 cc,Direkt Enjeksiyon,10.2 saniye,190 km/s,200 nm,125 BG,,,Amerika,,Binek,Style,SUV,2020,HEV (Benzinli & Elektrikli),1156 tl/yıl,B,Puma,Benzin,https://www.epey.com/araba/2020-yeni-ford-puma-1-0-ecoboost-125-ps-otomatik-style-4x2.html,,,,,,,110 g/km,4.9 lt,42 lt,Euro 6.2,4.3 lt,5.8 lt,,,5 yıldız,2020 Yeni Ford Puma 1.0 EcoBoost 125 PS Otomatik Style (4x2) NCAP/ANCAP Web Sayfası,2019,Var,,,,,,,,Önden Çekişli,,,,,7 ileri,Otomatik,
1269 kg,,1805 mm,4186 mm,1536 mm,1216 lt,456 lt,,2020 Yeni Ford Puma 1.0 EcoBoost 95 PS Style (4x2),,,,,,2020 Yeni Ford Puma 1.0 EcoBoost 95 PS Style (4x2) Test Sürüşü Talep Sayfası,2020 Yeni Ford Puma 1.0 EcoBoost 95 PS Style (4x2) Ürün Kataloğu,,,,,,,,Turbo,,3,999 cc,Direkt Enjeksiyon,11.9 saniye,175 km/s,170 nm,95 BG,,,Amerika,,Binek,Style,SUV,2020,HEV (Benzinli & Elektrikli),1156 tl/yıl,B,Puma,Benzin,https://www.epey.com/araba/2020-yeni-ford-puma-1-0-ecoboost-95-ps-style-4x2.html,,,,,,,140 g/km,4.5 lt,42 lt,Euro 6.2,4.0 lt,5.4 lt,,,5 yıldız,2020 Yeni Ford Puma 1.0 EcoBoost 95 PS Style (4x2) NCAP/ANCAP Web Sayfası,2019,Var,,,,,,,,Önden Çekişli,,,,,6 ileri,Manuel,
1280 kg,,1805 mm,4207 mm,1536 mm,1161 lt,401 lt,,2020 Yeni Ford Puma Hibrit 1.0 EcoBoost 155 PS ST-Line (4x2),,,,,,2020 Yeni Ford Puma Hibrit 1.0 EcoBoost 155 PS ST-Line (4x2) Test Sürüşü Talep Sayfası,2020 Yeni Ford Puma Hibrit 1.0 EcoBoost 155 PS ST-Line (4x2) Ürün Kataloğu,,,,,,,,Turbo,,3,999 cc,Direkt Enjeksiyon,9.0 saniye,205 km/s,240 nm,155 BG,,,Amerika,,Binek,ST-Line,SUV,2020,MHEV (Yarı Hibrit Sistem),1156 tl/yıl,B,Puma,Benzin & Elektrik,https://www.epey.com/araba/2020-yeni-ford-puma-hibrit-1-0-ecoboost-155-ps-st-line-4x2.html,,,,,,,99 g/km,4.4 lt,42 lt,Euro 6.2,3.9 lt,5.1 lt,,,5 yıldız,2020 Yeni Ford Puma Hibrit 1.0 EcoBoost 155 PS ST-Line (4x2) NCAP/ANCAP Web Sayfası,2019,Var,,,,,,,,Önden Çekişli,,,,,6 ileri,Manuel,
1125 kg,,1725 mm,4065 mm,1450 mm,,300 lt,,2020 Yeni Kia Rio HB 1.0 100 PS DCT Cool,,,,,,2020 Yeni Kia Rio HB 1.0 100 PS DCT Cool Test Sürüşü Talep Sayfası,,,,,,,,,Turbo,,,998 cc,Direkt Enjeksiyon,11.4 saniye,185 km/s,172 nm,100 BG,,,Güney Kore,,Binek,Cool,Hatchback,2020,İçten Yanmalı (Standart),1156 tl/yıl,B,Rio,Benzin,https://www.epey.com/araba/2020-yeni-kia-rio-hatchback-1-0-100-ps-dct-cool.html,,,,,,,108 g/km,4.7 lt,45 lt,,4.2 lt,5.5 lt,,,3 yıldız,2020 Yeni Kia Rio HB 1.0 100 PS DCT Cool NCAP/ANCAP Web Sayfası,2017,Var,,,,,,,,Önden Çekişli,,,,,7 ileri,Otomatik,DCT (Yarı Otm.)
1125 kg,,1725 mm,4065 mm,1450 mm,,300 lt,,2020 Yeni Kia Rio HB 1.0 100 PS DCT Elegance Tekno Paket,,,,,,2020 Yeni Kia Rio HB 1.0 100 PS DCT Elegance Tekno Paket Test Sürüşü Talep Sayfası,,,,,,,,,Turbo,,,998 cc,Direkt Enjeksiyon,11.4 saniye,185 km/s,172 nm,100 BG,,,Güney Kore,,Binek,Elegance Tekno Paket,Hatchback,2020,İçten Yanmalı (Standart),1156 tl/yıl,B,Rio,Benzin,https://www.epey.com/araba/2020-yeni-kia-rio-hatchback-1-0-100-ps-dct-elegance-tekno-paket.html,,,,,,,108 g/km,4.7 lt,45 lt,,4.2 lt,5.5 lt,,,3 yıldız,2020 Yeni Kia Rio HB 1.0 100 PS DCT Elegance Tekno Paket NCAP/ANCAP Web Sayfası,2017,Var,,,,,,,,Önden Çekişli,,,,,7 ileri,Otomatik,DCT (Yarı Otm.)
1045 kg,,1725 mm,4065 mm,1450 mm,,300 lt,,2020 Yeni Kia Rio HB 1.25 84 PS Cool,,,,,,2020 Yeni Kia Rio HB 1.25 84 PS Cool Test Sürüşü Talep Sayfası,,,,,,,,,Atmosferik,,,1197 cc,Çok Noktadan Enjeksiyon,13.1 saniye,173 km/s,117.7 nm,84 BG,,,Güney Kore,,Binek,Cool,Hatchback,2020,İçten Yanmalı (Standart),1156 tl/yıl,B,Rio,Benzin,https://www.epey.com/araba/2020-yeni-kia-rio-hatchback-1-25-84-ps-cool.html,,,,,,,116 g/km,5.1 lt,45 lt,,4.3 lt,6.4 lt,,,3 yıldız,2020 Yeni Kia Rio HB 1.25 84 PS Cool NCAP/ANCAP Web Sayfası,2017,Var,,,,,,,,Önden Çekişli,,,,,5 ileri,Manuel,
1045 kg,,1725 mm,4065 mm,1450 mm,,300 lt,,2020 Yeni Kia Rio HB 1.25 84 PS Elegance Tekno Paket,,,,,,2020 Yeni Kia Rio HB 1.25 84 PS Elegance Tekno Paket Test Sürüşü Talep Sayfası,,,,,,,,,Atmosferik,,,1197 cc,Çok Noktadan Enjeksiyon,13.1 saniye,173 km/s,117.7 nm,84 BG,,,Güney Kore,,Binek,Elegance Tekno Paket,Hatchback,2020,İçten Yanmalı (Standart),1156 tl/yıl,B,Rio,Benzin,https://www.epey.com/araba/2020-yeni-kia-rio-hatchback-1-25-84-ps-elegance-tekno-paket.html,,,,,,,116 g/km,5.1 lt,45 lt,,4.3 lt,6.4 lt,,,3 yıldız,2020 Yeni Kia Rio HB 1.25 84 PS Elegance Tekno Paket NCAP/ANCAP Web Sayfası,2017,Var,,,,,,,,Önden Çekişli,,,,,5 ileri,Manuel,
1125 kg,,1725 mm,4065 mm,1450 mm,,300 lt,,2020 Yeni Kia Rio HB 1.0 100 PS DCT Prestige,,,,,,2020 Yeni Kia Rio HB 1.0 100 PS DCT Prestige Test Sürüşü Talep Sayfası,,,,,,,,,Turbo,,,998 cc,Direkt Enjeksiyon,11.4 saniye,185 km/s,172 nm,100 BG,,,Güney Kore,,Binek,Prestige,Hatchback,2020,İçten Yanmalı (Standart),1156 tl/yıl,B,Rio,Benzin,https://www.epey.com/araba/2020-yeni-kia-rio-hb-1-0-100-ps-dct-prestige.html,,,,,,,108 g/km,4.7 lt,45 lt,,4.2 lt,5.5 lt,,,3 yıldız,2020 Yeni Kia Rio HB 1.0 100 PS DCT Prestige NCAP/ANCAP Web Sayfası,2017,Var,,,,,,,,Önden Çekişli,,,,,7 ileri,Otomatik,DCT (Yarı Otm.)
1205 kg,,1871 mm,4370 mm,1485 mm,1210 lt,370 lt,,2020 Yeni Opel Astra HB 1.2 110 HP Edition,,,,,,2020 Yeni Opel Astra HB 1.2 110 HP Edition Test Sürüşü Talep Sayfası,2020 Yeni Opel Astra HB 1.2 110 HP Edition Ürün Kataloğu,,"Opel Yol Yardım 0212 274 7447
Opel Yol Yardım 0800 211 4026",Var,,,,,Turbo,,3,1199 cc,Direkt Enjeksiyon,10.9 saniye,200 km/s,195 nm,110 BG,,,Almanya,Hatchback,Binek,Edition,Hatchback,2020,İçten Yanmalı (Standart),1156 tl/yıl,C,Astra,Benzin,https://www.epey.com/araba/2020-yeni-opel-astra-hb-1-2-110-hp-edition.html,,,,,,,99 g/km,4.3 lt,48 lt,,3.8 lt,5.3 lt,,,5 yıldız,2020 Yeni Opel Astra HB 1.2 110 HP Edition NCAP/ANCAP Web Sayfası,2015,Var,,,,,,,,Önden Çekişli,,,,,6 ileri,Manuel,
1270 kg,,1871 mm,4370 mm,1485 mm,1210 lt,370 lt,,2020 Yeni Opel Astra HB 1.4 145 HP CVT-7 GS Line,,,,,,2020 Yeni Opel Astra HB 1.4 145 HP CVT-7 GS Line Test Sürüşü Talep Sayfası,2020 Yeni Opel Astra HB 1.4 145 HP CVT-7 GS Line Ürün Kataloğu,,"Opel Yol Yardım 0212 274 7447
Opel Yol Yardım 0800 211 4026",Var,,,,,Turbo,,4,1342 cc,Direkt Enjeksiyon,9.9 saniye,210 km/s,236 nm,145 BG,,,Almanya,Hatchback,Binek,GS Line,Hatchback,2020,İçten Yanmalı (Standart),2014 tl/yıl,C,Astra,Benzin,https://www.epey.com/araba/2020-yeni-opel-astra-hb-1-4-145-hp-cvt-gs-line.html,,,,,,,115 g/km,5.0 lt,48 lt,,4.3 lt,6.3 lt,,,5 yıldız,2020 Yeni Opel Astra HB 1.4 145 HP CVT-7 GS Line NCAP/ANCAP Web Sayfası,2015,Var,,,,,,,,Önden Çekişli,,,,,7 ileri,Otomatik,CVT-7
1296 kg,,1871 mm,4370 mm,1485 mm,1210 lt,370 lt,,2020 Yeni Opel Astra HB 1.5 Dizel 122 HP AT-9 Edition,,,,,,2020 Yeni Opel Astra HB 1.5 Dizel 122 HP AT-9 Edition Test Sürüşü Talep Sayfası,2020 Yeni Opel Astra HB 1.5 Dizel 122 HP AT-9 Edition Ürün Kataloğu,,"Opel Yol Yardım 0212 274 7447
Opel Yol Yardım 0800 211 4026",Var,,,,,Turbo,,4,1496 cc,Common Rail Direkt Enjeksiyon,10.9 saniye,205 km/s,285 nm,122 BG,,,Almanya,Hatchback,Binek,Edition,Hatchback,2020,İçten Yanmalı (Standart),2014 tl/yıl,C,Astra,Dizel,https://www.epey.com/araba/2020-yeni-opel-astra-hb-1-5-dizel-122-hp-at-9-edition.html,,,,,,,109 g/km,4.2 lt,48 lt,,3.5 lt,5.3 lt,,,5 yıldız,2020 Yeni Opel Astra HB 1.5 Dizel 122 HP AT-9 Edition NCAP/ANCAP Web Sayfası,2015,Var,,,,,,,,Önden Çekişli,,,,,9 ileri,Otomatik,
1296 kg,,1871 mm,4370 mm,1485 mm,1210 lt,370 lt,,2020 Yeni Opel Astra HB 1.5 Dizel 122 HP AT-9 Elegance,,,,,,2020 Yeni Opel Astra HB 1.5 Dizel 122 HP AT-9 Elegance Test Sürüşü Talep Sayfası,2020 Yeni Opel Astra HB 1.5 Dizel 122 HP AT-9 Elegance Ürün Kataloğu,,"Opel Yol Yardım 0212 274 7447
Opel Yol Yardım 0800 211 4026",Var,,,,,Turbo,,4,1496 cc,Common Rail Direkt Enjeksiyon,10.9 saniye,205 km/s,285 nm,122 BG,,,Almanya,Hatchback,Binek,Elegance,Hatchback,2020,İçten Yanmalı (Standart),2014 tl/yıl,C,Astra,Dizel,https://www.epey.com/araba/2020-yeni-opel-astra-hb-1-5-dizel-122-hp-at-9-elegance.html,,,,,,,109 g/km,4.2 lt,48 lt,,3.5 lt,5.3 lt,,,5 yıldız,2020 Yeni Opel Astra HB 1.5 Dizel 122 HP AT-9 Elegance NCAP/ANCAP Web Sayfası,2015,Var,,,,,,,,Önden Çekişli,,,,,9 ileri,Otomatik,
1296 kg,,1871 mm,4370 mm,1485 mm,1210 lt,370 lt,,2020 Yeni Opel Astra HB 1.5 Dizel 122 HP AT-9 GS Line,,,,,,2020 Yeni Opel Astra HB 1.5 Dizel 122 HP AT-9 GS Line Test Sürüşü Talep Sayfası,2020 Yeni Opel Astra HB 1.5 Dizel 122 HP AT-9 GS Line Ürün Kataloğu,,"Opel Yol Yardım 0212 274 7447
Opel Yol Yardım 0800 211 4026",Var,,,,,Turbo,,4,1496 cc,Common Rail Direkt Enjeksiyon,10.9 saniye,205 km/s,285 nm,122 BG,,,Almanya,Hatchback,Binek,GS Line,Hatchback,2020,İçten Yanmalı (Standart),2014 tl/yıl,C,Astra,Dizel,https://www.epey.com/araba/2020-yeni-opel-astra-hb-1-5-dizel-122-hp-at-9-gs-line.html,,,,,,,109 g/km,4.2 lt,48 lt,,3.5 lt,5.3 lt,,,5 yıldız,2020 Yeni Opel Astra HB 1.5 Dizel 122 HP AT-9 GS Line NCAP/ANCAP Web Sayfası,2015,Var,,,,,,,,Önden Çekişli,,,,,9 ileri,Otomatik,
1165 kg,,1765 mm,4060 mm,1433 mm,1081 lt,309 lt,,2020 Yeni Opel Corsa 1.2 100 HP Otomatik Edition,,,,,,2020 Yeni Opel Corsa 1.2 100 HP Otomatik Edition Test Sürüşü Talep Sayfası,2020 Yeni Opel Corsa 1.2 100 HP Otomatik Edition Ürün Kataloğu,,,,,,,,Turbo,,3,1199 cc,Direkt Enjeksiyon,10.8 saniye,192 km/s,205 nm,100 BG,,,Almanya,,Binek,Edition,Hatchback,2020,İçten Yanmalı (Standart),1156 tl/yıl,B,Corsa,Benzin,https://www.epey.com/araba/2020-yeni-opel-corsa-1-2-100-hp-otomatik-edition.html,,,,,,,99 g/km,4.3 lt,44 lt,,3.9 lt,5.1 lt,,,4 yıldız,2020 Yeni Opel Corsa 1.2 100 HP Otomatik Edition NCAP/ANCAP Web Sayfası,2019,Var,,,,,,,,Önden Çekişli,,,,,8 ileri,Otomatik,
1165 kg,,1765 mm,4060 mm,1433 mm,1081 lt,309 lt,,2020 Yeni Opel Corsa 1.2 100 HP Otomatik Elegance,,,,,,2020 Yeni Opel Corsa 1.2 100 HP Otomatik Elegance Test Sürüşü Talep Sayfası,2020 Yeni Opel Corsa 1.2 100 HP Otomatik Elegance Ürün Kataloğu,,,,,,,,Turbo,,3,1199 cc,Direkt Enjeksiyon,10.8 saniye,192 km/s,205 nm,100 BG,,,Almanya,,Binek,Elegance,Hatchback,2020,İçten Yanmalı (Standart),1156 tl/yıl,B,Corsa,Benzin,https://www.epey.com/araba/2020-yeni-opel-corsa-1-2-100-hp-otomatik-elegance.html,,,,,,,99 g/km,4.3 lt,44 lt,,3.9 lt,5.1 lt,,,4 yıldız,2020 Yeni Opel Corsa 1.2 100 HP Otomatik Elegance NCAP/ANCAP Web Sayfası,2019,Var,,,,,,,,Önden Çekişli,,,,,8 ileri,Otomatik,
1233 kg,,1765 mm,4060 mm,1433 mm,1081 lt,309 lt,,2020 Yeni Opel Corsa 1.2 130 HP Otomatik Ultimate,,,,,,2020 Yeni Opel Corsa 1.2 130 HP Otomatik Ultimate Test Sürüşü Talep Sayfası,2020 Yeni Opel Corsa 1.2 130 HP Otomatik Ultimate Ürün Kataloğu,,,,,,,,Turbo,,3,1199 cc,Direkt Enjeksiyon,8.7 saniye,208 km/s,230 nm,130 BG,,,Almanya,,Binek,Ultimate,Hatchback,2020,İçten Yanmalı (Standart),1156 tl/yıl,B,Corsa,Benzin,https://www.epey.com/araba/2020-yeni-opel-corsa-1-2-130-hp-otomatik-ultimate.html,,,,,,,103 g/km,4.5 lt,44 lt,,4.0 lt,5.4 lt,,,4 yıldız,2020 Yeni Opel Corsa 1.2 130 HP Otomatik Ultimate NCAP/ANCAP Web Sayfası,2019,Var,,,,,,,,Önden Çekişli,,,,,8 ileri,Otomatik,
1055 kg,,1765 mm,4060 mm,1433 mm,1081 lt,309 lt,,2020 Yeni Opel Corsa 1.2 75 HP Essential,,,,,,2020 Yeni Opel Corsa 1.2 75 HP Essential Test Sürüşü Talep Sayfası,2020 Yeni Opel Corsa 1.2 75 HP Essential Ürün Kataloğu,,,,,,,,Atmosferik,,3,1199 cc,Direkt Enjeksiyon,13.2 saniye,174 km/s,113 nm,75 BG,,,Almanya,,Binek,Essential,Hatchback,2020,İçten Yanmalı (Standart),1156 tl/yıl,B,Corsa,Benzin,https://www.epey.com/araba/2020-yeni-opel-corsa-1-2-75-hp-essential.html,,,,,,,93 g/km,4.1 lt,40 lt,,3.6 lt,4.8 lt,,,4 yıldız,2020 Yeni Opel Corsa 1.2 75 HP Essential NCAP/ANCAP Web Sayfası,2019,Var,,,,,,,,Önden Çekişli,,,,,5 ileri,Manuel,
1165 kg,,1765 mm,4060 mm,1433 mm,1081 lt,309 lt,,2020 Yeni Opel Corsa 1.5 Dizel 102 HP Edition,,,,,,2020 Yeni Opel Corsa 1.5 Dizel 102 HP Edition Test Sürüşü Talep Sayfası,2020 Yeni Opel Corsa 1.5 Dizel 102 HP Edition Ürün Kataloğu,,,,,,,,Turbo,,4,1499 cc,Common Rail Direkt Enjeksiyon,10.2 saniye,188 km/s,250 nm,102 BG,,,Almanya,,Binek,Essential,Hatchback,2020,İçten Yanmalı (Standart),2014 tl/yıl,B,Corsa,Dizel,https://www.epey.com/araba/2020-yeni-opel-corsa-1-5-dizel-102-hp-edition.html,,,,,,,85 g/km,3.2 lt,41 lt,,2.9 lt,3.7 lt,,,4 yıldız,2020 Yeni Opel Corsa 1.5 Dizel 102 HP Edition NCAP/ANCAP Web Sayfası,2019,Var,,,,,,,,Önden Çekişli,,,,,6 ileri,Manuel,
1192 kg,10.40 mt.,1815 mm,4300 mm,1530 mm,,434 lt,,2020 Yeni Peugeot 2008 1.2 130 HP Active (4x2),,,,,,2020 Yeni Peugeot 2008 1.2 130 HP Active (4x2) Test Sürüşü Talep Sayfası,2020 Yeni Peugeot 2008 1.2 130 HP Active (4x2) Ürün Kataloğu,,,,,,,,Turbo,,3,1199 cc,Direkt Enjeksiyon,8.9 saniye,198 km/s,230 nm,130 BG,,,Fransa,,Binek,Active,SUV,2020,İçten Yanmalı (Standart),1156 tl/yıl,B,2008,Benzin,https://www.epey.com/araba/2020-yeni-peugeot-2008-1-2-130-hp-active-4x2.html,,,,,,,103 g/km,4.5 lt,44 lt,,4.0 lt,5.3 lt,,,4 yıldız,2020 Yeni Peugeot 2008 1.2 130 HP Active (4x2) NCAP/ANCAP Web Sayfası,2019,Var,,,,,,,,Önden Çekişli,,,,,6 ileri,Manuel,
1192 kg,10.40 mt.,1815 mm,4300 mm,1530 mm,,434 lt,,2020 Yeni Peugeot 2008 1.2 100 HP Active (4x2),,,,,,2020 Yeni Peugeot 2008 1.2 100 HP Active (4x2) Test Sürüşü Talep Sayfası,2020 Yeni Peugeot 2008 1.2 100 HP Active (4x2) Ürün Kataloğu,,,,,,,,Turbo,,3,1199 cc,Direkt Enjeksiyon,10.9 saniye,188 km/s,205 nm,100 BG,,,Fransa,,Binek,Active Dynamic,SUV,2020,İçten Yanmalı (Standart),1156 tl/yıl,B,2008,Benzin,https://www.epey.com/araba/2020-yeni-peugeot-2008-1-2-130-hp-active-dynamic-4x2.html,,,,,,,105 g/km,4.6 lt,44 lt,,4.0 lt,5.5 lt,,,4 yıldız,2020 Yeni Peugeot 2008 1.2 100 HP Active (4x2) NCAP/ANCAP Web Sayfası,2019,Var,,,,,,,,Önden Çekişli,,,,,6 ileri,Manuel,
1205 kg,10.40 mt.,1815 mm,4300 mm,1530 mm,,434 lt,,2020 Yeni Peugeot 2008 1.2 130 HP EAT8 Active (4x2),,,,,,2020 Yeni Peugeot 2008 1.2 130 HP EAT8 Active (4x2) Test Sürüşü Talep Sayfası,2020 Yeni Peugeot 2008 1.2 130 HP EAT8 Active (4x2) Ürün Kataloğu,,,,,,,,Turbo,,3,1199 cc,Direkt Enjeksiyon,9.1 saniye,198 km/s,230 nm,130 BG,,,Fransa,,Binek,Active,SUV,2020,İçten Yanmalı (Standart),1156 tl/yıl,B,2008,Benzin,https://www.epey.com/araba/2020-yeni-peugeot-2008-1-2-130-hp-eat8-active-4x2.html,,,,,,,109 g/km,4.8 lt,44 lt,,4.2 lt,5.8 lt,,,4 yıldız,2020 Yeni Peugeot 2008 1.2 130 HP EAT8 Active (4x2) NCAP/ANCAP Web Sayfası,2019,Var,,,,,,,,Önden Çekişli,,,,,8 ileri,Otomatik,EAT8 (Otomatik)
1205 kg,10.40 mt.,1815 mm,4300 mm,1530 mm,,434 lt,,2020 Yeni Peugeot 2008 1.2 130 HP EAT8 Allure (4x2),,,,,,2020 Yeni Peugeot 2008 1.2 130 HP EAT8 Allure (4x2) Test Sürüşü Talep Sayfası,2020 Yeni Peugeot 2008 1.2 130 HP EAT8 Allure (4x2) Ürün Kataloğu,,,,,,,,Turbo,,3,1199 cc,Direkt Enjeksiyon,9.1 saniye,198 km/s,230 nm,130 BG,,,Fransa,,Binek,Allure,SUV,2020,İçten Yanmalı (Standart),1156 tl/yıl,B,2008,Benzin,https://www.epey.com/araba/2020-yeni-peugeot-2008-1-2-130-hp-eat8-allure-4x2.html,,,,,,,109 g/km,4.8 lt,44 lt,,4.2 lt,5.8 lt,,,4 yıldız,2020 Yeni Peugeot 2008 1.2 130 HP EAT8 Allure (4x2) NCAP/ANCAP Web Sayfası,2019,Var,,,,,,,,Önden Çekişli,,,,,8 ileri,Otomatik,EAT8 (Otomatik)
1205 kg,10.40 mt.,1815 mm,4300 mm,1530 mm,,434 lt,,2020 Yeni Peugeot 2008 1.2 130 HP EAT8 GT (4x2),,,,,,2020 Yeni Peugeot 2008 1.2 130 HP EAT8 GT (4x2) Test Sürüşü Talep Sayfası,2020 Yeni Peugeot 2008 1.2 130 HP EAT8 GT (4x2) Ürün Kataloğu,,,,,,,,Turbo,,3,1199 cc,Direkt Enjeksiyon,9.1 saniye,198 km/s,230 nm,130 BG,,,Fransa,,Binek,GT,SUV,2020,İçten Yanmalı (Standart),1156 tl/yıl,B,2008,Benzin,https://www.epey.com/araba/2020-yeni-peugeot-2008-1-2-130-hp-eat8-gt-4x2.html,,,,,,,109 g/km,4.8 lt,44 lt,,4.2 lt,5.8 lt,,,4 yıldız,2020 Yeni Peugeot 2008 1.2 130 HP EAT8 GT (4x2) NCAP/ANCAP Web Sayfası,2019,Var,,,,,,,,Önden Çekişli,,,,,8 ileri,Otomatik,EAT8 (Otomatik)
1205 kg,10.40 mt.,1815 mm,4300 mm,1530 mm,,434 lt,,2020 Yeni Peugeot 2008 1.2 130 HP EAT8 GT-Line (4x2),,,,,,2020 Yeni Peugeot 2008 1.2 130 HP EAT8 GT-Line (4x2) Test Sürüşü Talep Sayfası,2020 Yeni Peugeot 2008 1.2 130 HP EAT8 GT-Line (4x2) Ürün Kataloğu,,,,,,,,Turbo,,3,1199 cc,Direkt Enjeksiyon,9.1 saniye,198 km/s,230 nm,130 BG,,,Fransa,,Binek,GT-Line,SUV,2020,İçten Yanmalı (Standart),1156 tl/yıl,B,2008,Benzin,https://www.epey.com/araba/2020-yeni-peugeot-2008-1-2-130-hp-eat8-gt-line-4x2.html,,,,,,,109 g/km,4.8 lt,44 lt,,4.2 lt,5.8 lt,,,4 yıldız,2020 Yeni Peugeot 2008 1.2 130 HP EAT8 GT-Line (4x2) NCAP/ANCAP Web Sayfası,2019,Var,,,,,,,,Önden Çekişli,,,,,8 ileri,Otomatik,EAT8 (Otomatik)
1205 kg,10.40 mt.,1815 mm,4300 mm,1530 mm,,434 lt,,2020 Yeni Peugeot 2008 1.2 130 HP EAT8 Active Sky Pack (4x2),,,,,,2020 Yeni Peugeot 2008 1.2 130 HP EAT8 Active Sky Pack (4x2) Test Sürüşü Talep Sayfası,2020 Yeni Peugeot 2008 1.2 130 HP EAT8 Active Sky Pack (4x2) Ürün Kataloğu,,,,,,,,Turbo,,3,1199 cc,Direkt Enjeksiyon,9.1 saniye,198 km/s,230 nm,130 BG,,,Fransa,,Binek,Active Sky Pack,SUV,2020,İçten Yanmalı (Standart),1156 tl/yıl,B,2008,Benzin,https://www.epey.com/araba/2020-yeni-peugeot-2008-1-2-130-hp-eat8-sky-pack-4x2.html,,,,,,,109 g/km,4.8 lt,44 lt,,4.2 lt,5.8 lt,,,4 yıldız,2020 Yeni Peugeot 2008 1.2 130 HP EAT8 Active Sky Pack (4x2) NCAP/ANCAP Web Sayfası,2019,Var,,,,,,,,Önden Çekişli,,,,,8 ileri,Otomatik,EAT8 (Otomatik)
1205 kg,10.40 mt.,1815 mm,4300 mm,1530 mm,,434 lt,,2020 Yeni Peugeot 2008 1.2 155 HP EAT8 GT-Dynamic (4x2),,,,,,2020 Yeni Peugeot 2008 1.2 155 HP EAT8 GT-Dynamic (4x2) Test Sürüşü Talep Sayfası,2020 Yeni Peugeot 2008 1.2 155 HP EAT8 GT-Dynamic (4x2) Ürün Kataloğu,,,,,,,,Turbo,,3,1199 cc,Direkt Enjeksiyon,8.2 saniye,208 km/s,240 nm,155 BG,,,Fransa,,Binek,GT-Dynamic,SUV,2020,İçten Yanmalı (Standart),1156 tl/yıl,B,2008,Benzin,https://www.epey.com/araba/2020-yeni-peugeot-2008-1-2-155-hp-eat8-gt-dynamic-4x2.html,,,,,,,109 g/km,4.8 lt,44 lt,,4.2 lt,5.8 lt,,,4 yıldız,2020 Yeni Peugeot 2008 1.2 155 HP EAT8 GT-Dynamic (4x2) NCAP/ANCAP Web Sayfası,2019,Var,,,,,,,,Önden Çekişli,,,,,8 ileri,Otomatik,EAT8 (Otomatik)
1265 kg,10.40 mt.,1815 mm,4300 mm,1530 mm,,434 lt,,2020 Yeni Peugeot 2008 1.5 BlueHDi 100 HP Active (4x2),,,,,,2020 Yeni Peugeot 2008 1.5 BlueHDi 100 HP Active (4x2) Test Sürüşü Talep Sayfası,2020 Yeni Peugeot 2008 1.5 BlueHDi 100 HP Active (4x2) Ürün Kataloğu,,,,,,,,Turbo,,4,1499 cc,Common Rail Direkt Enjeksiyon,11.4 saniye,180 km/s,250 nm,100 BG,,,Fransa,,Binek,Active,SUV,2020,İçten Yanmalı (Standart),2014 tl/yıl,B,2008,Dizel,https://www.epey.com/araba/2020-yeni-peugeot-2008-1-5-bluehdi-100-hp-active-4x2.html,,,,,,,96 g/km,3.6 lt,41 lt,,3.3 lt,4.2 lt,,,4 yıldız,2020 Yeni Peugeot 2008 1.5 BlueHDi 100 HP Active (4x2) NCAP/ANCAP Web Sayfası,2019,Var,,,,,,,,Önden Çekişli,,,,,6 ileri,Manuel,
1303 kg,10.40 mt.,1815 mm,4300 mm,1530 mm,,434 lt,,2020 Yeni Peugeot 2008 1.5 BlueHDi 130 HP EAT8 Active (4x2),,,,,,2020 Yeni Peugeot 2008 1.5 BlueHDi 130 HP EAT8 Active (4x2) Test Sürüşü Talep Sayfası,2020 Yeni Peugeot 2008 1.5 BlueHDi 130 HP EAT8 Active (4x2) Ürün Kataloğu,,,,,,,,Turbo,,4,1499 cc,Common Rail Direkt Enjeksiyon,9.3 saniye,195 km/s,300 nm,130 BG,,,Fransa,,Binek,Active,SUV,2020,İçten Yanmalı (Standart),2014 tl/yıl,B,2008,Dizel,https://www.epey.com/araba/2020-yeni-peugeot-2008-1-5-bluehdi-130-hp-eat8-active-4x2.html,,,,,,,100 g/km,3.8 lt,41 lt,,3.5 lt,4.2 lt,,,4 yıldız,2020 Yeni Peugeot 2008 1.5 BlueHDi 130 HP EAT8 Active (4x2) NCAP/ANCAP Web Sayfası,2019,Var,,,,,,,,Önden Çekişli,,,,,8 ileri,Otomatik,EAT8 (Otomatik)
1303 kg,10.40 mt.,1815 mm,4300 mm,1530 mm,,434 lt,,2020 Yeni Peugeot 2008 1.5 BlueHDi 130 HP EAT8 Active Sky Pack (4x2),,,,,,2020 Yeni Peugeot 2008 1.5 BlueHDi 130 HP EAT8 Active Sky Pack (4x2) Test Sürüşü Talep Sayfası,2020 Yeni Peugeot 2008 1.5 BlueHDi 130 HP EAT8 Active Sky Pack (4x2) Ürün Kataloğu,,,,,,,,Turbo,,4,1499 cc,Common Rail Direkt Enjeksiyon,9.3 saniye,195 km/s,300 nm,130 BG,,,Fransa,,Binek,Active Sky Pack,SUV,2020,İçten Yanmalı (Standart),2014 tl/yıl,B,2008,Dizel,https://www.epey.com/araba/2020-yeni-peugeot-2008-1-5-bluehdi-130-hp-eat8-active-sky-pack-4x2.html,,,,,,,100 g/km,3.8 lt,41 lt,,3.5 lt,4.2 lt,,,4 yıldız,2020 Yeni Peugeot 2008 1.5 BlueHDi 130 HP EAT8 Active Sky Pack (4x2) NCAP/ANCAP Web Sayfası,2019,Var,,,,,,,,Önden Çekişli,,,,,8 ileri,Otomatik,EAT8 (Otomatik)
1303 kg,10.40 mt.,1815 mm,4300 mm,1530 mm,,434 lt,,2020 Yeni Peugeot 2008 1.5 BlueHDi 130 HP EAT8 Allure (4x2),,,,,,2020 Yeni Peugeot 2008 1.5 BlueHDi 130 HP EAT8 Allure (4x2) Test Sürüşü Talep Sayfası,2020 Yeni Peugeot 2008 1.5 BlueHDi 130 HP EAT8 Allure (4x2) Ürün Kataloğu,,,,,,,,Turbo,,4,1499 cc,Common Rail Direkt Enjeksiyon,9.3 saniye,195 km/s,300 nm,130 BG,,,Fransa,,Binek,Allure,SUV,2020,İçten Yanmalı (Standart),2014 tl/yıl,B,2008,Dizel,https://www.epey.com/araba/2020-yeni-peugeot-2008-1-5-bluehdi-130-hp-eat8-allure-4x2.html,,,,,,,100 g/km,3.8 lt,41 lt,,3.5 lt,4.2 lt,,,4 yıldız,2020 Yeni Peugeot 2008 1.5 BlueHDi 130 HP EAT8 Allure (4x2) NCAP/ANCAP Web Sayfası,2019,Var,,,,,,,,Önden Çekişli,,,,,8 ileri,Otomatik,EAT8 (Otomatik)
1303 kg,10.40 mt.,1815 mm,4300 mm,1530 mm,,434 lt,,2020 Yeni Peugeot 2008 1.5 BlueHDi 130 HP EAT8 GT (4x2),,,,,,2020 Yeni Peugeot 2008 1.5 BlueHDi 130 HP EAT8 GT (4x2) Test Sürüşü Talep Sayfası,2020 Yeni Peugeot 2008 1.5 BlueHDi 130 HP EAT8 GT (4x2) Ürün Kataloğu,,,,,,,,Turbo,,4,1499 cc,Common Rail Direkt Enjeksiyon,9.3 saniye,195 km/s,300 nm,130 BG,,,Fransa,,Binek,GT,SUV,2020,İçten Yanmalı (Standart),2014 tl/yıl,B,2008,Dizel,https://www.epey.com/araba/2020-yeni-peugeot-2008-1-5-bluehdi-130-hp-eat8-gt-4x2.html,,,,,,,100 g/km,3.8 lt,41 lt,,3.5 lt,4.2 lt,,,4 yıldız,2020 Yeni Peugeot 2008 1.5 BlueHDi 130 HP EAT8 GT (4x2) NCAP/ANCAP Web Sayfası,2019,Var,,,,,,,,Önden Çekişli,,,,,8 ileri,Otomatik,EAT8 (Otomatik)
1303 kg,10.40 mt.,1815 mm,4300 mm,1530 mm,,434 lt,,2020 Yeni Peugeot 2008 1.5 BlueHDi 130 HP EAT8 GT-Line (4x2),,,,,,2020 Yeni Peugeot 2008 1.5 BlueHDi 130 HP EAT8 GT-Line (4x2) Test Sürüşü Talep Sayfası,2020 Yeni Peugeot 2008 1.5 BlueHDi 130 HP EAT8 GT-Line (4x2) Ürün Kataloğu,,,,,,,,Turbo,,4,1499 cc,Common Rail Direkt Enjeksiyon,9.3 saniye,195 km/s,300 nm,130 BG,,,Fransa,,Binek,GT-Line,SUV,2020,İçten Yanmalı (Standart),2014 tl/yıl,B,2008,Dizel,https://www.epey.com/araba/2020-yeni-peugeot-2008-1-5-bluehdi-130-hp-eat8-gt-line-4x2.html,,,,,,,100 g/km,3.8 lt,41 lt,,3.5 lt,4.2 lt,,,4 yıldız,2020 Yeni Peugeot 2008 1.5 BlueHDi 130 HP EAT8 GT-Line (4x2) NCAP/ANCAP Web Sayfası,2019,Var,,,,,,,,Önden Çekişli,,,,,8 ileri,Otomatik,EAT8 (Otomatik)
1117 kg,,1798 mm,4050 mm,1440 mm,1069 lt,391 lt,,2020 Yeni Renault Clio 1.0 SCe 72 BG Joy,,,,,,2020 Yeni Renault Clio 1.0 SCe 72 BG Joy Test Sürüşü Talep Sayfası,2020 Yeni Renault Clio 1.0 SCe 72 BG Joy Ürün Kataloğu,,,,,,,,Atmosferik,,3,999 cc,,16.4 saniye,162 km/s,95 nm,72 BG,,,Fransa,Hatchback,Binek,Joy,Hatchback,2020,İçten Yanmalı (Standart),1156 tl/yıl,B,Clio,Benzin,https://www.epey.com/araba/2020-yeni-renault-clio-1-0-sce-72-bg-joy.html,,,,,,,114 g/km,5.3 lt,42 lt,,4.3 lt,6.3 lt,,,5 yıldız,2020 Yeni Renault Clio 1.0 SCe 72 BG Joy NCAP/ANCAP Web Sayfası,2019,Var,,,,,,,,Önden Çekişli,,,,,5 ileri,Manuel,
1165 kg,,1798 mm,4050 mm,1440 mm,1069 lt,391 lt,,2020 Yeni Renault Clio 1.0 TCe 100 BG Icon,,,,,,2020 Yeni Renault Clio 1.0 TCe 100 BG Icon Test Sürüşü Talep Sayfası,2020 Yeni Renault Clio 1.0 TCe 100 BG Icon Ürün Kataloğu,,,,,,,,Turbo,,3,999 cc,,11.8 saniye,187 km/s,160 nm,100 BG,,,Fransa,Hatchback,Binek,Icon,Hatchback,2020,İçten Yanmalı (Standart),1156 tl/yıl,B,Clio,Benzin,https://www.epey.com/araba/2020-yeni-renault-clio-1-0-tce-100-bg-icon.html,,,,,,,102 g/km,4.5 lt,42 lt,,3.8 lt,5.6 lt,,,5 yıldız,2020 Yeni Renault Clio 1.0 TCe 100 BG Icon NCAP/ANCAP Web Sayfası,2019,Var,,,,,,,,Önden Çekişli,,,,,5 ileri,Manuel,
1165 kg,,1798 mm,4050 mm,1440 mm,1069 lt,391 lt,,2020 Yeni Renault Clio 1.0 TCe 100 BG Touch,,,,,,2020 Yeni Renault Clio 1.0 TCe 100 BG Touch Test Sürüşü Talep Sayfası,2020 Yeni Renault Clio 1.0 TCe 100 BG Touch Ürün Kataloğu,,,,,,,,Turbo,,3,999 cc,,11.8 saniye,187 km/s,160 nm,100 BG,,,Fransa,Hatchback,Binek,Touch,Hatchback,2020,İçten Yanmalı (Standart),1156 tl/yıl,B,Clio,Benzin,https://www.epey.com/araba/2020-yeni-renault-clio-1-0-tce-100-bg-touch.html,,,,,,,102 g/km,4.5 lt,42 lt,,3.8 lt,5.6 lt,,,5 yıldız,2020 Yeni Renault Clio 1.0 TCe 100 BG Touch NCAP/ANCAP Web Sayfası,2019,Var,,,,,,,,Önden Çekişli,,,,,5 ileri,Manuel,
1187 kg,,1798 mm,4050 mm,1440 mm,1069 lt,391 lt,,2020 Yeni Renault Clio 1.0 TCe 100 BG X-Tronic Icon,,,,,,2020 Yeni Renault Clio 1.0 TCe 100 BG X-Tronic Icon Test Sürüşü Talep Sayfası,2020 Yeni Renault Clio 1.0 TCe 100 BG X-Tronic Icon Ürün Kataloğu,,,,,,,,Turbo,,3,999 cc,,11.5 saniye,182 km/s,142 nm,100 BG,,,Fransa,Hatchback,Binek,Icon,Hatchback,2020,İçten Yanmalı (Standart),1156 tl/yıl,B,Clio,Benzin,https://www.epey.com/araba/2020-yeni-renault-clio-1-0-tce-100-bg-x-tronic-icon.html,,,,,,,113 g/km,5.0 lt,42 lt,,4.1 lt,6.3 lt,,,5 yıldız,2020 Yeni Renault Clio 1.0 TCe 100 BG X-Tronic Icon NCAP/ANCAP Web Sayfası,2019,Var,,,,,,,,Önden Çekişli,,,,,,Otomatik,X-Tronic (Değişken Oranlı)
