AĞIRLIK & ÖLÇÜLER - Ağırlık,AĞIRLIK & ÖLÇÜLER - Dönüş Çapı,AĞIRLIK & ÖLÇÜLER - Genişlik,AĞIRLIK & ÖLÇÜLER - Uzunluk,AĞIRLIK & ÖLÇÜLER - Yükseklik,BAGAJ ÖZELLİKLERİ - Bagaj Hacmi (2 Koltuk),BAGAJ ÖZELLİKLERİ - Bagaj Hacmi (5 Koltuk),BAGAJ ÖZELLİKLERİ - Bagaj Hacmi (7 Koltuk),Başlık,DOKÜMAN - Test Sürüşü Talep Sayfası,DOKÜMAN - Ürün Kataloğu,GARANTİ & YOL YARDIM - Garanti,GARANTİ & YOL YARDIM - Yol Yardım Bilgileri,GARANTİ & YOL YARDIM - Yol Yardım Hizmeti,MOTOR (Elektrikli) - Azami Tork,MOTOR (Elektrikli) - Batarya Kapasitesi,MOTOR (Elektrikli) - Batarya Tipi,MOTOR (Elektrikli) - Menzil (WLTP-Birleşik),MOTOR (İçten Yanmalı) - Besleme Tipi,MOTOR (İçten Yanmalı) - Diğer Motor Özellikleri,MOTOR (İçten Yanmalı) - Silindir Adedi,MOTOR (İçten Yanmalı) - Silindir Hacmi,MOTOR (İçten Yanmalı) - Yakıt Püskürtme,PERFORMANS - 0-100 Km Hızlanma,PERFORMANS - Azami Hız,PERFORMANS - Azami Tork (Toplam),PERFORMANS - Beygir Gücü (Toplam),TEMEL ÖZELLİKLER - Ait Olduğu Ülke,TEMEL ÖZELLİKLER - Alt Seri,TEMEL ÖZELLİKLER - Araç Türü,TEMEL ÖZELLİKLER - Donanım Paketi,TEMEL ÖZELLİKLER - Engelli Bireyler İçin ÖTV Muafiyeti,TEMEL ÖZELLİKLER - Gövde Tipi,TEMEL ÖZELLİKLER - Model Yılı,TEMEL ÖZELLİKLER - Motor Tipi,TEMEL ÖZELLİKLER - Motorlu Taşıt Vergisi,TEMEL ÖZELLİKLER - Segment,TEMEL ÖZELLİKLER - Seri,TEMEL ÖZELLİKLER - Yakıt Tipi,URL,YAKIT TÜKETİMİ & EMİSYON - LPG,YAKIT TÜKETİMİ & EMİSYON - LPG Kapasitesi,YAKIT TÜKETİMİ & EMİSYON - LPG OrtalamaTüketim (100 km),YAKIT TÜKETİMİ & EMİSYON - LPG Şehir Dışı Tüketim (100 km),YAKIT TÜKETİMİ & EMİSYON - LPG Şehir İçi Tüketim (100 km),YAKIT TÜKETİMİ & EMİSYON - Ortalama Emisyon,YAKIT TÜKETİMİ & EMİSYON - Ortalama Y.Tüketimi (100 km),YAKIT TÜKETİMİ & EMİSYON - Yakıt Kapasitesi,YAKIT TÜKETİMİ & EMİSYON - Çevre Standardı (Emisyon),YAKIT TÜKETİMİ & EMİSYON - Şehir Dışı Tüketim (100 km),YAKIT TÜKETİMİ & EMİSYON - Şehir İçi Tüketim (100 km),YOLCU EMNİYETİ - Anahtarsız Sistem,YOLCU EMNİYETİ - Hava Yastığı,YOLCU EMNİYETİ - NCAP/ANCAP Puanı,YOLCU EMNİYETİ - NCAP/ANCAP Web Sayfası,YOLCU EMNİYETİ - NCAP/ANCAP Yılı,YOLCU EMNİYETİ - Çarpışma Testi (NCAP/ANCAP),YÜK ALANI - Azami Hacim,YÜK ALANI - Azami Yük (İstiap Haddi),YÜK ALANI - Azami Yüklü Ağırlık,YÜK ALANI - Azami İç Genişlik,YÜK ALANI - Azami İç Uzunluk,YÜK ALANI - Azami İç Yükseklik,YÜK ALANI - Davlumbaz Aralığı,ŞANZIMAN & ÇEKİŞ SİSTEMİ - Yerden Yükseklik (Azami),ŞANZIMAN & ÇEKİŞ SİSTEMİ - Çekiş,ŞANZIMAN & ÇEKİŞ SİSTEMİ - Çekiş Kontrol Sistemi,ŞANZIMAN & ÇEKİŞ SİSTEMİ - Çekiş Kontrol Özellikleri,ŞANZIMAN & ÇEKİŞ SİSTEMİ - Çekme Kapasitesi (Frenli),ŞANZIMAN & ÇEKİŞ SİSTEMİ - Çekme Kapasitesi (Frensiz),ŞANZIMAN & ÇEKİŞ SİSTEMİ - Şanzıman Kademesi,ŞANZIMAN & ÇEKİŞ SİSTEMİ - Şanzıman Türü,ŞANZIMAN & ÇEKİŞ SİSTEMİ - Şanzıman Özellikleri
1205 kg,10.90 mt.,1792 mm,4532 mm,1497 mm,,520 lt,,2019 Fiat Egea 1.3 Multijet 95 HP Mirror,2019 Fiat Egea 1.3 Multijet 95 HP Mirror Test Sürüşü Talep Sayfası,2019 Fiat Egea 1.3 Multijet 95 HP Mirror Ürün Kataloğu,"3 Yıl Boya
5 Yıl / 100 Bin Km Mekanik
8 Yıl Paslanmazlık",Fiat Acil Servis 444 2255,Var,,,,,Turbo,Multijet II (Geliştirilmiş Çoklu Enjeksiyon),4,1248 cc,Common Rail Direkt Enjeksiyon,11.7 saniye,183 km/s,200 nm,95 BG,İtalya,Sedan,Binek,Mirror,,Sedan,2019,İçten Yanmalı (Standart),1034 tl/yıl,C,Egea,Dizel,https://www.epey.com/araba/2019-fiat-egea-1-3-multijet-95-hp-mirror.html,,,,,,110 g/km,4.2 lt,45 lt,Euro 5,3.5 lt,5.4 lt,,,3 yıldız,2019 Fiat Egea 1.3 Multijet 95 HP Mirror NCAP/ANCAP Web Sayfası,2016,Var,,,,,,,,,Önden Çekişli,,,,,5 ileri,Manuel,
1205 kg,10.90 mt.,1792 mm,4532 mm,1497 mm,,520 lt,,2019 Fiat Egea 1.3 Multijet 95 HP Urban Plus,2019 Fiat Egea 1.3 Multijet 95 HP Urban Plus Test Sürüşü Talep Sayfası,2019 Fiat Egea 1.3 Multijet 95 HP Urban Plus Ürün Kataloğu,"3 Yıl Boya
5 Yıl / 100 Bin Km Mekanik
8 Yıl Paslanmazlık",Fiat Acil Servis 444 2255,Var,,,,,Turbo,Multijet II (Geliştirilmiş Çoklu Enjeksiyon),4,1248 cc,Common Rail Direkt Enjeksiyon,11.7 saniye,183 km/s,200 nm,95 BG,İtalya,Sedan,Binek,Urban Plus,,Sedan,2019,İçten Yanmalı (Standart),1034 tl/yıl,C,Egea,Dizel,https://www.epey.com/araba/2019-fiat-egea-1-3-multijet-95-hp-urban-plus.html,,,,,,110 g/km,4.2 lt,45 lt,Euro 5,3.5 lt,5.4 lt,,,3 yıldız,2019 Fiat Egea 1.3 Multijet 95 HP Urban Plus NCAP/ANCAP Web Sayfası,2016,Var,,,,,,,,,Önden Çekişli,,,,,5 ileri,Manuel,
1150 kg,10.90 mt.,1792 mm,4532 mm,1497 mm,,520 lt,,2019 Fiat Egea 1.4 Fire 95 HP Easy,2019 Fiat Egea 1.4 Fire 95 HP Easy Test Sürüşü Talep Sayfası,2019 Fiat Egea 1.4 Fire 95 HP Easy Ürün Kataloğu,"3 Yıl Boya
5 Yıl / 100 Bin Km Mekanik
8 Yıl Paslanmazlık",Fiat Acil Servis 444 2255,Var,,,,,Atmosferik,,4,1368 cc,Çok Noktadan Enjeksiyon,11.5 saniye,185 km/s,127 nm,95 BG,İtalya,Sedan,Binek,Easy,,Sedan,2019,İçten Yanmalı (Standart),1800 tl/yıl,C,Egea,Benzin,https://www.epey.com/araba/2019-fiat-egea-1-4-fire-95-hp-easy.html,,,,,,133 g/km,5.7 lt,45 lt,Euro 6,4.6 lt,7.7 lt,,,3 yıldız,2019 Fiat Egea 1.4 Fire 95 HP Easy NCAP/ANCAP Web Sayfası,2016,Var,,,,,,,,,Önden Çekişli,,,,,6 ileri,Manuel,
1150 kg,10.90 mt.,1792 mm,4532 mm,1497 mm,,520 lt,,2019 Fiat Egea 1.4 Fire 95 HP Mirror,2019 Fiat Egea 1.4 Fire 95 HP Mirror Test Sürüşü Talep Sayfası,2019 Fiat Egea 1.4 Fire 95 HP Mirror Ürün Kataloğu,"3 Yıl Boya
5 Yıl / 100 Bin Km Mekanik
8 Yıl Paslanmazlık",Fiat Acil Servis 444 2255,Var,,,,,Atmosferik,,4,1368 cc,Çok Noktadan Enjeksiyon,11.5 saniye,185 km/s,127 nm,95 BG,İtalya,Sedan,Binek,Mirror,,Sedan,2019,İçten Yanmalı (Standart),1800 tl/yıl,C,Egea,Benzin,https://www.epey.com/araba/2019-fiat-egea-1-4-fire-95-hp-mirror-2.html,,,,,,133 g/km,5.7 lt,45 lt,Euro 6,4.6 lt,7.7 lt,,,3 yıldız,2019 Fiat Egea 1.4 Fire 95 HP Mirror NCAP/ANCAP Web Sayfası,2016,Var,,,,,,,,,Önden Çekişli,,,,,6 ileri,Manuel,
1150 kg,10.90 mt.,1792 mm,4532 mm,1497 mm,,520 lt,,2019 Fiat Egea 1.4 Fire 95 HP Urban Plus,2019 Fiat Egea 1.4 Fire 95 HP Urban Plus Test Sürüşü Talep Sayfası,2019 Fiat Egea 1.4 Fire 95 HP Urban Plus Ürün Kataloğu,"3 Yıl Boya
5 Yıl / 100 Bin Km Mekanik
8 Yıl Paslanmazlık",Fiat Acil Servis 444 2255,Var,,,,,Atmosferik,,4,1368 cc,Çok Noktadan Enjeksiyon,11.5 saniye,185 km/s,127 nm,95 BG,İtalya,Sedan,Binek,Urban Plus,,Sedan,2019,İçten Yanmalı (Standart),1800 tl/yıl,C,Egea,Benzin,https://www.epey.com/araba/2019-fiat-egea-1-4-fire-95-hp-urban-plus.html,,,,,,133 g/km,5.7 lt,45 lt,Euro 6,4.6 lt,7.7 lt,,,3 yıldız,2019 Fiat Egea 1.4 Fire 95 HP Urban Plus NCAP/ANCAP Web Sayfası,2016,Var,,,,,,,,,Önden Çekişli,,,,,6 ileri,Manuel,
1205 kg,10.90 mt.,1792 mm,4532 mm,1497 mm,,520 lt,,2019 Fiat Egea 1.6 E-Torq 110 HP Otomatik Easy,2019 Fiat Egea 1.6 E-Torq 110 HP Otomatik Easy Test Sürüşü Talep Sayfası,2019 Fiat Egea 1.6 E-Torq 110 HP Otomatik Easy Ürün Kataloğu,"3 Yıl Boya
5 Yıl / 100 Bin Km Mekanik
8 Yıl Paslanmazlık",Fiat Acil Servis 444 2255,Var,,,,,Atmosferik,,4,1598 cc,Çok Noktadan Enjeksiyon,11.2 saniye,192 km/s,152 nm,110 BG,İtalya,Sedan,Binek,Easy,,Sedan,2019,İçten Yanmalı (Standart),1800 tl/yıl,C,Egea,Benzin,https://www.epey.com/araba/2019-fiat-egea-1-6-e-torq-110-hp-otomatik-easy.html,,,,,,146 g/km,6.3 lt,45 lt,Euro 6,5.0 lt,8.5 lt,,,3 yıldız,2019 Fiat Egea 1.6 E-Torq 110 HP Otomatik Easy NCAP/ANCAP Web Sayfası,2016,Var,,,,,,,,,Önden Çekişli,,,,,6 ileri,Otomatik,
1205 kg,10.90 mt.,1792 mm,4532 mm,1497 mm,,520 lt,,2019 Fiat Egea 1.6 E-Torq 110 HP Otomatik Lounge Plus,2019 Fiat Egea 1.6 E-Torq 110 HP Otomatik Lounge Plus Test Sürüşü Talep Sayfası,2019 Fiat Egea 1.6 E-Torq 110 HP Otomatik Lounge Plus Ürün Kataloğu,"3 Yıl Boya
5 Yıl / 100 Bin Km Mekanik
8 Yıl Paslanmazlık",Fiat Acil Servis 444 2255,Var,,,,,Atmosferik,,4,1598 cc,Çok Noktadan Enjeksiyon,11.2 saniye,192 km/s,152 nm,110 BG,İtalya,Sedan,Binek,Lounge Plus,,Sedan,2019,İçten Yanmalı (Standart),1800 tl/yıl,C,Egea,Benzin,https://www.epey.com/araba/2019-fiat-egea-1-6-e-torq-110-hp-otomatik-lounge-plus.html,,,,,,146 g/km,6.3 lt,45 lt,Euro 6,5.0 lt,8.5 lt,,,3 yıldız,2019 Fiat Egea 1.6 E-Torq 110 HP Otomatik Lounge Plus NCAP/ANCAP Web Sayfası,2016,Var,,,,,,,,,Önden Çekişli,,,,,6 ileri,Otomatik,
1205 kg,10.90 mt.,1792 mm,4532 mm,1497 mm,,520 lt,,2019 Fiat Egea 1.6 E-Torq 110 HP Otomatik Mirror,2019 Fiat Egea 1.6 E-Torq 110 HP Otomatik Mirror Test Sürüşü Talep Sayfası,2019 Fiat Egea 1.6 E-Torq 110 HP Otomatik Mirror Ürün Kataloğu,"3 Yıl Boya
5 Yıl / 100 Bin Km Mekanik
8 Yıl Paslanmazlık",Fiat Acil Servis 444 2255,Var,,,,,Atmosferik,,4,1598 cc,Çok Noktadan Enjeksiyon,11.2 saniye,192 km/s,152 nm,110 BG,İtalya,Sedan,Binek,Mirror,,Sedan,2019,İçten Yanmalı (Standart),1800 tl/yıl,C,Egea,Benzin,https://www.epey.com/araba/2019-fiat-egea-1-6-e-torq-110-hp-otomatik-mirror.html,,,,,,146 g/km,6.3 lt,45 lt,Euro 6,5.0 lt,8.5 lt,,,3 yıldız,2019 Fiat Egea 1.6 E-Torq 110 HP Otomatik Mirror NCAP/ANCAP Web Sayfası,2016,Var,,,,,,,,,Önden Çekişli,,,,,6 ileri,Otomatik,
1205 kg,10.90 mt.,1792 mm,4532 mm,1497 mm,,520 lt,,2019 Fiat Egea 1.6 E-Torq 110 HP Otomatik Urban Plus,2019 Fiat Egea 1.6 E-Torq 110 HP Otomatik Urban Plus Test Sürüşü Talep Sayfası,2019 Fiat Egea 1.6 E-Torq 110 HP Otomatik Urban Plus Ürün Kataloğu,"3 Yıl Boya
5 Yıl / 100 Bin Km Mekanik
8 Yıl Paslanmazlık",Fiat Acil Servis 444 2255,Var,,,,,Atmosferik,,4,1598 cc,Çok Noktadan Enjeksiyon,11.2 saniye,192 km/s,152 nm,110 BG,İtalya,Sedan,Binek,Urban Plus,,Sedan,2019,İçten Yanmalı (Standart),1800 tl/yıl,C,Egea,Benzin,https://www.epey.com/araba/2019-fiat-egea-1-6-e-torq-110-hp-otomatik-urban-plus.html,,,,,,146 g/km,6.3 lt,45 lt,Euro 6,5.0 lt,8.5 lt,,,3 yıldız,2019 Fiat Egea 1.6 E-Torq 110 HP Otomatik Urban Plus NCAP/ANCAP Web Sayfası,2016,Var,,,,,,,,,Önden Çekişli,,,,,6 ileri,Otomatik,
1295 kg,10.90 mt.,1792 mm,4532 mm,1497 mm,,520 lt,,2019 Fiat Egea 1.6 Multijet 120 HP DCT Easy,2019 Fiat Egea 1.6 Multijet 120 HP DCT Easy Test Sürüşü Talep Sayfası,2019 Fiat Egea 1.6 Multijet 120 HP DCT Easy Ürün Kataloğu,"3 Yıl Boya
5 Yıl / 100 Bin Km Mekanik
8 Yıl Paslanmazlık",Fiat Acil Servis 444 2255,Var,,,,,Turbo,Multijet II (Geliştirilmiş Çoklu Enjeksiyon),4,1598 cc,Common Rail Direkt Enjeksiyon,9.8 saniye,200 km/s,320 nm,120 BG,İtalya,Sedan,Binek,Easy,,Sedan,2019,İçten Yanmalı (Standart),1800 tl/yıl,C,Egea,Dizel,https://www.epey.com/araba/2019-fiat-egea-1-6-multijet-120-hp-dct-easy.html,,,,,,102 g/km,3.9 lt,45 lt,Euro 5,3.5 lt,4.5 lt,,,3 yıldız,2019 Fiat Egea 1.6 Multijet 120 HP DCT Easy NCAP/ANCAP Web Sayfası,2016,Var,,,,,,,,,Önden Çekişli,,,,,6 ileri,Otomatik,DCT (Yarı Otm.)
1295 kg,10.90 mt.,1792 mm,4532 mm,1497 mm,,520 lt,,2019 Fiat Egea 1.6 Multijet 120 HP DCT Lounge Plus,2019 Fiat Egea 1.6 Multijet 120 HP DCT Lounge Plus Test Sürüşü Talep Sayfası,2019 Fiat Egea 1.6 Multijet 120 HP DCT Lounge Plus Ürün Kataloğu,"3 Yıl Boya
5 Yıl / 100 Bin Km Mekanik
8 Yıl Paslanmazlık",Fiat Acil Servis 444 2255,Var,,,,,Turbo,Multijet II (Geliştirilmiş Çoklu Enjeksiyon),4,1598 cc,Common Rail Direkt Enjeksiyon,9.8 saniye,200 km/s,320 nm,120 BG,İtalya,Sedan,Binek,Lounge Plus,,Sedan,2019,İçten Yanmalı (Standart),1800 tl/yıl,C,Egea,Dizel,https://www.epey.com/araba/2019-fiat-egea-1-6-multijet-120-hp-dct-lounge-plus.html,,,,,,102 g/km,3.9 lt,45 lt,Euro 5,3.5 lt,4.5 lt,,,3 yıldız,2019 Fiat Egea 1.6 Multijet 120 HP DCT Lounge Plus NCAP/ANCAP Web Sayfası,2016,Var,,,,,,,,,Önden Çekişli,,,,,6 ileri,Otomatik,DCT (Yarı Otm.)
1295 kg,10.90 mt.,1792 mm,4532 mm,1497 mm,,520 lt,,2019 Fiat Egea 1.6 Multijet 120 HP DCT Mirror,2019 Fiat Egea 1.6 Multijet 120 HP DCT Mirror Test Sürüşü Talep Sayfası,2019 Fiat Egea 1.6 Multijet 120 HP DCT Mirror Ürün Kataloğu,"3 Yıl Boya
5 Yıl / 100 Bin Km Mekanik
8 Yıl Paslanmazlık",Fiat Acil Servis 444 2255,Var,,,,,Turbo,Multijet II (Geliştirilmiş Çoklu Enjeksiyon),4,1598 cc,Common Rail Direkt Enjeksiyon,9.8 saniye,200 km/s,320 nm,120 BG,İtalya,Sedan,Binek,Mirror,,Sedan,2019,İçten Yanmalı (Standart),1800 tl/yıl,C,Egea,Dizel,https://www.epey.com/araba/2019-fiat-egea-1-6-multijet-120-hp-dct-mirror.html,,,,,,102 g/km,3.9 lt,45 lt,Euro 5,3.5 lt,4.5 lt,,,3 yıldız,2019 Fiat Egea 1.6 Multijet 120 HP DCT Mirror NCAP/ANCAP Web Sayfası,2016,Var,,,,,,,,,Önden Çekişli,,,,,6 ileri,Otomatik,DCT (Yarı Otm.)
1295 kg,10.90 mt.,1792 mm,4532 mm,1497 mm,,520 lt,,2019 Fiat Egea 1.6 Multijet 120 HP DCT Urban Plus,2019 Fiat Egea 1.6 Multijet 120 HP DCT Urban Plus Test Sürüşü Talep Sayfası,2019 Fiat Egea 1.6 Multijet 120 HP DCT Urban Plus Ürün Kataloğu,"3 Yıl Boya
5 Yıl / 100 Bin Km Mekanik
8 Yıl Paslanmazlık",Fiat Acil Servis 444 2255,Var,,,,,Turbo,Multijet II (Geliştirilmiş Çoklu Enjeksiyon),4,1598 cc,Common Rail Direkt Enjeksiyon,9.8 saniye,200 km/s,320 nm,120 BG,İtalya,Sedan,Binek,Urban Plus,,Sedan,2019,İçten Yanmalı (Standart),1800 tl/yıl,C,Egea,Dizel,https://www.epey.com/araba/2019-fiat-egea-1-6-multijet-120-hp-dct-urban-plus.html,,,,,,102 g/km,3.9 lt,45 lt,Euro 5,3.5 lt,4.5 lt,,,3 yıldız,2019 Fiat Egea 1.6 Multijet 120 HP DCT Urban Plus NCAP/ANCAP Web Sayfası,2016,Var,,,,,,,,,Önden Çekişli,,,,,6 ileri,Otomatik,DCT (Yarı Otm.)
1270 kg,10.90 mt.,1792 mm,4532 mm,1497 mm,,520 lt,,2019 Fiat Egea 1.6 Multijet 120 HP Lounge Plus,2019 Fiat Egea 1.6 Multijet 120 HP Lounge Plus Test Sürüşü Talep Sayfası,2019 Fiat Egea 1.6 Multijet 120 HP Lounge Plus Ürün Kataloğu,"3 Yıl Boya
5 Yıl / 100 Bin Km Mekanik
8 Yıl Paslanmazlık",Fiat Acil Servis 444 2255,Var,,,,,Turbo,Multijet II (Geliştirilmiş Çoklu Enjeksiyon),4,1598 cc,Common Rail Direkt Enjeksiyon,9.8 saniye,200 km/s,320 nm,120 BG,İtalya,Sedan,Binek,Lounge Plus,,Sedan,2019,İçten Yanmalı (Standart),1800 tl/yıl,C,Egea,Dizel,https://www.epey.com/araba/2019-fiat-egea-1-6-multijet-120-hp-lounge-plus.html,,,,,,110 g/km,4.2 lt,45 lt,Euro 5,3.6 lt,5.2 lt,,,3 yıldız,2019 Fiat Egea 1.6 Multijet 120 HP Lounge Plus NCAP/ANCAP Web Sayfası,2016,Var,,,,,,,,,Önden Çekişli,,,,,6 ileri,Manuel,
1270 kg,10.90 mt.,1792 mm,4532 mm,1497 mm,,520 lt,,2019 Fiat Egea 1.6 Multijet 120 HP Mirror,2019 Fiat Egea 1.6 Multijet 120 HP Mirror Test Sürüşü Talep Sayfası,2019 Fiat Egea 1.6 Multijet 120 HP Mirror Ürün Kataloğu,"3 Yıl Boya
5 Yıl / 100 Bin Km Mekanik
8 Yıl Paslanmazlık",Fiat Acil Servis 444 2255,Var,,,,,Turbo,Multijet II (Geliştirilmiş Çoklu Enjeksiyon),4,1598 cc,Common Rail Direkt Enjeksiyon,9.8 saniye,200 km/s,320 nm,120 BG,İtalya,Sedan,Binek,Mirror,,Sedan,2019,İçten Yanmalı (Standart),1800 tl/yıl,C,Egea,Dizel,https://www.epey.com/araba/2019-fiat-egea-1-6-multijet-120-hp-mirror.html,,,,,,110 g/km,4.2 lt,45 lt,Euro 5,3.6 lt,5.2 lt,,,3 yıldız,2019 Fiat Egea 1.6 Multijet 120 HP Mirror NCAP/ANCAP Web Sayfası,2016,Var,,,,,,,,,Önden Çekişli,,,,,6 ileri,Manuel,
1270 kg,10.90 mt.,1792 mm,4532 mm,1497 mm,,520 lt,,2019 Fiat Egea 1.6 Multijet 120 HP Urban Plus,2019 Fiat Egea 1.6 Multijet 120 HP Urban Plus Test Sürüşü Talep Sayfası,2019 Fiat Egea 1.6 Multijet 120 HP Urban Plus Ürün Kataloğu,"3 Yıl Boya
5 Yıl / 100 Bin Km Mekanik
8 Yıl Paslanmazlık",Fiat Acil Servis 444 2255,Var,,,,,Turbo,Multijet II (Geliştirilmiş Çoklu Enjeksiyon),4,1598 cc,Common Rail Direkt Enjeksiyon,9.8 saniye,200 km/s,320 nm,120 BG,İtalya,Sedan,Binek,Urban Plus,,Sedan,2019,İçten Yanmalı (Standart),1800 tl/yıl,C,Egea,Dizel,https://www.epey.com/araba/2019-fiat-egea-1-6-multijet-120-hp-urban-plus.html,,,,,,110 g/km,4.2 lt,45 lt,Euro 5,3.6 lt,5.2 lt,,,3 yıldız,2019 Fiat Egea 1.6 Multijet 120 HP Urban Plus NCAP/ANCAP Web Sayfası,2016,Var,,,,,,,,,Önden Çekişli,,,,,6 ileri,Manuel,
1205 kg,10.90 mt.,1792 mm,4368 mm,1495 mm,,380 lt,,2019 Fiat Egea HB 1.3 Mjet 95 HP Mirror,2019 Fiat Egea HB 1.3 Mjet 95 HP Mirror Test Sürüşü Talep Sayfası,2019 Fiat Egea HB 1.3 Mjet 95 HP Mirror Ürün Kataloğu,5 Yıl / 100 Bin Km Mekanik,Fiat Acil Servis 444 2255,Var,,,,,Turbo,,4,1248 cc,Common Rail Direkt Enjeksiyon,11.7 saniye,180 km/s,200 nm,95 BG,İtalya,Hatchback,Binek,Mirror,,Hatchback,2019,İçten Yanmalı (Standart),1034 tl/yıl,C,Egea,Dizel,https://www.epey.com/araba/2019-fiat-egea-hb-1-3-mjet-95-hp-mirror.html,,,,,,108 g/km,4.1 lt,50 lt,Euro 6,3.5 lt,5.2 lt,,,3 yıldız,2019 Fiat Egea HB 1.3 Mjet 95 HP Mirror NCAP/ANCAP Web Sayfası,2016,Var,,,,,,,,,Önden Çekişli,,,,,5 ileri,Manuel,
1205 kg,10.90 mt.,1792 mm,4368 mm,1495 mm,,380 lt,,2019 Fiat Egea HB 1.3 Mjet 95 HP Street,2019 Fiat Egea HB 1.3 Mjet 95 HP Street Test Sürüşü Talep Sayfası,2019 Fiat Egea HB 1.3 Mjet 95 HP Street Ürün Kataloğu,5 Yıl / 100 Bin Km Mekanik,Fiat Acil Servis 444 2255,Var,,,,,Turbo,,4,1248 cc,Common Rail Direkt Enjeksiyon,11.7 saniye,180 km/s,200 nm,95 BG,İtalya,Hatchback,Binek,Street,,Hatchback,2019,İçten Yanmalı (Standart),1034 tl/yıl,C,Egea,Dizel,https://www.epey.com/araba/2019-fiat-egea-hb-1-3-mjet-95-hp-street.html,,,,,,108 g/km,4.1 lt,50 lt,Euro 6,3.5 lt,5.2 lt,,,3 yıldız,2019 Fiat Egea HB 1.3 Mjet 95 HP Street NCAP/ANCAP Web Sayfası,2016,Var,,,,,,,,,Önden Çekişli,,,,,5 ileri,Manuel,
1205 kg,10.90 mt.,1792 mm,4368 mm,1495 mm,,380 lt,,2019 Fiat Egea HB 1.3 Mjet 95 HP Urban Plus,2019 Fiat Egea HB 1.3 Mjet 95 HP Urban Plus Test Sürüşü Talep Sayfası,2019 Fiat Egea HB 1.3 Mjet 95 HP Urban Plus Ürün Kataloğu,5 Yıl / 100 Bin Km Mekanik,Fiat Acil Servis 444 2255,Var,,,,,Turbo,,4,1248 cc,Common Rail Direkt Enjeksiyon,11.7 saniye,180 km/s,200 nm,95 BG,İtalya,Hatchback,Binek,Urban Plus,,Hatchback,2019,İçten Yanmalı (Standart),1034 tl/yıl,C,Egea,Dizel,https://www.epey.com/araba/2019-fiat-egea-hb-1-3-mjet-95-hp-urban-plus.html,,,,,,108 g/km,4.1 lt,50 lt,Euro 6,3.5 lt,5.2 lt,,,3 yıldız,2019 Fiat Egea HB 1.3 Mjet 95 HP Urban Plus NCAP/ANCAP Web Sayfası,2016,Var,,,,,,,,,Önden Çekişli,,,,,5 ileri,Manuel,
1270 kg,10.90 mt.,1792 mm,4368 mm,1495 mm,,380 lt,,2019 Fiat Egea HB 1.4 Fire 95 HP Mirror,2019 Fiat Egea HB 1.4 Fire 95 HP Mirror Test Sürüşü Talep Sayfası,2019 Fiat Egea HB 1.4 Fire 95 HP Mirror Ürün Kataloğu,5 Yıl / 100 Bin Km Mekanik,Fiat Acil Servis 444 2255,Var,,,,,Atmosferik,,4,1368 cc,Çok Noktadan Enjeksiyon,12.1 saniye,185 km/s,127 nm,95 BG,İtalya,Hatchback,Binek,Mirror,,Hatchback,2019,İçten Yanmalı (Standart),1800 tl/yıl,C,Egea,Benzin,https://www.epey.com/araba/2019-fiat-egea-hb-1-4-fire-95-hp-mirror.html,,,,,,132 g/km,5.7 lt,50 lt,Euro 6,4.5 lt,7.7 lt,,,3 yıldız,2019 Fiat Egea HB 1.4 Fire 95 HP Mirror NCAP/ANCAP Web Sayfası,2016,Var,,,,,,,,,Önden Çekişli,,,,,6 ileri,Manuel,
1270 kg,10.90 mt.,1792 mm,4368 mm,1495 mm,,380 lt,,2019 Fiat Egea HB 1.4 Fire 95 HP Street,2019 Fiat Egea HB 1.4 Fire 95 HP Street Test Sürüşü Talep Sayfası,2019 Fiat Egea HB 1.4 Fire 95 HP Street Ürün Kataloğu,5 Yıl / 100 Bin Km Mekanik,Fiat Acil Servis 444 2255,Var,,,,,Atmosferik,,4,1368 cc,Çok Noktadan Enjeksiyon,12.1 saniye,185 km/s,127 nm,95 BG,İtalya,Hatchback,Binek,Street,,Hatchback,2019,İçten Yanmalı (Standart),1800 tl/yıl,C,Egea,Benzin,https://www.epey.com/araba/2019-fiat-egea-hb-1-4-fire-95-hp-street.html,,,,,,132 g/km,5.7 lt,50 lt,Euro 6,4.5 lt,7.7 lt,,,3 yıldız,2019 Fiat Egea HB 1.4 Fire 95 HP Street NCAP/ANCAP Web Sayfası,2016,Var,,,,,,,,,Önden Çekişli,,,,,6 ileri,Manuel,
1270 kg,10.90 mt.,1792 mm,4368 mm,1495 mm,,380 lt,,2019 Fiat Egea HB 1.4 Fire 95 HP Urban Plus,2019 Fiat Egea HB 1.4 Fire 95 HP Urban Plus Test Sürüşü Talep Sayfası,2019 Fiat Egea HB 1.4 Fire 95 HP Urban Plus Ürün Kataloğu,5 Yıl / 100 Bin Km Mekanik,Fiat Acil Servis 444 2255,Var,,,,,Atmosferik,,4,1368 cc,Çok Noktadan Enjeksiyon,12.1 saniye,185 km/s,127 nm,95 BG,İtalya,Hatchback,Binek,Urban Plus,,Hatchback,2019,İçten Yanmalı (Standart),1800 tl/yıl,C,Egea,Benzin,https://www.epey.com/araba/2019-fiat-egea-hb-1-4-fire-95-hp-urban-plus.html,,,,,,132 g/km,5.7 lt,50 lt,Euro 6,4.5 lt,7.7 lt,,,3 yıldız,2019 Fiat Egea HB 1.4 Fire 95 HP Urban Plus NCAP/ANCAP Web Sayfası,2016,Var,,,,,,,,,Önden Çekişli,,,,,6 ileri,Manuel,
1205 kg,10.90 mt.,1792 mm,4368 mm,1495 mm,,380 lt,,2019 Fiat Egea HB 1.6 E-Torq 110 HP Otomatik Mirror,2019 Fiat Egea HB 1.6 E-Torq 110 HP Otomatik Mirror Test Sürüşü Talep Sayfası,2019 Fiat Egea HB 1.6 E-Torq 110 HP Otomatik Mirror Ürün Kataloğu,5 Yıl / 100 Bin Km Mekanik,Fiat Acil Servis 444 2255,Var,,,,,Atmosferik,,4,1598 cc,Çok Noktadan Enjeksiyon,11.2 saniye,192 km/s,152 nm,110 BG,İtalya,Hatchback,Binek,Mirror,,Hatchback,2019,İçten Yanmalı (Standart),1800 tl/yıl,C,Egea,Benzin,https://www.epey.com/araba/2019-fiat-egea-hb-1-6-e-torq-110-hp-otomatik-mirror.html,,,,,,146 g/km,6.3 lt,50 lt,Euro 6,5.0 lt,8.5 lt,,,3 yıldız,2019 Fiat Egea HB 1.6 E-Torq 110 HP Otomatik Mirror NCAP/ANCAP Web Sayfası,2016,Var,,,,,,,,,Önden Çekişli,,,,,6 ileri,Otomatik,
1205 kg,10.90 mt.,1792 mm,4368 mm,1495 mm,,380 lt,,2019 Fiat Egea HB 1.6 E-Torq 110 HP Otomatik S-Design,2019 Fiat Egea HB 1.6 E-Torq 110 HP Otomatik S-Design Test Sürüşü Talep Sayfası,2019 Fiat Egea HB 1.6 E-Torq 110 HP Otomatik S-Design Ürün Kataloğu,5 Yıl / 100 Bin Km Mekanik,Fiat Acil Servis 444 2255,Var,,,,,Atmosferik,,4,1598 cc,Çok Noktadan Enjeksiyon,11.2 saniye,192 km/s,152 nm,110 BG,İtalya,Hatchback,Binek,S-Design,,Hatchback,2019,İçten Yanmalı (Standart),1800 tl/yıl,C,Egea,Benzin,https://www.epey.com/araba/2019-fiat-egea-hb-1-6-e-torq-110-hp-otomatik-s-design.html,,,,,,146 g/km,6.3 lt,50 lt,Euro 6,5.0 lt,8.5 lt,,,3 yıldız,2019 Fiat Egea HB 1.6 E-Torq 110 HP Otomatik S-Design NCAP/ANCAP Web Sayfası,2016,Var,,,,,,,,,Önden Çekişli,,,,,6 ileri,Otomatik,
1205 kg,10.90 mt.,1792 mm,4368 mm,1495 mm,,380 lt,,2019 Fiat Egea HB 1.6 E-Torq 110 HP Otomatik Sport,2019 Fiat Egea HB 1.6 E-Torq 110 HP Otomatik Sport Test Sürüşü Talep Sayfası,2019 Fiat Egea HB 1.6 E-Torq 110 HP Otomatik Sport Ürün Kataloğu,5 Yıl / 100 Bin Km Mekanik,Fiat Acil Servis 444 2255,Var,,,,,Atmosferik,,4,1598 cc,Çok Noktadan Enjeksiyon,11.2 saniye,192 km/s,152 nm,110 BG,İtalya,Hatchback,Binek,Sport,,Hatchback,2019,İçten Yanmalı (Standart),1800 tl/yıl,C,Egea,Benzin,https://www.epey.com/araba/2019-fiat-egea-hb-1-6-e-torq-110-hp-otomatik-sport.html,,,,,,146 g/km,6.3 lt,50 lt,Euro 6,5.0 lt,8.5 lt,,,3 yıldız,2019 Fiat Egea HB 1.6 E-Torq 110 HP Otomatik Sport NCAP/ANCAP Web Sayfası,2016,Var,,,,,,,,,Önden Çekişli,,,,,6 ileri,Otomatik,
1205 kg,10.90 mt.,1792 mm,4368 mm,1495 mm,,380 lt,,2019 Fiat Egea HB 1.6 E-Torq 110 HP Otomatik Street,2019 Fiat Egea HB 1.6 E-Torq 110 HP Otomatik Street Test Sürüşü Talep Sayfası,2019 Fiat Egea HB 1.6 E-Torq 110 HP Otomatik Street Ürün Kataloğu,5 Yıl / 100 Bin Km Mekanik,Fiat Acil Servis 444 2255,Var,,,,,Atmosferik,,4,1598 cc,Çok Noktadan Enjeksiyon,11.2 saniye,192 km/s,152 nm,110 BG,İtalya,Hatchback,Binek,Street,,Hatchback,2019,İçten Yanmalı (Standart),1800 tl/yıl,C,Egea,Benzin,https://www.epey.com/araba/2019-fiat-egea-hb-1-6-e-torq-110-hp-otomatik-street.html,,,,,,146 g/km,6.3 lt,50 lt,Euro 6,5.0 lt,8.5 lt,,,3 yıldız,2019 Fiat Egea HB 1.6 E-Torq 110 HP Otomatik Street NCAP/ANCAP Web Sayfası,2016,Var,,,,,,,,,Önden Çekişli,,,,,6 ileri,Otomatik,
1205 kg,10.90 mt.,1792 mm,4368 mm,1495 mm,,380 lt,,2019 Fiat Egea HB 1.6 E-Torq 110 HP Otomatik Urban Plus,2019 Fiat Egea HB 1.6 E-Torq 110 HP Otomatik Urban Plus Test Sürüşü Talep Sayfası,2019 Fiat Egea HB 1.6 E-Torq 110 HP Otomatik Urban Plus Ürün Kataloğu,5 Yıl / 100 Bin Km Mekanik,Fiat Acil Servis 444 2255,Var,,,,,Atmosferik,,4,1598 cc,Çok Noktadan Enjeksiyon,11.2 saniye,192 km/s,152 nm,110 BG,İtalya,Hatchback,Binek,Urban Plus,,Hatchback,2019,İçten Yanmalı (Standart),1800 tl/yıl,C,Egea,Benzin,https://www.epey.com/araba/2019-fiat-egea-hb-1-6-e-torq-110-hp-otomatik-urban-plus.html,,,,,,146 g/km,6.3 lt,50 lt,Euro 6,5.0 lt,8.5 lt,,,3 yıldız,2019 Fiat Egea HB 1.6 E-Torq 110 HP Otomatik Urban Plus NCAP/ANCAP Web Sayfası,2016,Var,,,,,,,,,Önden Çekişli,,,,,6 ileri,Otomatik,
1320 kg,10.90 mt.,1792 mm,4368 mm,1495 mm,,380 lt,,2019 Fiat Egea HB 1.6 Mjet 120 HP DCT Mirror,2019 Fiat Egea HB 1.6 Mjet 120 HP DCT Mirror Test Sürüşü Talep Sayfası,2019 Fiat Egea HB 1.6 Mjet 120 HP DCT Mirror Ürün Kataloğu,5 Yıl / 100 Bin Km Mekanik,Fiat Acil Servis 444 2255,Var,,,,,Turbo,,4,1598 cc,Common Rail Direkt Enjeksiyon,10.2 saniye,200 km/s,320 nm,120 BG,İtalya,Hatchback,Binek,Mirror,,Hatchback,2019,İçten Yanmalı (Standart),1800 tl/yıl,C,Egea,Dizel,https://www.epey.com/araba/2019-fiat-egea-hb-1-6-mjet-120-hp-dct-mirror.html,,,,,,100 g/km,3.8 lt,50 lt,Euro 6,3.4 lt,4.4 lt,,,3 yıldız,2019 Fiat Egea HB 1.6 Mjet 120 HP DCT Mirror NCAP/ANCAP Web Sayfası,2016,Var,,,,,,,,,Önden Çekişli,,,,,6 ileri,Otomatik,DCT (Yarı Otm.)
1320 kg,10.90 mt.,1792 mm,4368 mm,1495 mm,,380 lt,,2019 Fiat Egea HB 1.6 Mjet 120 HP DCT S-Design,2019 Fiat Egea HB 1.6 Mjet 120 HP DCT S-Design Test Sürüşü Talep Sayfası,2019 Fiat Egea HB 1.6 Mjet 120 HP DCT S-Design Ürün Kataloğu,5 Yıl / 100 Bin Km Mekanik,Fiat Acil Servis 444 2255,Var,,,,,Turbo,,4,1598 cc,Common Rail Direkt Enjeksiyon,10.2 saniye,200 km/s,320 nm,120 BG,İtalya,Hatchback,Binek,S-Design,,Hatchback,2019,İçten Yanmalı (Standart),1800 tl/yıl,C,Egea,Dizel,https://www.epey.com/araba/2019-fiat-egea-hb-1-6-mjet-120-hp-dct-s-design.html,,,,,,100 g/km,3.8 lt,50 lt,Euro 6,3.4 lt,4.4 lt,,,3 yıldız,2019 Fiat Egea HB 1.6 Mjet 120 HP DCT S-Design NCAP/ANCAP Web Sayfası,2016,Var,,,,,,,,,Önden Çekişli,,,,,6 ileri,Otomatik,DCT (Yarı Otm.)
1320 kg,10.90 mt.,1792 mm,4368 mm,1495 mm,,380 lt,,2019 Fiat Egea HB 1.6 Mjet 120 HP DCT Sport,2019 Fiat Egea HB 1.6 Mjet 120 HP DCT Sport Test Sürüşü Talep Sayfası,2019 Fiat Egea HB 1.6 Mjet 120 HP DCT Sport Ürün Kataloğu,5 Yıl / 100 Bin Km Mekanik,Fiat Acil Servis 444 2255,Var,,,,,Turbo,,4,1598 cc,Common Rail Direkt Enjeksiyon,10.2 saniye,200 km/s,320 nm,120 BG,İtalya,Hatchback,Binek,Sport,,Hatchback,2019,İçten Yanmalı (Standart),1800 tl/yıl,C,Egea,Dizel,https://www.epey.com/araba/2019-fiat-egea-hb-1-6-mjet-120-hp-dct-sport.html,,,,,,100 g/km,3.8 lt,50 lt,Euro 6,3.4 lt,4.4 lt,,,3 yıldız,2019 Fiat Egea HB 1.6 Mjet 120 HP DCT Sport NCAP/ANCAP Web Sayfası,2016,Var,,,,,,,,,Önden Çekişli,,,,,6 ileri,Otomatik,DCT (Yarı Otm.)
1320 kg,10.90 mt.,1792 mm,4368 mm,1495 mm,,380 lt,,2019 Fiat Egea HB 1.6 Mjet 120 HP DCT Street,2019 Fiat Egea HB 1.6 Mjet 120 HP DCT Street Test Sürüşü Talep Sayfası,2019 Fiat Egea HB 1.6 Mjet 120 HP DCT Street Ürün Kataloğu,5 Yıl / 100 Bin Km Mekanik,Fiat Acil Servis 444 2255,Var,,,,,Turbo,,4,1598 cc,Common Rail Direkt Enjeksiyon,10.2 saniye,200 km/s,320 nm,120 BG,İtalya,Hatchback,Binek,Street,,Hatchback,2019,İçten Yanmalı (Standart),1800 tl/yıl,C,Egea,Dizel,https://www.epey.com/araba/2019-fiat-egea-hb-1-6-mjet-120-hp-dct-street.html,,,,,,100 g/km,3.8 lt,50 lt,Euro 6,3.4 lt,4.4 lt,,,3 yıldız,2019 Fiat Egea HB 1.6 Mjet 120 HP DCT Street NCAP/ANCAP Web Sayfası,2016,Var,,,,,,,,,Önden Çekişli,,,,,6 ileri,Otomatik,DCT (Yarı Otm.)
1320 kg,10.90 mt.,1792 mm,4368 mm,1495 mm,,380 lt,,2019 Fiat Egea HB 1.6 Mjet 120 HP DCT Urban Plus,2019 Fiat Egea HB 1.6 Mjet 120 HP DCT Urban Plus Test Sürüşü Talep Sayfası,2019 Fiat Egea HB 1.6 Mjet 120 HP DCT Urban Plus Ürün Kataloğu,5 Yıl / 100 Bin Km Mekanik,Fiat Acil Servis 444 2255,Var,,,,,Turbo,,4,1598 cc,Common Rail Direkt Enjeksiyon,10.2 saniye,200 km/s,320 nm,120 BG,İtalya,Hatchback,Binek,Urban Plus,,Hatchback,2019,İçten Yanmalı (Standart),1800 tl/yıl,C,Egea,Dizel,https://www.epey.com/araba/2019-fiat-egea-hb-1-6-mjet-120-hp-dct-urban-plus.html,,,,,,100 g/km,3.8 lt,50 lt,Euro 6,3.4 lt,4.4 lt,,,3 yıldız,2019 Fiat Egea HB 1.6 Mjet 120 HP DCT Urban Plus NCAP/ANCAP Web Sayfası,2016,Var,,,,,,,,,Önden Çekişli,,,,,6 ileri,Otomatik,DCT (Yarı Otm.)
1295 kg,10.90 mt.,1792 mm,4368 mm,1495 mm,,380 lt,,2019 Fiat Egea HB 1.6 Mjet 120 HP S-Design,2019 Fiat Egea HB 1.6 Mjet 120 HP S-Design Test Sürüşü Talep Sayfası,2019 Fiat Egea HB 1.6 Mjet 120 HP S-Design Ürün Kataloğu,5 Yıl / 100 Bin Km Mekanik,Fiat Acil Servis 444 2255,Var,,,,,Turbo,,4,1598 cc,Common Rail Direkt Enjeksiyon,9.8 saniye,200 km/s,320 nm,120 BG,İtalya,Hatchback,Binek,S-Design,,Hatchback,2019,İçten Yanmalı (Standart),1800 tl/yıl,C,Egea,Dizel,https://www.epey.com/araba/2019-fiat-egea-hb-1-6-mjet-120-hp-s-design.html,,,,,,98 g/km,3.7 lt,50 lt,Euro 6,3.3 lt,4.4 lt,,,3 yıldız,2019 Fiat Egea HB 1.6 Mjet 120 HP S-Design NCAP/ANCAP Web Sayfası,2016,Var,,,,,,,,,Önden Çekişli,,,,,6 ileri,Manuel,
1257 kg,,1716 mm,3864 mm,1721 mm,2500 lt,356 lt,,2019 Fiat Fiorino Combi 1.3 Mjet 95 Pop,2019 Fiat Fiorino Combi 1.3 Mjet 95 Pop Test Sürüşü Talep Sayfası,2019 Fiat Fiorino Combi 1.3 Mjet 95 Pop Ürün Kataloğu,"3 Yıl / 150 Bin Km Mekanik
3 Yıl Boya
8 Yıl Paslanmazlık","Fiat Acil Servis 444 2255
1 Yıl Ücretsiz (Garanti Süresi İçinde)",Var,,,,,Turbo,,4,1248 cc,Common Rail Direkt Enjeksiyon,,167 km/s,200 nm,95 BG,İtalya,Combi,Binek,Pop,,Kombi,2019,İçten Yanmalı (Standart),1034 tl/yıl,Mini Ticari,Fiorino,Dizel,https://www.epey.com/araba/2019-fiat-fiorino-combi-1-3-mjet-95-pop.html,,,,,,125 g/km,4.7 lt,45 lt,,4.0 lt,6.0 lt,,,3 yıldız,2019 Fiat Fiorino Combi 1.3 Mjet 95 Pop NCAP/ANCAP Web Sayfası,2010,Var,,,,,,,,,Önden Çekişli,,,,,5 ileri,Manuel,
1257 kg,,1716 mm,3864 mm,1721 mm,2500 lt,356 lt,,2019 Fiat Fiorino Combi 1.3 Mjet 95 Premio,2019 Fiat Fiorino Combi 1.3 Mjet 95 Premio Test Sürüşü Talep Sayfası,2019 Fiat Fiorino Combi 1.3 Mjet 95 Premio Ürün Kataloğu,"3 Yıl / 150 Bin Km Mekanik
3 Yıl Boya
8 Yıl Paslanmazlık","Fiat Acil Servis 444 2255
1 Yıl Ücretsiz (Garanti Süresi İçinde)",Var,,,,,Turbo,,4,1248 cc,Common Rail Direkt Enjeksiyon,,167 km/s,200 nm,95 BG,İtalya,Combi,Binek,Premio,,Kombi,2019,İçten Yanmalı (Standart),1034 tl/yıl,Mini Ticari,Fiorino,Dizel,https://www.epey.com/araba/2019-fiat-fiorino-combi-1-3-mjet-95-premio.html,,,,,,125 g/km,4.7 lt,45 lt,,4.0 lt,6.0 lt,,,3 yıldız,2019 Fiat Fiorino Combi 1.3 Mjet 95 Premio NCAP/ANCAP Web Sayfası,2010,Var,,,,,,,,,Önden Çekişli,,,,,5 ileri,Manuel,
1257 kg,,1716 mm,3864 mm,1721 mm,2500 lt,356 lt,,2019 Fiat Fiorino Combi 1.3 Mjet 95 Safeline,2019 Fiat Fiorino Combi 1.3 Mjet 95 Safeline Test Sürüşü Talep Sayfası,2019 Fiat Fiorino Combi 1.3 Mjet 95 Safeline Ürün Kataloğu,"3 Yıl / 150 Bin Km Mekanik
3 Yıl Boya
8 Yıl Paslanmazlık","Fiat Acil Servis 444 2255
1 Yıl Ücretsiz (Garanti Süresi İçinde)",Var,,,,,Turbo,,4,1248 cc,Common Rail Direkt Enjeksiyon,,167 km/s,200 nm,95 BG,İtalya,Combi,Binek,Safeline,,Kombi,2019,İçten Yanmalı (Standart),1034 tl/yıl,Mini Ticari,Fiorino,Dizel,https://www.epey.com/araba/2019-fiat-fiorino-combi-1-3-mjet-95-safeline.html,,,,,,125 g/km,4.7 lt,45 lt,,4.0 lt,6.0 lt,,,3 yıldız,2019 Fiat Fiorino Combi 1.3 Mjet 95 Safeline NCAP/ANCAP Web Sayfası,2010,Var,,,,,,,,,Önden Çekişli,,,,,5 ileri,Manuel,
1257 kg,,1716 mm,3864 mm,1721 mm,2500 lt,356 lt,,2019 Fiat Fiorino Combi 1.4 EKO 77 HP Pop,2019 Fiat Fiorino Combi 1.4 EKO 77 HP Pop Test Sürüşü Talep Sayfası,2019 Fiat Fiorino Combi 1.4 EKO 77 HP Pop Ürün Kataloğu,"3 Yıl / 150 Bin Km Mekanik
3 Yıl Boya
8 Yıl Paslanmazlık","Fiat Acil Servis 444 2255
1 Yıl Ücretsiz (Garanti Süresi İçinde)",Var,,,,,Atmosferik,,4,1368 cc,Çok Noktadan Enjeksiyon,,155 km/s,110 nm,77 BG,İtalya,Combi,Binek,Pop,,Kombi,2019,İçten Yanmalı (Standart),1800 tl/yıl,Mini Ticari,Fiorino,Benzin & LPG,https://www.epey.com/araba/2019-fiat-fiorino-combi-1-4-eko-77-hp-pop.html,Var,30 lt,8.3 lt,7.0 lt,10.7 lt,143 g/km,7.3 lt,45 lt,,6.1 lt,9.4 lt,,,3 yıldız,2019 Fiat Fiorino Combi 1.4 EKO 77 HP Pop NCAP/ANCAP Web Sayfası,2010,Var,,,,,,,,,Önden Çekişli,,,,,5 ileri,Manuel,
1257 kg,,1716 mm,3864 mm,1721 mm,2500 lt,356 lt,,2019 Fiat Fiorino Combi 1.4 EKO 77 HP Premio,2019 Fiat Fiorino Combi 1.4 EKO 77 HP Premio Test Sürüşü Talep Sayfası,2019 Fiat Fiorino Combi 1.4 EKO 77 HP Premio Ürün Kataloğu,"3 Yıl / 150 Bin Km Mekanik
3 Yıl Boya
8 Yıl Paslanmazlık","Fiat Acil Servis 444 2255
1 Yıl Ücretsiz (Garanti Süresi İçinde)",Var,,,,,Atmosferik,,4,1368 cc,Çok Noktadan Enjeksiyon,,155 km/s,110 nm,77 BG,İtalya,Combi,Binek,Premio,,Kombi,2019,İçten Yanmalı (Standart),1800 tl/yıl,Mini Ticari,Fiorino,Benzin & LPG,https://www.epey.com/araba/2019-fiat-fiorino-combi-1-4-eko-77-hp-premio.html,Var,30 lt,8.3 lt,7.0 lt,10.7 lt,143 g/km,7.3 lt,45 lt,,6.1 lt,9.4 lt,,,3 yıldız,2019 Fiat Fiorino Combi 1.4 EKO 77 HP Premio NCAP/ANCAP Web Sayfası,2010,Var,,,,,,,,,Önden Çekişli,,,,,5 ileri,Manuel,
1257 kg,,1716 mm,3864 mm,1721 mm,2500 lt,356 lt,,2019 Fiat Fiorino Combi 1.4 EKO 77 HP Safeline,2019 Fiat Fiorino Combi 1.4 EKO 77 HP Safeline Test Sürüşü Talep Sayfası,2019 Fiat Fiorino Combi 1.4 EKO 77 HP Safeline Ürün Kataloğu,"3 Yıl / 150 Bin Km Mekanik
3 Yıl Boya
8 Yıl Paslanmazlık","Fiat Acil Servis 444 2255
1 Yıl Ücretsiz (Garanti Süresi İçinde)",Var,,,,,Atmosferik,,4,1368 cc,Çok Noktadan Enjeksiyon,,155 km/s,110 nm,77 BG,İtalya,Combi,Binek,Safeline,,Kombi,2019,İçten Yanmalı (Standart),1800 tl/yıl,Mini Ticari,Fiorino,Benzin & LPG,https://www.epey.com/araba/2019-fiat-fiorino-combi-1-4-eko-77-hp-safeline.html,Var,30 lt,8.3 lt,7.0 lt,10.7 lt,143 g/km,7.3 lt,45 lt,,6.1 lt,9.4 lt,,,3 yıldız,2019 Fiat Fiorino Combi 1.4 EKO 77 HP Safeline NCAP/ANCAP Web Sayfası,2010,Var,,,,,,,,,Önden Çekişli,,,,,5 ileri,Manuel,
1257 kg,,1716 mm,3864 mm,1721 mm,2500 lt,356 lt,,2019 Fiat Fiorino Combi 1.4 Fire 77 HP Pop,2019 Fiat Fiorino Combi 1.4 Fire 77 HP Pop Test Sürüşü Talep Sayfası,2019 Fiat Fiorino Combi 1.4 Fire 77 HP Pop Ürün Kataloğu,"3 Yıl / 150 Bin Km Mekanik
3 Yıl Boya
8 Yıl Paslanmazlık","Fiat Acil Servis 444 2255
1 Yıl Ücretsiz (Garanti Süresi İçinde)",Var,,,,,Atmosferik,,4,1368 cc,Çok Noktadan Enjeksiyon,,156 km/s,115 nm,77 BG,İtalya,Combi,Binek,Pop,,Kombi,2019,İçten Yanmalı (Standart),1800 tl/yıl,Mini Ticari,Fiorino,Benzin,https://www.epey.com/araba/2019-fiat-fiorino-combi-1-4-fire-77-hp-pop.html,,,,,,167 g/km,7.3 lt,45 lt,,6.1 lt,9.4 lt,,,3 yıldız,2019 Fiat Fiorino Combi 1.4 Fire 77 HP Pop NCAP/ANCAP Web Sayfası,2010,Var,,,,,,,,,Önden Çekişli,,,,,5 ileri,Manuel,
1257 kg,,1716 mm,3864 mm,1721 mm,2500 lt,356 lt,,2019 Fiat Fiorino Combi 1.4 Fire 77 HP Premio,2019 Fiat Fiorino Combi 1.4 Fire 77 HP Premio Test Sürüşü Talep Sayfası,2019 Fiat Fiorino Combi 1.4 Fire 77 HP Premio Ürün Kataloğu,"3 Yıl / 150 Bin Km Mekanik
3 Yıl Boya
8 Yıl Paslanmazlık","Fiat Acil Servis 444 2255
1 Yıl Ücretsiz (Garanti Süresi İçinde)",Var,,,,,Atmosferik,,4,1368 cc,Çok Noktadan Enjeksiyon,,156 km/s,115 nm,77 BG,İtalya,Combi,Binek,Premio,,Kombi,2019,İçten Yanmalı (Standart),1800 tl/yıl,Mini Ticari,Fiorino,Benzin,https://www.epey.com/araba/2019-fiat-fiorino-combi-1-4-fire-77-hp-premio.html,,,,,,167 g/km,7.3 lt,45 lt,,6.1 lt,9.4 lt,,,3 yıldız,2019 Fiat Fiorino Combi 1.4 Fire 77 HP Premio NCAP/ANCAP Web Sayfası,2010,Var,,,,,,,,,Önden Çekişli,,,,,5 ileri,Manuel,
1257 kg,,1716 mm,3864 mm,1721 mm,2500 lt,356 lt,,2019 Fiat Fiorino Combi 1.4 Fire 77 HP Safeline,2019 Fiat Fiorino Combi 1.4 Fire 77 HP Safeline Test Sürüşü Talep Sayfası,2019 Fiat Fiorino Combi 1.4 Fire 77 HP Safeline Ürün Kataloğu,"3 Yıl / 150 Bin Km Mekanik
3 Yıl Boya
8 Yıl Paslanmazlık","Fiat Acil Servis 444 2255
1 Yıl Ücretsiz (Garanti Süresi İçinde)",Var,,,,,Atmosferik,,4,1368 cc,Çok Noktadan Enjeksiyon,,156 km/s,115 nm,77 BG,İtalya,Combi,Binek,Safeline,,Kombi,2019,İçten Yanmalı (Standart),1800 tl/yıl,Mini Ticari,Fiorino,Benzin,https://www.epey.com/araba/2019-fiat-fiorino-combi-1-4-fire-77-hp-safeline.html,,,,,,167 g/km,7.3 lt,45 lt,,6.1 lt,9.4 lt,,,3 yıldız,2019 Fiat Fiorino Combi 1.4 Fire 77 HP Safeline NCAP/ANCAP Web Sayfası,2010,Var,,,,,,,,,Önden Çekişli,,,,,5 ileri,Manuel,
1185 kg,9.95 mt.,1716 mm,3864 mm,1721 mm,2500 lt,356 lt,,2019 Fiat Fiorino Panorama 1.3 Mjet 80 HP Otomatik Premio,2019 Fiat Fiorino Panorama 1.3 Mjet 80 HP Otomatik Premio Test Sürüşü Talep Sayfası,2019 Fiat Fiorino Panorama 1.3 Mjet 80 HP Otomatik Premio Ürün Kataloğu,"3 Yıl / 150 Bin Km Mekanik
3 Yıl Boya
8 Yıl Paslanmazlık","Fiat Acil Servis 444 2255
1 Yıl Ücretsiz (Garanti Süresi İçinde)",Var,,,,,Turbo,Multijet (Çoklu Enjeksiyon Sistemi),4,1248 cc,Common Rail Direkt Enjeksiyon,,167 km/s,200 nm,80 BG,İtalya,Panorama,Binek,Premio,,Kombi,2019,İçten Yanmalı (Standart),1034 tl/yıl,Mini Ticari,Fiorino,Dizel,https://www.epey.com/araba/2019-fiat-fiorino-panorama-1-3-mjet-80-hp-otomatik-premio.html,,,,,,,,45 lt,Euro 6,3.5 lt,4.7 lt,,,3 yıldız,2019 Fiat Fiorino Panorama 1.3 Mjet 80 HP Otomatik Premio NCAP/ANCAP Web Sayfası,2010,Var,,,,,,,,,Önden Çekişli,,,,,5 ileri,Otomatik,
1185 kg,9.95 mt.,1716 mm,3864 mm,1721 mm,2500 lt,356 lt,,2019 Fiat Fiorino Panorama 1.3 Mjet 95 HP Pop,2019 Fiat Fiorino Panorama 1.3 Mjet 95 HP Pop Test Sürüşü Talep Sayfası,2019 Fiat Fiorino Panorama 1.3 Mjet 95 HP Pop Ürün Kataloğu,"3 Yıl / 150 Bin Km Mekanik
3 Yıl Boya
8 Yıl Paslanmazlık","Fiat Acil Servis 444 2255
1 Yıl Ücretsiz (Garanti Süresi İçinde)",Var,,,,,Turbo,Multijet (Çoklu Enjeksiyon Sistemi),4,1248 cc,Common Rail Direkt Enjeksiyon,,170 km/s,200 nm,95 BG,İtalya,Panorama,Binek,Pop,,Kombi,2019,İçten Yanmalı (Standart),1034 tl/yıl,Mini Ticari,Fiorino,Dizel,https://www.epey.com/araba/2019-fiat-fiorino-panorama-1-3-mjet-95-hp-pop.html,,,,,,,4.3 lt,45 lt,Euro 6,3.8 lt,5.2 lt,,,3 yıldız,2019 Fiat Fiorino Panorama 1.3 Mjet 95 HP Pop NCAP/ANCAP Web Sayfası,2010,Var,,,,,,,,,Önden Çekişli,,,,,5 ileri,Manuel,
1185 kg,9.95 mt.,1716 mm,3864 mm,1721 mm,2500 lt,356 lt,,2019 Fiat Fiorino Panorama 1.3 Mjet 95 HP Premio,2019 Fiat Fiorino Panorama 1.3 Mjet 95 HP Premio Test Sürüşü Talep Sayfası,2019 Fiat Fiorino Panorama 1.3 Mjet 95 HP Premio Ürün Kataloğu,"3 Yıl / 150 Bin Km Mekanik
3 Yıl Boya
8 Yıl Paslanmazlık","Fiat Acil Servis 444 2255
1 Yıl Ücretsiz (Garanti Süresi İçinde)",Var,,,,,Turbo,Multijet (Çoklu Enjeksiyon Sistemi),4,1248 cc,Common Rail Direkt Enjeksiyon,,170 km/s,200 nm,95 BG,İtalya,Panorama,Binek,Premio,,Kombi,2019,İçten Yanmalı (Standart),1034 tl/yıl,Mini Ticari,Fiorino,Dizel,https://www.epey.com/araba/2019-fiat-fiorino-panorama-1-3-mjet-95-hp-premio.html,,,,,,,4.3 lt,45 lt,Euro 6,3.8 lt,5.2 lt,,,3 yıldız,2019 Fiat Fiorino Panorama 1.3 Mjet 95 HP Premio NCAP/ANCAP Web Sayfası,2010,Var,,,,,,,,,Önden Çekişli,,,,,5 ileri,Manuel,
1398 kg,,1825 mm,4647 mm,1454 mm,,511 lt,,2019 Ford Focus 1.5 EcoBlue 120 PS Otomatik Titanium,2019 Ford Focus 1.5 EcoBlue 120 PS Otomatik Titanium Test Sürüşü Talep Sayfası,2019 Ford Focus 1.5 EcoBlue 120 PS Otomatik Titanium Ürün Kataloğu,"Periyodik Bakım Şartı
3 Yıl Boya
4 Yıl / 100 Bin Km
12 Yıl Paslanmazlık",Ford Euroservis-Acil Yol Yardımı 444 3673,Var,,,,,Turbo,EcoBlue (Yakıt Verimliliği),,1500 cc,Common Rail Direkt Enjeksiyon,10.2 saniye,196 km/s,300 nm,120 BG,Amerika,Sedan,Binek,Titanium,,Sedan,2019,İçten Yanmalı (Standart),1800 tl/yıl,C,Focus,Dizel,https://www.epey.com/araba/2019-ford-focus-1-5-ecoblue-120-ps-otomatik-titanium.html,,,,,,115 g/km,4.4 lt,47 lt,Euro 6.2,4.1 lt,4.9 lt,,,5 yıldız,2019 Ford Focus 1.5 EcoBlue 120 PS Otomatik Titanium NCAP/ANCAP Web Sayfası,2018,Var,,,,,,,,,Önden Çekişli,,,,,8 ileri,Otomatik,
1398 kg,,1825 mm,4647 mm,1454 mm,,511 lt,,2019 Ford Focus 1.5 EcoBlue 120 PS Otomatik Trend X,2019 Ford Focus 1.5 EcoBlue 120 PS Otomatik Trend X Test Sürüşü Talep Sayfası,2019 Ford Focus 1.5 EcoBlue 120 PS Otomatik Trend X Ürün Kataloğu,"Periyodik Bakım Şartı
3 Yıl Boya
4 Yıl / 100 Bin Km
12 Yıl Paslanmazlık",Ford Euroservis-Acil Yol Yardımı 444 3673,Var,,,,,Turbo,EcoBlue (Yakıt Verimliliği),,1500 cc,Common Rail Direkt Enjeksiyon,10.2 saniye,196 km/s,300 nm,120 BG,Amerika,Sedan,Binek,Trend X,,Sedan,2019,İçten Yanmalı (Standart),1800 tl/yıl,C,Focus,Dizel,https://www.epey.com/araba/2019-ford-focus-1-5-ecoblue-120-ps-otomatik-trend-x.html,,,,,,115 g/km,4.4 lt,47 lt,Euro 6.2,4.1 lt,4.9 lt,,,5 yıldız,2019 Ford Focus 1.5 EcoBlue 120 PS Otomatik Trend X NCAP/ANCAP Web Sayfası,2018,Var,,,,,,,,,Önden Çekişli,,,,,8 ileri,Otomatik,
1367 kg,,1825 mm,4647 mm,1454 mm,,511 lt,,2019 Ford Focus 1.5 EcoBlue 120 PS Titanium,2019 Ford Focus 1.5 EcoBlue 120 PS Titanium Test Sürüşü Talep Sayfası,2019 Ford Focus 1.5 EcoBlue 120 PS Titanium Ürün Kataloğu,"Periyodik Bakım Şartı
3 Yıl Boya
4 Yıl / 100 Bin Km
12 Yıl Paslanmazlık",Ford Euroservis-Acil Yol Yardımı 444 3673,Var,,,,,Turbo,EcoBlue (Yakıt Verimliliği),,1500 cc,Common Rail Direkt Enjeksiyon,10.0 saniye,199 km/s,300 nm,120 BG,Amerika,Sedan,Binek,Titanium,,Sedan,2019,İçten Yanmalı (Standart),1800 tl/yıl,C,Focus,Dizel,https://www.epey.com/araba/2019-ford-focus-1-5-ecoblue-120-ps-titanium.html,,,,,,90 g/km,3.4 lt,47 lt,Euro 6.2,3.2 lt,3.9 lt,,,5 yıldız,2019 Ford Focus 1.5 EcoBlue 120 PS Titanium NCAP/ANCAP Web Sayfası,2018,Var,,,,,,,,,Önden Çekişli,,,,,6 ileri,Manuel,
1367 kg,,1825 mm,4647 mm,1454 mm,,511 lt,,2019 Ford Focus 1.5 EcoBlue 120 PS Trend X,2019 Ford Focus 1.5 EcoBlue 120 PS Trend X Test Sürüşü Talep Sayfası,2019 Ford Focus 1.5 EcoBlue 120 PS Trend X Ürün Kataloğu,"Periyodik Bakım Şartı
3 Yıl Boya
4 Yıl / 100 Bin Km
12 Yıl Paslanmazlık",Ford Euroservis-Acil Yol Yardımı 444 3673,Var,,,,,Turbo,EcoBlue (Yakıt Verimliliği),,1500 cc,Common Rail Direkt Enjeksiyon,10.0 saniye,199 km/s,300 nm,120 BG,Amerika,Sedan,Binek,Trend X,,Sedan,2019,İçten Yanmalı (Standart),1800 tl/yıl,C,Focus,Dizel,https://www.epey.com/araba/2019-ford-focus-1-5-ecoblue-120-ps-trend-x.html,,,,,,90 g/km,3.4 lt,47 lt,Euro 6.2,3.2 lt,3.9 lt,,,5 yıldız,2019 Ford Focus 1.5 EcoBlue 120 PS Trend X NCAP/ANCAP Web Sayfası,2018,Var,,,,,,,,,Önden Çekişli,Var,,,,6 ileri,Manuel,
1312 kg,,1825 mm,4647 mm,1454 mm,,511 lt,,2019 Ford Focus 1.5 Ti-VCT 123 PS Otomatik Titanium,2019 Ford Focus 1.5 Ti-VCT 123 PS Otomatik Titanium Test Sürüşü Talep Sayfası,2019 Ford Focus 1.5 Ti-VCT 123 PS Otomatik Titanium Ürün Kataloğu,"Periyodik Bakım Şartı
3 Yıl Boya
4 Yıl / 100 Bin Km
12 Yıl Paslanmazlık",Ford Euroservis-Acil Yol Yardımı 444 3673,Var,,,,,,Ti-VCT (İkiz Egzantrik Zamanlama),,1500 cc,,12.4 saniye,194 km/s,150 nm,123 BG,Amerika,Sedan,Binek,Titanium,,Sedan,2019,İçten Yanmalı (Standart),1800 tl/yıl,C,Focus,Benzin,https://www.epey.com/araba/2019-ford-focus-1-5-ti-vct-123-ps-otomatik-titanium.html,,,,,,150 g/km,6.6 lt,52 lt,Euro 6.2,5.1 lt,9.1 lt,,,5 yıldız,2019 Ford Focus 1.5 Ti-VCT 123 PS Otomatik Titanium NCAP/ANCAP Web Sayfası,2018,Var,,,,,,,,,Önden Çekişli,,,,,6 ileri,Otomatik,
1312 kg,,1825 mm,4647 mm,1454 mm,,511 lt,,2019 Ford Focus 1.5 Ti-VCT 123 PS Otomatik Trend X,2019 Ford Focus 1.5 Ti-VCT 123 PS Otomatik Trend X Test Sürüşü Talep Sayfası,2019 Ford Focus 1.5 Ti-VCT 123 PS Otomatik Trend X Ürün Kataloğu,"Periyodik Bakım Şartı
3 Yıl Boya
4 Yıl / 100 Bin Km
12 Yıl Paslanmazlık",Ford Euroservis-Acil Yol Yardımı 444 3673,Var,,,,,,Ti-VCT (İkiz Egzantrik Zamanlama),,1500 cc,,12.4 saniye,194 km/s,150 nm,123 BG,Amerika,Sedan,Binek,Trend X,,Sedan,2019,İçten Yanmalı (Standart),1800 tl/yıl,C,Focus,Benzin,https://www.epey.com/araba/2019-ford-focus-1-5-ti-vct-123-ps-otomatik-trend-x.html,,,,,,150 g/km,6.6 lt,52 lt,Euro 6.2,5.1 lt,9.1 lt,,,5 yıldız,2019 Ford Focus 1.5 Ti-VCT 123 PS Otomatik Trend X NCAP/ANCAP Web Sayfası,2018,Var,,,,,,,,,Önden Çekişli,,,,,6 ileri,Otomatik,
1312 kg,,1825 mm,4647 mm,1454 mm,,511 lt,,2019 Ford Focus 1.5 Ti-VCT 123 PS Titanium,2019 Ford Focus 1.5 Ti-VCT 123 PS Titanium Test Sürüşü Talep Sayfası,2019 Ford Focus 1.5 Ti-VCT 123 PS Titanium Ürün Kataloğu,"Periyodik Bakım Şartı
3 Yıl Boya
4 Yıl / 100 Bin Km
12 Yıl Paslanmazlık",Ford Euroservis-Acil Yol Yardımı 444 3673,Var,,,,,,Ti-VCT (İkiz Egzantrik Zamanlama),,1500 cc,,11.2 saniye,196 km/s,150 nm,123 BG,Amerika,Sedan,Binek,Titanium,,Sedan,2019,İçten Yanmalı (Standart),1800 tl/yıl,C,Focus,Benzin,https://www.epey.com/araba/2019-ford-focus-1-5-ti-vct-123-ps-titanium.html,,,,,,134 g/km,6.0 lt,52 lt,Euro 6.2,4.6 lt,8.1 lt,,,5 yıldız,2019 Ford Focus 1.5 Ti-VCT 123 PS Titanium NCAP/ANCAP Web Sayfası,2018,Var,,,,,,,,,Önden Çekişli,,,,,6 ileri,Manuel,
1312 kg,,1825 mm,4647 mm,1454 mm,,511 lt,,2019 Ford Focus 1.5 Ti-VCT 123 PS Trend X,2019 Ford Focus 1.5 Ti-VCT 123 PS Trend X Test Sürüşü Talep Sayfası,2019 Ford Focus 1.5 Ti-VCT 123 PS Trend X Ürün Kataloğu,"Periyodik Bakım Şartı
3 Yıl Boya
4 Yıl / 100 Bin Km
12 Yıl Paslanmazlık",Ford Euroservis-Acil Yol Yardımı 444 3673,Var,,,,,,Ti-VCT (İkiz Egzantrik Zamanlama),,1500 cc,,11.2 saniye,196 km/s,150 nm,123 BG,Amerika,Sedan,Binek,Trend X,,Sedan,2019,İçten Yanmalı (Standart),1800 tl/yıl,C,Focus,Benzin,https://www.epey.com/araba/2019-ford-focus-1-5-ti-vct-123-ps-trend-x.html,,,,,,134 g/km,6.0 lt,52 lt,Euro 6.2,4.6 lt,8.1 lt,,,5 yıldız,2019 Ford Focus 1.5 Ti-VCT 123 PS Trend X NCAP/ANCAP Web Sayfası,2018,Var,,,,,,,,,Önden Çekişli,,,,,6 ileri,Manuel,
1371 kg,,1825 mm,4378 mm,1452 mm,1320 lt,341 lt,,2019 Ford Focus HB 1.0 EcoBoost 125 PS Otomatik ST-Line,2019 Ford Focus HB 1.0 EcoBoost 125 PS Otomatik ST-Line Test Sürüşü Talep Sayfası,2019 Ford Focus HB 1.0 EcoBoost 125 PS Otomatik ST-Line Ürün Kataloğu,"Periyodik Bakım Şartı
3 Yıl Boya
4 Yıl / 100 Bin Km
12 Yıl Paslanmazlık",Ford Euroservis-Acil Yol Yardımı 444 3673,Var,,,,,Turbo,,3,999 cc,Direkt Enjeksiyon,11.1 saniye,195 km/s,170 nm,125 BG,Amerika,Hatchback,Binek,ST-Line,,Hatchback,2019,İçten Yanmalı (Standart),1034 tl/yıl,C,Focus,Benzin,https://www.epey.com/araba/2019-ford-focus-hb-1-0-ecoboost-125-ps-otomatik-st-line.html,,,,,,131 g/km,5.8 lt,52 lt,Euro 6.2,4.9 lt,7.3 lt,,,5 yıldız,2019 Ford Focus HB 1.0 EcoBoost 125 PS Otomatik ST-Line NCAP/ANCAP Web Sayfası,2018,Var,,,,,,,,,Önden Çekişli,,,,,8 ileri,Otomatik,
1394 kg,,1825 mm,4378 mm,1452 mm,1320 lt,341 lt,,2019 Ford Focus HB 1.5 EcoBlue 120 PS Otomatik ST-Line,2019 Ford Focus HB 1.5 EcoBlue 120 PS Otomatik ST-Line Test Sürüşü Talep Sayfası,2019 Ford Focus HB 1.5 EcoBlue 120 PS Otomatik ST-Line Ürün Kataloğu,"Periyodik Bakım Şartı
3 Yıl Boya
4 Yıl / 100 Bin Km
12 Yıl Paslanmazlık",Ford Euroservis-Acil Yol Yardımı 444 3673,Var,,,,,Turbo,EcoBlue (Yakıt Verimliliği),,1500 cc,Common Rail Direkt Enjeksiyon,10.2 saniye,196 km/s,300 nm,120 BG,Amerika,Hatchback,Binek,ST-Line,,Hatchback,2019,İçten Yanmalı (Standart),1800 tl/yıl,C,Focus,Dizel,https://www.epey.com/araba/2019-ford-focus-hb-1-5-ecoblue-120-ps-otomatik-st-line.html,,,,,,115 g/km,4.4 lt,47 lt,Euro 6.2,4.1 lt,4.9 lt,,,5 yıldız,2019 Ford Focus HB 1.5 EcoBlue 120 PS Otomatik ST-Line NCAP/ANCAP Web Sayfası,2018,Var,,,,,,,,,Önden Çekişli,,,,,8 ileri,Otomatik,
1394 kg,,1825 mm,4378 mm,1452 mm,1320 lt,341 lt,,2019 Ford Focus HB 1.5 EcoBlue 120 PS Otomatik Titanium,2019 Ford Focus HB 1.5 EcoBlue 120 PS Otomatik Titanium Test Sürüşü Talep Sayfası,2019 Ford Focus HB 1.5 EcoBlue 120 PS Otomatik Titanium Ürün Kataloğu,"Periyodik Bakım Şartı
3 Yıl Boya
4 Yıl / 100 Bin Km
12 Yıl Paslanmazlık",Ford Euroservis-Acil Yol Yardımı 444 3673,Var,,,,,Turbo,EcoBlue (Yakıt Verimliliği),,1500 cc,Common Rail Direkt Enjeksiyon,10.2 saniye,196 km/s,300 nm,120 BG,Amerika,Hatchback,Binek,Titanium,,Hatchback,2019,İçten Yanmalı (Standart),1800 tl/yıl,C,Focus,Dizel,https://www.epey.com/araba/2019-ford-focus-hb-1-5-ecoblue-120-ps-otomatik-titanium.html,,,,,,115 g/km,4.4 lt,47 lt,Euro 6.2,4.1 lt,4.9 lt,,,5 yıldız,2019 Ford Focus HB 1.5 EcoBlue 120 PS Otomatik Titanium NCAP/ANCAP Web Sayfası,2018,Var,,,,,,,,,Önden Çekişli,,,,,8 ileri,Otomatik,
1394 kg,,1825 mm,4378 mm,1452 mm,1320 lt,341 lt,,2019 Ford Focus HB 1.5 EcoBlue 120 PS Otomatik Trend X,2019 Ford Focus HB 1.5 EcoBlue 120 PS Otomatik Trend X Test Sürüşü Talep Sayfası,2019 Ford Focus HB 1.5 EcoBlue 120 PS Otomatik Trend X Ürün Kataloğu,"Periyodik Bakım Şartı
3 Yıl Boya
4 Yıl / 100 Bin Km
12 Yıl Paslanmazlık",Ford Euroservis-Acil Yol Yardımı 444 3673,Var,,,,,Turbo,EcoBlue (Yakıt Verimliliği),,1500 cc,Common Rail Direkt Enjeksiyon,10.2 saniye,196 km/s,300 nm,120 BG,Amerika,Hatchback,Binek,Trend X,,Hatchback,2019,İçten Yanmalı (Standart),1800 tl/yıl,C,Focus,Dizel,https://www.epey.com/araba/2019-ford-focus-hb-1-5-ecoblue-120-ps-otomatik-trend-x.html,,,,,,115 g/km,4.4 lt,47 lt,Euro 6.2,4.1 lt,4.9 lt,,,5 yıldız,2019 Ford Focus HB 1.5 EcoBlue 120 PS Otomatik Trend X NCAP/ANCAP Web Sayfası,2018,Var,,,,,,,,,Önden Çekişli,,,,,8 ileri,Otomatik,
1363 kg,,1825 mm,4378 mm,1452 mm,1320 lt,341 lt,,2019 Ford Focus HB 1.5 EcoBlue 120 PS Titanium,2019 Ford Focus HB 1.5 EcoBlue 120 PS Titanium Test Sürüşü Talep Sayfası,2019 Ford Focus HB 1.5 EcoBlue 120 PS Titanium Ürün Kataloğu,"Periyodik Bakım Şartı
3 Yıl Boya
4 Yıl / 100 Bin Km
12 Yıl Paslanmazlık",Ford Euroservis-Acil Yol Yardımı 444 3673,Var,,,,,Turbo,EcoBlue (Yakıt Verimliliği),,1500 cc,Common Rail Direkt Enjeksiyon,10 saniye,199 km/s,300 nm,120 BG,Amerika,Hatchback,Binek,Titanium,,Hatchback,2019,İçten Yanmalı (Standart),1800 tl/yıl,C,Focus,Dizel,https://www.epey.com/araba/2019-ford-focus-hb-1-5-ecoblue-120-ps-titanium.html,,,,,,90 g/km,3.4 lt,47 lt,Euro 6.2,3.2 lt,3.9 lt,,,5 yıldız,2019 Ford Focus HB 1.5 EcoBlue 120 PS Titanium NCAP/ANCAP Web Sayfası,2018,Var,,,,,,,,,Önden Çekişli,,,,,6 ileri,Manuel,
1363 kg,,1825 mm,4378 mm,1452 mm,1320 lt,341 lt,,2019 Ford Focus HB 1.5 EcoBlue 120 PS Trend X,2019 Ford Focus HB 1.5 EcoBlue 120 PS Trend X Test Sürüşü Talep Sayfası,2019 Ford Focus HB 1.5 EcoBlue 120 PS Trend X Ürün Kataloğu,"Periyodik Bakım Şartı
3 Yıl Boya
4 Yıl / 100 Bin Km
12 Yıl Paslanmazlık",Ford Euroservis-Acil Yol Yardımı 444 3673,Var,,,,,Turbo,EcoBlue (Yakıt Verimliliği),,1500 cc,Common Rail Direkt Enjeksiyon,10 saniye,199 km/s,300 nm,120 BG,Amerika,Hatchback,Binek,Trend X,,Hatchback,2019,İçten Yanmalı (Standart),1800 tl/yıl,C,Focus,Dizel,https://www.epey.com/araba/2019-ford-focus-hb-1-5-ecoblue-120-ps-trend-x.html,,,,,,90 g/km,3.4 lt,47 lt,Euro 6.2,3.2 lt,3.9 lt,,,5 yıldız,2019 Ford Focus HB 1.5 EcoBlue 120 PS Trend X NCAP/ANCAP Web Sayfası,2018,Var,,,,,,,,,Önden Çekişli,,,,,6 ileri,Manuel,
1336 kg,,1825 mm,4378 mm,1452 mm,1320 lt,341 lt,,2019 Ford Focus HB 1.5 Ti-VCT 123 PS Otomatik Titanium,2019 Ford Focus HB 1.5 Ti-VCT 123 PS Otomatik Titanium Test Sürüşü Talep Sayfası,2019 Ford Focus HB 1.5 Ti-VCT 123 PS Otomatik Titanium Ürün Kataloğu,"Periyodik Bakım Şartı
3 Yıl Boya
4 Yıl / 100 Bin Km
12 Yıl Paslanmazlık",Ford Euroservis-Acil Yol Yardımı 444 3673,Var,,,,,,Ti-VCT (İkiz Egzantrik Zamanlama),,1500 cc,,12.4 saniye,194 km/s,150 nm,123 BG,Amerika,Hatchback,Binek,Titanium,,Hatchback,2019,İçten Yanmalı (Standart),1800 tl/yıl,C,Focus,Benzin,https://www.epey.com/araba/2019-ford-focus-hb-1-5-ti-vct-123-ps-otomatik-titanium.html,,,,,,150 g/km,6.6 lt,52 lt,Euro 6.2,5.1 lt,9.1 lt,,,5 yıldız,2019 Ford Focus HB 1.5 Ti-VCT 123 PS Otomatik Titanium NCAP/ANCAP Web Sayfası,2018,Var,,,,,,,,,Önden Çekişli,,,,,6 ileri,Otomatik,
1336 kg,,1825 mm,4378 mm,1452 mm,1320 lt,341 lt,,2019 Ford Focus HB 1.5 Ti-VCT 123 PS Otomatik Trend X,2019 Ford Focus HB 1.5 Ti-VCT 123 PS Otomatik Trend X Test Sürüşü Talep Sayfası,2019 Ford Focus HB 1.5 Ti-VCT 123 PS Otomatik Trend X Ürün Kataloğu,"Periyodik Bakım Şartı
3 Yıl Boya
4 Yıl / 100 Bin Km
12 Yıl Paslanmazlık",Ford Euroservis-Acil Yol Yardımı 444 3673,Var,,,,,,Ti-VCT (İkiz Egzantrik Zamanlama),,1500 cc,,12.4 saniye,194 km/s,150 nm,123 BG,Amerika,Hatchback,Binek,Trend X,,Hatchback,2019,İçten Yanmalı (Standart),1800 tl/yıl,C,Focus,Benzin,https://www.epey.com/araba/2019-ford-focus-hb-1-5-ti-vct-123-ps-otomatik-trend-x.html,,,,,,150 g/km,6.6 lt,52 lt,Euro 6.2,5.1 lt,9.1 lt,,,5 yıldız,2019 Ford Focus HB 1.5 Ti-VCT 123 PS Otomatik Trend X NCAP/ANCAP Web Sayfası,2018,Var,,,,,,,,,Önden Çekişli,,,,,6 ileri,Otomatik,
1308 kg,,1825 mm,4378 mm,1452 mm,1320 lt,341 lt,,2019 Ford Focus HB 1.5 Ti-VCT 123 PS Titanium,2019 Ford Focus HB 1.5 Ti-VCT 123 PS Titanium Test Sürüşü Talep Sayfası,2019 Ford Focus HB 1.5 Ti-VCT 123 PS Titanium Ürün Kataloğu,"Periyodik Bakım Şartı
3 Yıl Boya
4 Yıl / 100 Bin Km
12 Yıl Paslanmazlık",Ford Euroservis-Acil Yol Yardımı 444 3673,Var,,,,,,Ti-VCT (İkiz Egzantrik Zamanlama),,1500 cc,,11.2 saniye,196 km/s,150 nm,123 BG,Amerika,Hatchback,Binek,Titanium,,Hatchback,2019,İçten Yanmalı (Standart),1800 tl/yıl,C,Focus,Benzin,https://www.epey.com/araba/2019-ford-focus-hb-1-5-ti-vct-123-ps-titanium.html,,,,,,134 g/km,6.0 lt,52 lt,Euro 6.2,4.6 lt,8.1 lt,,,5 yıldız,2019 Ford Focus HB 1.5 Ti-VCT 123 PS Titanium NCAP/ANCAP Web Sayfası,2018,Var,,,,,,,,,Önden Çekişli,,,,,6 ileri,Manuel,
1308 kg,,1825 mm,4378 mm,1452 mm,1320 lt,341 lt,,2019 Ford Focus HB 1.5 Ti-VCT 123 PS Trend X,2019 Ford Focus HB 1.5 Ti-VCT 123 PS Trend X Test Sürüşü Talep Sayfası,2019 Ford Focus HB 1.5 Ti-VCT 123 PS Trend X Ürün Kataloğu,"Periyodik Bakım Şartı
3 Yıl Boya
4 Yıl / 100 Bin Km
12 Yıl Paslanmazlık",Ford Euroservis-Acil Yol Yardımı 444 3673,Var,,,,,,Ti-VCT (İkiz Egzantrik Zamanlama),,1500 cc,,11.2 saniye,196 km/s,150 nm,123 BG,Amerika,Hatchback,Binek,Trend X,,Hatchback,2019,İçten Yanmalı (Standart),1800 tl/yıl,C,Focus,Benzin,https://www.epey.com/araba/2019-ford-focus-hb-1-5-ti-vct-123-ps-trend-x.html,,,,,,134 g/km,6.0 lt,52 lt,Euro 6.2,4.6 lt,8.1 lt,,,5 yıldız,2019 Ford Focus HB 1.5 Ti-VCT 123 PS Trend X NCAP/ANCAP Web Sayfası,2018,Var,,,,,,,,,Önden Çekişli,,,,,6 ileri,Manuel,
1686 kg,,1838 mm,4524 mm,1701 mm,1603 lt,406 lt,,2019 Ford Kuga 1.5 EcoBoost 182 PS Otomatik ST-Line (4x4),2019 Ford Kuga 1.5 EcoBoost 182 PS Otomatik ST-Line (4x4) Test Sürüşü Talep Sayfası,2019 Ford Kuga 1.5 EcoBoost 182 PS Otomatik ST-Line (4x4) Ürün Kataloğu,"Periyodik Bakım Şartı
3 Yıl Boya
4 Yıl / 100 Bin Km
12 Yıl Paslanmazlık",Ford Euroservis-Acil Yol Yardımı 444 3673,Var,,,,,Turbo,EcoBoost (Turbo Şarj),4,1498 cc,Çok Noktadan Enjeksiyon,10.1 saniye,200 km/s,240 nm,182 BG,Amerika,,Binek,ST-Line,,SUV,2019,İçten Yanmalı (Standart),1800 tl/yıl,C,Kuga,Benzin,https://www.epey.com/araba/2019-ford-kuga-1-5-ecoboost-182-ps-otomatik-st-line-4x4.html,,,,,,173 g/km,7.5 lt,60 lt,Euro 6,6.3 lt,9.4 lt,,,5 yıldız,2019 Ford Kuga 1.5 EcoBoost 182 PS Otomatik ST-Line (4x4) NCAP/ANCAP Web Sayfası,2012,Var,,,,,,,,,4x4 Çekişli,,,,,6 ileri,Otomatik,Standart Otomatik
1686 kg,,1838 mm,4524 mm,1701 mm,1603 lt,406 lt,,2019 Ford Kuga 1.5 EcoBoost 182 PS Otomatik Style (4x4),2019 Ford Kuga 1.5 EcoBoost 182 PS Otomatik Style (4x4) Test Sürüşü Talep Sayfası,2019 Ford Kuga 1.5 EcoBoost 182 PS Otomatik Style (4x4) Ürün Kataloğu,"Periyodik Bakım Şartı
3 Yıl Boya
4 Yıl / 100 Bin Km
12 Yıl Paslanmazlık",Ford Euroservis-Acil Yol Yardımı 444 3673,Var,,,,,Turbo,EcoBoost (Turbo Şarj),4,1498 cc,Çok Noktadan Enjeksiyon,10.1 saniye,200 km/s,240 nm,182 BG,Amerika,,Binek,Style,,SUV,2019,İçten Yanmalı (Standart),1800 tl/yıl,C,Kuga,Benzin,https://www.epey.com/araba/2019-ford-kuga-1-5-ecoboost-182-ps-otomatik-style-4x4.html,,,,,,173 g/km,7.5 lt,60 lt,Euro 6,6.3 lt,9.4 lt,,,5 yıldız,2019 Ford Kuga 1.5 EcoBoost 182 PS Otomatik Style (4x4) NCAP/ANCAP Web Sayfası,2012,Var,,,,,,,,,4x4 Çekişli,,,,,6 ileri,Otomatik,Standart Otomatik
1686 kg,,1838 mm,4524 mm,1701 mm,1603 lt,406 lt,,2019 Ford Kuga 1.5 EcoBoost 182 PS Otomatik Titanium (4x4),2019 Ford Kuga 1.5 EcoBoost 182 PS Otomatik Titanium (4x4) Test Sürüşü Talep Sayfası,2019 Ford Kuga 1.5 EcoBoost 182 PS Otomatik Titanium (4x4) Ürün Kataloğu,"Periyodik Bakım Şartı
3 Yıl Boya
4 Yıl / 100 Bin Km
12 Yıl Paslanmazlık",Ford Euroservis-Acil Yol Yardımı 444 3673,Var,,,,,Turbo,EcoBoost (Turbo Şarj),4,1498 cc,Çok Noktadan Enjeksiyon,10.1 saniye,200 km/s,240 nm,182 BG,Amerika,,Binek,Titanium,,SUV,2019,İçten Yanmalı (Standart),1800 tl/yıl,C,Kuga,Benzin,https://www.epey.com/araba/2019-ford-kuga-1-5-ecoboost-182-ps-otomatik-titanium-4x4.html,,,,,,173 g/km,7.5 lt,60 lt,Euro 6,6.3 lt,9.4 lt,,,5 yıldız,2019 Ford Kuga 1.5 EcoBoost 182 PS Otomatik Titanium (4x4) NCAP/ANCAP Web Sayfası,2012,Var,,,,,,,,,4x4 Çekişli,,,,,6 ileri,Otomatik,Standart Otomatik
1686 kg,,1838 mm,4524 mm,1701 mm,1603 lt,406 lt,,2019 Ford Kuga 1.5 EcoBoost 182 PS Otomatik Vignale (4x4),2019 Ford Kuga 1.5 EcoBoost 182 PS Otomatik Vignale (4x4) Test Sürüşü Talep Sayfası,2019 Ford Kuga 1.5 EcoBoost 182 PS Otomatik Vignale (4x4) Ürün Kataloğu,"Periyodik Bakım Şartı
3 Yıl Boya
4 Yıl / 100 Bin Km
12 Yıl Paslanmazlık",Ford Euroservis-Acil Yol Yardımı 444 3673,Var,,,,,Turbo,EcoBoost (Turbo Şarj),4,1498 cc,Çok Noktadan Enjeksiyon,10.1 saniye,200 km/s,240 nm,182 BG,Amerika,,Binek,Vignale,,SUV,2019,İçten Yanmalı (Standart),1800 tl/yıl,C,Kuga,Benzin,https://www.epey.com/araba/2019-ford-kuga-1-5-ecoboost-182-ps-otomatik-vignale-4x4.html,,,,,,173 g/km,7.5 lt,60 lt,Euro 6,6.3 lt,9.4 lt,,,5 yıldız,2019 Ford Kuga 1.5 EcoBoost 182 PS Otomatik Vignale (4x4) NCAP/ANCAP Web Sayfası,2012,Var,,,,,,,,,4x4 Çekişli,,,,,6 ileri,Otomatik,Standart Otomatik
1605 kg,,1838 mm,4524 mm,1701 mm,1603 lt,406 lt,,2019 Ford Kuga 1.5 TDCi 120 PS PowerShift Yeni Titanium (4x2),2019 Ford Kuga 1.5 TDCi 120 PS PowerShift Yeni Titanium (4x2) Test Sürüşü Talep Sayfası,2019 Ford Kuga 1.5 TDCi 120 PS PowerShift Yeni Titanium (4x2) Ürün Kataloğu,"Periyodik Bakım Şartı
3 Yıl Boya
4 Yıl / 100 Bin Km
12 Yıl Paslanmazlık",Ford Euroservis-Acil Yol Yardımı 444 3673,Var,,,,,Turbo,,4,1498 cc,Common Rail Direkt Enjeksiyon,12.4 saniye,171 km/s,300 nm,120 BG,Amerika,,Binek,Yeni Titanium,,SUV,2019,İçten Yanmalı (Standart),1800 tl/yıl,C,Kuga,Dizel,https://www.epey.com/araba/2019-ford-kuga-1-5-tdci-120-ps-powershift-yeni-titanium-4x2.html,,,,,,124 g/km,4.8 lt,60 lt,Euro 6,4.6 lt,5.1 lt,,,5 yıldız,2019 Ford Kuga 1.5 TDCi 120 PS PowerShift Yeni Titanium (4x2) NCAP/ANCAP Web Sayfası,2012,Var,,,,,,,,,Önden Çekişli,,,,,6 ileri,Otomatik,PowerShift (Yarı Otm.)
1591 kg,,1838 mm,4524 mm,1701 mm,1603 lt,406 lt,,2019 Ford Kuga 1.5 TDCi 120 PS Style (4x2),2019 Ford Kuga 1.5 TDCi 120 PS Style (4x2) Test Sürüşü Talep Sayfası,2019 Ford Kuga 1.5 TDCi 120 PS Style (4x2) Ürün Kataloğu,"Periyodik Bakım Şartı
3 Yıl Boya
4 Yıl / 100 Bin Km
12 Yıl Paslanmazlık",Ford Euroservis-Acil Yol Yardımı 444 3673,Var,,,,,Turbo,,4,1498 cc,Common Rail Direkt Enjeksiyon,12.7 saniye,173 km/s,270 nm,120 BG,Amerika,,Binek,Style,,SUV,2019,İçten Yanmalı (Standart),1800 tl/yıl,C,Kuga,Dizel,https://www.epey.com/araba/2019-ford-kuga-1-5-tdci-120-ps-style-4x2.html,,,,,,115 g/km,4.4 lt,60 lt,Euro 6,4.2 lt,4.8 lt,,,5 yıldız,2019 Ford Kuga 1.5 TDCi 120 PS Style (4x2) NCAP/ANCAP Web Sayfası,2012,Var,,,,,,,,,Önden Çekişli,,,,,6 ileri,Manuel,
1591 kg,,1838 mm,4524 mm,1701 mm,1603 lt,406 lt,,2019 Ford Kuga 1.5 TDCi 120 PS Titanium (4x2),2019 Ford Kuga 1.5 TDCi 120 PS Titanium (4x2) Test Sürüşü Talep Sayfası,2019 Ford Kuga 1.5 TDCi 120 PS Titanium (4x2) Ürün Kataloğu,"Periyodik Bakım Şartı
3 Yıl Boya
4 Yıl / 100 Bin Km
12 Yıl Paslanmazlık",Ford Euroservis-Acil Yol Yardımı 444 3673,Var,,,,,Turbo,,4,1498 cc,Common Rail Direkt Enjeksiyon,12.7 saniye,173 km/s,270 nm,120 BG,Amerika,,Binek,Titanium,,SUV,2019,İçten Yanmalı (Standart),1800 tl/yıl,C,Kuga,Dizel,https://www.epey.com/araba/2019-ford-kuga-1-5-tdci-120-ps-titanium-4x2.html,,,,,,115 g/km,4.4 lt,60 lt,Euro 6,4.2 lt,4.8 lt,,,5 yıldız,2019 Ford Kuga 1.5 TDCi 120 PS Titanium (4x2) NCAP/ANCAP Web Sayfası,2012,Var,,,,,,,,,Önden Çekişli,,,,,6 ileri,Manuel,
1716 kg,,1838 mm,4524 mm,1701 mm,1603 lt,406 lt,,2019 Ford Kuga 2.0 TDCi 180 PS PowerShift Titanium (4x4),2019 Ford Kuga 2.0 TDCi 180 PS PowerShift Titanium (4x4) Test Sürüşü Talep Sayfası,2019 Ford Kuga 2.0 TDCi 180 PS PowerShift Titanium (4x4) Ürün Kataloğu,"Periyodik Bakım Şartı
3 Yıl Boya
4 Yıl / 100 Bin Km
12 Yıl Paslanmazlık",Ford Euroservis-Acil Yol Yardımı 444 3673,Var,,,,,Turbo,,4,1998 cc,Common Rail Direkt Enjeksiyon,10.0 saniye,200 km/s,400 nm,180 BG,Amerika,,Binek,Titanium,,SUV,2019,İçten Yanmalı (Standart),5003 tl/yıl,C,Kuga,Dizel,https://www.epey.com/araba/2019-ford-kuga-2-0-tdci-180-ps-powershift-titanium-4x4.html,,,,,,134 g/km,5.2 lt,60 lt,Euro 6,4.9 lt,5.5 lt,,,5 yıldız,2019 Ford Kuga 2.0 TDCi 180 PS PowerShift Titanium (4x4) NCAP/ANCAP Web Sayfası,2012,Var,,,,,,,,,4x4 Çekişli,,,,,6 ileri,Otomatik,PowerShift (Yarı Otm.)
1716 kg,,1838 mm,4524 mm,1701 mm,1603 lt,406 lt,,2019 Ford Kuga 2.0 TDCi 180 PS PowerShift Vignale (4x4),2019 Ford Kuga 2.0 TDCi 180 PS PowerShift Vignale (4x4) Test Sürüşü Talep Sayfası,2019 Ford Kuga 2.0 TDCi 180 PS PowerShift Vignale (4x4) Ürün Kataloğu,"Periyodik Bakım Şartı
3 Yıl Boya
4 Yıl / 100 Bin Km
12 Yıl Paslanmazlık",Ford Euroservis-Acil Yol Yardımı 444 3673,Var,,,,,Turbo,,4,1998 cc,Common Rail Direkt Enjeksiyon,10.0 saniye,200 km/s,400 nm,180 BG,Amerika,,Binek,Vignale,,SUV,2019,İçten Yanmalı (Standart),5003 tl/yıl,C,Kuga,Dizel,https://www.epey.com/araba/2019-ford-kuga-2-0-tdci-180-ps-powershift-vignale-4x4.html,,,,,,134 g/km,5.2 lt,60 lt,Euro 6,4.9 lt,5.5 lt,,,5 yıldız,2019 Ford Kuga 2.0 TDCi 180 PS PowerShift Vignale (4x4) NCAP/ANCAP Web Sayfası,2012,Var,,,,,,,,,4x4 Çekişli,,,,,6 ileri,Otomatik,PowerShift (Yarı Otm.)
1411 kg,,1799 mm,4518 mm,1428 mm,,420 lt,,2019 Honda Civic HB 1.5 VTEC Turbo 182 PS CVT Sport,2019 Honda Civic HB 1.5 VTEC Turbo 182 PS CVT Sport Test Sürüşü Talep Sayfası,2019 Honda Civic HB 1.5 VTEC Turbo 182 PS CVT Sport Ürün Kataloğu,"Periyodik Bakım Şartı
Satarken Garantiyi Devredebilme
6 Yıl / 150 Bin Km Mekanik",Honda Aktif Acil Yol Yardım 0212 234 6632,Var,,,,,Turbo,,4,1498 cc,PGM-FI (Direkt Enjeksiyon),8.2 saniye,200 km/s,220 nm,182 BG,Japonya,Hatchback,Binek,Sport,,Hatchback,2019,İçten Yanmalı (Standart),1800 tl/yıl,C,Civic,Benzin,https://www.epey.com/araba/2019-honda-civic-hb-1-5-vtec-turbo-182-ps-cvt-sport.html,,,,,,137 g/km,6.0 lt,46 lt,,5.0 lt,7.7 lt,,,5 yıldız,2019 Honda Civic HB 1.5 VTEC Turbo 182 PS CVT Sport NCAP/ANCAP Web Sayfası,2017,Var,,,,,,,,,Önden Çekişli,,,,,,Otomatik,CVT (Değişken Oranlı)
1411 kg,,1799 mm,4518 mm,1428 mm,,420 lt,,2019 Honda Civic HB 1.5 VTEC Turbo 182 PS CVT Sport+,2019 Honda Civic HB 1.5 VTEC Turbo 182 PS CVT Sport+ Test Sürüşü Talep Sayfası,2019 Honda Civic HB 1.5 VTEC Turbo 182 PS CVT Sport+ Ürün Kataloğu,"Periyodik Bakım Şartı
Satarken Garantiyi Devredebilme
6 Yıl / 150 Bin Km Mekanik",Honda Aktif Acil Yol Yardım 0212 234 6632,Var,,,,,Turbo,,4,1498 cc,PGM-FI (Direkt Enjeksiyon),8.2 saniye,200 km/s,220 nm,182 BG,Japonya,Hatchback,Binek,Sport+,,Hatchback,2019,İçten Yanmalı (Standart),1800 tl/yıl,C,Civic,Benzin,https://www.epey.com/araba/2019-honda-civic-hb-1-5-vtec-turbo-182-ps-cvt-sportplus.html,,,,,,137 g/km,6.0 lt,46 lt,,5.0 lt,7.7 lt,,,5 yıldız,2019 Honda Civic HB 1.5 VTEC Turbo 182 PS CVT Sport+ NCAP/ANCAP Web Sayfası,2017,Var,,,,,,,,,Önden Çekişli,,,,,,Otomatik,CVT (Değişken Oranlı)
1388 kg,,1799 mm,4648 mm,1407 mm,,519 lt,,2019 Honda Civic Sedan 1.5 182 PS CVT RS,2019 Honda Civic Sedan 1.5 182 PS CVT RS Test Sürüşü Talep Sayfası,2019 Honda Civic Sedan 1.5 182 PS CVT RS Ürün Kataloğu,"Periyodik Bakım Şartı
Satarken Garantiyi Devredebilme
6 Yıl / 150 Bin Km Mekanik",Honda Aktif Acil Yol Yardım 0212 234 6632,Var,,,,,Turbo,,4,1498 cc,PGM-FI (Direkt Enjeksiyon),8.1 saniye,200 km/s,220 nm,182 BG,Japonya,Sedan,Binek,RS,,Sedan,2019,İçten Yanmalı (Standart),1800 tl/yıl,C,Civic,Benzin,https://www.epey.com/araba/2019-honda-civic-sedan-1-5-182-ps-cvt-rs.html,,,,,,130 g/km,5.7 lt,46 lt,,4.7 lt,7.5 lt,Yok,,4 yıldız,2019 Honda Civic Sedan 1.5 182 PS CVT RS NCAP/ANCAP Web Sayfası,2017,Var,,,,,,,,,Önden Çekişli,,,,,,Otomatik,CVT (Değişken Oranlı)
1322 kg,,1799 mm,4648 mm,1407 mm,,519 lt,,2019 Honda Civic Sedan 1.6 125 PS CVT Elegance Eco,2019 Honda Civic Sedan 1.6 125 PS CVT Elegance Eco Test Sürüşü Talep Sayfası,2019 Honda Civic Sedan 1.6 125 PS CVT Elegance Eco Ürün Kataloğu,"Periyodik Bakım Şartı
Satarken Garantiyi Devredebilme
6 Yıl / 150 Bin Km Mekanik",Honda Aktif Acil Yol Yardım 0212 234 6632,Var,,,,,Atmosferik,,4,1597 cc,PGM-FI (Direkt Enjeksiyon),11.6 saniye,196 km/s,152 nm,125 BG,Japonya,Sedan,Binek,Elegance ECO,,Sedan,2019,İçten Yanmalı (Standart),1800 tl/yıl,C,Civic,Benzin & LPG,https://www.epey.com/araba/2019-honda-civic-sedan-1-6-125-ps-cvt-elegance-eco.html,,,,,,153 g/km,6.7 lt,47 lt,,5.2 lt,9.2 lt,,,4 yıldız,2019 Honda Civic Sedan 1.6 125 PS CVT Elegance Eco NCAP/ANCAP Web Sayfası,2017,Var,,,,,,,,,Önden Çekişli,,,,,,Otomatik,CVT (Değişken Oranlı)
1322 kg,,1799 mm,4648 mm,1407 mm,,519 lt,,2019 Honda Civic Sedan 1.6 125 PS CVT Elegance,2019 Honda Civic Sedan 1.6 125 PS CVT Elegance Test Sürüşü Talep Sayfası,2019 Honda Civic Sedan 1.6 125 PS CVT Elegance Ürün Kataloğu,"Periyodik Bakım Şartı
Satarken Garantiyi Devredebilme
6 Yıl / 150 Bin Km Mekanik",Honda Aktif Acil Yol Yardım 0212 234 6632,Var,,,,,Atmosferik,,4,1597 cc,PGM-FI (Direkt Enjeksiyon),11.6 saniye,196 km/s,152 nm,125 BG,Japonya,Sedan,Binek,Elegance,,Sedan,2019,İçten Yanmalı (Standart),1800 tl/yıl,C,Civic,Benzin,https://www.epey.com/araba/2019-honda-civic-sedan-1-6-125-ps-cvt-elegance.html,,,,,,153 g/km,6.7 lt,47 lt,,5.2 lt,9.2 lt,Yok,,4 yıldız,2019 Honda Civic Sedan 1.6 125 PS CVT Elegance NCAP/ANCAP Web Sayfası,2017,Var,,,,,,,,,Önden Çekişli,,,,,,Otomatik,CVT (Değişken Oranlı)
1322 kg,,1799 mm,4648 mm,1407 mm,,519 lt,,2019 Honda Civic Sedan 1.6 125 PS CVT Executive Eco,2019 Honda Civic Sedan 1.6 125 PS CVT Executive Eco Test Sürüşü Talep Sayfası,2019 Honda Civic Sedan 1.6 125 PS CVT Executive Eco Ürün Kataloğu,"Periyodik Bakım Şartı
Satarken Garantiyi Devredebilme
6 Yıl / 150 Bin Km Mekanik",Honda Aktif Acil Yol Yardım 0212 234 6632,Var,,,,,Atmosferik,,4,1597 cc,PGM-FI (Direkt Enjeksiyon),11.6 saniye,196 km/s,152 nm,125 BG,Japonya,Sedan,Binek,Executive ECO,,Sedan,2019,İçten Yanmalı (Standart),1800 tl/yıl,C,Civic,Benzin & LPG,https://www.epey.com/araba/2019-honda-civic-sedan-1-6-125-ps-cvt-executive-eco.html,,,,,,153 g/km,6.7 lt,47 lt,,5.2 lt,9.2 lt,,,4 yıldız,2019 Honda Civic Sedan 1.6 125 PS CVT Executive Eco NCAP/ANCAP Web Sayfası,2017,Var,,,,,,,,,Önden Çekişli,,,,,,Otomatik,CVT (Değişken Oranlı)
1322 kg,,1799 mm,4648 mm,1407 mm,,519 lt,,2019 Honda Civic Sedan 1.6 125 PS CVT Executive,2019 Honda Civic Sedan 1.6 125 PS CVT Executive Test Sürüşü Talep Sayfası,2019 Honda Civic Sedan 1.6 125 PS CVT Executive Ürün Kataloğu,"Periyodik Bakım Şartı
Satarken Garantiyi Devredebilme
6 Yıl / 150 Bin Km Mekanik",Honda Aktif Acil Yol Yardım 0212 234 6632,Var,,,,,Atmosferik,,4,1597 cc,PGM-FI (Direkt Enjeksiyon),11.6 saniye,196 km/s,152 nm,125 BG,Japonya,Sedan,Binek,Executive,,Sedan,2019,İçten Yanmalı (Standart),1800 tl/yıl,C,Civic,Benzin,https://www.epey.com/araba/2019-honda-civic-sedan-1-6-125-ps-cvt-executive.html,,,,,,153 g/km,6.7 lt,47 lt,,5.2 lt,9.2 lt,Yok,,4 yıldız,2019 Honda Civic Sedan 1.6 125 PS CVT Executive NCAP/ANCAP Web Sayfası,2017,Var,,,,,,,,,Önden Çekişli,,,,,,Otomatik,CVT (Değişken Oranlı)
1322 kg,,1799 mm,4648 mm,1407 mm,,519 lt,,2019 Honda Civic Sedan 1.6 125 PS CVT Premium Eco,2019 Honda Civic Sedan 1.6 125 PS CVT Premium Eco Test Sürüşü Talep Sayfası,2019 Honda Civic Sedan 1.6 125 PS CVT Premium Eco Ürün Kataloğu,"Periyodik Bakım Şartı
Satarken Garantiyi Devredebilme
6 Yıl / 150 Bin Km Mekanik",Honda Aktif Acil Yol Yardım 0212 234 6632,Var,,,,,Atmosferik,,4,1597 cc,PGM-FI (Direkt Enjeksiyon),11.6 saniye,196 km/s,152 nm,125 BG,Japonya,Sedan,Binek,Premium ECO,,Sedan,2019,İçten Yanmalı (Standart),1800 tl/yıl,C,Civic,Benzin & LPG,https://www.epey.com/araba/2019-honda-civic-sedan-1-6-125-ps-cvt-premium-eco.html,Var,40 lt,,,,153 g/km,6.7 lt,47 lt,,5.2 lt,9.2 lt,Yok,,4 yıldız,2019 Honda Civic Sedan 1.6 125 PS CVT Premium Eco NCAP/ANCAP Web Sayfası,2017,Var,,,,,,,,,Önden Çekişli,,,,,,Otomatik,CVT (Değişken Oranlı)
1301 kg,,1799 mm,4648 mm,1407 mm,,519 lt,,2019 Honda Civic Sedan 1.6 125 PS Elegance,2019 Honda Civic Sedan 1.6 125 PS Elegance Test Sürüşü Talep Sayfası,2019 Honda Civic Sedan 1.6 125 PS Elegance Ürün Kataloğu,"Periyodik Bakım Şartı
Satarken Garantiyi Devredebilme
6 Yıl / 150 Bin Km Mekanik",Honda Aktif Acil Yol Yardım 0212 234 6632,Var,,,,,Atmosferik,,4,1597 cc,PGM-FI (Direkt Enjeksiyon),10.6 saniye,205 km/s,152 nm,125 BG,Japonya,Sedan,Binek,Elegance,,Sedan,2019,İçten Yanmalı (Standart),1800 tl/yıl,C,Civic,Benzin,https://www.epey.com/araba/2019-honda-civic-sedan-1-6-125-ps-elegance.html,,,,,,160 g/km,7.0 lt,47 lt,,5.7 lt,9.2 lt,Yok,,4 yıldız,2019 Honda Civic Sedan 1.6 125 PS Elegance NCAP/ANCAP Web Sayfası,2017,Var,,,,,,,,,Önden Çekişli,,,,,6 ileri,Manuel,
1301 kg,,1799 mm,4648 mm,1407 mm,,519 lt,,2019 Honda Civic Sedan 1.6 125 PS Premium Eco,2019 Honda Civic Sedan 1.6 125 PS Premium Eco Test Sürüşü Talep Sayfası,2019 Honda Civic Sedan 1.6 125 PS Premium Eco Ürün Kataloğu,"Periyodik Bakım Şartı
Satarken Garantiyi Devredebilme
6 Yıl / 150 Bin Km Mekanik",Honda Aktif Acil Yol Yardım 0212 234 6632,Var,,,,,Atmosferik,,4,1597 cc,PGM-FI (Direkt Enjeksiyon),10.6 saniye,205 km/s,152 nm,125 BG,Japonya,Sedan,Binek,Premium ECO,,Sedan,2019,İçten Yanmalı (Standart),1800 tl/yıl,C,Civic,Benzin & LPG,https://www.epey.com/araba/2019-honda-civic-sedan-1-6-125-ps-premium-eco.html,Var,40 lt,,,,160 g/km,7.0 lt,47 lt,,5.7 lt,9.2 lt,Yok,,4 yıldız,2019 Honda Civic Sedan 1.6 125 PS Premium Eco NCAP/ANCAP Web Sayfası,2017,Var,,,,,,,,,Önden Çekişli,,,,,6 ileri,Manuel,
1301 kg,,1799 mm,4648 mm,1407 mm,,519 lt,,2019 Honda Civic Sedan 1.6 125 PS Premium,2019 Honda Civic Sedan 1.6 125 PS Premium Test Sürüşü Talep Sayfası,2019 Honda Civic Sedan 1.6 125 PS Premium Ürün Kataloğu,"Periyodik Bakım Şartı
Satarken Garantiyi Devredebilme
6 Yıl / 150 Bin Km Mekanik",Honda Aktif Acil Yol Yardım 0212 234 6632,Var,,,,,Atmosferik,,4,1597 cc,PGM-FI (Direkt Enjeksiyon),10.6 saniye,205 km/s,152 nm,125 BG,Japonya,Sedan,Binek,Premium,,Sedan,2019,İçten Yanmalı (Standart),1800 tl/yıl,C,Civic,Benzin,https://www.epey.com/araba/2019-honda-civic-sedan-1-6-125-ps-premium.html,,,,,,160 g/km,7.0 lt,47 lt,,5.7 lt,9.2 lt,Yok,,4 yıldız,2019 Honda Civic Sedan 1.6 125 PS Premium NCAP/ANCAP Web Sayfası,2017,Var,,,,,,,,,Önden Çekişli,,,,,6 ileri,Manuel,
1408 kg,,1799 mm,4648 mm,1407 mm,,519 lt,,2019 Honda Civic Sedan 1.6 i-DTEC 120 PS Otomatik Elegance,2019 Honda Civic Sedan 1.6 i-DTEC 120 PS Otomatik Elegance Test Sürüşü Talep Sayfası,2019 Honda Civic Sedan 1.6 i-DTEC 120 PS Otomatik Elegance Ürün Kataloğu,"Periyodik Bakım Şartı
Satarken Garantiyi Devredebilme
6 Yıl / 150 Bin Km Mekanik",Honda Aktif Acil Yol Yardım 0212 234 6632,Var,,,,,Turbo,,4,1597 cc,Common Rail Direkt Enjeksiyon,10.7 saniye,200 km/s,300 nm,120 BG,Japonya,Sedan,Binek,Elegance,,Sedan,2019,İçten Yanmalı (Standart),1800 tl/yıl,C,Civic,Dizel,https://www.epey.com/araba/2019-honda-civic-sedan-1-6-i-dtec-120-ps-otomatik-elegance.html,,,,,,108 g/km,4.1 lt,47 lt,,3.8 lt,4.7 lt,,,4 yıldız,2019 Honda Civic Sedan 1.6 i-DTEC 120 PS Otomatik Elegance NCAP/ANCAP Web Sayfası,2017,Var,,,,,,,,,Önden Çekişli,,,,,9 ileri,Otomatik,
1408 kg,,1799 mm,4648 mm,1407 mm,,519 lt,,2019 Honda Civic Sedan 1.6 i-DTEC 120 PS Otomatik Executive,2019 Honda Civic Sedan 1.6 i-DTEC 120 PS Otomatik Executive Test Sürüşü Talep Sayfası,2019 Honda Civic Sedan 1.6 i-DTEC 120 PS Otomatik Executive Ürün Kataloğu,"Periyodik Bakım Şartı
Satarken Garantiyi Devredebilme
6 Yıl / 150 Bin Km Mekanik",Honda Aktif Acil Yol Yardım 0212 234 6632,Var,,,,,Turbo,,4,1597 cc,Common Rail Direkt Enjeksiyon,10.7 saniye,200 km/s,300 nm,120 BG,Japonya,Sedan,Binek,Executive,,Sedan,2019,İçten Yanmalı (Standart),1800 tl/yıl,C,Civic,Dizel,https://www.epey.com/araba/2019-honda-civic-sedan-1-6-i-dtec-120-ps-otomatik-executive.html,,,,,,108 g/km,4.1 lt,47 lt,,3.8 lt,4.7 lt,,,4 yıldız,2019 Honda Civic Sedan 1.6 i-DTEC 120 PS Otomatik Executive NCAP/ANCAP Web Sayfası,2017,Var,,,,,,,,,Önden Çekişli,,,,,9 ileri,Otomatik,
1408 kg,,1799 mm,4648 mm,1407 mm,,519 lt,,2019 Honda Civic Sedan 1.6 i-DTEC 120 PS Otomatik Executive+,2019 Honda Civic Sedan 1.6 i-DTEC 120 PS Otomatik Executive+ Test Sürüşü Talep Sayfası,2019 Honda Civic Sedan 1.6 i-DTEC 120 PS Otomatik Executive+ Ürün Kataloğu,"Periyodik Bakım Şartı
Satarken Garantiyi Devredebilme
6 Yıl / 150 Bin Km Mekanik",Honda Aktif Acil Yol Yardım 0212 234 6632,Var,,,,,Turbo,,4,1597 cc,Common Rail Direkt Enjeksiyon,10.7 saniye,200 km/s,300 nm,120 BG,Japonya,Sedan,Binek,Executive+,,Sedan,2019,İçten Yanmalı (Standart),1800 tl/yıl,C,Civic,Dizel,https://www.epey.com/araba/2019-honda-civic-sedan-1-6-i-dtec-120-ps-otomatik-executiveplus.html,,,,,,108 g/km,4.1 lt,47 lt,,3.8 lt,4.7 lt,,,4 yıldız,2019 Honda Civic Sedan 1.6 i-DTEC 120 PS Otomatik Executive+ NCAP/ANCAP Web Sayfası,2017,Var,,,,,,,,,Önden Çekişli,,,,,9 ileri,Otomatik,
1385 kg,,1799 mm,4648 mm,1407 mm,,519 lt,,2019 Honda Civic Sedan 1.6 i-DTEC 120 PS Premium,2019 Honda Civic Sedan 1.6 i-DTEC 120 PS Premium Test Sürüşü Talep Sayfası,2019 Honda Civic Sedan 1.6 i-DTEC 120 PS Premium Ürün Kataloğu,"Periyodik Bakım Şartı
Satarken Garantiyi Devredebilme
6 Yıl / 150 Bin Km Mekanik",Honda Aktif Acil Yol Yardım 0212 234 6632,Var,,,,,Turbo,,4,1597 cc,Common Rail Direkt Enjeksiyon,9.9 saniye,201 km/s,300 nm,120 BG,Japonya,Sedan,Binek,Premium,,Sedan,2019,İçten Yanmalı (Standart),1800 tl/yıl,C,Civic,Dizel,https://www.epey.com/araba/2019-honda-civic-sedan-1-6-i-dtec-120-ps-premium.html,,,,,,91 g/km,3.4 lt,47 lt,,3.4 lt,3.5 lt,,,4 yıldız,2019 Honda Civic Sedan 1.6 i-DTEC 120 PS Premium NCAP/ANCAP Web Sayfası,2017,Var,,,,,,,,,Önden Çekişli,,,,,6 ileri,Manuel,
1669 kg,,1855 mm,4600 mm,1681 mm,,561 lt,,2019 Honda CR-V 1.5 VTEC 193 BG Otomatik Elegance (4x4),2019 Honda CR-V 1.5 VTEC 193 BG Otomatik Elegance (4x4) Test Sürüşü Talep Sayfası,2019 Honda CR-V 1.5 VTEC 193 BG Otomatik Elegance (4x4) Ürün Kataloğu,"Periyodik Bakım Şartı
Satarken Garantiyi Devredebilme
6 Yıl / 150 Bin Km Mekanik","Garanti Süresi Boyunca Ücretsiz
Honda Aktif Acil Yol Yardım 0212 234 6632",Var,,,,,Turbo,,4,1498 cc,PGM-FI (Direkt Enjeksiyon),10.0 saniye,200 km/s,243 nm,193 BG,Japonya,,Binek,Elegance,,SUV,2019,İçten Yanmalı (Standart),1800 tl/yıl,C,CR-V,Benzin,https://www.epey.com/araba/2019-honda-cr-v-1-5-vtec-193-bg-otomatik-elegance-4x4.html,,,,,,162 g/km,7.1 lt,57 lt,,6.2 lt,8.6 lt,,,5 yıldız,2019 Honda CR-V 1.5 VTEC 193 BG Otomatik Elegance (4x4) NCAP/ANCAP Web Sayfası,2019,Var,,,,,,,,,4x4 Çekişli,,,,,,Otomatik,CVT (Değişken Oranlı)
1669 kg,,1855 mm,4600 mm,1681 mm,,561 lt,,2019 Honda CR-V 1.5 VTEC 193 BG Otomatik Executive (4x4),2019 Honda CR-V 1.5 VTEC 193 BG Otomatik Executive (4x4) Test Sürüşü Talep Sayfası,2019 Honda CR-V 1.5 VTEC 193 BG Otomatik Executive (4x4) Ürün Kataloğu,"Periyodik Bakım Şartı
Satarken Garantiyi Devredebilme
6 Yıl / 150 Bin Km Mekanik","Garanti Süresi Boyunca Ücretsiz
Honda Aktif Acil Yol Yardım 0212 234 6632",Var,,,,,Turbo,,4,1498 cc,PGM-FI (Direkt Enjeksiyon),10.0 saniye,200 km/s,243 nm,193 BG,Japonya,,Binek,Executive,,SUV,2019,İçten Yanmalı (Standart),1800 tl/yıl,C,CR-V,Benzin,https://www.epey.com/araba/2019-honda-cr-v-1-5-vtec-193-bg-otomatik-executive-4x4.html,,,,,,162 g/km,7.1 lt,57 lt,,6.2 lt,8.6 lt,,,5 yıldız,2019 Honda CR-V 1.5 VTEC 193 BG Otomatik Executive (4x4) NCAP/ANCAP Web Sayfası,2019,Var,,,,,,,,,4x4 Çekişli,,,,,,Otomatik,CVT (Değişken Oranlı)
1669 kg,,1855 mm,4600 mm,1681 mm,,561 lt,,2019 Honda CR-V 1.5 VTEC 193 BG Otomatik Executive+ (4x4),2019 Honda CR-V 1.5 VTEC 193 BG Otomatik Executive+ (4x4) Test Sürüşü Talep Sayfası,2019 Honda CR-V 1.5 VTEC 193 BG Otomatik Executive+ (4x4) Ürün Kataloğu,"Periyodik Bakım Şartı
Satarken Garantiyi Devredebilme
6 Yıl / 150 Bin Km Mekanik","Garanti Süresi Boyunca Ücretsiz
Honda Aktif Acil Yol Yardım 0212 234 6632",Var,,,,,Turbo,,4,1498 cc,PGM-FI (Direkt Enjeksiyon),10.0 saniye,200 km/s,243 nm,193 BG,Japonya,,Binek,Executive+,,SUV,2019,İçten Yanmalı (Standart),1800 tl/yıl,C,CR-V,Benzin,https://www.epey.com/araba/2019-honda-cr-v-1-5-vtec-193-bg-otomatik-executiveplus-4x4.html,,,,,,162 g/km,7.1 lt,57 lt,,6.2 lt,8.6 lt,,,5 yıldız,2019 Honda CR-V 1.5 VTEC 193 BG Otomatik Executive+ (4x4) NCAP/ANCAP Web Sayfası,2019,Var,,,,,,,,,4x4 Çekişli,,,,,,Otomatik,CVT (Değişken Oranlı)
1743 kg,,1855 mm,4600 mm,1681 mm,,497 lt,,2019 Honda CR-V 2.0 i-MMD Hybrid 184 PS E-CVT Executive+ (4x4),2019 Honda CR-V 2.0 i-MMD Hybrid 184 PS E-CVT Executive+ (4x4) Test Sürüşü Talep Sayfası,2019 Honda CR-V 2.0 i-MMD Hybrid 184 PS E-CVT Executive+ (4x4) Ürün Kataloğu,"Periyodik Bakım Şartı
Satarken Garantiyi Devredebilme
6 Yıl / 150 Bin Km Mekanik","Garanti Süresi Boyunca Ücretsiz
Honda Aktif Acil Yol Yardım 0212 234 6632",Var,,1.3 kW/sa,Lityum İyon,,Atmosferik,,4,1993 cc,PGM-FI (Direkt Enjeksiyon),9.2 saniye,180 km/s,315 nm,184 BG,Japonya,,Binek,Executive+,,SUV,2019,HEV (Benzinli & Elektrikli),5003 tl/yıl,C,CR-V,Benzin & Elektrik,https://www.epey.com/araba/2019-honda-cr-v-2-0-i-mmd-hybrid-184-ps-e-cvt-executiveplus-4x4.html,,,,,,126 g/km,5.5 lt,57 lt,,5.1 lt,5.7 lt,,,5 yıldız,2019 Honda CR-V 2.0 i-MMD Hybrid 184 PS E-CVT Executive+ (4x4) NCAP/ANCAP Web Sayfası,2019,Var,,,,,,,,,4x4 Çekişli,,,,,,Otomatik,E-CVT (Elektronik Sabit Hızlı)
1174 kg,,1694 mm,4028 mm,1541 mm,,354 lt,,2019 Honda Jazz 1.3 102 PS Otomatik Dream,2019 Honda Jazz 1.3 102 PS Otomatik Dream Test Sürüşü Talep Sayfası,2019 Honda Jazz 1.3 102 PS Otomatik Dream Ürün Kataloğu,"Periyodik Bakım Şartı
Satarken Garantiyi Devredebilme
6 Yıl / 150 Bin Km Mekanik",Honda Aktif Acil Yol Yardım 0212 234 6632,Var,,,,,Atmosferik,DOHC i-VTEC,4,1318 cc,PGM-FI (Direkt Enjeksiyon),12.3 saniye,182 km/s,123 nm,102 BG,Japonya,,Binek,Dream,,Hatchback,2019,İçten Yanmalı (Standart),1800 tl/yıl,B,Jazz,Benzin,https://www.epey.com/araba/2019-honda-jazz-1-3-102-ps-otomatik-dream.html,,,,,,114 g/km,5.0 lt,40 lt,,4.6 lt,5.6 lt,,,5 yıldız,2019 Honda Jazz 1.3 102 PS Otomatik Dream NCAP/ANCAP Web Sayfası,2015,Var,,,,,,,,,Önden Çekişli,,,,,,Otomatik,CVT (Değişken Oranlı)
1174 kg,,1694 mm,4028 mm,1541 mm,,354 lt,,2019 Honda Jazz 1.3 102 PS Otomatik Elegance,2019 Honda Jazz 1.3 102 PS Otomatik Elegance Test Sürüşü Talep Sayfası,2019 Honda Jazz 1.3 102 PS Otomatik Elegance Ürün Kataloğu,"Periyodik Bakım Şartı
Satarken Garantiyi Devredebilme
6 Yıl / 150 Bin Km Mekanik",Honda Aktif Acil Yol Yardım 0212 234 6632,Var,,,,,Atmosferik,DOHC i-VTEC,4,1318 cc,PGM-FI (Direkt Enjeksiyon),12.3 saniye,182 km/s,123 nm,102 BG,Japonya,,Binek,Elegance,,Hatchback,2019,İçten Yanmalı (Standart),1800 tl/yıl,B,Jazz,Benzin,https://www.epey.com/araba/2019-honda-jazz-1-3-102-ps-otomatik-elegance.html,,,,,,114 g/km,5.0 lt,40 lt,,4.6 lt,5.6 lt,,,5 yıldız,2019 Honda Jazz 1.3 102 PS Otomatik Elegance NCAP/ANCAP Web Sayfası,2015,Var,,,,,,,,,Önden Çekişli,,,,,,Otomatik,CVT (Değişken Oranlı)
1196 kg,,1694 mm,4051 mm,1541 mm,,354 lt,,2019 Honda Jazz 1.5 130 PS Otomatik Dynamic,2019 Honda Jazz 1.5 130 PS Otomatik Dynamic Test Sürüşü Talep Sayfası,2019 Honda Jazz 1.5 130 PS Otomatik Dynamic Ürün Kataloğu,"Periyodik Bakım Şartı
Satarken Garantiyi Devredebilme
6 Yıl / 150 Bin Km Mekanik",Honda Aktif Acil Yol Yardım 0212 234 6632,Var,,,,,Atmosferik,DOHC i-VTEC,4,1498 cc,PGM-FI (Direkt Enjeksiyon),10.0 saniye,190 km/s,155 nm,130 BG,Japonya,,Binek,Dynamic,,Hatchback,2019,İçten Yanmalı (Standart),1800 tl/yıl,B,Jazz,Benzin,https://www.epey.com/araba/2019-honda-jazz-1-5-130-ps-otomatik-dynamic.html,,,,,,124 g/km,5.4 lt,40 lt,,4.9 lt,6.4 lt,,,5 yıldız,2019 Honda Jazz 1.5 130 PS Otomatik Dynamic NCAP/ANCAP Web Sayfası,2015,Var,,,,,,,,,Önden Çekişli,,,,,,Otomatik,CVT (Değişken Oranlı)
1008 kg,,1660 mm,3665 mm,1500 mm,1046 lt,252 lt,,2019 Hyundai i10 1.0 D-CVVT 66 PS Jump,2019 Hyundai i10 1.0 D-CVVT 66 PS Jump Test Sürüşü Talep Sayfası,2019 Hyundai i10 1.0 D-CVVT 66 PS Jump Ürün Kataloğu,"2 Yıl / 60 Bin Km Boya
5 Yıl / 100 Bin Km Mekanik
5 Yıl / 160 Bin Km Paslanmazlık",Hyundai Yol Yardım 0212 233 3262,Var,,,,,Atmosferik,,3,998 cc,Çok Noktadan Enjeksiyon,14.7 saniye,156 km/s,95 nm,66 BG,Güney Kore,,Binek,Jump,Var,Hatchback,2019,İçten Yanmalı (Standart),1034 tl/yıl,A,i10,Benzin,https://www.epey.com/araba/2019-hyundai-i10-1-0-d-cvvt-66-ps-jump.html,,,,,,108 g/km,4.7 lt,40 lt,,4.0 lt,6.0 lt,,,4 yıldız,2019 Hyundai i10 1.0 D-CVVT 66 PS Jump NCAP/ANCAP Web Sayfası,2014,Var,,,,,,,,,Önden Çekişli,,,,,5 ileri,Manuel,
1027 kg,,1660 mm,3665 mm,1500 mm,1046 lt,252 lt,,2019 Hyundai i10 1.0 D-CVVT 66 PS Otomatik Jump,2019 Hyundai i10 1.0 D-CVVT 66 PS Otomatik Jump Test Sürüşü Talep Sayfası,2019 Hyundai i10 1.0 D-CVVT 66 PS Otomatik Jump Ürün Kataloğu,"2 Yıl / 60 Bin Km Boya
5 Yıl / 100 Bin Km Mekanik
5 Yıl / 160 Bin Km Paslanmazlık",Hyundai Yol Yardım 0212 233 3262,Var,,,,,Atmosferik,,3,998 cc,Çok Noktadan Enjeksiyon,16.8 saniye,150 km/s,95 nm,66 BG,Güney Kore,,Binek,Jump,Var,Hatchback,2019,İçten Yanmalı (Standart),1034 tl/yıl,A,i10,Benzin,https://www.epey.com/araba/2019-hyundai-i10-1-0-d-cvvt-66-ps-otomatik-jump.html,,,,,,135 g/km,5.8 lt,40 lt,,4.8 lt,7.3 lt,,,4 yıldız,2019 Hyundai i10 1.0 D-CVVT 66 PS Otomatik Jump NCAP/ANCAP Web Sayfası,2014,Var,,,,,,,,,Önden Çekişli,,,,,4 ileri,Otomatik,
1027 kg,,1660 mm,3665 mm,1500 mm,1046 lt,252 lt,,2019 Hyundai i10 1.0 D-CVVT 66 PS Otomatik Style,2019 Hyundai i10 1.0 D-CVVT 66 PS Otomatik Style Test Sürüşü Talep Sayfası,2019 Hyundai i10 1.0 D-CVVT 66 PS Otomatik Style Ürün Kataloğu,"2 Yıl / 60 Bin Km Boya
5 Yıl / 100 Bin Km Mekanik
5 Yıl / 160 Bin Km Paslanmazlık",Hyundai Yol Yardım 0212 233 3262,Var,,,,,Atmosferik,,3,998 cc,Çok Noktadan Enjeksiyon,16.8 saniye,150 km/s,95 nm,66 BG,Güney Kore,,Binek,Style,Var,Hatchback,2019,İçten Yanmalı (Standart),1034 tl/yıl,A,i10,Benzin,https://www.epey.com/araba/2019-hyundai-i10-1-0-d-cvvt-66-ps-otomatik-style.html,,,,,,135 g/km,5.8 lt,40 lt,,4.8 lt,7.3 lt,,,4 yıldız,2019 Hyundai i10 1.0 D-CVVT 66 PS Otomatik Style NCAP/ANCAP Web Sayfası,2014,Var,,,,,,,,,Önden Çekişli,,,,,4 ileri,Otomatik,
1036 kg,,1660 mm,3665 mm,1500 mm,1046 lt,252 lt,,2019 Hyundai i10 1.25 D-CVVT 87 PS Otomatik Elite Navi,2019 Hyundai i10 1.25 D-CVVT 87 PS Otomatik Elite Navi Test Sürüşü Talep Sayfası,2019 Hyundai i10 1.25 D-CVVT 87 PS Otomatik Elite Navi Ürün Kataloğu,"2 Yıl / 60 Bin Km Boya
5 Yıl / 100 Bin Km Mekanik
5 Yıl / 160 Bin Km Paslanmazlık",Hyundai Yol Yardım 0212 233 3262,Var,,,,,Atmosferik,,4,1248 cc,Çok Noktadan Enjeksiyon,13.8 saniye,166 km/s,121 nm,87 BG,Güney Kore,,Binek,Elite Navi,Var,Hatchback,2019,İçten Yanmalı (Standart),1034 tl/yıl,A,i10,Benzin,https://www.epey.com/araba/2019-hyundai-i10-1-25-d-cvvt-87-ps-otomatik-elite-navi.html,,,,,,139 g/km,5.9 lt,40 lt,,5.0 lt,7.4 lt,,,4 yıldız,2019 Hyundai i10 1.25 D-CVVT 87 PS Otomatik Elite Navi NCAP/ANCAP Web Sayfası,2014,Var,,,,,,,,,Önden Çekişli,,,,,4 ileri,Otomatik,
1036 kg,,1660 mm,3665 mm,1500 mm,1046 lt,252 lt,,2019 Hyundai i10 1.25 D-CVVT 87 PS Otomatik Elite,2019 Hyundai i10 1.25 D-CVVT 87 PS Otomatik Elite Test Sürüşü Talep Sayfası,2019 Hyundai i10 1.25 D-CVVT 87 PS Otomatik Elite Ürün Kataloğu,"2 Yıl / 60 Bin Km Boya
5 Yıl / 100 Bin Km Mekanik
5 Yıl / 160 Bin Km Paslanmazlık",Hyundai Yol Yardım 0212 233 3262,Var,,,,,Atmosferik,,4,1248 cc,Çok Noktadan Enjeksiyon,13.8 saniye,166 km/s,121 nm,87 BG,Güney Kore,,Binek,Elite,Var,Hatchback,2019,İçten Yanmalı (Standart),1034 tl/yıl,A,i10,Benzin,https://www.epey.com/araba/2019-hyundai-i10-1-25-d-cvvt-87-ps-otomatik-elite.html,,,,,,139 g/km,5.9 lt,40 lt,,5.0 lt,7.4 lt,,,4 yıldız,2019 Hyundai i10 1.25 D-CVVT 87 PS Otomatik Elite NCAP/ANCAP Web Sayfası,2014,Var,,,,,,,,,Önden Çekişli,,,,,4 ileri,Otomatik,
1185 kg,,1734 mm,4035 mm,1474 mm,1017 lt,301 lt,,2019 Hyundai i20 1.0 T-GDI 120 PS DCT Active Elite Smart,2019 Hyundai i20 1.0 T-GDI 120 PS DCT Active Elite Smart Test Sürüşü Talep Sayfası,2019 Hyundai i20 1.0 T-GDI 120 PS DCT Active Elite Smart Ürün Kataloğu,"2 Yıl / 60 Bin Km Boya
5 Yıl / 100 Bin Km Mekanik
5 Yıl / 160 Bin Km Paslanmazlık",Hyundai Yol Yardım 0212 233 3262,Var,,,,,Turbo,,3,998 cc,Direkt Enjeksiyon,10.5 saniye,190 km/s,172 nm,120 BG,Güney Kore,,Binek,Active Elite Smart,,Hatchback,2019,İçten Yanmalı (Standart),1034 tl/yıl,B,i20,Benzin,https://www.epey.com/araba/2019-hyundai-i20-1-0-t-gdi-120-ps-dct-active-elite-smart.html,,,,,,116 g/km,5.1 lt,50 lt,,4.6 lt,5.9 lt,,,4 yıldız,2019 Hyundai i20 1.0 T-GDI 120 PS DCT Active Elite Smart NCAP/ANCAP Web Sayfası,2015,Var,,,,,,,,,Önden Çekişli,,,,,7 ileri,Otomatik,DCT (Yarı Otm.)
1185 kg,,1734 mm,4035 mm,1474 mm,1017 lt,301 lt,,2019 Hyundai i20 1.0 T-GDI 120 PS DCT Elite Pan Smart,2019 Hyundai i20 1.0 T-GDI 120 PS DCT Elite Pan Smart Test Sürüşü Talep Sayfası,2019 Hyundai i20 1.0 T-GDI 120 PS DCT Elite Pan Smart Ürün Kataloğu,"2 Yıl / 60 Bin Km Boya
5 Yıl / 100 Bin Km Mekanik
5 Yıl / 160 Bin Km Paslanmazlık",Hyundai Yol Yardım 0212 233 3262,Var,,,,,Turbo,,3,998 cc,Direkt Enjeksiyon,10.5 saniye,190 km/s,172 nm,120 BG,Güney Kore,,Binek,Elite Pan Smart,,Hatchback,2019,İçten Yanmalı (Standart),1034 tl/yıl,B,i20,Benzin,https://www.epey.com/araba/2019-hyundai-i20-1-0-t-gdi-120-ps-dct-elite-pan-smart.html,,,,,,116 g/km,5.1 lt,50 lt,,4.6 lt,5.9 lt,,,4 yıldız,2019 Hyundai i20 1.0 T-GDI 120 PS DCT Elite Pan Smart NCAP/ANCAP Web Sayfası,2015,Var,,,,,,,,,Önden Çekişli,,,,,7 ileri,Otomatik,DCT (Yarı Otm.)
1185 kg,,1734 mm,4035 mm,1474 mm,1017 lt,301 lt,,2019 Hyundai i20 1.0 T-GDI 120 PS DCT Elite Pan,2019 Hyundai i20 1.0 T-GDI 120 PS DCT Elite Pan Test Sürüşü Talep Sayfası,2019 Hyundai i20 1.0 T-GDI 120 PS DCT Elite Pan Ürün Kataloğu,"2 Yıl / 60 Bin Km Boya
5 Yıl / 100 Bin Km Mekanik
5 Yıl / 160 Bin Km Paslanmazlık",Hyundai Yol Yardım 0212 233 3262,Var,,,,,Turbo,,3,998 cc,Direkt Enjeksiyon,10.5 saniye,190 km/s,172 nm,120 BG,Güney Kore,,Binek,Elite Pan,,Hatchback,2019,İçten Yanmalı (Standart),1034 tl/yıl,B,i20,Benzin,https://www.epey.com/araba/2019-hyundai-i20-1-0-t-gdi-120-ps-dct-elite-pan.html,,,,,,116 g/km,5.1 lt,50 lt,,4.6 lt,5.9 lt,,,4 yıldız,2019 Hyundai i20 1.0 T-GDI 120 PS DCT Elite Pan NCAP/ANCAP Web Sayfası,2015,Var,,,,,,,,,Önden Çekişli,,,,,7 ileri,Otomatik,DCT (Yarı Otm.)
1185 kg,,1734 mm,4035 mm,1474 mm,1017 lt,301 lt,,2019 Hyundai i20 1.0 T-GDI 120 PS DCT Style MultiMedia,2019 Hyundai i20 1.0 T-GDI 120 PS DCT Style MultiMedia Test Sürüşü Talep Sayfası,2019 Hyundai i20 1.0 T-GDI 120 PS DCT Style MultiMedia Ürün Kataloğu,"2 Yıl / 60 Bin Km Boya
5 Yıl / 100 Bin Km Mekanik
5 Yıl / 160 Bin Km Paslanmazlık",Hyundai Yol Yardım 0212 233 3262,Var,,,,,Turbo,,3,998 cc,Direkt Enjeksiyon,10.5 saniye,190 km/s,172 nm,120 BG,Güney Kore,,Binek,Style MultiMedia,,Hatchback,2019,İçten Yanmalı (Standart),1034 tl/yıl,B,i20,Benzin,https://www.epey.com/araba/2019-hyundai-i20-1-0-t-gdi-120-ps-dct-style-multimedia.html,,,,,,116 g/km,5.1 lt,50 lt,,4.6 lt,5.9 lt,,,4 yıldız,2019 Hyundai i20 1.0 T-GDI 120 PS DCT Style MultiMedia NCAP/ANCAP Web Sayfası,2015,Var,,,,,,,,,Önden Çekişli,,,,,7 ileri,Otomatik,DCT (Yarı Otm.)
1185 kg,,1734 mm,4035 mm,1474 mm,1017 lt,301 lt,,2019 Hyundai i20 1.0 T-GDI 120 PS DCT Style Pan MultiMedia,2019 Hyundai i20 1.0 T-GDI 120 PS DCT Style Pan MultiMedia Test Sürüşü Talep Sayfası,2019 Hyundai i20 1.0 T-GDI 120 PS DCT Style Pan MultiMedia Ürün Kataloğu,"2 Yıl / 60 Bin Km Boya
5 Yıl / 100 Bin Km Mekanik
5 Yıl / 160 Bin Km Paslanmazlık",Hyundai Yol Yardım 0212 233 3262,Var,,,,,Turbo,,3,998 cc,Direkt Enjeksiyon,10.5 saniye,190 km/s,172 nm,120 BG,Güney Kore,,Binek,Style Pan MultiMedia,,Hatchback,2019,İçten Yanmalı (Standart),1034 tl/yıl,B,i20,Benzin,https://www.epey.com/araba/2019-hyundai-i20-1-0-t-gdi-120-ps-dct-style-pan-multimedia.html,,,,,,116 g/km,5.1 lt,50 lt,,4.6 lt,5.9 lt,,,4 yıldız,2019 Hyundai i20 1.0 T-GDI 120 PS DCT Style Pan MultiMedia NCAP/ANCAP Web Sayfası,2015,Var,,,,,,,,,Önden Çekişli,,,,,7 ileri,Otomatik,DCT (Yarı Otm.)
1055 kg,,1734 mm,4035 mm,1474 mm,1017 lt,301 lt,,2019 Hyundai i20 1.2L 84 PS Elite Smart Pan,2019 Hyundai i20 1.2L 84 PS Elite Smart Pan Test Sürüşü Talep Sayfası,2019 Hyundai i20 1.2L 84 PS Elite Smart Pan Ürün Kataloğu,"2 Yıl / 60 Bin Km Boya
5 Yıl / 100 Bin Km Mekanik
5 Yıl / 160 Bin Km Paslanmazlık",Hyundai Yol Yardım 0212 233 3262,Var,,,,,Atmosferik,,4,1248 cc,Çok Noktadan Enjeksiyon,13.1 saniye,170 km/s,122 nm,84 BG,Güney Kore,,Binek,Elite Smart Pan,,Hatchback,2019,İçten Yanmalı (Standart),1034 tl/yıl,B,i20,Benzin,https://www.epey.com/araba/2019-hyundai-i20-1-2l-84-ps-elite-smart-pan.html,,,,,,119 g/km,5.1 lt,50 lt,,4.2 lt,6.6 lt,,,4 yıldız,2019 Hyundai i20 1.2L 84 PS Elite Smart Pan NCAP/ANCAP Web Sayfası,2015,Var,,,,,,,,,Önden Çekişli,,,,,5 ileri,Manuel,
1055 kg,,1734 mm,4035 mm,1474 mm,1017 lt,301 lt,,2019 Hyundai i20 1.2 84 PS Jump,2019 Hyundai i20 1.2 84 PS Jump Test Sürüşü Talep Sayfası,2019 Hyundai i20 1.2 84 PS Jump Ürün Kataloğu,"2 Yıl / 60 Bin Km Boya
5 Yıl / 100 Bin Km Mekanik
5 Yıl / 160 Bin Km Paslanmazlık",Hyundai Yol Yardım 0212 233 3262,Var,,,,,Atmosferik,,4,1248 cc,Çok Noktadan Enjeksiyon,13.1 saniye,170 km/s,122 nm,84 BG,Güney Kore,,Binek,Jump,,Hatchback,2019,İçten Yanmalı (Standart),1034 tl/yıl,B,i20,Benzin,https://www.epey.com/araba/2019-hyundai-i20-1-2l-84-ps-jump.html,,,,,,119 g/km,5.1 lt,50 lt,,4.2 lt,6.6 lt,,,4 yıldız,2019 Hyundai i20 1.2 84 PS Jump NCAP/ANCAP Web Sayfası,2015,Var,,,,,,,,,Önden Çekişli,,,,,5 ileri,Manuel,
1055 kg,,1734 mm,4035 mm,1474 mm,1017 lt,301 lt,,2019 Hyundai i20 1.2L 84 PS Style Pan MultiMedia,2019 Hyundai i20 1.2L 84 PS Style Pan MultiMedia Test Sürüşü Talep Sayfası,2019 Hyundai i20 1.2L 84 PS Style Pan MultiMedia Ürün Kataloğu,"2 Yıl / 60 Bin Km Boya
5 Yıl / 100 Bin Km Mekanik
5 Yıl / 160 Bin Km Paslanmazlık",Hyundai Yol Yardım 0212 233 3262,Var,,,,,Atmosferik,,4,1248 cc,Çok Noktadan Enjeksiyon,13.1 saniye,170 km/s,122 nm,84 BG,Güney Kore,,Binek,Style Pan MultiMedia,,Hatchback,2019,İçten Yanmalı (Standart),1034 tl/yıl,B,i20,Benzin,https://www.epey.com/araba/2019-hyundai-i20-1-2l-84-ps-style-pan-multimedia.html,,,,,,119 g/km,5.1 lt,50 lt,,4.2 lt,6.6 lt,,,4 yıldız,2019 Hyundai i20 1.2L 84 PS Style Pan MultiMedia NCAP/ANCAP Web Sayfası,2015,Var,,,,,,,,,Önden Çekişli,,,,,5 ileri,Manuel,
1055 kg,,1734 mm,4035 mm,1474 mm,1017 lt,301 lt,,2019 Hyundai i20 1.2L 84 PS Style Pan,2019 Hyundai i20 1.2L 84 PS Style Pan Test Sürüşü Talep Sayfası,2019 Hyundai i20 1.2L 84 PS Style Pan Ürün Kataloğu,"2 Yıl / 60 Bin Km Boya
5 Yıl / 100 Bin Km Mekanik
5 Yıl / 160 Bin Km Paslanmazlık",Hyundai Yol Yardım 0212 233 3262,Var,,,,,Atmosferik,,4,1248 cc,Çok Noktadan Enjeksiyon,13.1 saniye,170 km/s,122 nm,84 BG,Güney Kore,,Binek,Style Pan,,Hatchback,2019,İçten Yanmalı (Standart),1034 tl/yıl,B,i20,Benzin,https://www.epey.com/araba/2019-hyundai-i20-1-2l-84-ps-style-pan.html,,,,,,119 g/km,5.1 lt,50 lt,,4.2 lt,6.6 lt,,,4 yıldız,2019 Hyundai i20 1.2L 84 PS Style Pan NCAP/ANCAP Web Sayfası,2015,Var,,,,,,,,,Önden Çekişli,,,,,5 ileri,Manuel,
1055 kg,,1734 mm,4035 mm,1474 mm,1017 lt,301 lt,,2019 Hyundai i20 1.2 84 PS Style,2019 Hyundai i20 1.2 84 PS Style Test Sürüşü Talep Sayfası,2019 Hyundai i20 1.2 84 PS Style Ürün Kataloğu,"2 Yıl / 60 Bin Km Boya
5 Yıl / 100 Bin Km Mekanik
5 Yıl / 160 Bin Km Paslanmazlık",Hyundai Yol Yardım 0212 233 3262,Var,,,,,Atmosferik,,4,1248 cc,Çok Noktadan Enjeksiyon,13.1 saniye,170 km/s,122 nm,84 BG,Güney Kore,,Binek,Style,,Hatchback,2019,İçten Yanmalı (Standart),1034 tl/yıl,B,i20,Benzin,https://www.epey.com/araba/2019-hyundai-i20-1-2l-84-ps-style.html,,,,,,119 g/km,5.1 lt,50 lt,,4.2 lt,6.6 lt,,,4 yıldız,2019 Hyundai i20 1.2 84 PS Style NCAP/ANCAP Web Sayfası,2015,Var,,,,,,,,,Önden Çekişli,,,,,5 ileri,Manuel,
1240 kg,,1734 mm,4035 mm,1474 mm,1017 lt,301 lt,,2019 Hyundai i20 1.4 CRDi 90 PS Elite Pan Smart,2019 Hyundai i20 1.4 CRDi 90 PS Elite Pan Smart Test Sürüşü Talep Sayfası,2019 Hyundai i20 1.4 CRDi 90 PS Elite Pan Smart Ürün Kataloğu,"2 Yıl / 60 Bin Km Boya
5 Yıl / 100 Bin Km Mekanik
5 Yıl / 160 Bin Km Paslanmazlık",Hyundai Yol Yardım 0212 233 3262,Var,,,,,Turbo,,4,1396 cc,Common Rail Direkt Enjeksiyon,12.1 saniye,175 km/s,240 nm,90 BG,Güney Kore,,Binek,Elite Pan Smart,,Hatchback,2019,İçten Yanmalı (Standart),1800 tl/yıl,B,i20,Dizel,https://www.epey.com/araba/2019-hyundai-i20-1-4-crdi-90-ps-elite-pan-smart.html,,,,,,106 g/km,4.1 lt,50 lt,,3.5 lt,4.9 lt,,,4 yıldız,2019 Hyundai i20 1.4 CRDi 90 PS Elite Pan Smart NCAP/ANCAP Web Sayfası,2015,Var,,,,,,,,,Önden Çekişli,,,,,6 ileri,Manuel,
1240 kg,,1734 mm,4035 mm,1474 mm,1017 lt,301 lt,,2019 Hyundai i20 1.4 CRDi 90 PS Jump,2019 Hyundai i20 1.4 CRDi 90 PS Jump Test Sürüşü Talep Sayfası,2019 Hyundai i20 1.4 CRDi 90 PS Jump Ürün Kataloğu,"2 Yıl / 60 Bin Km Boya
5 Yıl / 100 Bin Km Mekanik
5 Yıl / 160 Bin Km Paslanmazlık",Hyundai Yol Yardım 0212 233 3262,Var,,,,,Turbo,,4,1396 cc,Common Rail Direkt Enjeksiyon,12.1 saniye,175 km/s,240 nm,90 BG,Güney Kore,,Binek,Jump,,Hatchback,2019,İçten Yanmalı (Standart),1800 tl/yıl,B,i20,Dizel,https://www.epey.com/araba/2019-hyundai-i20-1-4-crdi-90-ps-jump.html,,,,,,106 g/km,4.1 lt,50 lt,,3.5 lt,4.9 lt,,,4 yıldız,2019 Hyundai i20 1.4 CRDi 90 PS Jump NCAP/ANCAP Web Sayfası,2015,Var,,,,,,,,,Önden Çekişli,,,,,6 ileri,Manuel,
1240 kg,,1734 mm,4035 mm,1474 mm,1017 lt,301 lt,,2019 Hyundai i20 1.4 CRDi 90 PS Style Pan MultiMedia,2019 Hyundai i20 1.4 CRDi 90 PS Style Pan MultiMedia Test Sürüşü Talep Sayfası,2019 Hyundai i20 1.4 CRDi 90 PS Style Pan MultiMedia Ürün Kataloğu,"2 Yıl / 60 Bin Km Boya
5 Yıl / 100 Bin Km Mekanik
5 Yıl / 160 Bin Km Paslanmazlık",Hyundai Yol Yardım 0212 233 3262,Var,,,,,Turbo,,4,1396 cc,Common Rail Direkt Enjeksiyon,12.1 saniye,175 km/s,240 nm,90 BG,Güney Kore,,Binek,Style Pan MultiMedia,,Hatchback,2019,İçten Yanmalı (Standart),1800 tl/yıl,B,i20,Dizel,https://www.epey.com/araba/2019-hyundai-i20-1-4-crdi-90-ps-style-pan-multimedia.html,,,,,,106 g/km,4.1 lt,50 lt,,3.5 lt,4.9 lt,,,4 yıldız,2019 Hyundai i20 1.4 CRDi 90 PS Style Pan MultiMedia NCAP/ANCAP Web Sayfası,2015,Var,,,,,,,,,Önden Çekişli,,,,,6 ileri,Manuel,
1240 kg,,1734 mm,4035 mm,1474 mm,1017 lt,301 lt,,2019 Hyundai i20 1.4 CRDi 90 PS Style Pan,2019 Hyundai i20 1.4 CRDi 90 PS Style Pan Test Sürüşü Talep Sayfası,2019 Hyundai i20 1.4 CRDi 90 PS Style Pan Ürün Kataloğu,"2 Yıl / 60 Bin Km Boya
5 Yıl / 100 Bin Km Mekanik
5 Yıl / 160 Bin Km Paslanmazlık",Hyundai Yol Yardım 0212 233 3262,Var,,,,,Turbo,,4,1396 cc,Common Rail Direkt Enjeksiyon,12.1 saniye,175 km/s,240 nm,90 BG,Güney Kore,,Binek,Style Pan,,Hatchback,2019,İçten Yanmalı (Standart),1800 tl/yıl,B,i20,Dizel,https://www.epey.com/araba/2019-hyundai-i20-1-4-crdi-90-ps-style-pan.html,,,,,,106 g/km,4.1 lt,50 lt,,3.5 lt,4.9 lt,,,4 yıldız,2019 Hyundai i20 1.4 CRDi 90 PS Style Pan NCAP/ANCAP Web Sayfası,2015,Var,,,,,,,,,Önden Çekişli,,,,,6 ileri,Manuel,
1240 kg,,1734 mm,4035 mm,1474 mm,1017 lt,301 lt,,2019 Hyundai i20 1.4 CRDi 90 PS Style,2019 Hyundai i20 1.4 CRDi 90 PS Style Test Sürüşü Talep Sayfası,2019 Hyundai i20 1.4 CRDi 90 PS Style Ürün Kataloğu,"2 Yıl / 60 Bin Km Boya
5 Yıl / 100 Bin Km Mekanik
5 Yıl / 160 Bin Km Paslanmazlık",Hyundai Yol Yardım 0212 233 3262,Var,,,,,Turbo,,4,1396 cc,Common Rail Direkt Enjeksiyon,12.1 saniye,175 km/s,240 nm,90 BG,Güney Kore,,Binek,Style,,Hatchback,2019,İçten Yanmalı (Standart),1800 tl/yıl,B,i20,Dizel,https://www.epey.com/araba/2019-hyundai-i20-1-4-crdi-90-ps-style.html,,,,,,106 g/km,4.1 lt,50 lt,,3.5 lt,4.9 lt,,,4 yıldız,2019 Hyundai i20 1.4 CRDi 90 PS Style NCAP/ANCAP Web Sayfası,2015,Var,,,,,,,,,Önden Çekişli,,,,,6 ileri,Manuel,
1100 kg,,1734 mm,4035 mm,1474 mm,1017 lt,301 lt,,2019 Hyundai i20 1.4 100 PS Otomatik Active Elite Smart,2019 Hyundai i20 1.4 100 PS Otomatik Active Elite Smart Test Sürüşü Talep Sayfası,2019 Hyundai i20 1.4 100 PS Otomatik Active Elite Smart Ürün Kataloğu,"2 Yıl / 60 Bin Km Boya
5 Yıl / 100 Bin Km Mekanik
5 Yıl / 160 Bin Km Paslanmazlık",Hyundai Yol Yardım 0212 233 3262,Var,,,,,Atmosferik,,4,1368 cc,Çok Noktadan Enjeksiyon,13.2 saniye,170 km/s,134 nm,100 BG,Güney Kore,,Binek,Active Elite Smart,,Hatchback,2019,İçten Yanmalı (Standart),1800 tl/yıl,B,i20,Benzin,https://www.epey.com/araba/2019-hyundai-i20-1-4l-100-ps-otomatik-active-elite-smart.html,,,,,,148 g/km,6.4 lt,50 lt,,5.1 lt,8.5 lt,,,4 yıldız,2019 Hyundai i20 1.4 100 PS Otomatik Active Elite Smart NCAP/ANCAP Web Sayfası,2015,Var,,,,,,,,,Önden Çekişli,,,,,4 ileri,Otomatik,
1100 kg,,1734 mm,4035 mm,1474 mm,1017 lt,301 lt,,2019 Hyundai i20 1.4 100 PS Otomatik Elite Pan Smart,2019 Hyundai i20 1.4 100 PS Otomatik Elite Pan Smart Test Sürüşü Talep Sayfası,2019 Hyundai i20 1.4 100 PS Otomatik Elite Pan Smart Ürün Kataloğu,"2 Yıl / 60 Bin Km Boya
5 Yıl / 100 Bin Km Mekanik
5 Yıl / 160 Bin Km Paslanmazlık",Hyundai Yol Yardım 0212 233 3262,Var,,,,,Atmosferik,,4,1368 cc,Çok Noktadan Enjeksiyon,13.2 saniye,170 km/s,134 nm,100 BG,Güney Kore,,Binek,Elite Pan Smart,,Hatchback,2019,İçten Yanmalı (Standart),1800 tl/yıl,B,i20,Benzin,https://www.epey.com/araba/2019-hyundai-i20-1-4l-100-ps-otomatik-elite-pan-smart.html,,,,,,148 g/km,6.4 lt,50 lt,,5.1 lt,8.5 lt,,,4 yıldız,2019 Hyundai i20 1.4 100 PS Otomatik Elite Pan Smart NCAP/ANCAP Web Sayfası,2015,Var,,,,,,,,,Önden Çekişli,,,,,4 ileri,Otomatik,
1100 kg,,1734 mm,4035 mm,1474 mm,1017 lt,301 lt,,2019 Hyundai i20 1.4 100 PS Otomatik Jump,2019 Hyundai i20 1.4 100 PS Otomatik Jump Test Sürüşü Talep Sayfası,2019 Hyundai i20 1.4 100 PS Otomatik Jump Ürün Kataloğu,"2 Yıl / 60 Bin Km Boya
5 Yıl / 100 Bin Km Mekanik
5 Yıl / 160 Bin Km Paslanmazlık",Hyundai Yol Yardım 0212 233 3262,Var,,,,,Atmosferik,,4,1368 cc,Çok Noktadan Enjeksiyon,13.2 saniye,170 km/s,134 nm,100 BG,Güney Kore,,Binek,Jump,,Hatchback,2019,İçten Yanmalı (Standart),1800 tl/yıl,B,i20,Benzin,https://www.epey.com/araba/2019-hyundai-i20-1-4l-100-ps-otomatik-jump.html,,,,,,148 g/km,6.4 lt,50 lt,,5.1 lt,8.5 lt,,,4 yıldız,2019 Hyundai i20 1.4 100 PS Otomatik Jump NCAP/ANCAP Web Sayfası,2015,Var,,,,,,,,,Önden Çekişli,,,,,4 ileri,Otomatik,
1100 kg,,1734 mm,4035 mm,1474 mm,1017 lt,301 lt,,2019 Hyundai i20 1.4 100 PS Otomatik Style Design MM,2019 Hyundai i20 1.4 100 PS Otomatik Style Design MM Test Sürüşü Talep Sayfası,2019 Hyundai i20 1.4 100 PS Otomatik Style Design MM Ürün Kataloğu,"2 Yıl / 60 Bin Km Boya
5 Yıl / 100 Bin Km Mekanik
5 Yıl / 160 Bin Km Paslanmazlık",Hyundai Yol Yardım 0212 233 3262,Var,,,,,Atmosferik,,4,1368 cc,Çok Noktadan Enjeksiyon,13.2 saniye,170 km/s,134 nm,100 BG,Güney Kore,,Binek,Style Design MultiMedia,,Hatchback,2019,İçten Yanmalı (Standart),1800 tl/yıl,B,i20,Benzin,https://www.epey.com/araba/2019-hyundai-i20-1-4l-100-ps-otomatik-style-design-multimedia.html,,,,,,148 g/km,6.4 lt,50 lt,,5.1 lt,8.5 lt,,,4 yıldız,2019 Hyundai i20 1.4 100 PS Otomatik Style Design MM NCAP/ANCAP Web Sayfası,2015,Var,,,,,,,,,Önden Çekişli,,,,,4 ileri,Otomatik,
1100 kg,,1734 mm,4035 mm,1474 mm,1017 lt,301 lt,,2019 Hyundai i20 1.4 100 PS Otomatik Style Design,2019 Hyundai i20 1.4 100 PS Otomatik Style Design Test Sürüşü Talep Sayfası,2019 Hyundai i20 1.4 100 PS Otomatik Style Design Ürün Kataloğu,"2 Yıl / 60 Bin Km Boya
5 Yıl / 100 Bin Km Mekanik
5 Yıl / 160 Bin Km Paslanmazlık",Hyundai Yol Yardım 0212 233 3262,Var,,,,,Atmosferik,,4,1368 cc,Çok Noktadan Enjeksiyon,13.2 saniye,170 km/s,134 nm,100 BG,Güney Kore,,Binek,Style Design,,Hatchback,2019,İçten Yanmalı (Standart),1800 tl/yıl,B,i20,Benzin,https://www.epey.com/araba/2019-hyundai-i20-1-4l-100-ps-otomatik-style-design.html,,,,,,148 g/km,6.4 lt,50 lt,,5.1 lt,8.5 lt,,,4 yıldız,2019 Hyundai i20 1.4 100 PS Otomatik Style Design NCAP/ANCAP Web Sayfası,2015,Var,,,,,,,,,Önden Çekişli,,,,,4 ileri,Otomatik,
1100 kg,,1734 mm,4035 mm,1474 mm,1017 lt,301 lt,,2019 Hyundai i20 1.4 100 PS Otomatik Style Pan MultiMedia,2019 Hyundai i20 1.4 100 PS Otomatik Style Pan MultiMedia Test Sürüşü Talep Sayfası,2019 Hyundai i20 1.4 100 PS Otomatik Style Pan MultiMedia Ürün Kataloğu,"2 Yıl / 60 Bin Km Boya
5 Yıl / 100 Bin Km Mekanik
5 Yıl / 160 Bin Km Paslanmazlık",Hyundai Yol Yardım 0212 233 3262,Var,,,,,Atmosferik,,4,1368 cc,Çok Noktadan Enjeksiyon,13.2 saniye,170 km/s,134 nm,100 BG,Güney Kore,,Binek,Style Pan MultiMedia,,Hatchback,2019,İçten Yanmalı (Standart),1800 tl/yıl,B,i20,Benzin,https://www.epey.com/araba/2019-hyundai-i20-1-4l-100-ps-otomatik-style-pan-multimedia.html,,,,,,148 g/km,6.4 lt,50 lt,,5.1 lt,8.5 lt,,,4 yıldız,2019 Hyundai i20 1.4 100 PS Otomatik Style Pan MultiMedia NCAP/ANCAP Web Sayfası,2015,Var,,,,,,,,,Önden Çekişli,,,,,4 ileri,Otomatik,
1100 kg,,1734 mm,4035 mm,1474 mm,1017 lt,301 lt,,2019 Hyundai i20 1.4 100 PS Otomatik Style Pan,2019 Hyundai i20 1.4 100 PS Otomatik Style Pan Test Sürüşü Talep Sayfası,2019 Hyundai i20 1.4 100 PS Otomatik Style Pan Ürün Kataloğu,"2 Yıl / 60 Bin Km Boya
5 Yıl / 100 Bin Km Mekanik
5 Yıl / 160 Bin Km Paslanmazlık",Hyundai Yol Yardım 0212 233 3262,Var,,,,,Atmosferik,,4,1368 cc,Çok Noktadan Enjeksiyon,13.2 saniye,170 km/s,134 nm,100 BG,Güney Kore,,Binek,Style Pan,,Hatchback,2019,İçten Yanmalı (Standart),1800 tl/yıl,B,i20,Benzin,https://www.epey.com/araba/2019-hyundai-i20-1-4l-100-ps-otomatik-style-pan.html,,,,,,148 g/km,6.4 lt,50 lt,,5.1 lt,8.5 lt,,,4 yıldız,2019 Hyundai i20 1.4 100 PS Otomatik Style Pan NCAP/ANCAP Web Sayfası,2015,Var,,,,,,,,,Önden Çekişli,,,,,4 ileri,Otomatik,
1100 kg,,1734 mm,4035 mm,1474 mm,1017 lt,301 lt,,2019 Hyundai i20 1.4 100 PS Otomatik Style,2019 Hyundai i20 1.4 100 PS Otomatik Style Test Sürüşü Talep Sayfası,2019 Hyundai i20 1.4 100 PS Otomatik Style Ürün Kataloğu,"2 Yıl / 60 Bin Km Boya
5 Yıl / 100 Bin Km Mekanik
5 Yıl / 160 Bin Km Paslanmazlık",Hyundai Yol Yardım 0212 233 3262,Var,,,,,Atmosferik,,4,1368 cc,Çok Noktadan Enjeksiyon,13.2 saniye,170 km/s,134 nm,100 BG,Güney Kore,,Binek,Style,,Hatchback,2019,İçten Yanmalı (Standart),1800 tl/yıl,B,i20,Benzin,https://www.epey.com/araba/2019-hyundai-i20-1-4l-100-ps-otomatik-style.html,,,,,,148 g/km,6.4 lt,50 lt,,5.1 lt,8.5 lt,,,4 yıldız,2019 Hyundai i20 1.4 100 PS Otomatik Style NCAP/ANCAP Web Sayfası,2015,Var,,,,,,,,,Önden Çekişli,,,,,4 ileri,Otomatik,
1417 kg,,1800 mm,4165 mm,1565 mm,1143 lt,361 lt,,2019 Hyundai Kona 1.6 CRDi 136 PS DCT Elite Smart Kırmızı SRF (4x2),2019 Hyundai Kona 1.6 CRDi 136 PS DCT Elite Smart Kırmızı SRF (4x2) Test Sürüşü Talep Sayfası,2019 Hyundai Kona 1.6 CRDi 136 PS DCT Elite Smart Kırmızı SRF (4x2) Ürün Kataloğu,"2 Yıl / 60 Bin Km Boya
5 Yıl / 100 Bin Km Mekanik
5 Yıl / 160 Bin Km Paslanmazlık",Hyundai Yol Yardım 0212 233 3262,Var,,,,,Turbo,,4,1598 cc,Common Rail Direkt Enjeksiyon,9.8 saniye,191 km/s,320 nm,136 BG,Güney Kore,,Binek,Elite Smart Kırmızı SRF,,SUV,2019,İçten Yanmalı (Standart),1800 tl/yıl,B,Kona,Dizel,https://www.epey.com/araba/2019-hyundai-kona-1-6-crdi-136-ps-dct-elite-smart-kirmizi-srf-4x2.html,,,,,,114 g/km,4.4 lt,50 lt,Euro 6,4.2 lt,4.7 lt,,,5 yıldız,2019 Hyundai Kona 1.6 CRDi 136 PS DCT Elite Smart Kırmızı SRF (4x2) NCAP/ANCAP Web Sayfası,2017,Var,,,,,,,,,Önden Çekişli,,,,,7 ileri,Otomatik,DCT (Yarı Otm.)
1417 kg,,1800 mm,4165 mm,1565 mm,1143 lt,361 lt,,2019 Hyundai Kona 1.6 CRDi 136 PS DCT Elite Smart Lime SRF (4x2),2019 Hyundai Kona 1.6 CRDi 136 PS DCT Elite Smart Lime SRF (4x2) Test Sürüşü Talep Sayfası,2019 Hyundai Kona 1.6 CRDi 136 PS DCT Elite Smart Lime SRF (4x2) Ürün Kataloğu,"2 Yıl / 60 Bin Km Boya
5 Yıl / 100 Bin Km Mekanik
5 Yıl / 160 Bin Km Paslanmazlık",Hyundai Yol Yardım 0212 233 3262,Var,,,,,Turbo,,4,1598 cc,Common Rail Direkt Enjeksiyon,9.8 saniye,191 km/s,320 nm,136 BG,Güney Kore,,Binek,Elite Smart Lime SRF,,SUV,2019,İçten Yanmalı (Standart),1800 tl/yıl,B,Kona,Dizel,https://www.epey.com/araba/2019-hyundai-kona-1-6-crdi-136-ps-dct-elite-smart-lime-srf-4x2.html,,,,,,114 g/km,4.4 lt,50 lt,Euro 6,4.2 lt,4.7 lt,,,5 yıldız,2019 Hyundai Kona 1.6 CRDi 136 PS DCT Elite Smart Lime SRF (4x2) NCAP/ANCAP Web Sayfası,2017,Var,,,,,,,,,Önden Çekişli,,,,,7 ileri,Otomatik,DCT (Yarı Otm.)
1417 kg,,1800 mm,4165 mm,1565 mm,1143 lt,361 lt,,2019 Hyundai Kona 1.6 CRDi 136 PS DCT Style (4x2),2019 Hyundai Kona 1.6 CRDi 136 PS DCT Style (4x2) Test Sürüşü Talep Sayfası,2019 Hyundai Kona 1.6 CRDi 136 PS DCT Style (4x2) Ürün Kataloğu,"2 Yıl / 60 Bin Km Boya
5 Yıl / 100 Bin Km Mekanik
5 Yıl / 160 Bin Km Paslanmazlık",Hyundai Yol Yardım 0212 233 3262,Var,,,,,Turbo,,4,1598 cc,Common Rail Direkt Enjeksiyon,9.8 saniye,191 km/s,320 nm,136 BG,Güney Kore,,Binek,Style,,SUV,2019,İçten Yanmalı (Standart),1800 tl/yıl,B,Kona,Dizel,https://www.epey.com/araba/2019-hyundai-kona-1-6-crdi-136-ps-dct-style-4x2.html,,,,,,114 g/km,4.4 lt,50 lt,Euro 6,4.2 lt,4.7 lt,,,5 yıldız,2019 Hyundai Kona 1.6 CRDi 136 PS DCT Style (4x2) NCAP/ANCAP Web Sayfası,2017,Var,,,,,,,,,Önden Çekişli,,,,,7 ileri,Otomatik,DCT (Yarı Otm.)
1600 kg,,1850 mm,4480 mm,1660 mm,,513 lt,,2019 Hyundai Tucson 1.6 CRDi 136 PS DCT Elite (4x2),2019 Hyundai Tucson 1.6 CRDi 136 PS DCT Elite (4x2) Test Sürüşü Talep Sayfası,2019 Hyundai Tucson 1.6 CRDi 136 PS DCT Elite (4x2) Ürün Kataloğu,5 Yıl / 100 Bin Km Mekanik,Hyundai Yol Yardım 0212 233 3262,Var,,,,,Turbo,,4,1598 cc,Common Rail Direkt Enjeksiyon,11.8 saniye,180 km/s,320 nm,136 BG,Güney Kore,,Binek,Elite,,SUV,2019,İçten Yanmalı (Standart),1800 tl/yıl,C,Tucson,Dizel,https://www.epey.com/araba/2019-hyundai-tucson-1-6-crdi-136-ps-dct-elite-4x2.html,,,,,,125 g/km,4.8 lt,62 lt,,4.7 lt,4.9 lt,,,5 yıldız,2019 Hyundai Tucson 1.6 CRDi 136 PS DCT Elite (4x2) NCAP/ANCAP Web Sayfası,2015,Var,,,,,,,,,Önden Çekişli,,,,,7 ileri,Otomatik,DCT (Yarı Otm.)
1600 kg,,1850 mm,4480 mm,1676 mm,,513 lt,,2019 Hyundai Tucson 1.6 CRDi 136 PS DCT Elite (4x4),2019 Hyundai Tucson 1.6 CRDi 136 PS DCT Elite (4x4) Test Sürüşü Talep Sayfası,2019 Hyundai Tucson 1.6 CRDi 136 PS DCT Elite (4x4) Ürün Kataloğu,5 Yıl / 100 Bin Km Mekanik,Hyundai Yol Yardım 0212 233 3262,Var,,,,,Turbo,,4,1598 cc,Common Rail Direkt Enjeksiyon,12.0 saniye,180 km/s,320 nm,136 BG,Güney Kore,,Binek,Elite,,SUV,2019,İçten Yanmalı (Standart),1800 tl/yıl,C,Tucson,Dizel,https://www.epey.com/araba/2019-hyundai-tucson-1-6-crdi-136-ps-dct-elite-4x4.html,,,,,,135 g/km,5.1 lt,62 lt,,5.1 lt,5.2 lt,,,5 yıldız,2019 Hyundai Tucson 1.6 CRDi 136 PS DCT Elite (4x4) NCAP/ANCAP Web Sayfası,2015,Var,,,,,,,,,4x4 Çekişli,,,,,7 ileri,Otomatik,DCT (Yarı Otm.)
1600 kg,,1850 mm,4480 mm,1676 mm,,513 lt,,2019 Hyundai Tucson 1.6 CRDi 136 PS DCT Elite Plus (4x4),2019 Hyundai Tucson 1.6 CRDi 136 PS DCT Elite Plus (4x4) Test Sürüşü Talep Sayfası,2019 Hyundai Tucson 1.6 CRDi 136 PS DCT Elite Plus (4x4) Ürün Kataloğu,5 Yıl / 100 Bin Km Mekanik,Hyundai Yol Yardım 0212 233 3262,Var,,,,,Turbo,,4,1598 cc,Common Rail Direkt Enjeksiyon,12.0 saniye,180 km/s,320 nm,136 BG,Güney Kore,,Binek,Elite Plus,,SUV,2019,İçten Yanmalı (Standart),1800 tl/yıl,C,Tucson,Dizel,https://www.epey.com/araba/2019-hyundai-tucson-1-6-crdi-136-ps-dct-elite-plus-4x4.html,,,,,,135 g/km,5.1 lt,62 lt,,5.1 lt,5.2 lt,,,5 yıldız,2019 Hyundai Tucson 1.6 CRDi 136 PS DCT Elite Plus (4x4) NCAP/ANCAP Web Sayfası,2015,Var,,,,,,,,,4x4 Çekişli,,,,,7 ileri,Otomatik,DCT (Yarı Otm.)
1600 kg,,1850 mm,4480 mm,1676 mm,,513 lt,,2019 Hyundai Tucson 1.6 CRDi 136 PS DCT Elite Plus Red (4x4),2019 Hyundai Tucson 1.6 CRDi 136 PS DCT Elite Plus Red (4x4) Test Sürüşü Talep Sayfası,2019 Hyundai Tucson 1.6 CRDi 136 PS DCT Elite Plus Red (4x4) Ürün Kataloğu,5 Yıl / 100 Bin Km Mekanik,Hyundai Yol Yardım 0212 233 3262,Var,,,,,Turbo,,4,1598 cc,Common Rail Direkt Enjeksiyon,12.0 saniye,180 km/s,320 nm,136 BG,Güney Kore,,Binek,Elite Plus Red,,SUV,2019,İçten Yanmalı (Standart),1800 tl/yıl,C,Tucson,Dizel,https://www.epey.com/araba/2019-hyundai-tucson-1-6-crdi-136-ps-dct-elite-plus-red-4x4.html,,,,,,135 g/km,5.1 lt,62 lt,,5.1 lt,5.2 lt,,,5 yıldız,2019 Hyundai Tucson 1.6 CRDi 136 PS DCT Elite Plus Red (4x4) NCAP/ANCAP Web Sayfası,2015,Var,,,,,,,,,4x4 Çekişli,,,,,7 ileri,Otomatik,DCT (Yarı Otm.)
1600 kg,,1850 mm,4480 mm,1660 mm,,513 lt,,2019 Hyundai Tucson 1.6 CRDi 136 PS DCT Elite Red (4x2),2019 Hyundai Tucson 1.6 CRDi 136 PS DCT Elite Red (4x2) Test Sürüşü Talep Sayfası,2019 Hyundai Tucson 1.6 CRDi 136 PS DCT Elite Red (4x2) Ürün Kataloğu,5 Yıl / 100 Bin Km Mekanik,Hyundai Yol Yardım 0212 233 3262,Var,,,,,Turbo,,4,1598 cc,Common Rail Direkt Enjeksiyon,11.8 saniye,180 km/s,320 nm,136 BG,Güney Kore,,Binek,Elite Red,,SUV,2019,İçten Yanmalı (Standart),1800 tl/yıl,C,Tucson,Dizel,https://www.epey.com/araba/2019-hyundai-tucson-1-6-crdi-136-ps-dct-elite-red-4x2.html,,,,,,125 g/km,4.8 lt,62 lt,,4.7 lt,4.9 lt,,,5 yıldız,2019 Hyundai Tucson 1.6 CRDi 136 PS DCT Elite Red (4x2) NCAP/ANCAP Web Sayfası,2015,Var,,,,,,,,,Önden Çekişli,,,,,7 ileri,Otomatik,DCT (Yarı Otm.)
1600 kg,,1850 mm,4480 mm,1676 mm,,513 lt,,2019 Hyundai Tucson 1.6 CRDi 136 PS DCT Elite Red (4x4),2019 Hyundai Tucson 1.6 CRDi 136 PS DCT Elite Red (4x4) Test Sürüşü Talep Sayfası,2019 Hyundai Tucson 1.6 CRDi 136 PS DCT Elite Red (4x4) Ürün Kataloğu,5 Yıl / 100 Bin Km Mekanik,Hyundai Yol Yardım 0212 233 3262,Var,,,,,Turbo,,4,1598 cc,Common Rail Direkt Enjeksiyon,12.0 saniye,180 km/s,320 nm,136 BG,Güney Kore,,Binek,Elite Red,,SUV,2019,İçten Yanmalı (Standart),1800 tl/yıl,C,Tucson,Dizel,https://www.epey.com/araba/2019-hyundai-tucson-1-6-crdi-136-ps-dct-elite-red-4x4.html,,,,,,135 g/km,5.1 lt,62 lt,,5.1 lt,5.2 lt,,,5 yıldız,2019 Hyundai Tucson 1.6 CRDi 136 PS DCT Elite Red (4x4) NCAP/ANCAP Web Sayfası,2015,Var,,,,,,,,,4x4 Çekişli,,,,,7 ileri,Otomatik,DCT (Yarı Otm.)
1600 kg,,1850 mm,4480 mm,1676 mm,,513 lt,,2019 Hyundai Tucson 1.6 CRDi 136 PS DCT N-Line (4x4),2019 Hyundai Tucson 1.6 CRDi 136 PS DCT N-Line (4x4) Test Sürüşü Talep Sayfası,2019 Hyundai Tucson 1.6 CRDi 136 PS DCT N-Line (4x4) Ürün Kataloğu,5 Yıl / 100 Bin Km Mekanik,Hyundai Yol Yardım 0212 233 3262,Var,,,,,Turbo,,4,1598 cc,Common Rail Direkt Enjeksiyon,12.0 saniye,180 km/s,320 nm,136 BG,Güney Kore,,Binek,N-Line,,SUV,2019,İçten Yanmalı (Standart),1800 tl/yıl,C,Tucson,Dizel,https://www.epey.com/araba/2019-hyundai-tucson-1-6-crdi-136-ps-dct-n-line-4x4.html,,,,,,135 g/km,5.1 lt,62 lt,,5.1 lt,5.2 lt,,,5 yıldız,2019 Hyundai Tucson 1.6 CRDi 136 PS DCT N-Line (4x4) NCAP/ANCAP Web Sayfası,2015,Var,,,,,,,,,4x4 Çekişli,,,,,7 ileri,Otomatik,DCT (Yarı Otm.)
1600 kg,,1850 mm,4480 mm,1660 mm,,513 lt,,2019 Hyundai Tucson 1.6 CRDi 136 PS DCT Style Plus (4x2),2019 Hyundai Tucson 1.6 CRDi 136 PS DCT Style Plus (4x2) Test Sürüşü Talep Sayfası,2019 Hyundai Tucson 1.6 CRDi 136 PS DCT Style Plus (4x2) Ürün Kataloğu,5 Yıl / 100 Bin Km Mekanik,Hyundai Yol Yardım 0212 233 3262,Var,,,,,Turbo,,4,1598 cc,Common Rail Direkt Enjeksiyon,11.8 saniye,180 km/s,320 nm,136 BG,Güney Kore,,Binek,Style Plus,,SUV,2019,İçten Yanmalı (Standart),1800 tl/yıl,C,Tucson,Dizel,https://www.epey.com/araba/2019-hyundai-tucson-1-6-crdi-136-ps-dct-style-plus-4x2.html,,,,,,125 g/km,4.8 lt,62 lt,,4.7 lt,4.9 lt,,,5 yıldız,2019 Hyundai Tucson 1.6 CRDi 136 PS DCT Style Plus (4x2) NCAP/ANCAP Web Sayfası,2015,Var,,,,,,,,,Önden Çekişli,,,,,7 ileri,Otomatik,DCT (Yarı Otm.)
1207 kg,,1725 mm,4065 mm,1450 mm,,325 lt,,2019 Kia Rio Hatchback 1.25 84 PS Cool,2019 Kia Rio Hatchback 1.25 84 PS Cool Test Sürüşü Talep Sayfası,2019 Kia Rio Hatchback 1.25 84 PS Cool Ürün Kataloğu,"5 Yıl / 150 Bin Km Mekanik
5 Yıl / 150 Bin Km Boya
10 Yıl / 150 Bin Km Paslanmazlık",Kia Yol Yardım 0212 234 0770,Var,,,,,Atmosferik,,4,1248 cc,Çok Noktadan Enjeksiyon,12.9 saniye,170 km/s,122 nm,84 BG,Güney Kore,Hatchback,Binek,Cool,,Hatchback,2019,İçten Yanmalı (Standart),1034 tl/yıl,B,Rio,Benzin,https://www.epey.com/araba/2019-kia-rio-hatchback-1-25-84-ps-cool.html,,,,,,109 g/km,4.8 lt,45 lt,,4.1 lt,6.0 lt,,,3 yıldız,2019 Kia Rio Hatchback 1.25 84 PS Cool NCAP/ANCAP Web Sayfası,2017,Var,,,,,,,,,Önden Çekişli,,,,,5 ileri,Manuel,
1207 kg,,1725 mm,4065 mm,1450 mm,,325 lt,,2019 Kia Rio Hatchback 1.25 84 PS Elegance,2019 Kia Rio Hatchback 1.25 84 PS Elegance Test Sürüşü Talep Sayfası,2019 Kia Rio Hatchback 1.25 84 PS Elegance Ürün Kataloğu,"5 Yıl / 150 Bin Km Mekanik
5 Yıl / 150 Bin Km Boya
10 Yıl / 150 Bin Km Paslanmazlık",Kia Yol Yardım 0212 234 0770,Var,,,,,Atmosferik,,4,1248 cc,Çok Noktadan Enjeksiyon,12.9 saniye,170 km/s,122 nm,84 BG,Güney Kore,Hatchback,Binek,Elegance,,Hatchback,2019,İçten Yanmalı (Standart),1034 tl/yıl,B,Rio,Benzin,https://www.epey.com/araba/2019-kia-rio-hatchback-1-25-84-ps-elegance.html,,,,,,109 g/km,4.8 lt,45 lt,,4.1 lt,6.0 lt,,,3 yıldız,2019 Kia Rio Hatchback 1.25 84 PS Elegance NCAP/ANCAP Web Sayfası,2017,Var,,,,,,,,,Önden Çekişli,,,,,5 ileri,Manuel,
1246 kg,,1725 mm,4065 mm,1450 mm,,325 lt,,2019 Kia Rio Hatchback 1.4 100 PS Otomatik Cool,2019 Kia Rio Hatchback 1.4 100 PS Otomatik Cool Test Sürüşü Talep Sayfası,2019 Kia Rio Hatchback 1.4 100 PS Otomatik Cool Ürün Kataloğu,"5 Yıl / 150 Bin Km Mekanik
5 Yıl / 150 Bin Km Boya
10 Yıl / 150 Bin Km Paslanmazlık",Kia Yol Yardım 0212 234 0770,Var,,,,,Atmosferik,,4,1368 cc,Çok Noktadan Enjeksiyon,12.9 saniye,183 km/s,133 nm,100 BG,Güney Kore,Hatchback,Binek,Cool,,Hatchback,2019,İçten Yanmalı (Standart),1800 tl/yıl,B,Rio,Benzin,https://www.epey.com/araba/2019-kia-rio-hatchback-1-4-100-ps-otomatik-cool.html,,,,,,136 g/km,5.9 lt,45 lt,,5.2 lt,7.3 lt,,,3 yıldız,2019 Kia Rio Hatchback 1.4 100 PS Otomatik Cool NCAP/ANCAP Web Sayfası,2017,Var,,,,,,,,,Önden Çekişli,,,,,6 ileri,Otomatik,
1246 kg,,1725 mm,4065 mm,1450 mm,,325 lt,,2019 Kia Rio Hatchback 1.4 100 PS Otomatik Elegance,2019 Kia Rio Hatchback 1.4 100 PS Otomatik Elegance Test Sürüşü Talep Sayfası,2019 Kia Rio Hatchback 1.4 100 PS Otomatik Elegance Ürün Kataloğu,"5 Yıl / 150 Bin Km Mekanik
5 Yıl / 150 Bin Km Boya
10 Yıl / 150 Bin Km Paslanmazlık",Kia Yol Yardım 0212 234 0770,Var,,,,,Atmosferik,,4,1368 cc,Çok Noktadan Enjeksiyon,12.9 saniye,183 km/s,133 nm,100 BG,Güney Kore,Hatchback,Binek,Elegance,,Hatchback,2019,İçten Yanmalı (Standart),1800 tl/yıl,B,Rio,Benzin,https://www.epey.com/araba/2019-kia-rio-hatchback-1-4-100-ps-otomatik-elegance.html,,,,,,136 g/km,5.9 lt,45 lt,,5.2 lt,7.3 lt,,,3 yıldız,2019 Kia Rio Hatchback 1.4 100 PS Otomatik Elegance NCAP/ANCAP Web Sayfası,2017,Var,,,,,,,,,Önden Çekişli,,,,,6 ileri,Otomatik,
1415 kg,,1855 mm,4485 mm,1645 mm,1456 lt,467 lt,,2019 Kia Sportage 1.6 132 HP Cool (4x2),2019 Kia Sportage 1.6 132 HP Cool (4x2) Test Sürüşü Talep Sayfası,2019 Kia Sportage 1.6 132 HP Cool (4x2) Ürün Kataloğu,"5 Yıl / 150 Bin Km Mekanik
5 Yıl / 150 Bin Km Boya
10 Yıl / 150 Bin Km Paslanmazlık",Kia Yol Yardım 0212 234 0770,Var,,,,,Atmosferik,,4,1591 cc,GDI (Doğrudan Enjeksiyon),11.5 saniye,182 km/s,161 nm,132 BG,Güney Kore,,Binek,Cool,,SUV,2019,İçten Yanmalı (Standart),1800 tl/yıl,C,Sportage,Benzin,https://www.epey.com/araba/2019-kia-sportage-1-6-132-hp-cool-4x2.html,,,,,,159 g/km,6.9 lt,62 lt,,6.2 lt,8.1 lt,,,5 yıldız,2019 Kia Sportage 1.6 132 HP Cool (4x2) NCAP/ANCAP Web Sayfası,2015,Var,,,,,,,,,Önden Çekişli,,,,,6 ileri,Manuel,
1530 kg,,1855 mm,4485 mm,1645 mm,1456 lt,467 lt,,2019 Kia Sportage 1.6 Dizel 136 HP DCT Cool (4x2),2019 Kia Sportage 1.6 Dizel 136 HP DCT Cool (4x2) Test Sürüşü Talep Sayfası,2019 Kia Sportage 1.6 Dizel 136 HP DCT Cool (4x2) Ürün Kataloğu,"5 Yıl / 150 Bin Km Mekanik
5 Yıl / 150 Bin Km Boya
10 Yıl / 150 Bin Km Paslanmazlık",Kia Yol Yardım 0212 234 0770,Var,,,,,Turbo,,4,1598 cc,Common Rail Direkt Enjeksiyon,11.8 saniye,180 km/s,320 nm,136 BG,Güney Kore,,Binek,Cool,,SUV,2019,İçten Yanmalı (Standart),1800 tl/yıl,C,Sportage,Dizel,https://www.epey.com/araba/2019-kia-sportage-1-6-dizel-136-hp-dct-cool-4x2.html,,,,,,123 g/km,4.7 lt,58 lt,,4.5 lt,5.0 lt,,,5 yıldız,2019 Kia Sportage 1.6 Dizel 136 HP DCT Cool (4x2) NCAP/ANCAP Web Sayfası,2015,Var,,,,,,,,,Önden Çekişli,,,,,7 ileri,Otomatik,DCT (Yarı Otm.)
1530 kg,,1855 mm,4485 mm,1645 mm,1456 lt,467 lt,,2019 Kia Sportage 1.6 Dizel 136 HP DCT Elegance (4x2),2019 Kia Sportage 1.6 Dizel 136 HP DCT Elegance (4x2) Test Sürüşü Talep Sayfası,2019 Kia Sportage 1.6 Dizel 136 HP DCT Elegance (4x2) Ürün Kataloğu,"5 Yıl / 150 Bin Km Mekanik
5 Yıl / 150 Bin Km Boya
10 Yıl / 150 Bin Km Paslanmazlık",Kia Yol Yardım 0212 234 0770,Var,,,,,Turbo,,4,1598 cc,Common Rail Direkt Enjeksiyon,11.8 saniye,180 km/s,320 nm,136 BG,Güney Kore,,Binek,Elegance,,SUV,2019,İçten Yanmalı (Standart),1800 tl/yıl,C,Sportage,Dizel,https://www.epey.com/araba/2019-kia-sportage-1-6-dizel-136-hp-dct-elegance-4x2.html,,,,,,123 g/km,4.7 lt,58 lt,,4.5 lt,5.0 lt,,,5 yıldız,2019 Kia Sportage 1.6 Dizel 136 HP DCT Elegance (4x2) NCAP/ANCAP Web Sayfası,2015,Var,,,,,,,,,Önden Çekişli,,,,,7 ileri,Otomatik,DCT (Yarı Otm.)
1593 kg,,1855 mm,4485 mm,1645 mm,1456 lt,467 lt,,2019 Kia Sportage 1.6 Dizel 136 HP DCT Elegance (4x4),2019 Kia Sportage 1.6 Dizel 136 HP DCT Elegance (4x4) Test Sürüşü Talep Sayfası,2019 Kia Sportage 1.6 Dizel 136 HP DCT Elegance (4x4) Ürün Kataloğu,"5 Yıl / 150 Bin Km Mekanik
5 Yıl / 150 Bin Km Boya
10 Yıl / 150 Bin Km Paslanmazlık",Kia Yol Yardım 0212 234 0770,Var,,,,,Turbo,,4,1598 cc,Common Rail Direkt Enjeksiyon,12.0 saniye,180 km/s,320 nm,136 BG,Güney Kore,,Binek,Elegance,,SUV,2019,İçten Yanmalı (Standart),1800 tl/yıl,C,Sportage,Dizel,https://www.epey.com/araba/2019-kia-sportage-1-6-dizel-136-hp-dct-elegance-4x4.html,,,,,,133 g/km,5.1 lt,58 lt,,5.1 lt,5.0 lt,,,5 yıldız,2019 Kia Sportage 1.6 Dizel 136 HP DCT Elegance (4x4) NCAP/ANCAP Web Sayfası,2015,Var,,,,,,,,,4x4 Çekişli,,,,,7 ileri,Otomatik,DCT (Yarı Otm.)
1593 kg,,1855 mm,4485 mm,1645 mm,1456 lt,467 lt,,2019 Kia Sportage 1.6 Dizel 136 HP DCT GT-Line (4x4),2019 Kia Sportage 1.6 Dizel 136 HP DCT GT-Line (4x4) Test Sürüşü Talep Sayfası,2019 Kia Sportage 1.6 Dizel 136 HP DCT GT-Line (4x4) Ürün Kataloğu,"5 Yıl / 150 Bin Km Mekanik
5 Yıl / 150 Bin Km Boya
10 Yıl / 150 Bin Km Paslanmazlık",Kia Yol Yardım 0212 234 0770,Var,,,,,Turbo,,4,1598 cc,Common Rail Direkt Enjeksiyon,12.0 saniye,180 km/s,320 nm,136 BG,Güney Kore,,Binek,GT-Line,,SUV,2019,İçten Yanmalı (Standart),1800 tl/yıl,C,Sportage,Dizel,https://www.epey.com/araba/2019-kia-sportage-1-6-dizel-136-hp-dct-gt-line-4x4.html,,,,,,133 g/km,5.1 lt,58 lt,,5.1 lt,5.0 lt,,,5 yıldız,2019 Kia Sportage 1.6 Dizel 136 HP DCT GT-Line (4x4) NCAP/ANCAP Web Sayfası,2015,Var,,,,,,,,,4x4 Çekişli,,,,,7 ileri,Otomatik,DCT (Yarı Otm.)
1530 kg,,1855 mm,4485 mm,1645 mm,1456 lt,467 lt,,2019 Kia Sportage 1.6 Dizel 136 HP DCT Prestige (4x2),2019 Kia Sportage 1.6 Dizel 136 HP DCT Prestige (4x2) Test Sürüşü Talep Sayfası,2019 Kia Sportage 1.6 Dizel 136 HP DCT Prestige (4x2) Ürün Kataloğu,"5 Yıl / 150 Bin Km Mekanik
5 Yıl / 150 Bin Km Boya
10 Yıl / 150 Bin Km Paslanmazlık",Kia Yol Yardım 0212 234 0770,Var,,,,,Turbo,,4,1598 cc,Common Rail Direkt Enjeksiyon,11.8 saniye,180 km/s,320 nm,136 BG,Güney Kore,,Binek,Prestige,,SUV,2019,İçten Yanmalı (Standart),1800 tl/yıl,C,Sportage,Dizel,https://www.epey.com/araba/2019-kia-sportage-1-6-dizel-136-hp-dct-prestige-4x2.html,,,,,,123 g/km,4.7 lt,58 lt,,4.5 lt,5.0 lt,,,5 yıldız,2019 Kia Sportage 1.6 Dizel 136 HP DCT Prestige (4x2) NCAP/ANCAP Web Sayfası,2015,Var,,,,,,,,,Önden Çekişli,,,,,7 ileri,Otomatik,DCT (Yarı Otm.)
1593 kg,,1855 mm,4485 mm,1645 mm,1456 lt,467 lt,,2019 Kia Sportage 1.6 Dizel 136 HP DCT Prestige (4x4),2019 Kia Sportage 1.6 Dizel 136 HP DCT Prestige (4x4) Test Sürüşü Talep Sayfası,2019 Kia Sportage 1.6 Dizel 136 HP DCT Prestige (4x4) Ürün Kataloğu,"5 Yıl / 150 Bin Km Mekanik
5 Yıl / 150 Bin Km Boya
10 Yıl / 150 Bin Km Paslanmazlık",Kia Yol Yardım 0212 234 0770,Var,,,,,Turbo,,4,1598 cc,Common Rail Direkt Enjeksiyon,12.0 saniye,180 km/s,320 nm,136 BG,Güney Kore,,Binek,Prestige,,SUV,2019,İçten Yanmalı (Standart),1800 tl/yıl,C,Sportage,Dizel,https://www.epey.com/araba/2019-kia-sportage-1-6-dizel-136-hp-dct-prestige-4x4.html,,,,,,133 g/km,5.1 lt,58 lt,,5.1 lt,5.0 lt,,,5 yıldız,2019 Kia Sportage 1.6 Dizel 136 HP DCT Prestige (4x4) NCAP/ANCAP Web Sayfası,2015,Var,,,,,,,,,4x4 Çekişli,,,,,7 ileri,Otomatik,DCT (Yarı Otm.)
1530 kg,,1855 mm,4485 mm,1645 mm,1456 lt,467 lt,,2019 Kia Sportage 1.6 Dizel 136 HP DCT Prestige Design Paket (4x2),2019 Kia Sportage 1.6 Dizel 136 HP DCT Prestige Design Paket (4x2) Test Sürüşü Talep Sayfası,2019 Kia Sportage 1.6 Dizel 136 HP DCT Prestige Design Paket (4x2) Ürün Kataloğu,"5 Yıl / 150 Bin Km Mekanik
5 Yıl / 150 Bin Km Boya
10 Yıl / 150 Bin Km Paslanmazlık",Kia Yol Yardım 0212 234 0770,Var,,,,,Turbo,,4,1598 cc,Common Rail Direkt Enjeksiyon,11.8 saniye,180 km/s,320 nm,136 BG,Güney Kore,,Binek,Prestige Design Paket,,SUV,2019,İçten Yanmalı (Standart),1800 tl/yıl,C,Sportage,Dizel,https://www.epey.com/araba/2019-kia-sportage-1-6-dizel-136-hp-dct-prestige-design-paket-4x2.html,,,,,,123 g/km,4.7 lt,58 lt,,4.5 lt,5.0 lt,,,5 yıldız,2019 Kia Sportage 1.6 Dizel 136 HP DCT Prestige Design Paket (4x2) NCAP/ANCAP Web Sayfası,2015,Var,,,,,,,,,Önden Çekişli,,,,,7 ileri,Otomatik,DCT (Yarı Otm.)
1593 kg,,1855 mm,4485 mm,1645 mm,1456 lt,467 lt,,2019 Kia Sportage 1.6 Dizel 136 HP DCT Prestige Design Paket (4x4),2019 Kia Sportage 1.6 Dizel 136 HP DCT Prestige Design Paket (4x4) Test Sürüşü Talep Sayfası,2019 Kia Sportage 1.6 Dizel 136 HP DCT Prestige Design Paket (4x4) Ürün Kataloğu,"5 Yıl / 150 Bin Km Mekanik
5 Yıl / 150 Bin Km Boya
10 Yıl / 150 Bin Km Paslanmazlık",Kia Yol Yardım 0212 234 0770,Var,,,,,Turbo,,4,1598 cc,Common Rail Direkt Enjeksiyon,12.0 saniye,180 km/s,320 nm,136 BG,Güney Kore,,Binek,Prestige Design Paket,,SUV,2019,İçten Yanmalı (Standart),1800 tl/yıl,C,Sportage,Dizel,https://www.epey.com/araba/2019-kia-sportage-1-6-dizel-136-hp-dct-prestige-design-paket-4x4.html,,,,,,133 g/km,5.1 lt,58 lt,,5.1 lt,5.0 lt,,,5 yıldız,2019 Kia Sportage 1.6 Dizel 136 HP DCT Prestige Design Paket (4x4) NCAP/ANCAP Web Sayfası,2015,Var,,,,,,,,,4x4 Çekişli,,,,,7 ileri,Otomatik,DCT (Yarı Otm.)
1220 kg,10.40 mt.,1760 mm,4140 mm,1500 mm,1155 lt,352 lt,,2019 Kia Stonic 1.0 T-GDI 120 PS DCT Elegance Design Pack (4x2),2019 Kia Stonic 1.0 T-GDI 120 PS DCT Elegance Design Pack (4x2) Test Sürüşü Talep Sayfası,2019 Kia Stonic 1.0 T-GDI 120 PS DCT Elegance Design Pack (4x2) Ürün Kataloğu,"5 Yıl / 150 Bin Km Mekanik
5 Yıl / 150 Bin Km Boya
10 Yıl / 150 Bin Km Paslanmazlık",Kia Yol Yardım 0212 234 0770,Var,,,,,Turbo,,3,998 cc,Direkt Enjeksiyon,10.6 saniye,185 km/s,171 nm,120 BG,Güney Kore,,Binek,Elegance Design Pack,,SUV,2019,İçten Yanmalı (Standart),1034 tl/yıl,B,Stonic,Benzin,https://www.epey.com/araba/2019-kia-stonic-1-0-t-gdi-120-ps-dct-elegance-design-pack-4x2.html,,,,,,120 g/km,5.2 lt,45 lt,,4.9 lt,5.9 lt,,,3 yıldız,2019 Kia Stonic 1.0 T-GDI 120 PS DCT Elegance Design Pack (4x2) NCAP/ANCAP Web Sayfası,2017,Var,,,,,,,,,Önden Çekişli,,,,,7 ileri,Otomatik,DCT (Yarı Otm.)
1220 kg,10.40 mt.,1760 mm,4140 mm,1500 mm,1155 lt,352 lt,,2019 Kia Stonic 1.0 T-GDI 120 PS DCT Elegance Sunroof (4x2),2019 Kia Stonic 1.0 T-GDI 120 PS DCT Elegance Sunroof (4x2) Test Sürüşü Talep Sayfası,2019 Kia Stonic 1.0 T-GDI 120 PS DCT Elegance Sunroof (4x2) Ürün Kataloğu,"5 Yıl / 150 Bin Km Mekanik
5 Yıl / 150 Bin Km Boya
10 Yıl / 150 Bin Km Paslanmazlık",Kia Yol Yardım 0212 234 0770,Var,,,,,Turbo,,3,998 cc,Direkt Enjeksiyon,10.6 saniye,185 km/s,171 nm,120 BG,Güney Kore,,Binek,Elegance Sunroof,,SUV,2019,İçten Yanmalı (Standart),1034 tl/yıl,B,Stonic,Benzin,https://www.epey.com/araba/2019-kia-stonic-1-0-t-gdi-120-ps-dct-elegance-sunroof-4x2.html,,,,,,120 g/km,5.2 lt,45 lt,,4.9 lt,5.9 lt,,,3 yıldız,2019 Kia Stonic 1.0 T-GDI 120 PS DCT Elegance Sunroof (4x2) NCAP/ANCAP Web Sayfası,2017,Var,,,,,,,,,Önden Çekişli,,,,,7 ileri,Otomatik,DCT (Yarı Otm.)
1183 kg,10.40 mt.,1760 mm,4140 mm,1500 mm,1155 lt,352 lt,,2019 Kia Stonic 1.4 100 PS Otomatik Elegance Design Pack (4x2),2019 Kia Stonic 1.4 100 PS Otomatik Elegance Design Pack (4x2) Test Sürüşü Talep Sayfası,2019 Kia Stonic 1.4 100 PS Otomatik Elegance Design Pack (4x2) Ürün Kataloğu,"5 Yıl / 150 Bin Km Mekanik
5 Yıl / 150 Bin Km Boya
10 Yıl / 150 Bin Km Paslanmazlık",Kia Yol Yardım 0212 234 0770,Var,,,,,Atmosferik,,4,1368 cc,Çok Noktadan Enjeksiyon,13.8 saniye,173 km/s,133 nm,100 BG,Güney Kore,,Binek,Elegance Design Pack,,SUV,2019,İçten Yanmalı (Standart),1800 tl/yıl,B,Stonic,Benzin,https://www.epey.com/araba/2019-kia-stonic-1-4-100-ps-otomatik-elegance-design-pack-4x2.html,,,,,,141 g/km,6.2 lt,45 lt,,5.2 lt,7.8 lt,,,3 yıldız,2019 Kia Stonic 1.4 100 PS Otomatik Elegance Design Pack (4x2) NCAP/ANCAP Web Sayfası,2017,Var,,,,,,,,,Önden Çekişli,,,,,6 ileri,Otomatik,
1183 kg,10.40 mt.,1760 mm,4140 mm,1500 mm,1155 lt,352 lt,,2019 Kia Stonic 1.4 100 PS Otomatik Elegance Sunroof (4x2),2019 Kia Stonic 1.4 100 PS Otomatik Elegance Sunroof (4x2) Test Sürüşü Talep Sayfası,2019 Kia Stonic 1.4 100 PS Otomatik Elegance Sunroof (4x2) Ürün Kataloğu,"5 Yıl / 150 Bin Km Mekanik
5 Yıl / 150 Bin Km Boya
10 Yıl / 150 Bin Km Paslanmazlık",Kia Yol Yardım 0212 234 0770,Var,,,,,Atmosferik,,4,1368 cc,Çok Noktadan Enjeksiyon,13.8 saniye,173 km/s,133 nm,100 BG,Güney Kore,,Binek,Elegance Sunroof,,SUV,2019,İçten Yanmalı (Standart),1800 tl/yıl,B,Stonic,Benzin,https://www.epey.com/araba/2019-kia-stonic-1-4-100-ps-otomatik-elegance-sunroof-4x2.html,,,,,,141 g/km,6.2 lt,45 lt,,5.2 lt,7.8 lt,,,3 yıldız,2019 Kia Stonic 1.4 100 PS Otomatik Elegance Sunroof (4x2) NCAP/ANCAP Web Sayfası,2017,Var,,,,,,,,,Önden Çekişli,,,,,6 ileri,Otomatik,
1993 kg,,1850 mm,5300 mm,1805 mm,,,,2019 Nissan Navara 2.3 dCi 160 PS Tekna (4x4),2019 Nissan Navara 2.3 dCi 160 PS Tekna (4x4) Test Sürüşü Talep Sayfası,2019 Nissan Navara 2.3 dCi 160 PS Tekna (4x4) Ürün Kataloğu,"+ 1 Yıl İlave
2 Yıl / 100 Bin Km Mekanik
12 Yıl Paslanmazlık","Nissan Yol Yardımı 0800 211 6163
Nissan Yol Yardımı 0212 225 4959",Var,,,,,Turbo,,4,2298 cc,Common Rail Direkt Enjeksiyon,12.0 saniye,172 km/s,403 nm,160 BG,Japonya,,Ticari,Tekna,,Pick-Up,2019,İçten Yanmalı (Standart),7505 tl/yıl,Mini Ticari,Navara,Dizel,https://www.epey.com/araba/2019-nissan-navara-2-3-dci-160-ps-tekna-4x4.html,,,,,,169 g/km,6.4 lt,80 lt,,6.1 lt,7.0 lt,,,4 yıldız,2019 Nissan Navara 2.3 dCi 160 PS Tekna (4x4) NCAP/ANCAP Web Sayfası,2015,Var,,1017 kg,,1560 mm,1578 mm,474 mm,,,4x4 Çekişli,,,,,6 ileri,Manuel,
1993 kg,,1850 mm,5300 mm,1805 mm,,,,2019 Nissan Navara 2.3 dCi 160 PS Visia (4x4),2019 Nissan Navara 2.3 dCi 160 PS Visia (4x4) Test Sürüşü Talep Sayfası,2019 Nissan Navara 2.3 dCi 160 PS Visia (4x4) Ürün Kataloğu,"+ 1 Yıl İlave
2 Yıl / 100 Bin Km Mekanik
12 Yıl Paslanmazlık","Nissan Yol Yardımı 0800 211 6163
Nissan Yol Yardımı 0212 225 4959",Var,,,,,Turbo,,4,2298 cc,Common Rail Direkt Enjeksiyon,12.0 saniye,172 km/s,403 nm,160 BG,Japonya,,Ticari,Visia,,Pick-Up,2019,İçten Yanmalı (Standart),7505 tl/yıl,Mini Ticari,Navara,Dizel,https://www.epey.com/araba/2019-nissan-navara-2-3-dci-160-ps-visia-4x4.html,,,,,,169 g/km,6.4 lt,80 lt,,6.1 lt,7.0 lt,,,4 yıldız,2019 Nissan Navara 2.3 dCi 160 PS Visia (4x4) NCAP/ANCAP Web Sayfası,2015,Var,,1017 kg,,1560 mm,1578 mm,474 mm,,,4x4 Çekişli,,,,,6 ileri,Manuel,
1993 kg,,1850 mm,5330 mm,1840 mm,,,,2019 Nissan Navara 2.3 dCi 190 PS Otomatik Platinum (4x4),2019 Nissan Navara 2.3 dCi 190 PS Otomatik Platinum (4x4) Test Sürüşü Talep Sayfası,2019 Nissan Navara 2.3 dCi 190 PS Otomatik Platinum (4x4) Ürün Kataloğu,"+ 1 Yıl İlave
2 Yıl / 100 Bin Km Mekanik
12 Yıl Paslanmazlık","Nissan Yol Yardımı 0800 211 6163
Nissan Yol Yardımı 0212 225 4959",Var,,,,,Turbo,,4,2298 cc,Common Rail Direkt Enjeksiyon,10.8 saniye,180 km/s,450 nm,190 BG,Japonya,,Ticari,Platinum,,Pick-Up,2019,İçten Yanmalı (Standart),7505 tl/yıl,Mini Ticari,Navara,Dizel,https://www.epey.com/araba/2019-nissan-navara-2-3-dci-190-ps-otomatik-platinum-4x4.html,,,,,,183 g/km,7.0 lt,80 lt,,6.0 lt,8.7 lt,,,4 yıldız,2019 Nissan Navara 2.3 dCi 190 PS Otomatik Platinum (4x4) NCAP/ANCAP Web Sayfası,2015,Var,,1017 kg,,1560 mm,1578 mm,474 mm,,,4x4 Çekişli,,,,,,Otomatik,
1315 kg,10.72 mt.,1806 mm,4394 mm,1590 mm,1598 lt,401 lt,,2019 Nissan Qashqai 1.3 DIG-T 160 PS DCT Platinum P.Pack (4x2),2019 Nissan Qashqai 1.3 DIG-T 160 PS DCT Platinum P.Pack (4x2) Test Sürüşü Talep Sayfası,2019 Nissan Qashqai 1.3 DIG-T 160 PS DCT Platinum P.Pack (4x2) Ürün Kataloğu,"3 Yıl / 100 Bin Km Mekanik
12 Yıl Paslanmazlık","Nissan Yol Yardımı 0800 211 6163
Nissan Yol Yardımı 0212 225 4959",Var,,,,,Turbo,,4,1332 cc,Direkt Enjeksiyon,10.1 saniye,198 km/s,270 nm,160 BG,Japonya,,Binek,Platinum Premium Pack,,SUV,2019,İçten Yanmalı (Standart),1800 tl/yıl,C,Qashqai,Benzin,https://www.epey.com/araba/2019-nissan-qashqai-1-3-dig-t-160-ps-dct-platinum-p-pack-4x2.html,,,,,,122 g/km,5.4 lt,55 lt,,4.6 lt,6.7 lt,,,5 yıldız,2019 Nissan Qashqai 1.3 DIG-T 160 PS DCT Platinum P.Pack (4x2) NCAP/ANCAP Web Sayfası,2014,Var,,,,,,,,,Önden Çekişli,,,,,7 ileri,Otomatik,DCT (Yarı Otm.)
1315 kg,10.72 mt.,1806 mm,4394 mm,1590 mm,1598 lt,401 lt,,2019 Nissan Qashqai 1.3 DIG-T 160 PS DCT Sky Pack (4x2),2019 Nissan Qashqai 1.3 DIG-T 160 PS DCT Sky Pack (4x2) Test Sürüşü Talep Sayfası,2019 Nissan Qashqai 1.3 DIG-T 160 PS DCT Sky Pack (4x2) Ürün Kataloğu,"3 Yıl / 100 Bin Km Mekanik
12 Yıl Paslanmazlık","Nissan Yol Yardımı 0800 211 6163
Nissan Yol Yardımı 0212 225 4959",Var,,,,,Turbo,,4,1332 cc,Direkt Enjeksiyon,10.1 saniye,198 km/s,270 nm,160 BG,Japonya,,Binek,Sky Pack,,SUV,2019,İçten Yanmalı (Standart),1800 tl/yıl,C,Qashqai,Benzin,https://www.epey.com/araba/2019-nissan-qashqai-1-3-dig-t-160-ps-dct-sky-pack-4x2.html,,,,,,122 g/km,5.4 lt,55 lt,,4.6 lt,6.7 lt,,,5 yıldız,2019 Nissan Qashqai 1.3 DIG-T 160 PS DCT Sky Pack (4x2) NCAP/ANCAP Web Sayfası,2014,Var,,,,,,,,,Önden Çekişli,,,,,7 ileri,Otomatik,DCT (Yarı Otm.)
1315 kg,10.72 mt.,1806 mm,4394 mm,1590 mm,1598 lt,401 lt,,2019 Nissan Qashqai 1.3 DIG-T 160 PS DCT Tekna (4x2),2019 Nissan Qashqai 1.3 DIG-T 160 PS DCT Tekna (4x2) Test Sürüşü Talep Sayfası,2019 Nissan Qashqai 1.3 DIG-T 160 PS DCT Tekna (4x2) Ürün Kataloğu,"3 Yıl / 100 Bin Km Mekanik
12 Yıl Paslanmazlık","Nissan Yol Yardımı 0800 211 6163
Nissan Yol Yardımı 0212 225 4959",Var,,,,,Turbo,,4,1332 cc,Direkt Enjeksiyon,10.1 saniye,198 km/s,270 nm,160 BG,Japonya,,Binek,Tekna,,SUV,2019,İçten Yanmalı (Standart),1800 tl/yıl,C,Qashqai,Benzin,https://www.epey.com/araba/2019-nissan-qashqai-1-3-dig-t-160-ps-dct-tekna-4x2.html,,,,,,122 g/km,5.4 lt,55 lt,,4.6 lt,6.7 lt,,,5 yıldız,2019 Nissan Qashqai 1.3 DIG-T 160 PS DCT Tekna (4x2) NCAP/ANCAP Web Sayfası,2014,Var,,,,,,,,,Önden Çekişli,,,,,7 ileri,Otomatik,DCT (Yarı Otm.)
1315 kg,10.72 mt.,1806 mm,4394 mm,1590 mm,1598 lt,401 lt,,2019 Nissan Qashqai 1.3 DIG-T 160 PS DCT Visia (4x2),2019 Nissan Qashqai 1.3 DIG-T 160 PS DCT Visia (4x2) Test Sürüşü Talep Sayfası,2019 Nissan Qashqai 1.3 DIG-T 160 PS DCT Visia (4x2) Ürün Kataloğu,"3 Yıl / 100 Bin Km Mekanik
12 Yıl Paslanmazlık","Nissan Yol Yardımı 0800 211 6163
Nissan Yol Yardımı 0212 225 4959",Var,,,,,Turbo,,4,1332 cc,Direkt Enjeksiyon,10.1 saniye,198 km/s,270 nm,160 BG,Japonya,,Binek,Visia,,SUV,2019,İçten Yanmalı (Standart),1800 tl/yıl,C,Qashqai,Benzin,https://www.epey.com/araba/2019-nissan-qashqai-1-3-dig-t-160-ps-dct-visia-4x2.html,,,,,,122 g/km,5.4 lt,55 lt,,4.6 lt,6.7 lt,,,5 yıldız,2019 Nissan Qashqai 1.3 DIG-T 160 PS DCT Visia (4x2) NCAP/ANCAP Web Sayfası,2014,Var,,,,,,,,,Önden Çekişli,,,,,7 ileri,Otomatik,DCT (Yarı Otm.)
1300 kg,10.72 mt.,1806 mm,4394 mm,1590 mm,1598 lt,401 lt,,2019 Nissan Qashqai 1.3 DIG-T 160 PS Sky Pack (4x2),2019 Nissan Qashqai 1.3 DIG-T 160 PS Sky Pack (4x2) Test Sürüşü Talep Sayfası,2019 Nissan Qashqai 1.3 DIG-T 160 PS Sky Pack (4x2) Ürün Kataloğu,"3 Yıl / 100 Bin Km Mekanik
12 Yıl Paslanmazlık","Nissan Yol Yardımı 0800 211 6163
Nissan Yol Yardımı 0212 225 4959",Var,,,,,Turbo,,4,1332 cc,Direkt Enjeksiyon,8.9 saniye,200 km/s,260 nm,160 BG,Japonya,,Binek,Sky Pack,,SUV,2019,İçten Yanmalı (Standart),1800 tl/yıl,C,Qashqai,Benzin,https://www.epey.com/araba/2019-nissan-qashqai-1-3-dig-t-160-ps-sky-pack-4x2.html,,,,,,121 g/km,5.3 lt,55 lt,,4.6 lt,6.6 lt,,,5 yıldız,2019 Nissan Qashqai 1.3 DIG-T 160 PS Sky Pack (4x2) NCAP/ANCAP Web Sayfası,2014,Var,,,,,,,,,Önden Çekişli,,,,,6 ileri,Manuel,
1300 kg,10.72 mt.,1806 mm,4394 mm,1590 mm,1598 lt,401 lt,,2019 Nissan Qashqai 1.3 DIG-T 160 PS Tekna (4x2),2019 Nissan Qashqai 1.3 DIG-T 160 PS Tekna (4x2) Test Sürüşü Talep Sayfası,2019 Nissan Qashqai 1.3 DIG-T 160 PS Tekna (4x2) Ürün Kataloğu,"3 Yıl / 100 Bin Km Mekanik
12 Yıl Paslanmazlık","Nissan Yol Yardımı 0800 211 6163
Nissan Yol Yardımı 0212 225 4959",Var,,,,,Turbo,,4,1332 cc,Direkt Enjeksiyon,8.9 saniye,200 km/s,260 nm,160 BG,Japonya,,Binek,Tekna,,SUV,2019,İçten Yanmalı (Standart),1800 tl/yıl,C,Qashqai,Benzin,https://www.epey.com/araba/2019-nissan-qashqai-1-3-dig-t-160-ps-tekna-4x2.html,,,,,,121 g/km,5.3 lt,55 lt,,4.6 lt,6.6 lt,,,5 yıldız,2019 Nissan Qashqai 1.3 DIG-T 160 PS Tekna (4x2) NCAP/ANCAP Web Sayfası,2014,Var,,,,,,,,,Önden Çekişli,,,,,6 ileri,Manuel,
1300 kg,10.72 mt.,1806 mm,4394 mm,1590 mm,1598 lt,401 lt,,2019 Nissan Qashqai 1.3 DIG-T 160 PS Visia (4x2),2019 Nissan Qashqai 1.3 DIG-T 160 PS Visia (4x2) Test Sürüşü Talep Sayfası,2019 Nissan Qashqai 1.3 DIG-T 160 PS Visia (4x2) Ürün Kataloğu,"3 Yıl / 100 Bin Km Mekanik
12 Yıl Paslanmazlık","Nissan Yol Yardımı 0800 211 6163
Nissan Yol Yardımı 0212 225 4959",Var,,,,,Turbo,,4,1332 cc,Direkt Enjeksiyon,8.9 saniye,200 km/s,260 nm,160 BG,Japonya,,Binek,Visia,,SUV,2019,İçten Yanmalı (Standart),1800 tl/yıl,C,Qashqai,Benzin,https://www.epey.com/araba/2019-nissan-qashqai-1-3-dig-t-160-ps-visia-4x2.html,,,,,,121 g/km,5.3 lt,55 lt,,4.6 lt,6.6 lt,,,5 yıldız,2019 Nissan Qashqai 1.3 DIG-T 160 PS Visia (4x2) NCAP/ANCAP Web Sayfası,2014,Var,,,,,,,,,Önden Çekişli,,,,,6 ileri,Manuel,
1400 kg,10.72 mt.,1806 mm,4394 mm,1590 mm,1598 lt,401 lt,,2019 Nissan Qashqai 1.5 dCi 115 PS DCT Platinum P.Pack (4x2),2019 Nissan Qashqai 1.5 dCi 115 PS DCT Platinum P.Pack (4x2) Test Sürüşü Talep Sayfası,2019 Nissan Qashqai 1.5 dCi 115 PS DCT Platinum P.Pack (4x2) Ürün Kataloğu,"3 Yıl / 100 Bin Km Mekanik
12 Yıl Paslanmazlık","Nissan Yol Yardımı 0800 211 6163
Nissan Yol Yardımı 0212 225 4959",Var,,,,,Turbo,,4,1461 cc,Common Rail Direkt Enjeksiyon,13.0 saniye,183 km/s,260 nm,115 BG,Japonya,,Binek,Platinum Premium Pack,,SUV,2019,İçten Yanmalı (Standart),1800 tl/yıl,C,Qashqai,Dizel,https://www.epey.com/araba/2019-nissan-qashqai-1-5-dci-115-ps-dct-platinum-p-pack-4x2.html,,,,,,106 g/km,4.0 lt,55 lt,,3.8 lt,4.5 lt,,,5 yıldız,2019 Nissan Qashqai 1.5 dCi 115 PS DCT Platinum P.Pack (4x2) NCAP/ANCAP Web Sayfası,2014,Var,,,,,,,,,Önden Çekişli,,,,,7 ileri,Otomatik,DCT (Yarı Otm.)
1400 kg,10.72 mt.,1806 mm,4394 mm,1590 mm,1598 lt,401 lt,,2019 Nissan Qashqai 1.5 dCi 115 PS DCT Sky Pack (4x2),2019 Nissan Qashqai 1.5 dCi 115 PS DCT Sky Pack (4x2) Test Sürüşü Talep Sayfası,2019 Nissan Qashqai 1.5 dCi 115 PS DCT Sky Pack (4x2) Ürün Kataloğu,"3 Yıl / 100 Bin Km Mekanik
12 Yıl Paslanmazlık","Nissan Yol Yardımı 0800 211 6163
Nissan Yol Yardımı 0212 225 4959",Var,,,,,Turbo,,4,1461 cc,Common Rail Direkt Enjeksiyon,13.0 saniye,183 km/s,260 nm,115 BG,Japonya,,Binek,Sky Pack,,SUV,2019,İçten Yanmalı (Standart),1800 tl/yıl,C,Qashqai,Dizel,https://www.epey.com/araba/2019-nissan-qashqai-1-5-dci-115-ps-dct-sky-pack-4x2.html,,,,,,106 g/km,4.0 lt,55 lt,,3.8 lt,4.5 lt,,,5 yıldız,2019 Nissan Qashqai 1.5 dCi 115 PS DCT Sky Pack (4x2) NCAP/ANCAP Web Sayfası,2014,Var,,,,,,,,,Önden Çekişli,,,,,7 ileri,Otomatik,DCT (Yarı Otm.)
1400 kg,10.72 mt.,1806 mm,4394 mm,1590 mm,1598 lt,401 lt,,2019 Nissan Qashqai 1.5 dCi 115 PS DCT Tekna (4x2),2019 Nissan Qashqai 1.5 dCi 115 PS DCT Tekna (4x2) Test Sürüşü Talep Sayfası,2019 Nissan Qashqai 1.5 dCi 115 PS DCT Tekna (4x2) Ürün Kataloğu,"3 Yıl / 100 Bin Km Mekanik
12 Yıl Paslanmazlık","Nissan Yol Yardımı 0800 211 6163
Nissan Yol Yardımı 0212 225 4959",Var,,,,,Turbo,,4,1461 cc,Common Rail Direkt Enjeksiyon,13.0 saniye,183 km/s,260 nm,115 BG,Japonya,,Binek,Tekna,,SUV,2019,İçten Yanmalı (Standart),1800 tl/yıl,C,Qashqai,Dizel,https://www.epey.com/araba/2019-nissan-qashqai-1-5-dci-115-ps-dct-tekna-4x2.html,,,,,,106 g/km,4.0 lt,55 lt,,3.8 lt,4.5 lt,,,5 yıldız,2019 Nissan Qashqai 1.5 dCi 115 PS DCT Tekna (4x2) NCAP/ANCAP Web Sayfası,2014,Var,,,,,,,,,Önden Çekişli,,,,,7 ileri,Otomatik,DCT (Yarı Otm.)
1400 kg,10.72 mt.,1806 mm,4394 mm,1590 mm,1598 lt,401 lt,,2019 Nissan Qashqai 1.5 dCi 115 PS DCT Visia (4x2),2019 Nissan Qashqai 1.5 dCi 115 PS DCT Visia (4x2) Test Sürüşü Talep Sayfası,2019 Nissan Qashqai 1.5 dCi 115 PS DCT Visia (4x2) Ürün Kataloğu,"3 Yıl / 100 Bin Km Mekanik
12 Yıl Paslanmazlık","Nissan Yol Yardımı 0800 211 6163
Nissan Yol Yardımı 0212 225 4959",Var,,,,,Turbo,,4,1461 cc,Common Rail Direkt Enjeksiyon,13.0 saniye,183 km/s,260 nm,115 BG,Japonya,,Binek,Visia,,SUV,2019,İçten Yanmalı (Standart),1800 tl/yıl,C,Qashqai,Dizel,https://www.epey.com/araba/2019-nissan-qashqai-1-5-dci-115-ps-dct-visia-4x2.html,,,,,,106 g/km,4.0 lt,55 lt,,3.8 lt,4.5 lt,,,5 yıldız,2019 Nissan Qashqai 1.5 dCi 115 PS DCT Visia (4x2) NCAP/ANCAP Web Sayfası,2014,Var,,,,,,,,,Önden Çekişli,,,,,7 ileri,Otomatik,DCT (Yarı Otm.)
1385 kg,10.72 mt.,1806 mm,4394 mm,1590 mm,1598 lt,401 lt,,2019 Nissan Qashqai 1.5 dCi 115 PS Sky Pack (4x2),2019 Nissan Qashqai 1.5 dCi 115 PS Sky Pack (4x2) Test Sürüşü Talep Sayfası,2019 Nissan Qashqai 1.5 dCi 115 PS Sky Pack (4x2) Ürün Kataloğu,"3 Yıl / 100 Bin Km Mekanik
12 Yıl Paslanmazlık","Nissan Yol Yardımı 0800 211 6163
Nissan Yol Yardımı 0212 225 4959",Var,,,,,Turbo,,4,1461 cc,Common Rail Direkt Enjeksiyon,12.3 saniye,181 km/s,260 nm,115 BG,Japonya,,Binek,Sky Pack,,SUV,2019,İçten Yanmalı (Standart),1800 tl/yıl,C,Qashqai,Dizel,https://www.epey.com/araba/2019-nissan-qashqai-1-5-dci-115-ps-sky-pack-4x2.html,,,,,,100 g/km,3.8 lt,55 lt,,3.5 lt,4.3 lt,,,5 yıldız,2019 Nissan Qashqai 1.5 dCi 115 PS Sky Pack (4x2) NCAP/ANCAP Web Sayfası,2014,Var,,,,,,,,,Önden Çekişli,,,,,6 ileri,Manuel,
1385 kg,10.72 mt.,1806 mm,4394 mm,1590 mm,1598 lt,401 lt,,2019 Nissan Qashqai 1.5 dCi 115 PS Tekna (4x2),2019 Nissan Qashqai 1.5 dCi 115 PS Tekna (4x2) Test Sürüşü Talep Sayfası,2019 Nissan Qashqai 1.5 dCi 115 PS Tekna (4x2) Ürün Kataloğu,"3 Yıl / 100 Bin Km Mekanik
12 Yıl Paslanmazlık","Nissan Yol Yardımı 0800 211 6163
Nissan Yol Yardımı 0212 225 4959",Var,,,,,Turbo,,4,1461 cc,Common Rail Direkt Enjeksiyon,12.3 saniye,181 km/s,260 nm,115 BG,Japonya,,Binek,Tekna,,SUV,2019,İçten Yanmalı (Standart),1800 tl/yıl,C,Qashqai,Dizel,https://www.epey.com/araba/2019-nissan-qashqai-1-5-dci-115-ps-tekna-4x2.html,,,,,,100 g/km,3.8 lt,55 lt,,3.5 lt,4.3 lt,,,5 yıldız,2019 Nissan Qashqai 1.5 dCi 115 PS Tekna (4x2) NCAP/ANCAP Web Sayfası,2014,Var,,,,,,,,,Önden Çekişli,,,,,6 ileri,Manuel,
1385 kg,10.72 mt.,1806 mm,4394 mm,1590 mm,1598 lt,401 lt,,2019 Nissan Qashqai 1.5 dCi 115 PS Visia (4x2),2019 Nissan Qashqai 1.5 dCi 115 PS Visia (4x2) Test Sürüşü Talep Sayfası,2019 Nissan Qashqai 1.5 dCi 115 PS Visia (4x2) Ürün Kataloğu,"3 Yıl / 100 Bin Km Mekanik
12 Yıl Paslanmazlık","Nissan Yol Yardımı 0800 211 6163
Nissan Yol Yardımı 0212 225 4959",Var,,,,,Turbo,,4,1461 cc,Common Rail Direkt Enjeksiyon,12.3 saniye,181 km/s,260 nm,115 BG,Japonya,,Binek,Visia,,SUV,2019,İçten Yanmalı (Standart),1800 tl/yıl,C,Qashqai,Dizel,https://www.epey.com/araba/2019-nissan-qashqai-1-5-dci-115-ps-visia-4x2.html,,,,,,100 g/km,3.8 lt,55 lt,,3.5 lt,4.3 lt,,,5 yıldız,2019 Nissan Qashqai 1.5 dCi 115 PS Visia (4x2) NCAP/ANCAP Web Sayfası,2014,Var,,,,,,,,,Önden Çekişli,,,,,6 ileri,Manuel,
1560 kg,,1820 mm,4690 mm,1710 mm,1996 lt,565 lt,,2019 Nissan X-Trail 1.3 DIG-T 160 BG DCT Platinum (4x2),2019 Nissan X-Trail 1.3 DIG-T 160 BG DCT Platinum (4x2) Test Sürüşü Talep Sayfası,2019 Nissan X-Trail 1.3 DIG-T 160 BG DCT Platinum (4x2) Ürün Kataloğu,"3 Yıl / 100 Bin Km Mekanik
12 Yıl Paslanmazlık","Nissan Yol Yardımı 0800 211 6163
Nissan Yol Yardımı 0212 225 4959",Var,,,,,Turbo,,4,1332 cc,Direkt Enjeksiyon,11.5 saniye,198 km/s,270 nm,160 BG,Japonya,,Binek,Platinum,,SUV,2019,İçten Yanmalı (Standart),1800 tl/yıl,D,X-Trail,Benzin,https://www.epey.com/araba/2019-nissan-x-trail-1-3-dig-t-160-bg-dct-platinum-4x2.html,,,,,,154 g/km,6.8 lt,60 lt,,6.1 lt,7.8 lt,,,5 yıldız,2019 Nissan X-Trail 1.3 DIG-T 160 BG DCT Platinum (4x2) NCAP/ANCAP Web Sayfası,2014,Var,,,,,,,,,Önden Çekişli,,,,,7 ileri,Otomatik,DCT (Yarı Otm.)
1203 kg,,1809 mm,4370 mm,1485 mm,830 lt,360 lt,,2019 Opel Astra HB 1.4 150 HP Dynamic,2019 Opel Astra HB 1.4 150 HP Dynamic Test Sürüşü Talep Sayfası,2019 Opel Astra HB 1.4 150 HP Dynamic Ürün Kataloğu,"2 Yıl Sınırsız Km Mekanik
12 Yıl Paslanmazlık","Opel Yol Yardım 0212 274 7447
Opel Yol Yardım 0800 211 4026",Var,,,,,Turbo,,4,1399 cc,Çok Noktadan Enjeksiyon,8.3 saniye,215 km/s,245 nm,150 BG,Almanya,Hatchback,Binek,Dynamic,,Hatchback,2019,İçten Yanmalı (Standart),1800 tl/yıl,C,Astra,Benzin,https://www.epey.com/araba/2019-opel-astra-hb-1-4-150-hp-dynamic.html,,,,,,138 g/km,6.0 lt,48 lt,,4.9 lt,7.9 lt,,,5 yıldız,2019 Opel Astra HB 1.4 150 HP Dynamic NCAP/ANCAP Web Sayfası,2015,Var,,,,,,,,,Önden Çekişli,,,,,6 ileri,Manuel,
1203 kg,,1809 mm,4370 mm,1485 mm,830 lt,360 lt,,2019 Opel Astra HB 1.4 150 HP Enjoy,2019 Opel Astra HB 1.4 150 HP Enjoy Test Sürüşü Talep Sayfası,2019 Opel Astra HB 1.4 150 HP Enjoy Ürün Kataloğu,"2 Yıl Sınırsız Km Mekanik
12 Yıl Paslanmazlık","Opel Yol Yardım 0212 274 7447
Opel Yol Yardım 0800 211 4026",Var,,,,,Turbo,,4,1399 cc,Çok Noktadan Enjeksiyon,8.3 saniye,215 km/s,245 nm,150 BG,Almanya,Hatchback,Binek,Enjoy,,Hatchback,2019,İçten Yanmalı (Standart),1800 tl/yıl,C,Astra,Benzin,https://www.epey.com/araba/2019-opel-astra-hb-1-4-150-hp-enjoy.html,,,,,,138 g/km,6.0 lt,48 lt,,4.9 lt,7.9 lt,,,5 yıldız,2019 Opel Astra HB 1.4 150 HP Enjoy NCAP/ANCAP Web Sayfası,2015,Var,,,,,,,,,Önden Çekişli,,,,,6 ileri,Manuel,
1233 kg,,1809 mm,4370 mm,1485 mm,830 lt,360 lt,,2019 Opel Astra HB 1.4 150 HP Otomatik (120.Yıla Özel),2019 Opel Astra HB 1.4 150 HP Otomatik (120.Yıla Özel) Test Sürüşü Talep Sayfası,2019 Opel Astra HB 1.4 150 HP Otomatik (120.Yıla Özel) Ürün Kataloğu,"2 Yıl Sınırsız Km Mekanik
12 Yıl Paslanmazlık","Opel Yol Yardım 0212 274 7447
Opel Yol Yardım 0800 211 4026",Var,,,,,Turbo,,4,1399 cc,Çok Noktadan Enjeksiyon,8.7 saniye,210 km/s,245 nm,150 BG,Almanya,Hatchback,Binek,120.Yıla Özel,,Hatchback,2019,İçten Yanmalı (Standart),1800 tl/yıl,C,Astra,Benzin,https://www.epey.com/araba/2019-opel-astra-hb-1-4-150-hp-otomatik-120-yila-ozel.html,,,,,,139 g/km,6.1 lt,48 lt,,5.2 lt,7.5 lt,,,5 yıldız,2019 Opel Astra HB 1.4 150 HP Otomatik (120.Yıla Özel) NCAP/ANCAP Web Sayfası,2015,Var,,,,,,,,,Önden Çekişli,,,,,6 ileri,Otomatik,
1233 kg,,1809 mm,4370 mm,1485 mm,830 lt,360 lt,,2019 Opel Astra HB 1.4 150 HP Otomatik Dynamic,2019 Opel Astra HB 1.4 150 HP Otomatik Dynamic Test Sürüşü Talep Sayfası,2019 Opel Astra HB 1.4 150 HP Otomatik Dynamic Ürün Kataloğu,"2 Yıl Sınırsız Km Mekanik
12 Yıl Paslanmazlık","Opel Yol Yardım 0212 274 7447
Opel Yol Yardım 0800 211 4026",Var,,,,,Turbo,,4,1399 cc,Çok Noktadan Enjeksiyon,8.7 saniye,210 km/s,245 nm,150 BG,Almanya,Hatchback,Binek,Dynamic,,Hatchback,2019,İçten Yanmalı (Standart),1800 tl/yıl,C,Astra,Benzin,https://www.epey.com/araba/2019-opel-astra-hb-1-4-150-hp-otomatik-dynamic.html,,,,,,139 g/km,6.1 lt,48 lt,,5.2 lt,7.5 lt,,,5 yıldız,2019 Opel Astra HB 1.4 150 HP Otomatik Dynamic NCAP/ANCAP Web Sayfası,2015,Var,,,,,,,,,Önden Çekişli,,,,,6 ileri,Otomatik,
1233 kg,,1809 mm,4370 mm,1485 mm,830 lt,360 lt,,2019 Opel Astra HB 1.4 150 HP Otomatik Excellence,2019 Opel Astra HB 1.4 150 HP Otomatik Excellence Test Sürüşü Talep Sayfası,2019 Opel Astra HB 1.4 150 HP Otomatik Excellence Ürün Kataloğu,"2 Yıl Sınırsız Km Mekanik
12 Yıl Paslanmazlık","Opel Yol Yardım 0212 274 7447
Opel Yol Yardım 0800 211 4026",Var,,,,,Turbo,,4,1399 cc,Çok Noktadan Enjeksiyon,8.7 saniye,210 km/s,245 nm,150 BG,Almanya,Hatchback,Binek,Excellence,,Hatchback,2019,İçten Yanmalı (Standart),1800 tl/yıl,C,Astra,Benzin,https://www.epey.com/araba/2019-opel-astra-hb-1-4-150-hp-otomatik-excellence.html,,,,,,139 g/km,6.1 lt,48 lt,,5.2 lt,7.5 lt,,,5 yıldız,2019 Opel Astra HB 1.4 150 HP Otomatik Excellence NCAP/ANCAP Web Sayfası,2015,Var,,,,,,,,,Önden Çekişli,,,,,6 ileri,Otomatik,
1303 kg,,1809 mm,4370 mm,1485 mm,830 lt,360 lt,,2019 Opel Astra HB 1.6 Dizel 136 HP Dynamic,2019 Opel Astra HB 1.6 Dizel 136 HP Dynamic Test Sürüşü Talep Sayfası,2019 Opel Astra HB 1.6 Dizel 136 HP Dynamic Ürün Kataloğu,"2 Yıl Sınırsız Km Mekanik
12 Yıl Paslanmazlık","Opel Yol Yardım 0212 274 7447
Opel Yol Yardım 0800 211 4026",Var,,,,,Turbo,,4,1598 cc,Common Rail Direkt Enjeksiyon,9.4 saniye,213 km/s,320 nm,136 BG,Almanya,Hatchback,Binek,Dynamic,,Hatchback,2019,İçten Yanmalı (Standart),1800 tl/yıl,C,Astra,Dizel,https://www.epey.com/araba/2019-opel-astra-hb-1-6-dizel-136-hp-dynamic.html,,,,,,121 g/km,4.6 lt,48 lt,Euro 6.2,4.1 lt,5.5 lt,,,5 yıldız,2019 Opel Astra HB 1.6 Dizel 136 HP Dynamic NCAP/ANCAP Web Sayfası,2015,Var,,,,,,,,,Önden Çekişli,,,,,6 ileri,Manuel,
1318 kg,,1809 mm,4370 mm,1485 mm,830 lt,360 lt,,2019 Opel Astra HB 1.6 Dizel 136 HP Otomatik (120.Yıla Özel),2019 Opel Astra HB 1.6 Dizel 136 HP Otomatik (120.Yıla Özel) Test Sürüşü Talep Sayfası,2019 Opel Astra HB 1.6 Dizel 136 HP Otomatik (120.Yıla Özel) Ürün Kataloğu,"2 Yıl Sınırsız Km Mekanik
12 Yıl Paslanmazlık","Opel Yol Yardım 0212 274 7447
Opel Yol Yardım 0800 211 4026",Var,,,,,Turbo,,4,1598 cc,Common Rail Direkt Enjeksiyon,10.0 saniye,208 km/s,320 nm,136 BG,Almanya,Hatchback,Binek,120.Yıla Özel,,Hatchback,2019,İçten Yanmalı (Standart),1800 tl/yıl,C,Astra,Dizel,https://www.epey.com/araba/2019-opel-astra-hb-1-6-dizel-136-hp-otomatik-120-yila-ozel.html,,,,,,130 g/km,4.9 lt,48 lt,Euro 6.2,4.2 lt,6.1 lt,,,5 yıldız,2019 Opel Astra HB 1.6 Dizel 136 HP Otomatik (120.Yıla Özel) NCAP/ANCAP Web Sayfası,2015,Var,,,,,,,,,Önden Çekişli,,,,,6 ileri,Otomatik,
1318 kg,,1809 mm,4370 mm,1485 mm,830 lt,360 lt,,2019 Opel Astra HB 1.6 Dizel 136 HP Otomatik Dynamic,2019 Opel Astra HB 1.6 Dizel 136 HP Otomatik Dynamic Test Sürüşü Talep Sayfası,2019 Opel Astra HB 1.6 Dizel 136 HP Otomatik Dynamic Ürün Kataloğu,"2 Yıl Sınırsız Km Mekanik
12 Yıl Paslanmazlık","Opel Yol Yardım 0212 274 7447
Opel Yol Yardım 0800 211 4026",Var,,,,,Turbo,,4,1598 cc,Common Rail Direkt Enjeksiyon,10.0 saniye,208 km/s,320 nm,136 BG,Almanya,Hatchback,Binek,Dynamic,,Hatchback,2019,İçten Yanmalı (Standart),1800 tl/yıl,C,Astra,Dizel,https://www.epey.com/araba/2019-opel-astra-hb-1-6-dizel-136-hp-otomatik-dynamic.html,,,,,,130 g/km,4.9 lt,48 lt,Euro 6.2,4.2 lt,6.1 lt,,,5 yıldız,2019 Opel Astra HB 1.6 Dizel 136 HP Otomatik Dynamic NCAP/ANCAP Web Sayfası,2015,Var,,,,,,,,,Önden Çekişli,,,,,6 ileri,Otomatik,
1318 kg,,1809 mm,4370 mm,1485 mm,830 lt,360 lt,,2019 Opel Astra HB 1.6 Dizel 136 HP Otomatik Elite,2019 Opel Astra HB 1.6 Dizel 136 HP Otomatik Elite Test Sürüşü Talep Sayfası,2019 Opel Astra HB 1.6 Dizel 136 HP Otomatik Elite Ürün Kataloğu,"2 Yıl Sınırsız Km Mekanik
12 Yıl Paslanmazlık","Opel Yol Yardım 0212 274 7447
Opel Yol Yardım 0800 211 4026",Var,,,,,Turbo,,4,1598 cc,Common Rail Direkt Enjeksiyon,10.0 saniye,208 km/s,320 nm,136 BG,Almanya,Hatchback,Binek,Elite,,Hatchback,2019,İçten Yanmalı (Standart),1800 tl/yıl,C,Astra,Dizel,https://www.epey.com/araba/2019-opel-astra-hb-1-6-dizel-136-hp-otomatik-elite.html,,,,,,130 g/km,4.9 lt,48 lt,Euro 6.2,4.2 lt,6.1 lt,,,5 yıldız,2019 Opel Astra HB 1.6 Dizel 136 HP Otomatik Elite NCAP/ANCAP Web Sayfası,2015,Var,,,,,,,,,Önden Çekişli,,,,,6 ileri,Otomatik,
1318 kg,,1809 mm,4370 mm,1485 mm,830 lt,360 lt,,2019 Opel Astra HB 1.6 Dizel 136 HP Otomatik Excellence,2019 Opel Astra HB 1.6 Dizel 136 HP Otomatik Excellence Test Sürüşü Talep Sayfası,2019 Opel Astra HB 1.6 Dizel 136 HP Otomatik Excellence Ürün Kataloğu,"2 Yıl Sınırsız Km Mekanik
12 Yıl Paslanmazlık","Opel Yol Yardım 0212 274 7447
Opel Yol Yardım 0800 211 4026",Var,,,,,Turbo,,4,1598 cc,Common Rail Direkt Enjeksiyon,10.0 saniye,208 km/s,320 nm,136 BG,Almanya,Hatchback,Binek,Excellence,,Hatchback,2019,İçten Yanmalı (Standart),1800 tl/yıl,C,Astra,Dizel,https://www.epey.com/araba/2019-opel-astra-hb-1-6-dizel-136-hp-otomatik-excellence.html,,,,,,130 g/km,4.9 lt,48 lt,Euro 6.2,4.2 lt,6.1 lt,,,5 yıldız,2019 Opel Astra HB 1.6 Dizel 136 HP Otomatik Excellence NCAP/ANCAP Web Sayfası,2015,Var,,,,,,,,,Önden Çekişli,,,,,6 ileri,Otomatik,
,,1814 mm,4658 mm,1500 mm,,420 lt,,2019 Opel Astra Sedan 1.4 140 HP Edition Plus,2019 Opel Astra Sedan 1.4 140 HP Edition Plus Test Sürüşü Talep Sayfası,2019 Opel Astra Sedan 1.4 140 HP Edition Plus Ürün Kataloğu,"2 Yıl Sınırsız Km Mekanik
12 Yıl Paslanmazlık","Opel Yol Yardım 0212 274 7447
Opel Yol Yardım 0800 211 4026",Var,,,,,Turbo,,4,1364 cc,Çok Noktadan Enjeksiyon,10.2 saniye,207 km/s,200 nm,140 BG,Almanya,Sedan,Binek,Edition Plus,,Sedan,2019,İçten Yanmalı (Standart),1800 tl/yıl,C,Astra,Benzin,https://www.epey.com/araba/2019-opel-astra-sedan-1-4-140-hp-edition-plus.html,,,,,,144 g/km,6.1 lt,56 lt,Euro 6,5.1 lt,7.9 lt,,,5 yıldız,2019 Opel Astra Sedan 1.4 140 HP Edition Plus NCAP/ANCAP Web Sayfası,2012,Var,,,,,,,,,Önden Çekişli,,,,,6 ileri,Manuel,
1408 kg,,1814 mm,4658 mm,1500 mm,,420 lt,,2019 Opel Astra Sedan 1.4 140 HP Otomatik Design,2019 Opel Astra Sedan 1.4 140 HP Otomatik Design Test Sürüşü Talep Sayfası,2019 Opel Astra Sedan 1.4 140 HP Otomatik Design Ürün Kataloğu,"2 Yıl Sınırsız Km Mekanik
12 Yıl Paslanmazlık","Opel Yol Yardım 0212 274 7447
Opel Yol Yardım 0800 211 4026",Var,,,,,Turbo,,4,1364 cc,Çok Noktadan Enjeksiyon,10.2 saniye,205 km/s,200 nm,140 BG,Almanya,Sedan,Binek,Design,,Sedan,2019,İçten Yanmalı (Standart),1800 tl/yıl,C,Astra,Benzin,https://www.epey.com/araba/2019-opel-astra-sedan-1-4-140-hp-otomatik-design.html,,,,,,157 g/km,6.7 lt,56 lt,Euro 6,5.6 lt,8.5 lt,,,5 yıldız,2019 Opel Astra Sedan 1.4 140 HP Otomatik Design NCAP/ANCAP Web Sayfası,2012,Var,,,,,,,,,Önden Çekişli,,,,,6 ileri,Otomatik,
1408 kg,,1814 mm,4658 mm,1500 mm,,420 lt,,2019 Opel Astra Sedan 1.4 140 HP Otomatik Edition Plus,2019 Opel Astra Sedan 1.4 140 HP Otomatik Edition Plus Test Sürüşü Talep Sayfası,2019 Opel Astra Sedan 1.4 140 HP Otomatik Edition Plus Ürün Kataloğu,"2 Yıl Sınırsız Km Mekanik
12 Yıl Paslanmazlık","Opel Yol Yardım 0212 274 7447
Opel Yol Yardım 0800 211 4026",Var,,,,,Turbo,,4,1364 cc,Çok Noktadan Enjeksiyon,10.2 saniye,205 km/s,200 nm,140 BG,Almanya,Sedan,Binek,Edition Plus,,Sedan,2019,İçten Yanmalı (Standart),1800 tl/yıl,C,Astra,Benzin,https://www.epey.com/araba/2019-opel-astra-sedan-1-4-140-hp-otomatik-edition-plus.html,,,,,,157 g/km,6.7 lt,56 lt,Euro 6,5.6 lt,8.5 lt,,,5 yıldız,2019 Opel Astra Sedan 1.4 140 HP Otomatik Edition Plus NCAP/ANCAP Web Sayfası,2012,Var,,,,,,,,,Önden Çekişli,,,,,6 ileri,Otomatik,
1408 kg,,1814 mm,4658 mm,1500 mm,,420 lt,,2019 Opel Astra Sedan 1.4 140 HP Otomatik Sport,2019 Opel Astra Sedan 1.4 140 HP Otomatik Sport Test Sürüşü Talep Sayfası,2019 Opel Astra Sedan 1.4 140 HP Otomatik Sport Ürün Kataloğu,"2 Yıl Sınırsız Km Mekanik
12 Yıl Paslanmazlık","Opel Yol Yardım 0212 274 7447
Opel Yol Yardım 0800 211 4026",Var,,,,,Turbo,,4,1364 cc,Çok Noktadan Enjeksiyon,10.2 saniye,205 km/s,200 nm,140 BG,Almanya,Sedan,Binek,Sport,,Sedan,2019,İçten Yanmalı (Standart),1800 tl/yıl,C,Astra,Benzin,https://www.epey.com/araba/2019-opel-astra-sedan-1-4-140-hp-otomatik-sport.html,,,,,,157 g/km,6.7 lt,56 lt,Euro 6,5.6 lt,8.5 lt,,,5 yıldız,2019 Opel Astra Sedan 1.4 140 HP Otomatik Sport NCAP/ANCAP Web Sayfası,2012,Var,,,,,,,,,Önden Çekişli,,,,,6 ileri,Otomatik,
,,1814 mm,4658 mm,1500 mm,,420 lt,,2019 Opel Astra Sedan 1.4 140 HP Sport,2019 Opel Astra Sedan 1.4 140 HP Sport Test Sürüşü Talep Sayfası,2019 Opel Astra Sedan 1.4 140 HP Sport Ürün Kataloğu,"2 Yıl Sınırsız Km Mekanik
12 Yıl Paslanmazlık","Opel Yol Yardım 0212 274 7447
Opel Yol Yardım 0800 211 4026",Var,,,,,Turbo,,4,1364 cc,Çok Noktadan Enjeksiyon,10.2 saniye,207 km/s,200 nm,140 BG,Almanya,Sedan,Binek,Sport,,Sedan,2019,İçten Yanmalı (Standart),1800 tl/yıl,C,Astra,Benzin,https://www.epey.com/araba/2019-opel-astra-sedan-1-4-140-hp-sport.html,,,,,,144 g/km,6.1 lt,56 lt,Euro 6,5.1 lt,7.9 lt,,,5 yıldız,2019 Opel Astra Sedan 1.4 140 HP Sport NCAP/ANCAP Web Sayfası,2012,Var,,,,,,,,,Önden Çekişli,,,,,6 ileri,Manuel,
1135 kg,11.00 mt.,1746 mm,4021 mm,1481 mm,1120 lt,285 lt,,2019 Opel Corsa 1.2 70 HP Enjoy,2019 Opel Corsa 1.2 70 HP Enjoy Test Sürüşü Talep Sayfası,2019 Opel Corsa 1.2 70 HP Enjoy Ürün Kataloğu,"2 Yıl Sınırsız Km Mekanik
12 Yıl Paslanmazlık","Opel Yol Yardım 0212 274 7447
Opel Yol Yardım 0800 211 4026",Var,,,,,Atmosferik,,4,1229 cc,Çok Noktadan Enjeksiyon,16.0 saniye,162 km/s,115 nm,70 BG,Almanya,,Binek,Enjoy,,Hatchback,2019,İçten Yanmalı (Standart),1034 tl/yıl,B,Corsa,Benzin,https://www.epey.com/araba/2019-opel-corsa-1-2-70-hp-enjoy.html,,,,,,126 g/km,5.4 lt,45 lt,Euro 6,4.6 lt,6.7 lt,,,4 yıldız,2019 Opel Corsa 1.2 70 HP Enjoy NCAP/ANCAP Web Sayfası,2014,Var,,,,,,,,,Önden Çekişli,,,,,5 ileri,Manuel,
1135 kg,11.00 mt.,1746 mm,4021 mm,1481 mm,1120 lt,285 lt,,2019 Opel Corsa 1.2 70 HP Essentia,2019 Opel Corsa 1.2 70 HP Essentia Test Sürüşü Talep Sayfası,2019 Opel Corsa 1.2 70 HP Essentia Ürün Kataloğu,"2 Yıl Sınırsız Km Mekanik
12 Yıl Paslanmazlık","Opel Yol Yardım 0212 274 7447
Opel Yol Yardım 0800 211 4026",Var,,,,,Atmosferik,,4,1229 cc,Çok Noktadan Enjeksiyon,16.0 saniye,162 km/s,115 nm,70 BG,Almanya,,Binek,Essentia,,Hatchback,2019,İçten Yanmalı (Standart),1034 tl/yıl,B,Corsa,Benzin,https://www.epey.com/araba/2019-opel-corsa-1-2-70-hp-essentia.html,,,,,,126 g/km,5.4 lt,45 lt,Euro 6,4.6 lt,6.7 lt,,,4 yıldız,2019 Opel Corsa 1.2 70 HP Essentia NCAP/ANCAP Web Sayfası,2014,Var,,,,,,,,,Önden Çekişli,,,,,5 ileri,Manuel,
1173 kg,11.00 mt.,1746 mm,4021 mm,1481 mm,1120 lt,285 lt,,2019 Opel Corsa 1.4 90 HP Otomatik 120.Yıl,2019 Opel Corsa 1.4 90 HP Otomatik 120.Yıl Test Sürüşü Talep Sayfası,2019 Opel Corsa 1.4 90 HP Otomatik 120.Yıl Ürün Kataloğu,"2 Yıl Sınırsız Km Mekanik
12 Yıl Paslanmazlık","Opel Yol Yardım 0212 274 7447
Opel Yol Yardım 0800 211 4026",Var,,,,,Atmosferik,,4,1398 cc,Çok Noktadan Enjeksiyon,13.9 saniye,170 km/s,130 nm,90 BG,Almanya,,Binek,120.Yıl Özel Seri,,Hatchback,2019,İçten Yanmalı (Standart),1800 tl/yıl,B,Corsa,Benzin,https://www.epey.com/araba/2019-opel-corsa-1-4-90-hp-otomatik-120-yil.html,,,,,,157 g/km,6.9 lt,45 lt,Euro 6,6.0 lt,8.6 lt,,,4 yıldız,2019 Opel Corsa 1.4 90 HP Otomatik 120.Yıl NCAP/ANCAP Web Sayfası,2014,Var,,,,,,,,,Önden Çekişli,,,,,6 ileri,Otomatik,
1173 kg,11.00 mt.,1746 mm,4021 mm,1481 mm,1120 lt,285 lt,,2019 Opel Corsa 1.4 90 HP Otomatik Design,2019 Opel Corsa 1.4 90 HP Otomatik Design Test Sürüşü Talep Sayfası,2019 Opel Corsa 1.4 90 HP Otomatik Design Ürün Kataloğu,"2 Yıl Sınırsız Km Mekanik
12 Yıl Paslanmazlık","Opel Yol Yardım 0212 274 7447
Opel Yol Yardım 0800 211 4026",Var,,,,,Atmosferik,,4,1398 cc,Çok Noktadan Enjeksiyon,13.9 saniye,170 km/s,130 nm,90 BG,Almanya,,Binek,Design,,Hatchback,2019,İçten Yanmalı (Standart),1800 tl/yıl,B,Corsa,Benzin,https://www.epey.com/araba/2019-opel-corsa-1-4-90-hp-otomatik-design.html,,,,,,157 g/km,6.9 lt,45 lt,Euro 6,6.0 lt,8.6 lt,,,4 yıldız,2019 Opel Corsa 1.4 90 HP Otomatik Design NCAP/ANCAP Web Sayfası,2014,Var,,,,,,,,,Önden Çekişli,,,,,6 ileri,Otomatik,
1173 kg,11.00 mt.,1746 mm,4021 mm,1481 mm,1120 lt,285 lt,,2019 Opel Corsa 1.4 90 HP Otomatik Enjoy,2019 Opel Corsa 1.4 90 HP Otomatik Enjoy Test Sürüşü Talep Sayfası,2019 Opel Corsa 1.4 90 HP Otomatik Enjoy Ürün Kataloğu,"2 Yıl Sınırsız Km Mekanik
12 Yıl Paslanmazlık","Opel Yol Yardım 0212 274 7447
Opel Yol Yardım 0800 211 4026",Var,,,,,Atmosferik,,4,1398 cc,Çok Noktadan Enjeksiyon,13.9 saniye,170 km/s,130 nm,90 BG,Almanya,,Binek,Enjoy,,Hatchback,2019,İçten Yanmalı (Standart),1800 tl/yıl,B,Corsa,Benzin,https://www.epey.com/araba/2019-opel-corsa-1-4-90-hp-otomatik-enjoy.html,,,,,,157 g/km,6.9 lt,45 lt,Euro 6,6.0 lt,8.6 lt,,,4 yıldız,2019 Opel Corsa 1.4 90 HP Otomatik Enjoy NCAP/ANCAP Web Sayfası,2014,Var,,,,,,,,,Önden Çekişli,,,,,6 ileri,Otomatik,
1173 kg,11.00 mt.,1746 mm,4021 mm,1481 mm,1120 lt,285 lt,,2019 Opel Corsa 1.4 90 HP Otomatik Essentia,2019 Opel Corsa 1.4 90 HP Otomatik Essentia Test Sürüşü Talep Sayfası,2019 Opel Corsa 1.4 90 HP Otomatik Essentia Ürün Kataloğu,"2 Yıl Sınırsız Km Mekanik
12 Yıl Paslanmazlık","Opel Yol Yardım 0212 274 7447
Opel Yol Yardım 0800 211 4026",Var,,,,,Atmosferik,,4,1398 cc,Çok Noktadan Enjeksiyon,13.9 saniye,170 km/s,130 nm,90 BG,Almanya,,Binek,Essentia,,Hatchback,2019,İçten Yanmalı (Standart),1800 tl/yıl,B,Corsa,Benzin,https://www.epey.com/araba/2019-opel-corsa-1-4-90-hp-otomatik-essentia.html,,,,,,157 g/km,6.9 lt,45 lt,Euro 6,6.0 lt,8.6 lt,,,4 yıldız,2019 Opel Corsa 1.4 90 HP Otomatik Essentia NCAP/ANCAP Web Sayfası,2014,Var,,,,,,,,,Önden Çekişli,,,,,6 ileri,Otomatik,
1320 kg,,1841 mm,4447 mm,1620 mm,1482 lt,520 lt,,2019 Peugeot 3008 1.2 130 HP EAT8 Active Prime Edition (4x2),2019 Peugeot 3008 1.2 130 HP EAT8 Active Prime Edition (4x2) Test Sürüşü Talep Sayfası,2019 Peugeot 3008 1.2 130 HP EAT8 Active Prime Edition (4x2) Ürün Kataloğu,"2 Yıl Sınırsız Km Mekanik
12 Yıl Paslanmazlık",Peugeot Assistance 0212 292 2626,Var,,,,,Turbo,PureTech (Yakıt Tasarrufu),3,1199 cc,Çok Noktadan Enjeksiyon,9.7 saniye,197 km/s,230 nm,130 BG,Fransa,,Binek,Active Prime Edition,,SUV,2019,İçten Yanmalı (Standart),1034 tl/yıl,C,3008,Benzin,https://www.epey.com/araba/2019-peugeot-3008-1-2-130-hp-eat8-active-prime-edition-4x2.html,,,,,,120 g/km,5.2 lt,53 lt,Euro 6,4.8 lt,6.1 lt,,,5 yıldız,2019 Peugeot 3008 1.2 130 HP EAT8 Active Prime Edition (4x2) NCAP/ANCAP Web Sayfası,2016,Var,,,,,,,,,Önden Çekişli,,,,,8 ileri,Otomatik,EAT8 (Otomatik)
1320 kg,,1841 mm,4447 mm,1620 mm,1482 lt,520 lt,,2019 Peugeot 3008 1.2 130 HP EAT8 Active Sky Pack (4x2),2019 Peugeot 3008 1.2 130 HP EAT8 Active Sky Pack (4x2) Test Sürüşü Talep Sayfası,2019 Peugeot 3008 1.2 130 HP EAT8 Active Sky Pack (4x2) Ürün Kataloğu,"2 Yıl Sınırsız Km Mekanik
12 Yıl Paslanmazlık",Peugeot Assistance 0212 292 2626,Var,,,,,Turbo,PureTech (Yakıt Tasarrufu),3,1199 cc,Çok Noktadan Enjeksiyon,9.7 saniye,197 km/s,230 nm,130 BG,Fransa,,Binek,Active Sky Pack,,SUV,2019,İçten Yanmalı (Standart),1034 tl/yıl,C,3008,Benzin,https://www.epey.com/araba/2019-peugeot-3008-1-2-130-hp-eat8-active-sky-pack-4x2.html,,,,,,120 g/km,5.2 lt,53 lt,Euro 6,4.8 lt,6.1 lt,,,5 yıldız,2019 Peugeot 3008 1.2 130 HP EAT8 Active Sky Pack (4x2) NCAP/ANCAP Web Sayfası,2016,Var,,,,,,,,,Önden Çekişli,,,,,8 ileri,Otomatik,EAT8 (Otomatik)
1430 kg,,1841 mm,4447 mm,1620 mm,1482 lt,520 lt,,2019 Peugeot 3008 1.5 BlueHDi 130 HP EAT6 Active Life P.Ed (4x2),2019 Peugeot 3008 1.5 BlueHDi 130 HP EAT6 Active Life P.Ed (4x2) Test Sürüşü Talep Sayfası,2019 Peugeot 3008 1.5 BlueHDi 130 HP EAT6 Active Life P.Ed (4x2) Ürün Kataloğu,"2 Yıl Sınırsız Km Mekanik
12 Yıl Paslanmazlık",Peugeot Assistance 0212 292 2626,Var,,,,,Turbo,,4,1499 cc,Common Rail Direkt Enjeksiyon,9.8 saniye,193 km/s,300 nm,130 BG,Fransa,,Binek,Active Life Prime Edition,,SUV,2019,İçten Yanmalı (Standart),1800 tl/yıl,C,3008,Dizel,https://www.epey.com/araba/2019-peugeot-3008-1-5-bluehdi-130-hp-eat6-active-life-p-ed-4x2.html,,,,,,109 g/km,4.1 lt,53 lt,Euro 6,3.9 lt,4.5 lt,,,5 yıldız,2019 Peugeot 3008 1.5 BlueHDi 130 HP EAT6 Active Life P.Ed (4x2) NCAP/ANCAP Web Sayfası,2016,Var,,,,,,,,,Önden Çekişli,,,,,6 ileri,Otomatik,EAT6 (Otomatik)
1430 kg,,1841 mm,4447 mm,1620 mm,1482 lt,520 lt,,2019 Peugeot 3008 1.5 BlueHDi 130 HP EAT6 Allure Selection (4x2),2019 Peugeot 3008 1.5 BlueHDi 130 HP EAT6 Allure Selection (4x2) Test Sürüşü Talep Sayfası,2019 Peugeot 3008 1.5 BlueHDi 130 HP EAT6 Allure Selection (4x2) Ürün Kataloğu,"2 Yıl Sınırsız Km Mekanik
12 Yıl Paslanmazlık",Peugeot Assistance 0212 292 2626,Var,,,,,Turbo,,4,1499 cc,Common Rail Direkt Enjeksiyon,9.8 saniye,193 km/s,300 nm,130 BG,Fransa,,Binek,Allure Selection,,SUV,2019,İçten Yanmalı (Standart),1800 tl/yıl,C,3008,Dizel,https://www.epey.com/araba/2019-peugeot-3008-1-5-bluehdi-130-hp-eat6-allure-selection-4x2.html,,,,,,109 g/km,4.1 lt,53 lt,Euro 6,3.9 lt,4.5 lt,,,5 yıldız,2019 Peugeot 3008 1.5 BlueHDi 130 HP EAT6 Allure Selection (4x2) NCAP/ANCAP Web Sayfası,2016,Var,,,,,,,,,Önden Çekişli,,,,,6 ileri,Otomatik,EAT6 (Otomatik)
1430 kg,,1841 mm,4447 mm,1620 mm,1482 lt,520 lt,,2019 Peugeot 3008 1.5 BlueHDi 130 HP EAT8 Active (4x2),2019 Peugeot 3008 1.5 BlueHDi 130 HP EAT8 Active (4x2) Test Sürüşü Talep Sayfası,2019 Peugeot 3008 1.5 BlueHDi 130 HP EAT8 Active (4x2) Ürün Kataloğu,"2 Yıl Sınırsız Km Mekanik
12 Yıl Paslanmazlık",Peugeot Assistance 0212 292 2626,Var,,,,,Turbo,,4,1499 cc,Common Rail Direkt Enjeksiyon,11.5 saniye,192 km/s,300 nm,130 BG,Fransa,,Binek,Active,,SUV,2019,İçten Yanmalı (Standart),1800 tl/yıl,C,3008,Dizel,https://www.epey.com/araba/2019-peugeot-3008-1-5-bluehdi-130-hp-eat8-active-4x2.html,,,,,,108 g/km,4.1 lt,53 lt,Euro 6,3.9 lt,4.4 lt,,,5 yıldız,2019 Peugeot 3008 1.5 BlueHDi 130 HP EAT8 Active (4x2) NCAP/ANCAP Web Sayfası,2016,Var,,,,,,,,,Önden Çekişli,,,,,8 ileri,Otomatik,EAT8 (Otomatik)
1430 kg,,1841 mm,4447 mm,1620 mm,1482 lt,520 lt,,2019 Peugeot 3008 1.5 BlueHDi 130 HP EAT8 Active Prime Edition (4x2),2019 Peugeot 3008 1.5 BlueHDi 130 HP EAT8 Active Prime Edition (4x2) Test Sürüşü Talep Sayfası,2019 Peugeot 3008 1.5 BlueHDi 130 HP EAT8 Active Prime Edition (4x2) Ürün Kataloğu,"2 Yıl Sınırsız Km Mekanik
12 Yıl Paslanmazlık",Peugeot Assistance 0212 292 2626,Var,,,,,Turbo,,4,1499 cc,Common Rail Direkt Enjeksiyon,11.5 saniye,192 km/s,300 nm,130 BG,Fransa,,Binek,Active Prime Edition,,SUV,2019,İçten Yanmalı (Standart),1800 tl/yıl,C,3008,Dizel,https://www.epey.com/araba/2019-peugeot-3008-1-5-bluehdi-130-hp-eat8-active-prime-edition-4x2.html,,,,,,108 g/km,4.1 lt,53 lt,Euro 6,3.9 lt,4.4 lt,,,5 yıldız,2019 Peugeot 3008 1.5 BlueHDi 130 HP EAT8 Active Prime Edition (4x2) NCAP/ANCAP Web Sayfası,2016,Var,,,,,,,,,Önden Çekişli,,,,,8 ileri,Otomatik,EAT8 (Otomatik)
1430 kg,,1841 mm,4447 mm,1620 mm,1482 lt,520 lt,,2019 Peugeot 3008 1.5 BlueHDi 130 HP EAT8 Active Sky Pack (4x2),2019 Peugeot 3008 1.5 BlueHDi 130 HP EAT8 Active Sky Pack (4x2) Test Sürüşü Talep Sayfası,2019 Peugeot 3008 1.5 BlueHDi 130 HP EAT8 Active Sky Pack (4x2) Ürün Kataloğu,"2 Yıl Sınırsız Km Mekanik
12 Yıl Paslanmazlık",Peugeot Assistance 0212 292 2626,Var,,,,,Turbo,,4,1499 cc,Common Rail Direkt Enjeksiyon,11.5 saniye,192 km/s,300 nm,130 BG,Fransa,,Binek,Active Sky Pack,,SUV,2019,İçten Yanmalı (Standart),1800 tl/yıl,C,3008,Dizel,https://www.epey.com/araba/2019-peugeot-3008-1-5-bluehdi-130-hp-eat8-active-sky-pack-4x2.html,,,,,,108 g/km,4.1 lt,53 lt,Euro 6,3.9 lt,4.4 lt,,,5 yıldız,2019 Peugeot 3008 1.5 BlueHDi 130 HP EAT8 Active Sky Pack (4x2) NCAP/ANCAP Web Sayfası,2016,Var,,,,,,,,,Önden Çekişli,,,,,8 ileri,Otomatik,EAT8 (Otomatik)
1430 kg,,1841 mm,4447 mm,1620 mm,1482 lt,520 lt,,2019 Peugeot 3008 1.5 BlueHDi 130 HP EAT8 Active Sport Pack (4x2),2019 Peugeot 3008 1.5 BlueHDi 130 HP EAT8 Active Sport Pack (4x2) Test Sürüşü Talep Sayfası,2019 Peugeot 3008 1.5 BlueHDi 130 HP EAT8 Active Sport Pack (4x2) Ürün Kataloğu,"2 Yıl Sınırsız Km Mekanik
12 Yıl Paslanmazlık",Peugeot Assistance 0212 292 2626,Var,,,,,Turbo,,4,1499 cc,Common Rail Direkt Enjeksiyon,11.5 saniye,192 km/s,300 nm,130 BG,Fransa,,Binek,Active Sport Pack,,SUV,2019,İçten Yanmalı (Standart),1800 tl/yıl,C,3008,Dizel,https://www.epey.com/araba/2019-peugeot-3008-1-5-bluehdi-130-hp-eat8-active-sport-pack-4x2.html,,,,,,108 g/km,4.1 lt,53 lt,Euro 6,3.9 lt,4.4 lt,,,5 yıldız,2019 Peugeot 3008 1.5 BlueHDi 130 HP EAT8 Active Sport Pack (4x2) NCAP/ANCAP Web Sayfası,2016,Var,,,,,,,,,Önden Çekişli,,,,,8 ileri,Otomatik,EAT8 (Otomatik)
1430 kg,,1841 mm,4447 mm,1620 mm,1482 lt,520 lt,,2019 Peugeot 3008 1.5 BlueHDi 130 HP EAT8 Allure Selection (4x2),2019 Peugeot 3008 1.5 BlueHDi 130 HP EAT8 Allure Selection (4x2) Test Sürüşü Talep Sayfası,2019 Peugeot 3008 1.5 BlueHDi 130 HP EAT8 Allure Selection (4x2) Ürün Kataloğu,"2 Yıl Sınırsız Km Mekanik
12 Yıl Paslanmazlık",Peugeot Assistance 0212 292 2626,Var,,,,,Turbo,,4,1499 cc,Common Rail Direkt Enjeksiyon,11.5 saniye,192 km/s,300 nm,130 BG,Fransa,,Binek,Allure Selection,,SUV,2019,İçten Yanmalı (Standart),1800 tl/yıl,C,3008,Dizel,https://www.epey.com/araba/2019-peugeot-3008-1-5-bluehdi-130-hp-eat8-allure-selection-4x2.html,,,,,,108 g/km,4.1 lt,53 lt,Euro 6,3.9 lt,4.4 lt,,,5 yıldız,2019 Peugeot 3008 1.5 BlueHDi 130 HP EAT8 Allure Selection (4x2) NCAP/ANCAP Web Sayfası,2016,Var,,,,,,,,,Önden Çekişli,,,,,8 ileri,Otomatik,EAT8 (Otomatik)
1430 kg,,1841 mm,4447 mm,1620 mm,1482 lt,520 lt,,2019 Peugeot 3008 1.5 BlueHDi 130 HP EAT8 GT-Line (4x2),2019 Peugeot 3008 1.5 BlueHDi 130 HP EAT8 GT-Line (4x2) Test Sürüşü Talep Sayfası,2019 Peugeot 3008 1.5 BlueHDi 130 HP EAT8 GT-Line (4x2) Ürün Kataloğu,"2 Yıl Sınırsız Km Mekanik
12 Yıl Paslanmazlık",Peugeot Assistance 0212 292 2626,Var,,,,,Turbo,,4,1499 cc,Common Rail Direkt Enjeksiyon,11.5 saniye,192 km/s,300 nm,130 BG,Fransa,,Binek,GT-Line,,SUV,2019,İçten Yanmalı (Standart),1800 tl/yıl,C,3008,Dizel,https://www.epey.com/araba/2019-peugeot-3008-1-5-bluehdi-130-hp-eat8-gt-line-4x2.html,,,,,,108 g/km,4.1 lt,53 lt,Euro 6,3.9 lt,4.4 lt,,,5 yıldız,2019 Peugeot 3008 1.5 BlueHDi 130 HP EAT8 GT-Line (4x2) NCAP/ANCAP Web Sayfası,2016,Var,,,,,,,,,Önden Çekişli,,,,,8 ileri,Otomatik,EAT8 (Otomatik)
1430 kg,,1841 mm,4447 mm,1620 mm,1482 lt,520 lt,,2019 Peugeot 3008 1.6 THP 180 HP EAT8 Active Drive Prime Edition (4x2),2019 Peugeot 3008 1.6 THP 180 HP EAT8 Active Drive Prime Edition (4x2) Test Sürüşü Talep Sayfası,2019 Peugeot 3008 1.6 THP 180 HP EAT8 Active Drive Prime Edition (4x2) Ürün Kataloğu,"2 Yıl Sınırsız Km Mekanik
12 Yıl Paslanmazlık",Peugeot Assistance 0212 292 2626,Var,,,,,Turbo,,4,1598 cc,Direkt Enjeksiyon,8.0 saniye,222 km/s,250 nm,180 BG,Fransa,,Binek,Active Drive Prime Edition,,SUV,2019,İçten Yanmalı (Standart),1800 tl/yıl,C,3008,Benzin,https://www.epey.com/araba/2019-peugeot-3008-1-6-thp-180-hp-eat8-active-drive-prime-edition-4x2.html,,,,,,132 g/km,5.8 lt,53 lt,Euro 6,4.9 lt,7.2 lt,,,5 yıldız,2019 Peugeot 3008 1.6 THP 180 HP EAT8 Active Drive Prime Edition (4x2) NCAP/ANCAP Web Sayfası,2016,Var,,,,,,,,,Önden Çekişli,,,,,8 ileri,Otomatik,EAT8 (Otomatik)
1430 kg,,1841 mm,4447 mm,1620 mm,1482 lt,520 lt,,2019 Peugeot 3008 1.6 THP 180 HP EAT8 GT-Line (4x2),2019 Peugeot 3008 1.6 THP 180 HP EAT8 GT-Line (4x2) Test Sürüşü Talep Sayfası,2019 Peugeot 3008 1.6 THP 180 HP EAT8 GT-Line (4x2) Ürün Kataloğu,"2 Yıl Sınırsız Km Mekanik
12 Yıl Paslanmazlık",Peugeot Assistance 0212 292 2626,Var,,,,,Turbo,,4,1598 cc,Direkt Enjeksiyon,8.0 saniye,222 km/s,250 nm,180 BG,Fransa,,Binek,GT-Line,,SUV,2019,İçten Yanmalı (Standart),1800 tl/yıl,C,3008,Benzin,https://www.epey.com/araba/2019-peugeot-3008-1-6-thp-180-hp-eat8-gt-line-4x2.html,,,,,,132 g/km,5.8 lt,53 lt,Euro 6,4.9 lt,7.2 lt,,,5 yıldız,2019 Peugeot 3008 1.6 THP 180 HP EAT8 GT-Line (4x2) NCAP/ANCAP Web Sayfası,2016,Var,,,,,,,,,Önden Çekişli,,,,,8 ileri,Otomatik,EAT8 (Otomatik)
1430 kg,,1841 mm,4447 mm,1620 mm,1482 lt,520 lt,,2019 Peugeot 3008 1.6 THP 180 HP EAT8 Active Prime Edition (4x2),2019 Peugeot 3008 1.6 THP 180 HP EAT8 Active Prime Edition (4x2) Test Sürüşü Talep Sayfası,2019 Peugeot 3008 1.6 THP 180 HP EAT8 Active Prime Edition (4x2) Ürün Kataloğu,"2 Yıl Sınırsız Km Mekanik
12 Yıl Paslanmazlık",Peugeot Assistance 0212 292 2626,Var,,,,,Turbo,,4,1598 cc,Direkt Enjeksiyon,8.0 saniye,222 km/s,250 nm,180 BG,Fransa,,Binek,Active Prime Edition,,SUV,2019,İçten Yanmalı (Standart),1800 tl/yıl,C,3008,Benzin,https://www.epey.com/araba/2019-peugeot-3008-1-6-thp-180-hp-eat8-prime-edition-4x2.html,,,,,,132 g/km,5.8 lt,53 lt,Euro 6,4.9 lt,7.2 lt,,,5 yıldız,2019 Peugeot 3008 1.6 THP 180 HP EAT8 Active Prime Edition (4x2) NCAP/ANCAP Web Sayfası,2016,Var,,,,,,,,,Önden Çekişli,,,,,8 ileri,Otomatik,EAT8 (Otomatik)
980 kg,10.90 mt.,1748 mm,4445 mm,1466 mm,640 lt,506 lt,,2019 Peugeot 301 1.2 PureTech 82 HP Active,2019 Peugeot 301 1.2 PureTech 82 HP Active Test Sürüşü Talep Sayfası,2019 Peugeot 301 1.2 PureTech 82 HP Active Ürün Kataloğu,"2 Yıl Sınırsız Km Mekanik
3 Yıl Boya
12 Yıl Paslanmazlık",Peugeot Assistance 0212 292 2626,Var,,,,,Atmosferik,PureTech (Yakıt Tasarrufu),3,1199 cc,Çok Noktadan Enjeksiyon,13.1 saniye,168 km/s,118 nm,82 BG,Fransa,,Binek,Active,,Sedan,2019,İçten Yanmalı (Standart),1034 tl/yıl,B,301,Benzin,https://www.epey.com/araba/2019-peugeot-301-1-2-puretech-82-hp-active.html,,,,,,113 g/km,4.9 lt,50 lt,Euro 6,4.2 lt,6.0 lt,,,3 yıldız,2019 Peugeot 301 1.2 PureTech 82 HP Active NCAP/ANCAP Web Sayfası,2014,Var,,,,,,,,,Önden Çekişli,,,,,5 ileri,Manuel,
1090 kg,10.90 mt.,1748 mm,4445 mm,1466 mm,640 lt,506 lt,,2019 Peugeot 301 1.5 BlueHDi 100 HP Active,2019 Peugeot 301 1.5 BlueHDi 100 HP Active Test Sürüşü Talep Sayfası,2019 Peugeot 301 1.5 BlueHDi 100 HP Active Ürün Kataloğu,"2 Yıl Sınırsız Km Mekanik
3 Yıl Boya
12 Yıl Paslanmazlık",Peugeot Assistance 0212 292 2626,Var,,,,,Turbo,,4,1499 cc,Common Rail Direkt Enjeksiyon,10.1 saniye,190 km/s,250 nm,100 BG,Fransa,,Binek,Active,,Sedan,2019,İçten Yanmalı (Standart),1800 tl/yıl,B,301,Dizel,https://www.epey.com/araba/2019-peugeot-301-1-5-bluehdi-100-hp-active.html,,,,,,104 g/km,3.9 lt,50 lt,Euro 6,3.4 lt,4.8 lt,,,3 yıldız,2019 Peugeot 301 1.5 BlueHDi 100 HP Active NCAP/ANCAP Web Sayfası,2014,Var,,,,,,,,,Önden Çekişli,,,,,6 ileri,Manuel,
1090 kg,10.90 mt.,1748 mm,4445 mm,1466 mm,640 lt,506 lt,,2019 Peugeot 301 1.5 BlueHDi 100 HP Allure,2019 Peugeot 301 1.5 BlueHDi 100 HP Allure Test Sürüşü Talep Sayfası,2019 Peugeot 301 1.5 BlueHDi 100 HP Allure Ürün Kataloğu,"2 Yıl Sınırsız Km Mekanik
3 Yıl Boya
12 Yıl Paslanmazlık",Peugeot Assistance 0212 292 2626,Var,,,,,Turbo,,4,1499 cc,Common Rail Direkt Enjeksiyon,10.1 saniye,190 km/s,250 nm,100 BG,Fransa,,Binek,Allure,,Sedan,2019,İçten Yanmalı (Standart),1800 tl/yıl,B,301,Dizel,https://www.epey.com/araba/2019-peugeot-301-1-5-bluehdi-100-hp-allure.html,,,,,,104 g/km,3.9 lt,50 lt,Euro 6,3.4 lt,4.8 lt,,,3 yıldız,2019 Peugeot 301 1.5 BlueHDi 100 HP Allure NCAP/ANCAP Web Sayfası,2014,Var,,,,,,,,,Önden Çekişli,,,,,6 ileri,Manuel,
1204 kg,,1804 mm,4253 mm,1472 mm,1228 lt,420 lt,,2019 Peugeot 308 1.2 130 HP EAT8 Style,2019 Peugeot 308 1.2 130 HP EAT8 Style Test Sürüşü Talep Sayfası,2019 Peugeot 308 1.2 130 HP EAT8 Style Ürün Kataloğu,"2 Yıl Sınırsız Km Mekanik
3 Yıl Boya
12 Yıl Paslanmazlık",Peugeot Assistance 0212 292 2626,Var,,,,,Turbo,,3,1199 cc,Çok Noktadan Enjeksiyon,9.5 saniye,204 km/s,230 nm,130 BG,Fransa,,Binek,Style,,Hatchback,2019,İçten Yanmalı (Standart),1034 tl/yıl,C,308,Benzin,https://www.epey.com/araba/2019-peugeot-308-1-2-130-hp-eat8-style.html,,,,,,,,53 lt,,,,,,5 yıldız,2019 Peugeot 308 1.2 130 HP EAT8 Style NCAP/ANCAP Web Sayfası,2013,Var,,,,,,,,,Önden Çekişli,,,,,8 ileri,Otomatik,EAT8 (Otomatik)
1090 kg,,1804 mm,4253 mm,1472 mm,1228 lt,420 lt,,2019 Peugeot 308 1.2 130 HP Style,2019 Peugeot 308 1.2 130 HP Style Test Sürüşü Talep Sayfası,2019 Peugeot 308 1.2 130 HP Style Ürün Kataloğu,"2 Yıl Sınırsız Km Mekanik
3 Yıl Boya
12 Yıl Paslanmazlık",Peugeot Assistance 0212 292 2626,Var,,,,,Turbo,,3,1199 cc,Çok Noktadan Enjeksiyon,10.3 saniye,207 km/s,230 nm,130 BG,Fransa,,Binek,Style,,Hatchback,2019,İçten Yanmalı (Standart),1034 tl/yıl,C,308,Benzin,https://www.epey.com/araba/2019-peugeot-308-1-2-130-hp-style.html,,,,,,107 g/km,4.6 lt,53 lt,Euro 6,4.0 lt,5.8 lt,,,5 yıldız,2019 Peugeot 308 1.2 130 HP Style NCAP/ANCAP Web Sayfası,2013,Var,,,,,,,,,Önden Çekişli,,,,,6 ileri,Manuel,
,,1804 mm,4253 mm,1472 mm,1228 lt,420 lt,,2019 Peugeot 308 1.5 BlueHDi 130 HP S&S EAT6 Style,2019 Peugeot 308 1.5 BlueHDi 130 HP S&S EAT6 Style Test Sürüşü Talep Sayfası,2019 Peugeot 308 1.5 BlueHDi 130 HP S&S EAT6 Style Ürün Kataloğu,"2 Yıl Sınırsız Km Mekanik
3 Yıl Boya
12 Yıl Paslanmazlık",Peugeot Assistance 0212 292 2626,Var,,,,,Turbo,,4,1499 cc,Common Rail Direkt Enjeksiyon,,,300 nm,130 BG,Fransa,,Binek,Style,,Hatchback,2019,İçten Yanmalı (Standart),1800 tl/yıl,C,308,Dizel,https://www.epey.com/araba/2019-peugeot-308-1-5-bluehdi-130-hp-ss-eat6-style.html,,,,,,,,53 lt,,,,,,5 yıldız,2019 Peugeot 308 1.5 BlueHDi 130 HP S&S EAT6 Style NCAP/ANCAP Web Sayfası,2013,Var,,,,,,,,,Önden Çekişli,,,,,6 ileri,Otomatik,EAT6 (Otomatik)
1204 kg,,1804 mm,4253 mm,1472 mm,1228 lt,420 lt,,2019 Peugeot 308 1.5 BlueHDi 130 HP S&S EAT8 Style,2019 Peugeot 308 1.5 BlueHDi 130 HP S&S EAT8 Style Test Sürüşü Talep Sayfası,2019 Peugeot 308 1.5 BlueHDi 130 HP S&S EAT8 Style Ürün Kataloğu,"2 Yıl Sınırsız Km Mekanik
3 Yıl Boya
12 Yıl Paslanmazlık",Peugeot Assistance 0212 292 2626,Var,,,,,Turbo,,4,1499 cc,Common Rail Direkt Enjeksiyon,9.4 saniye,206 km/s,300 nm,130 BG,Fransa,,Binek,Style,,Hatchback,2019,İçten Yanmalı (Standart),1800 tl/yıl,C,308,Dizel,https://www.epey.com/araba/2019-peugeot-308-1-5-bluehdi-130-hp-ss-eat8-style.html,,,,,,,,53 lt,,,,,,5 yıldız,2019 Peugeot 308 1.5 BlueHDi 130 HP S&S EAT8 Style NCAP/ANCAP Web Sayfası,2013,Var,,,,,,,,,Önden Çekişli,,,,,8 ileri,Otomatik,EAT8 (Otomatik)
1248 kg,,1778 mm,4122 mm,1566 mm,1235 lt,455 lt,,2019 Renault Captur 0.9 TCe 90 BG Touch (4x2),2019 Renault Captur 0.9 TCe 90 BG Touch (4x2) Test Sürüşü Talep Sayfası,2019 Renault Captur 0.9 TCe 90 BG Touch (4x2) Ürün Kataloğu,"3 Yıl / 100 Bin Km Mekanik
3 Yıl Boya
12 Yıl Paslanmazlık",Renault Yardım 444 6247,Var,,,,,Turbo,,3,898 cc,Direkt Enjeksiyon,13.1 saniye,171 km/s,140 nm,90 BG,Fransa,,Binek,Touch,,SUV,2019,İçten Yanmalı (Standart),1034 tl/yıl,B,Captur,Benzin,https://www.epey.com/araba/2019-renault-captur-0-9-tce-90-bg-touch-4x2.html,Yok,,,,,113 g/km,5.1 lt,45 lt,,4.5 lt,6.0 lt,,,5 yıldız,2019 Renault Captur 0.9 TCe 90 BG Touch (4x2) NCAP/ANCAP Web Sayfası,2013,Var,,,,,,,,200 mm,Önden Çekişli,,,,,5 ileri,Manuel,
1365 kg,,1778 mm,4122 mm,1566 mm,1235 lt,455 lt,,2019 Renault Captur 1.5 dCi 90 BG EDC Icon (4x2),2019 Renault Captur 1.5 dCi 90 BG EDC Icon (4x2) Test Sürüşü Talep Sayfası,2019 Renault Captur 1.5 dCi 90 BG EDC Icon (4x2) Ürün Kataloğu,"3 Yıl / 100 Bin Km Mekanik
3 Yıl Boya
12 Yıl Paslanmazlık",Renault Yardım 444 6247,Var,,,,,Turbo,,4,1461 cc,Common Rail Direkt Enjeksiyon,13.8 saniye,170 km/s,220 nm,90 BG,Fransa,,Binek,Icon,,SUV,2019,İçten Yanmalı (Standart),1800 tl/yıl,B,Captur,Dizel,https://www.epey.com/araba/2019-renault-captur-1-5-dci-90-bg-edc-icon-4x2.html,Yok,,,,,101 g/km,3.9 lt,45 lt,,3.7 lt,4.2 lt,,,5 yıldız,2019 Renault Captur 1.5 dCi 90 BG EDC Icon (4x2) NCAP/ANCAP Web Sayfası,2013,Var,,,,,,,,200 mm,Önden Çekişli,,,,,6 ileri,Otomatik,EDC (Çift Kavramalı Otm.)
1365 kg,,1778 mm,4122 mm,1566 mm,1235 lt,455 lt,,2019 Renault Captur 1.5 dCi 90 BG EDC Outdoor (4x2),2019 Renault Captur 1.5 dCi 90 BG EDC Outdoor (4x2) Test Sürüşü Talep Sayfası,2019 Renault Captur 1.5 dCi 90 BG EDC Outdoor (4x2) Ürün Kataloğu,"3 Yıl / 100 Bin Km Mekanik
3 Yıl Boya
12 Yıl Paslanmazlık",Renault Yardım 444 6247,Var,,,,,Turbo,,4,1461 cc,Common Rail Direkt Enjeksiyon,13.8 saniye,170 km/s,220 nm,90 BG,Fransa,,Binek,Outdoor,,SUV,2019,İçten Yanmalı (Standart),1800 tl/yıl,B,Captur,Dizel,https://www.epey.com/araba/2019-renault-captur-1-5-dci-90-bg-edc-outdoor-4x2.html,Yok,,,,,101 g/km,3.9 lt,45 lt,,3.7 lt,4.2 lt,,,5 yıldız,2019 Renault Captur 1.5 dCi 90 BG EDC Outdoor (4x2) NCAP/ANCAP Web Sayfası,2013,Var,,,,,,,,200 mm,Önden Çekişli,,,,,6 ileri,Otomatik,EDC (Çift Kavramalı Otm.)
1365 kg,,1778 mm,4122 mm,1566 mm,1235 lt,455 lt,,2019 Renault Captur 1.5 dCi 90 BG EDC Touch (4x2),2019 Renault Captur 1.5 dCi 90 BG EDC Touch (4x2) Test Sürüşü Talep Sayfası,2019 Renault Captur 1.5 dCi 90 BG EDC Touch (4x2) Ürün Kataloğu,"3 Yıl / 100 Bin Km Mekanik
3 Yıl Boya
12 Yıl Paslanmazlık",Renault Yardım 444 6247,Var,,,,,Turbo,,4,1461 cc,Common Rail Direkt Enjeksiyon,13.8 saniye,170 km/s,220 nm,90 BG,Fransa,,Binek,Touch,,SUV,2019,İçten Yanmalı (Standart),1800 tl/yıl,B,Captur,Dizel,https://www.epey.com/araba/2019-renault-captur-1-5-dci-90-bg-edc-touch-4x2.html,Yok,,,,,101 g/km,3.9 lt,45 lt,,3.7 lt,4.2 lt,,,5 yıldız,2019 Renault Captur 1.5 dCi 90 BG EDC Touch (4x2) NCAP/ANCAP Web Sayfası,2013,Var,,,,,,,,200 mm,Önden Çekişli,,,,,6 ileri,Otomatik,EDC (Çift Kavramalı Otm.)
1275 kg,,1778 mm,4122 mm,1566 mm,1235 lt,455 lt,,2019 Renault Captur 1.5 dCi 90 BG Icon (4x2),2019 Renault Captur 1.5 dCi 90 BG Icon (4x2) Test Sürüşü Talep Sayfası,2019 Renault Captur 1.5 dCi 90 BG Icon (4x2) Ürün Kataloğu,"3 Yıl / 100 Bin Km Mekanik
3 Yıl Boya
12 Yıl Paslanmazlık",Renault Yardım 444 6247,Var,,,,,Turbo,,4,1461 cc,Common Rail Direkt Enjeksiyon,13.1 saniye,171 km/s,220 nm,90 BG,Fransa,,Binek,Icon,,SUV,2019,İçten Yanmalı (Standart),1800 tl/yıl,B,Captur,Dizel,https://www.epey.com/araba/2019-renault-captur-1-5-dci-90-bg-icon-4x2.html,Yok,,,,,95 g/km,3.7 lt,45 lt,,3.5 lt,3.9 lt,,,5 yıldız,2019 Renault Captur 1.5 dCi 90 BG Icon (4x2) NCAP/ANCAP Web Sayfası,2013,Var,,,,,,,,200 mm,Önden Çekişli,,,,,5 ileri,Manuel,
1275 kg,,1778 mm,4122 mm,1566 mm,1235 lt,455 lt,,2019 Renault Captur 1.5 dCi 90 BG Touch (4x2),2019 Renault Captur 1.5 dCi 90 BG Touch (4x2) Test Sürüşü Talep Sayfası,2019 Renault Captur 1.5 dCi 90 BG Touch (4x2) Ürün Kataloğu,"3 Yıl / 100 Bin Km Mekanik
3 Yıl Boya
12 Yıl Paslanmazlık",Renault Yardım 444 6247,Var,,,,,Turbo,,4,1461 cc,Common Rail Direkt Enjeksiyon,13.1 saniye,171 km/s,220 nm,90 BG,Fransa,,Binek,Touch,,SUV,2019,İçten Yanmalı (Standart),1800 tl/yıl,B,Captur,Dizel,https://www.epey.com/araba/2019-renault-captur-1-5-dci-90-bg-touch-4x2.html,Yok,,,,,95 g/km,3.7 lt,45 lt,,3.5 lt,3.9 lt,,,5 yıldız,2019 Renault Captur 1.5 dCi 90 BG Touch (4x2) NCAP/ANCAP Web Sayfası,2013,Var,,,,,,,,200 mm,Önden Çekişli,,,,,5 ileri,Manuel,
1082 kg,,1732 mm,4062 mm,1448 mm,,300 lt,,2019 Renault Clio 0.9 TCe 90 BG Joy,2019 Renault Clio 0.9 TCe 90 BG Joy Test Sürüşü Talep Sayfası,2019 Renault Clio 0.9 TCe 90 BG Joy Ürün Kataloğu,,Renault Yardım 444 6247,Var,,,,,Turbo,,3,898 cc,,12.2 saniye,180 km/s,150 nm,90 BG,Fransa,Hatchback,Binek,Joy,,Hatchback,2019,İçten Yanmalı (Standart),1034 tl/yıl,B,Clio,Benzin,https://www.epey.com/araba/2019-renault-clio-0-9-tce-90-bg-joy.html,,,,,,105 g/km,4.7 lt,45 lt,,4.1 lt,5.7 lt,,,5 yıldız,2019 Renault Clio 0.9 TCe 90 BG Joy NCAP/ANCAP Web Sayfası,2012,Var,,,,,,,,,Önden Çekişli,,,,,5 ileri,Manuel,
1082 kg,,1732 mm,4062 mm,1448 mm,,300 lt,,2019 Renault Clio 0.9 TCe 90 BG Touch,2019 Renault Clio 0.9 TCe 90 BG Touch Test Sürüşü Talep Sayfası,2019 Renault Clio 0.9 TCe 90 BG Touch Ürün Kataloğu,"3 Yıl / 100 Bin Km Mekanik
3 Yıl Boya
12 Yıl Paslanmazlık",Renault Yardım 444 6247,Var,,,,,Turbo,,3,898 cc,,12.2 saniye,180 km/s,150 nm,90 BG,Fransa,Hatchback,Binek,Touch,,Hatchback,2019,İçten Yanmalı (Standart),1034 tl/yıl,B,Clio,Benzin,https://www.epey.com/araba/2019-renault-clio-0-9-tce-90-bg-touch.html,,,,,,105 g/km,4.7 lt,45 lt,,4.1 lt,5.7 lt,,,5 yıldız,2019 Renault Clio 0.9 TCe 90 BG Touch NCAP/ANCAP Web Sayfası,2012,Var,,,,,,,,,Önden Çekişli,,,,,5 ileri,Manuel,
1165 kg,,1732 mm,4062 mm,1448 mm,,300 lt,,2019 Renault Clio 1.2 120 HP EDC Icon,2019 Renault Clio 1.2 120 HP EDC Icon Test Sürüşü Talep Sayfası,2019 Renault Clio 1.2 120 HP EDC Icon Ürün Kataloğu,"3 Yıl / 100 Bin Km Mekanik
3 Yıl Boya
12 Yıl Paslanmazlık",Renault Yardım 444 6247,Var,,,,,Turbo,,4,1197 cc,Çok Noktadan Enjeksiyon,9.4 saniye,199 km/s,190 nm,120 BG,Fransa,Hatchback,Binek,Icon,,Hatchback,2019,İçten Yanmalı (Standart),1034 tl/yıl,B,Clio,Benzin,https://www.epey.com/araba/2019-renault-clio-1-2-120-hp-edc-icon.html,,,,,,120 g/km,5.2 lt,45 lt,Euro 5,4.4 lt,6.6 lt,,,5 yıldız,2019 Renault Clio 1.2 120 HP EDC Icon NCAP/ANCAP Web Sayfası,2012,Var,,,,,,,,,Önden Çekişli,,,,,6 ileri,Otomatik,EDC (Çift Kavramalı Otm.)
1165 kg,,1732 mm,4062 mm,1448 mm,,300 lt,,2019 Renault Clio 1.2 120 HP EDC Joy,2019 Renault Clio 1.2 120 HP EDC Joy Test Sürüşü Talep Sayfası,2019 Renault Clio 1.2 120 HP EDC Joy Ürün Kataloğu,"3 Yıl / 100 Bin Km Mekanik
3 Yıl Boya
12 Yıl Paslanmazlık",Renault Yardım 444 6247,Var,,,,,Turbo,,4,1197 cc,Çok Noktadan Enjeksiyon,9.4 saniye,199 km/s,190 nm,120 BG,Fransa,Hatchback,Binek,Joy,,Hatchback,2019,İçten Yanmalı (Standart),1034 tl/yıl,B,Clio,Benzin,https://www.epey.com/araba/2019-renault-clio-1-2-120-hp-edc-joy.html,,,,,,120 g/km,5.2 lt,45 lt,Euro 5,4.4 lt,6.6 lt,,,5 yıldız,2019 Renault Clio 1.2 120 HP EDC Joy NCAP/ANCAP Web Sayfası,2012,Var,,,,,,,,,Önden Çekişli,,,,,6 ileri,Otomatik,EDC (Çift Kavramalı Otm.)
1165 kg,,1732 mm,4062 mm,1448 mm,,300 lt,,2019 Renault Clio 1.2 120 HP EDC Touch,2019 Renault Clio 1.2 120 HP EDC Touch Test Sürüşü Talep Sayfası,2019 Renault Clio 1.2 120 HP EDC Touch Ürün Kataloğu,"3 Yıl / 100 Bin Km Mekanik
3 Yıl Boya
12 Yıl Paslanmazlık",Renault Yardım 444 6247,Var,,,,,Turbo,,4,1197 cc,Çok Noktadan Enjeksiyon,9.4 saniye,199 km/s,190 nm,120 BG,Fransa,Hatchback,Binek,Touch,,Hatchback,2019,İçten Yanmalı (Standart),1034 tl/yıl,B,Clio,Benzin,https://www.epey.com/araba/2019-renault-clio-1-2-120-hp-edc-touch.html,,,,,,120 g/km,5.2 lt,45 lt,Euro 5,4.4 lt,6.6 lt,,,5 yıldız,2019 Renault Clio 1.2 120 HP EDC Touch NCAP/ANCAP Web Sayfası,2012,Var,,,,,,,,,Önden Çekişli,,,,,6 ileri,Otomatik,EDC (Çift Kavramalı Otm.)
1055 kg,,1732 mm,4062 mm,1448 mm,,300 lt,,2019 Renault Clio 1.2 75 HP Joy,2019 Renault Clio 1.2 75 HP Joy Test Sürüşü Talep Sayfası,2019 Renault Clio 1.2 75 HP Joy Ürün Kataloğu,"3 Yıl / 100 Bin Km Mekanik
3 Yıl Boya
12 Yıl Paslanmazlık",Renault Yardım 444 6247,Var,,,,,Atmosferik,,4,1149 cc,Çok Noktadan Enjeksiyon,14.5 saniye,167 km/s,107 nm,75 BG,Fransa,Hatchback,Binek,Joy,,Hatchback,2019,İçten Yanmalı (Standart),1034 tl/yıl,B,Clio,Benzin,https://www.epey.com/araba/2019-renault-clio-1-2-75-hp-joy.html,,,,,,127 g/km,5.5 lt,45 lt,Euro 5,4.5 lt,7.1 lt,,,5 yıldız,2019 Renault Clio 1.2 75 HP Joy NCAP/ANCAP Web Sayfası,2012,Var,,,,,,,,,Önden Çekişli,,,,,5 ileri,Manuel,
1146 kg,,1732 mm,4062 mm,1448 mm,,300 lt,,2019 Renault Clio 1.5 dCi 75 HP Joy,2019 Renault Clio 1.5 dCi 75 HP Joy Test Sürüşü Talep Sayfası,2019 Renault Clio 1.5 dCi 75 HP Joy Ürün Kataloğu,"3 Yıl / 100 Bin Km Mekanik
3 Yıl Boya
12 Yıl Paslanmazlık",Renault Yardım 444 6247,Var,,,,,Turbo,,4,1461 cc,Common Rail Direkt Enjeksiyon,14.3 saniye,168 km/s,200 nm,75 BG,Fransa,Hatchback,Binek,Joy,,Hatchback,2019,İçten Yanmalı (Standart),1800 tl/yıl,B,Clio,Dizel,https://www.epey.com/araba/2019-renault-clio-1-5-dci-75-hp-joy.html,,,,,,90 g/km,3.6 lt,45 lt,Euro 5,3.2 lt,4.3 lt,,,5 yıldız,2019 Renault Clio 1.5 dCi 75 HP Joy NCAP/ANCAP Web Sayfası,2012,Var,,,,,,,,,Önden Çekişli,,,,,5 ileri,Manuel,
1227 kg,,1732 mm,4062 mm,1448 mm,,300 lt,,2019 Renault Clio 1.5 dCi 90 HP EDC Icon,2019 Renault Clio 1.5 dCi 90 HP EDC Icon Test Sürüşü Talep Sayfası,2019 Renault Clio 1.5 dCi 90 HP EDC Icon Ürün Kataloğu,"3 Yıl / 100 Bin Km Mekanik
3 Yıl Boya
12 Yıl Paslanmazlık",Renault Yardım 444 6247,Var,,,,,Turbo,,4,1461 cc,Common Rail Direkt Enjeksiyon,12.9 saniye,176 km/s,220 nm,90 BG,Fransa,Hatchback,Binek,Icon,,Hatchback,2019,İçten Yanmalı (Standart),1800 tl/yıl,B,Clio,Dizel,https://www.epey.com/araba/2019-renault-clio-1-5-dci-90-hp-edc-icon.html,,,,,,95 g/km,3.7 lt,45 lt,Euro 5,3.3 lt,4.3 lt,,,5 yıldız,2019 Renault Clio 1.5 dCi 90 HP EDC Icon NCAP/ANCAP Web Sayfası,2012,Var,,,,,,,,,Önden Çekişli,,,,,6 ileri,Otomatik,EDC (Çift Kavramalı Otm.)
1227 kg,,1732 mm,4062 mm,1448 mm,,300 lt,,2019 Renault Clio 1.5 dCi 90 HP EDC Touch,2019 Renault Clio 1.5 dCi 90 HP EDC Touch Test Sürüşü Talep Sayfası,2019 Renault Clio 1.5 dCi 90 HP EDC Touch Ürün Kataloğu,"3 Yıl / 100 Bin Km Mekanik
3 Yıl Boya
12 Yıl Paslanmazlık",Renault Yardım 444 6247,Var,,,,,Turbo,,4,1461 cc,Common Rail Direkt Enjeksiyon,12.9 saniye,176 km/s,220 nm,90 BG,Fransa,Hatchback,Binek,Touch,,Hatchback,2019,İçten Yanmalı (Standart),1800 tl/yıl,B,Clio,Dizel,https://www.epey.com/araba/2019-renault-clio-1-5-dci-90-hp-edc-touch.html,,,,,,95 g/km,3.7 lt,45 lt,Euro 5,3.3 lt,4.3 lt,,,5 yıldız,2019 Renault Clio 1.5 dCi 90 HP EDC Touch NCAP/ANCAP Web Sayfası,2012,Var,,,,,,,,,Önden Çekişli,,,,,6 ileri,Otomatik,EDC (Çift Kavramalı Otm.)
1146 kg,,1732 mm,4062 mm,1448 mm,,300 lt,,2019 Renault Clio 1.5 dCi 90 HP Icon,2019 Renault Clio 1.5 dCi 90 HP Icon Test Sürüşü Talep Sayfası,2019 Renault Clio 1.5 dCi 90 HP Icon Ürün Kataloğu,"3 Yıl / 100 Bin Km Mekanik
3 Yıl Boya
12 Yıl Paslanmazlık",Renault Yardım 444 6247,Var,,,,,Turbo,,4,1461 cc,Common Rail Direkt Enjeksiyon,12.0 saniye,180 km/s,220 nm,90 BG,Fransa,Hatchback,Binek,Icon,,Hatchback,2019,İçten Yanmalı (Standart),1800 tl/yıl,B,Clio,Dizel,https://www.epey.com/araba/2019-renault-clio-1-5-dci-90-hp-icon.html,,,,,,90 g/km,3.6 lt,45 lt,Euro 5,3.2 lt,4.3 lt,,,5 yıldız,2019 Renault Clio 1.5 dCi 90 HP Icon NCAP/ANCAP Web Sayfası,2012,Var,,,,,,,,,Önden Çekişli,,,,,5 ileri,Manuel,
1146 kg,,1732 mm,4062 mm,1448 mm,,300 lt,,2019 Renault Clio 1.5 dCi 90 HP Touch,2019 Renault Clio 1.5 dCi 90 HP Touch Test Sürüşü Talep Sayfası,2019 Renault Clio 1.5 dCi 90 HP Touch Ürün Kataloğu,"3 Yıl / 100 Bin Km Mekanik
3 Yıl Boya
12 Yıl Paslanmazlık",Renault Yardım 444 6247,Var,,,,,Turbo,,4,1461 cc,Common Rail Direkt Enjeksiyon,12.0 saniye,180 km/s,220 nm,90 BG,Fransa,Hatchback,Binek,Touch,,Hatchback,2019,İçten Yanmalı (Standart),1800 tl/yıl,B,Clio,Dizel,https://www.epey.com/araba/2019-renault-clio-1-5-dci-90-hp-touch.html,,,,,,90 g/km,3.6 lt,45 lt,Euro 5,3.2 lt,4.3 lt,,,5 yıldız,2019 Renault Clio 1.5 dCi 90 HP Touch NCAP/ANCAP Web Sayfası,2012,Var,,,,,,,,,Önden Çekişli,,,,,5 ileri,Manuel,
1055 kg,,1732 mm,4267 mm,1475 mm,,445 lt,,2019 Renault Clio Sport Tourer 0.9 TCe 90 BG Joy,2019 Renault Clio Sport Tourer 0.9 TCe 90 BG Joy Test Sürüşü Talep Sayfası,2019 Renault Clio Sport Tourer 0.9 TCe 90 BG Joy Ürün Kataloğu,"3 Yıl / 100 Bin Km Mekanik
3 Yıl Boya
12 Yıl Paslanmazlık",Renault Yardım 444 6247,Var,,,,,Turbo,,3,898 cc,,,182 km/s,150 nm,90 BG,Fransa,Sport Tourer,Binek,Joy,,Station Wagon,2019,İçten Yanmalı (Standart),1034 tl/yıl,B,Clio,Benzin,https://www.epey.com/araba/2019-renault-clio-sport-tourer-0-9-tce-90-bg-joy.html,,,,,,104 g/km,4.6 lt,45 lt,Euro 6,4.0 lt,5.7 lt,,,5 yıldız,2019 Renault Clio Sport Tourer 0.9 TCe 90 BG Joy NCAP/ANCAP Web Sayfası,2012,Var,,,,,,,,,Önden Çekişli,,,,,5 ileri,Manuel,
1055 kg,,1732 mm,4267 mm,1475 mm,,445 lt,,2019 Renault Clio Sport Tourer 0.9 TCe 90 BG Touch,2019 Renault Clio Sport Tourer 0.9 TCe 90 BG Touch Test Sürüşü Talep Sayfası,2019 Renault Clio Sport Tourer 0.9 TCe 90 BG Touch Ürün Kataloğu,"3 Yıl / 100 Bin Km Mekanik
3 Yıl Boya
12 Yıl Paslanmazlık",Renault Yardım 444 6247,Var,,,,,Turbo,,3,898 cc,,,182 km/s,150 nm,90 BG,Fransa,Sport Tourer,Binek,Touch,,Station Wagon,2019,İçten Yanmalı (Standart),1034 tl/yıl,B,Clio,Benzin,https://www.epey.com/araba/2019-renault-clio-sport-tourer-0-9-tce-90-bg-touch.html,,,,,,104 g/km,4.6 lt,45 lt,Euro 6,4.0 lt,5.7 lt,,,5 yıldız,2019 Renault Clio Sport Tourer 0.9 TCe 90 BG Touch NCAP/ANCAP Web Sayfası,2012,Var,,,,,,,,,Önden Çekişli,,,,,5 ileri,Manuel,
1141 kg,,1732 mm,4267 mm,1475 mm,,445 lt,,2019 Renault Clio Sport Tourer 1.2 75 HP Joy,2019 Renault Clio Sport Tourer 1.2 75 HP Joy Test Sürüşü Talep Sayfası,2019 Renault Clio Sport Tourer 1.2 75 HP Joy Ürün Kataloğu,"3 Yıl / 100 Bin Km Mekanik
3 Yıl Boya
12 Yıl Paslanmazlık",Renault Yardım 444 6247,Var,,,,,Atmosferik,,4,1149 cc,Çok Noktadan Enjeksiyon,14.5 saniye,167 km/s,107 nm,75 BG,Fransa,Sport Tourer,Binek,Joy,,Station Wagon,2019,İçten Yanmalı (Standart),1034 tl/yıl,B,Clio,Benzin,https://www.epey.com/araba/2019-renault-clio-sport-tourer-1-2-75-hp-joy.html,,,,,,127 g/km,5.6 lt,45 lt,Euro 6,4.7 lt,7.2 lt,,,5 yıldız,2019 Renault Clio Sport Tourer 1.2 75 HP Joy NCAP/ANCAP Web Sayfası,2012,Var,,,,,,,,,Önden Çekişli,,,,,5 ileri,Manuel,
1270 kg,,1732 mm,4267 mm,1475 mm,,445 lt,,2019 Renault Clio Sport Tourer 1.2 Turbo 120 HP EDC Icon,2019 Renault Clio Sport Tourer 1.2 Turbo 120 HP EDC Icon Test Sürüşü Talep Sayfası,2019 Renault Clio Sport Tourer 1.2 Turbo 120 HP EDC Icon Ürün Kataloğu,"3 Yıl / 100 Bin Km Mekanik
3 Yıl Boya
12 Yıl Paslanmazlık",Renault Yardım 444 6247,Var,,,,,Turbo,,4,1197 cc,Direkt Enjeksiyon,9.2 saniye,192 km/s,205 nm,120 BG,Fransa,Sport Tourer,Binek,Icon,,Station Wagon,2019,İçten Yanmalı (Standart),1034 tl/yıl,B,Clio,Benzin,https://www.epey.com/araba/2019-renault-clio-sport-tourer-1-2-turbo-120-hp-edc-icon.html,,,,,,120 g/km,5.4 lt,45 lt,Euro 6,4.5 lt,6.8 lt,,,5 yıldız,2019 Renault Clio Sport Tourer 1.2 Turbo 120 HP EDC Icon NCAP/ANCAP Web Sayfası,2012,Var,,,,,,,,,Önden Çekişli,,,,,6 ileri,Otomatik,EDC (Çift Kavramalı Otm.)
1257 kg,,1732 mm,4267 mm,1475 mm,,445 lt,,2019 Renault Clio Sport Tourer 1.5 dCi 75 HP Joy,2019 Renault Clio Sport Tourer 1.5 dCi 75 HP Joy Test Sürüşü Talep Sayfası,2019 Renault Clio Sport Tourer 1.5 dCi 75 HP Joy Ürün Kataloğu,"3 Yıl / 100 Bin Km Mekanik
3 Yıl Boya
12 Yıl Paslanmazlık",Renault Yardım 444 6247,Var,,,,,Turbo,,4,1461 cc,Common Rail Direkt Enjeksiyon,12.0 saniye,168 km/s,200 nm,75 BG,Fransa,Sport Tourer,Binek,Joy,,Station Wagon,2019,İçten Yanmalı (Standart),1800 tl/yıl,B,Clio,Dizel,https://www.epey.com/araba/2019-renault-clio-sport-tourer-1-5-dci-75-hp-joy.html,,,,,,85 g/km,3.3 lt,45 lt,Euro 6,3.1 lt,3.5 lt,,,5 yıldız,2019 Renault Clio Sport Tourer 1.5 dCi 75 HP Joy NCAP/ANCAP Web Sayfası,2012,Var,,,,,,,,,Önden Çekişli,,,,,5 ileri,Manuel,
1265 kg,,1732 mm,4267 mm,1475 mm,,445 lt,,2019 Renault Clio Sport Tourer 1.5 dCi 90 HP EDC Icon,2019 Renault Clio Sport Tourer 1.5 dCi 90 HP EDC Icon Test Sürüşü Talep Sayfası,2019 Renault Clio Sport Tourer 1.5 dCi 90 HP EDC Icon Ürün Kataloğu,"3 Yıl / 100 Bin Km Mekanik
3 Yıl Boya
12 Yıl Paslanmazlık",Renault Yardım 444 6247,Var,,,,,Turbo,,4,1461 cc,Common Rail Direkt Enjeksiyon,13.1 saniye,176 km/s,220 nm,90 BG,Fransa,Sport Tourer,Binek,Icon,,Station Wagon,2019,İçten Yanmalı (Standart),1800 tl/yıl,B,Clio,Dizel,https://www.epey.com/araba/2019-renault-clio-sport-tourer-1-5-dci-90-hp-edc-icon.html,,,,,,92 g/km,3.5 lt,45 lt,Euro 6,3.3 lt,3.9 lt,,,5 yıldız,2019 Renault Clio Sport Tourer 1.5 dCi 90 HP EDC Icon NCAP/ANCAP Web Sayfası,2012,Var,,,,,,,,,Önden Çekişli,,,,,6 ileri,Otomatik,EDC (Çift Kavramalı Otm.)
1265 kg,,1732 mm,4267 mm,1475 mm,,445 lt,,2019 Renault Clio Sport Tourer 1.5 dCi 90 HP EDC Touch,2019 Renault Clio Sport Tourer 1.5 dCi 90 HP EDC Touch Test Sürüşü Talep Sayfası,2019 Renault Clio Sport Tourer 1.5 dCi 90 HP EDC Touch Ürün Kataloğu,"3 Yıl / 100 Bin Km Mekanik
3 Yıl Boya
12 Yıl Paslanmazlık",Renault Yardım 444 6247,Var,,,,,Turbo,,4,1461 cc,Common Rail Direkt Enjeksiyon,13.1 saniye,176 km/s,220 nm,90 BG,Fransa,Sport Tourer,Binek,Touch,,Station Wagon,2019,İçten Yanmalı (Standart),1800 tl/yıl,B,Clio,Dizel,https://www.epey.com/araba/2019-renault-clio-sport-tourer-1-5-dci-90-hp-edc-touch.html,,,,,,92 g/km,3.5 lt,45 lt,Euro 6,3.3 lt,3.9 lt,,,5 yıldız,2019 Renault Clio Sport Tourer 1.5 dCi 90 HP EDC Touch NCAP/ANCAP Web Sayfası,2012,Var,,,,,,,,,Önden Çekişli,,,,,6 ileri,Otomatik,EDC (Çift Kavramalı Otm.)
1257 kg,,1732 mm,4267 mm,1475 mm,,445 lt,,2019 Renault Clio Sport Tourer 1.5 dCi 90 HP Icon,2019 Renault Clio Sport Tourer 1.5 dCi 90 HP Icon Test Sürüşü Talep Sayfası,2019 Renault Clio Sport Tourer 1.5 dCi 90 HP Icon Ürün Kataloğu,"3 Yıl / 100 Bin Km Mekanik
3 Yıl Boya
12 Yıl Paslanmazlık",Renault Yardım 444 6247,Var,,,,,Turbo,,4,1461 cc,Common Rail Direkt Enjeksiyon,12.0 saniye,181 km/s,220 nm,90 BG,Fransa,Sport Tourer,Binek,Icon,,Station Wagon,2019,İçten Yanmalı (Standart),1800 tl/yıl,B,Clio,Dizel,https://www.epey.com/araba/2019-renault-clio-sport-tourer-1-5-dci-90-hp-icon.html,,,,,,85 g/km,3.3 lt,45 lt,Euro 6,3.1 lt,3.5 lt,,,5 yıldız,2019 Renault Clio Sport Tourer 1.5 dCi 90 HP Icon NCAP/ANCAP Web Sayfası,2012,Var,,,,,,,,,Önden Çekişli,,,,,5 ileri,Manuel,
1432 kg,11.90 mt.,1829 mm,4666 mm,1810 mm,4000 lt,,,2019 Renault Kangoo Express Cargo Maxi 1.5 dCi 90 BG Joy,,2019 Renault Kangoo Express Cargo Maxi 1.5 dCi 90 BG Joy Ürün Kataloğu,"3 Yıl / 100 Bin Km Mekanik
3 Yıl Boya
12 Yıl Paslanmazlık",Renault Yardım 444 6247,Var,,,,,Turbo,,4,1461 cc,Common Rail Direkt Enjeksiyon,13.3 saniye,160 km/s,200 nm,90 BG,Fransa,Express Cargo Maxi,Ticari,Joy,,Panelvan,2019,İçten Yanmalı (Standart),1867 tl/yıl,Hafif Ticari,Kangoo,Dizel,https://www.epey.com/araba/2019-renault-kangoo-express-cargo-maxi-1-5-dci-90-bg-joy.html,Yok,,,,,130 g/km,5.0 lt,60 lt,Euro 5,4.6 lt,5.7 lt,,,4 yıldız,2019 Renault Kangoo Express Cargo Maxi 1.5 dCi 90 BG Joy NCAP/ANCAP Web Sayfası,2011,Var,,,,,,,,,Önden Çekişli,,,,,5 ileri,Manuel,
1499 kg,11.90 mt.,1829 mm,4666 mm,1802 mm,3400 lt,1300 lt,,2019 Renault Kangoo Express Combi Maxi 1.5 dCi 90 BG Touch,,2019 Renault Kangoo Express Combi Maxi 1.5 dCi 90 BG Touch Ürün Kataloğu,"3 Yıl / 100 Bin Km Mekanik
3 Yıl Boya
12 Yıl Paslanmazlık",Renault Yardım 444 6247,Var,,,,,Turbo,,4,1461 cc,Common Rail Direkt Enjeksiyon,13.3 saniye,160 km/s,200 nm,90 BG,Fransa,Express Combi Maxi,Ticari,Touch,,Kombi,2019,İçten Yanmalı (Standart),1372 tl/yıl,Hafif Ticari,Kangoo,Dizel,https://www.epey.com/araba/2019-renault-kangoo-express-combi-maxi-1-5-dci-90-bg-touch.html,Yok,,,,,130 g/km,5.0 lt,60 lt,Euro 5,4.6 lt,5.7 lt,,,4 yıldız,2019 Renault Kangoo Express Combi Maxi 1.5 dCi 90 BG Touch NCAP/ANCAP Web Sayfası,2011,Var,,,,,,,,,Önden Çekişli,,,,,5 ileri,Manuel,
1505 kg,10.70 mt.,1829 mm,4282 mm,1867 mm,2600 lt,1300 lt,,2019 Renault Kangoo Multix 1.5 dCi 90 BG Exclusive,,2019 Renault Kangoo Multix 1.5 dCi 90 BG Exclusive Ürün Kataloğu,"3 Yıl / 100 Bin Km Mekanik
3 Yıl Boya
12 Yıl Paslanmazlık",Renault Yardım 444 6247,Var,,,,,Turbo,,4,1461 cc,Common Rail Direkt Enjeksiyon,13.3 saniye,160 km/s,200 nm,90 BG,Fransa,Multix,Ticari,Exclusive,,Kombi,2019,İçten Yanmalı (Standart),1372 tl/yıl,Hafif Ticari,Kangoo,Dizel,https://www.epey.com/araba/2019-renault-kangoo-multix-1-5-dci-90-bg-exclusive.html,,,,,,130 g/km,5.0 lt,60 lt,Euro 5,4.6 lt,5.7 lt,,,4 yıldız,2019 Renault Kangoo Multix 1.5 dCi 90 BG Exclusive NCAP/ANCAP Web Sayfası,2011,Var,,,,,,,,,Önden Çekişli,,,,,5 ileri,Manuel,
1505 kg,10.70 mt.,1829 mm,4282 mm,1867 mm,2600 lt,1300 lt,,2019 Renault Kangoo Multix 1.5 dCi 90 BG Joy,,2019 Renault Kangoo Multix 1.5 dCi 90 BG Joy Ürün Kataloğu,"3 Yıl / 100 Bin Km Mekanik
3 Yıl Boya
12 Yıl Paslanmazlık",Renault Yardım 444 6247,Var,,,,,Turbo,,4,1461 cc,Common Rail Direkt Enjeksiyon,13.3 saniye,160 km/s,200 nm,90 BG,Fransa,Multix,Ticari,Joy,,Kombi,2019,İçten Yanmalı (Standart),1372 tl/yıl,Hafif Ticari,Kangoo,Dizel,https://www.epey.com/araba/2019-renault-kangoo-multix-1-5-dci-90-bg-joy.html,,,,,,130 g/km,5.0 lt,60 lt,Euro 5,4.6 lt,5.7 lt,,,4 yıldız,2019 Renault Kangoo Multix 1.5 dCi 90 BG Joy NCAP/ANCAP Web Sayfası,2011,Var,,,,,,,,,Önden Çekişli,,,,,5 ileri,Manuel,
1505 kg,10.70 mt.,1829 mm,4282 mm,1867 mm,2600 lt,1300 lt,,2019 Renault Kangoo Multix 1.5 dCi 90 BG Touch,,2019 Renault Kangoo Multix 1.5 dCi 90 BG Touch Ürün Kataloğu,"3 Yıl / 100 Bin Km Mekanik
3 Yıl Boya
12 Yıl Paslanmazlık",Renault Yardım 444 6247,Var,,,,,Turbo,,4,1461 cc,Common Rail Direkt Enjeksiyon,13.3 saniye,160 km/s,200 nm,90 BG,Fransa,Multix,Ticari,Touch,,Kombi,2019,İçten Yanmalı (Standart),1372 tl/yıl,Hafif Ticari,Kangoo,Dizel,https://www.epey.com/araba/2019-renault-kangoo-multix-1-5-dci-90-bg-touch.html,,,,,,130 g/km,5.0 lt,60 lt,Euro 5,4.6 lt,5.7 lt,,,4 yıldız,2019 Renault Kangoo Multix 1.5 dCi 90 BG Touch NCAP/ANCAP Web Sayfası,2011,Var,,,,,,,,,Önden Çekişli,,,,,5 ileri,Manuel,
1334 kg,,1814 mm,4359 mm,1447 mm,1247 lt,434 lt,,2019 Renault Megane HB 1.3 Tce 140 BG EDC Icon,2019 Renault Megane HB 1.3 Tce 140 BG EDC Icon Test Sürüşü Talep Sayfası,2019 Renault Megane HB 1.3 Tce 140 BG EDC Icon Ürün Kataloğu,"3 Yıl / 100 Bin Km Mekanik
3 Yıl Boya
12 Yıl Paslanmazlık",Renault Yardım 444 6247,Var,,,,,Turbo,,4,1333 cc,Direkt Enjeksiyon,9.2 saniye,205 km/s,240 nm,140 BG,Fransa,Hatchback,Binek,Icon,,Hatchback,2019,İçten Yanmalı (Standart),1800 tl/yıl,C,Megane,Benzin,https://www.epey.com/araba/2019-renault-megane-hb-1-3-tce-140-bg-edc-icon.html,,,,,,125 g/km,5.6 lt,49.7 lt,Euro 6,4.9 lt,7.0 lt,,,5 yıldız,2019 Renault Megane HB 1.3 Tce 140 BG EDC Icon NCAP/ANCAP Web Sayfası,2015,Var,,,,,,,,,Önden Çekişli,,,,,7 ileri,Otomatik,EDC (Çift Kavramalı Otm.)
1334 kg,,1814 mm,4359 mm,1447 mm,1247 lt,434 lt,,2019 Renault Megane HB 1.3 Tce 140 BG EDC Touch,2019 Renault Megane HB 1.3 Tce 140 BG EDC Touch Test Sürüşü Talep Sayfası,2019 Renault Megane HB 1.3 Tce 140 BG EDC Touch Ürün Kataloğu,"3 Yıl / 100 Bin Km Mekanik
3 Yıl Boya
12 Yıl Paslanmazlık",Renault Yardım 444 6247,Var,,,,,Turbo,,4,1333 cc,Direkt Enjeksiyon,9.2 saniye,205 km/s,240 nm,140 BG,Fransa,Hatchback,Binek,Touch,,Hatchback,2019,İçten Yanmalı (Standart),1800 tl/yıl,C,Megane,Benzin,https://www.epey.com/araba/2019-renault-megane-hb-1-3-tce-140-bg-edc-touch.html,,,,,,125 g/km,5.6 lt,49.7 lt,Euro 6,4.9 lt,7.0 lt,,,5 yıldız,2019 Renault Megane HB 1.3 Tce 140 BG EDC Touch NCAP/ANCAP Web Sayfası,2015,Var,,,,,,,,,Önden Çekişli,,,,,7 ileri,Otomatik,EDC (Çift Kavramalı Otm.)
1306 kg,,1814 mm,4359 mm,1447 mm,1247 lt,434 lt,,2019 Renault Megane HB 1.3 Tce 140 BG Touch,2019 Renault Megane HB 1.3 Tce 140 BG Touch Test Sürüşü Talep Sayfası,2019 Renault Megane HB 1.3 Tce 140 BG Touch Ürün Kataloğu,"3 Yıl / 100 Bin Km Mekanik
3 Yıl Boya
12 Yıl Paslanmazlık",Renault Yardım 444 6247,Var,,,,,Turbo,,4,1333 cc,Direkt Enjeksiyon,9.7 saniye,205 km/s,240 nm,140 BG,Fransa,Hatchback,Binek,Touch,,Hatchback,2019,İçten Yanmalı (Standart),1800 tl/yıl,C,Megane,Benzin,https://www.epey.com/araba/2019-renault-megane-hb-1-3-tce-140-bg-touch.html,,,,,,125 g/km,5.5 lt,49.7 lt,Euro 6,4.6 lt,7.0 lt,,,5 yıldız,2019 Renault Megane HB 1.3 Tce 140 BG Touch NCAP/ANCAP Web Sayfası,2015,Var,,,,,,,,,Önden Çekişli,,,,,7 ileri,Manuel,
1390 kg,,1814 mm,4632 mm,1443 mm,987 lt,503 lt,,2019 Renault Megane Sedan 1.2 Tce 130 BG EDC Icon,2019 Renault Megane Sedan 1.2 Tce 130 BG EDC Icon Test Sürüşü Talep Sayfası,2019 Renault Megane Sedan 1.2 Tce 130 BG EDC Icon Ürün Kataloğu,"3 Yıl / 100 Bin Km Mekanik
3 Yıl Boya
12 Yıl Paslanmazlık",Renault Yardım 444 6247,Var,,,,,Turbo,,4,1198 cc,Direkt Enjeksiyon,10.9 saniye,200 km/s,205 nm,130 BG,Fransa,Sedan,Binek,Icon,,Sedan,2019,İçten Yanmalı (Standart),1034 tl/yıl,C,Megane,Benzin,https://www.epey.com/araba/2019-renault-megane-sedan-1-2-tce-130-bg-edc-icon.html,,,,,,122 g/km,5.4 lt,49 lt,Euro 6,4.7 lt,6.8 lt,,,5 yıldız,2019 Renault Megane Sedan 1.2 Tce 130 BG EDC Icon NCAP/ANCAP Web Sayfası,2015,Var,,,,,,,,,Önden Çekişli,,,,,7 ileri,Otomatik,EDC (Çift Kavramalı Otm.)
1390 kg,,1814 mm,4632 mm,1443 mm,987 lt,503 lt,,2019 Renault Megane Sedan 1.2 Tce 130 BG EDC Touch,2019 Renault Megane Sedan 1.2 Tce 130 BG EDC Touch Test Sürüşü Talep Sayfası,2019 Renault Megane Sedan 1.2 Tce 130 BG EDC Touch Ürün Kataloğu,"3 Yıl / 100 Bin Km Mekanik
3 Yıl Boya
12 Yıl Paslanmazlık",Renault Yardım 444 6247,Var,,,,,Turbo,,4,1198 cc,Direkt Enjeksiyon,10.9 saniye,200 km/s,205 nm,130 BG,Fransa,Sedan,Binek,Touch,,Sedan,2019,İçten Yanmalı (Standart),1034 tl/yıl,C,Megane,Benzin,https://www.epey.com/araba/2019-renault-megane-sedan-1-2-tce-130-bg-edc-touch.html,,,,,,122 g/km,5.4 lt,49 lt,Euro 6,4.7 lt,6.8 lt,,,5 yıldız,2019 Renault Megane Sedan 1.2 Tce 130 BG EDC Touch NCAP/ANCAP Web Sayfası,2015,Var,,,,,,,,,Önden Çekişli,,,,,7 ileri,Otomatik,EDC (Çift Kavramalı Otm.)
1382 kg,,1814 mm,4632 mm,1443 mm,987 lt,503 lt,,2019 Renault Megane Sedan 1.3 TCe 140 BG EDC Icon,2019 Renault Megane Sedan 1.3 TCe 140 BG EDC Icon Test Sürüşü Talep Sayfası,2019 Renault Megane Sedan 1.3 TCe 140 BG EDC Icon Ürün Kataloğu,"3 Yıl / 100 Bin Km Mekanik
3 Yıl Boya
12 Yıl Paslanmazlık",Renault Yardım 444 6247,Var,,,,,Turbo,,4,1332 cc,Direkt Enjeksiyon,9.0 saniye,205 km/s,240 nm,140 BG,Fransa,Sedan,Binek,Icon,,Sedan,2019,İçten Yanmalı (Standart),1800 tl/yıl,C,Megane,Benzin,https://www.epey.com/araba/2019-renault-megane-sedan-1-3-tce-140-bg-edc-icon.html,,,,,,130 g/km,5.7 lt,49.7 lt,Euro 6,5.1 lt,7.0 lt,,,5 yıldız,2019 Renault Megane Sedan 1.3 TCe 140 BG EDC Icon NCAP/ANCAP Web Sayfası,2015,Var,,,,,,,,,Önden Çekişli,,,,,7 ileri,Otomatik,EDC (Çift Kavramalı Otm.)
1382 kg,,1814 mm,4632 mm,1443 mm,987 lt,503 lt,,2019 Renault Megane Sedan 1.3 TCe 140 BG EDC Joy,2019 Renault Megane Sedan 1.3 TCe 140 BG EDC Joy Test Sürüşü Talep Sayfası,2019 Renault Megane Sedan 1.3 TCe 140 BG EDC Joy Ürün Kataloğu,"3 Yıl / 100 Bin Km Mekanik
3 Yıl Boya
12 Yıl Paslanmazlık",Renault Yardım 444 6247,Var,,,,,Turbo,,4,1332 cc,Direkt Enjeksiyon,9.0 saniye,205 km/s,240 nm,140 BG,Fransa,Sedan,Binek,Joy,,Sedan,2019,İçten Yanmalı (Standart),1800 tl/yıl,C,Megane,Benzin,https://www.epey.com/araba/2019-renault-megane-sedan-1-3-tce-140-bg-edc-joy.html,,,,,,130 g/km,5.7 lt,49.7 lt,Euro 6,5.1 lt,7.0 lt,,,5 yıldız,2019 Renault Megane Sedan 1.3 TCe 140 BG EDC Joy NCAP/ANCAP Web Sayfası,2015,Var,,,,,,,,,Önden Çekişli,,,,,7 ileri,Otomatik,EDC (Çift Kavramalı Otm.)
1382 kg,,1814 mm,4632 mm,1443 mm,987 lt,503 lt,,2019 Renault Megane Sedan 1.3 TCe 140 BG EDC Touch,2019 Renault Megane Sedan 1.3 TCe 140 BG EDC Touch Test Sürüşü Talep Sayfası,2019 Renault Megane Sedan 1.3 TCe 140 BG EDC Touch Ürün Kataloğu,"3 Yıl / 100 Bin Km Mekanik
3 Yıl Boya
12 Yıl Paslanmazlık",Renault Yardım 444 6247,Var,,,,,Turbo,,4,1332 cc,Direkt Enjeksiyon,9.0 saniye,205 km/s,240 nm,140 BG,Fransa,Sedan,Binek,Touch,,Sedan,2019,İçten Yanmalı (Standart),1800 tl/yıl,C,Megane,Benzin,https://www.epey.com/araba/2019-renault-megane-sedan-1-3-tce-140-bg-edc-touch.html,,,,,,130 g/km,5.7 lt,49.7 lt,Euro 6,5.1 lt,7.0 lt,,,5 yıldız,2019 Renault Megane Sedan 1.3 TCe 140 BG EDC Touch NCAP/ANCAP Web Sayfası,2015,Var,,,,,,,,,Önden Çekişli,,,,,7 ileri,Otomatik,EDC (Çift Kavramalı Otm.)
1355 kg,,1814 mm,4632 mm,1443 mm,987 lt,503 lt,,2019 Renault Megane Sedan 1.3 TCe 140 BG Joy,2019 Renault Megane Sedan 1.3 TCe 140 BG Joy Test Sürüşü Talep Sayfası,2019 Renault Megane Sedan 1.3 TCe 140 BG Joy Ürün Kataloğu,"3 Yıl / 100 Bin Km Mekanik
3 Yıl Boya
12 Yıl Paslanmazlık",Renault Yardım 444 6247,Var,,,,,Turbo,,4,1332 cc,Direkt Enjeksiyon,9.7 saniye,205 km/s,240 nm,140 BG,Fransa,Sedan,Binek,Joy,,Sedan,2019,İçten Yanmalı (Standart),1800 tl/yıl,C,Megane,Benzin,https://www.epey.com/araba/2019-renault-megane-sedan-1-3-tce-140-bg-joy.html,,,,,,126 g/km,5.5 lt,49.7 lt,Euro 6,4.8 lt,7.0 lt,,,5 yıldız,2019 Renault Megane Sedan 1.3 TCe 140 BG Joy NCAP/ANCAP Web Sayfası,2015,Var,,,,,,,,,Önden Çekişli,,,,,6 ileri,Manuel,
1478 kg,,1814 mm,4632 mm,1443 mm,987 lt,503 lt,,2019 Renault Megane Sedan 1.5 Blue dCi 115 BG EDC Icon,2019 Renault Megane Sedan 1.5 Blue dCi 115 BG EDC Icon Test Sürüşü Talep Sayfası,,"3 Yıl / 100 Bin Km Mekanik
3 Yıl Boya
12 Yıl Paslanmazlık",Renault Yardım 444 6247,Var,,,,,Turbo,,4,1461 cc,Common Rail Direkt Enjeksiyon,10.8 saniye,197 km/s,260 nm,115 BG,Fransa,Sedan,Binek,Icon,,Sedan,2019,İçten Yanmalı (Standart),1800 tl/yıl,C,Megane,Dizel,https://www.epey.com/araba/2019-renault-megane-sedan-1-5-blue-dci-115-bg-edc-icon.html,,,,,,112 g/km,4.2 lt,49 lt,Euro 6,3.9 lt,4.9 lt,,,5 yıldız,2019 Renault Megane Sedan 1.5 Blue dCi 115 BG EDC Icon NCAP/ANCAP Web Sayfası,2015,Var,,,,,,,,,Önden Çekişli,,,,,7 ileri,Otomatik,EDC (Çift Kavramalı Otm.)
1478 kg,,1814 mm,4632 mm,1443 mm,987 lt,503 lt,,2019 Renault Megane Sedan 1.5 Blue dCi 115 BG EDC Joy,2019 Renault Megane Sedan 1.5 Blue dCi 115 BG EDC Joy Test Sürüşü Talep Sayfası,,"3 Yıl / 100 Bin Km Mekanik
3 Yıl Boya
12 Yıl Paslanmazlık",Renault Yardım 444 6247,Var,,,,,Turbo,,4,1461 cc,Common Rail Direkt Enjeksiyon,10.8 saniye,197 km/s,260 nm,115 BG,Fransa,Sedan,Binek,Joy,,Sedan,2019,İçten Yanmalı (Standart),1800 tl/yıl,C,Megane,Dizel,https://www.epey.com/araba/2019-renault-megane-sedan-1-5-blue-dci-115-bg-edc-joy.html,,,,,,112 g/km,4.2 lt,49 lt,Euro 6,3.9 lt,4.9 lt,,,5 yıldız,2019 Renault Megane Sedan 1.5 Blue dCi 115 BG EDC Joy NCAP/ANCAP Web Sayfası,2015,Var,,,,,,,,,Önden Çekişli,,,,,7 ileri,Otomatik,EDC (Çift Kavramalı Otm.)
1478 kg,,1814 mm,4632 mm,1443 mm,987 lt,503 lt,,2019 Renault Megane Sedan 1.5 Blue dCi 115 BG EDC Touch,2019 Renault Megane Sedan 1.5 Blue dCi 115 BG EDC Touch Test Sürüşü Talep Sayfası,,"3 Yıl / 100 Bin Km Mekanik
3 Yıl Boya
12 Yıl Paslanmazlık",Renault Yardım 444 6247,Var,,,,,Turbo,,4,1461 cc,Common Rail Direkt Enjeksiyon,10.8 saniye,197 km/s,260 nm,115 BG,Fransa,Sedan,Binek,Touch,,Sedan,2019,İçten Yanmalı (Standart),1800 tl/yıl,C,Megane,Dizel,https://www.epey.com/araba/2019-renault-megane-sedan-1-5-blue-dci-115-bg-edc-touch.html,,,,,,112 g/km,4.2 lt,49 lt,Euro 6,3.9 lt,4.9 lt,,,5 yıldız,2019 Renault Megane Sedan 1.5 Blue dCi 115 BG EDC Touch NCAP/ANCAP Web Sayfası,2015,Var,,,,,,,,,Önden Çekişli,,,,,7 ileri,Otomatik,EDC (Çift Kavramalı Otm.)
1450 kg,,1814 mm,4632 mm,1443 mm,987 lt,503 lt,,2019 Renault Megane Sedan 1.5 Blue dCi 115 BG Joy,2019 Renault Megane Sedan 1.5 Blue dCi 115 BG Joy Test Sürüşü Talep Sayfası,,"3 Yıl / 100 Bin Km Mekanik
3 Yıl Boya
12 Yıl Paslanmazlık",Renault Yardım 444 6247,Var,,,,,Turbo,,4,1461 cc,Common Rail Direkt Enjeksiyon,11.3 saniye,191 km/s,260 nm,115 BG,Fransa,Sedan,Binek,Joy,,Sedan,2019,İçten Yanmalı (Standart),1800 tl/yıl,C,Megane,Dizel,https://www.epey.com/araba/2019-renault-megane-sedan-1-5-blue-dci-115-bg-joy.html,,,,,,110 g/km,4.2 lt,49 lt,Euro 6,3.7 lt,5.0 lt,,,5 yıldız,2019 Renault Megane Sedan 1.5 Blue dCi 115 BG Joy NCAP/ANCAP Web Sayfası,2015,Var,,,,,,,,,Önden Çekişli,,,,,6 ileri,Manuel,
1395 kg,,1814 mm,4632 mm,1443 mm,987 lt,503 lt,,2019 Renault Megane Sedan 1.5 dCi 110 BG EDC Icon,2019 Renault Megane Sedan 1.5 dCi 110 BG EDC Icon Test Sürüşü Talep Sayfası,2019 Renault Megane Sedan 1.5 dCi 110 BG EDC Icon Ürün Kataloğu,"3 Yıl / 100 Bin Km Mekanik
3 Yıl Boya
12 Yıl Paslanmazlık",Renault Yardım 444 6247,Var,,,,,Turbo,,4,1461 cc,Common Rail Direkt Enjeksiyon,12.5 saniye,190 km/s,250 nm,110 BG,Fransa,Sedan,Binek,Icon,,Sedan,2019,İçten Yanmalı (Standart),1800 tl/yıl,C,Megane,Dizel,https://www.epey.com/araba/2019-renault-megane-sedan-1-5-dci-110-bg-edc-icon.html,,,,,,98 g/km,3.8 lt,49 lt,Euro 6,3.6 lt,4.1 lt,,,5 yıldız,2019 Renault Megane Sedan 1.5 dCi 110 BG EDC Icon NCAP/ANCAP Web Sayfası,2015,Var,,,,,,,,,Önden Çekişli,,,,,6 ileri,Otomatik,EDC (Çift Kavramalı Otm.)
1395 kg,,1814 mm,4632 mm,1443 mm,987 lt,503 lt,,2019 Renault Megane Sedan 1.5 dCi 110 BG EDC Joy Plus,2019 Renault Megane Sedan 1.5 dCi 110 BG EDC Joy Plus Test Sürüşü Talep Sayfası,2019 Renault Megane Sedan 1.5 dCi 110 BG EDC Joy Plus Ürün Kataloğu,"3 Yıl / 100 Bin Km Mekanik
3 Yıl Boya
12 Yıl Paslanmazlık",Renault Yardım 444 6247,Var,,,,,Turbo,,4,1461 cc,Common Rail Direkt Enjeksiyon,12.5 saniye,190 km/s,250 nm,110 BG,Fransa,Sedan,Binek,Joy Plus,,Sedan,2019,İçten Yanmalı (Standart),1800 tl/yıl,C,Megane,Dizel,https://www.epey.com/araba/2019-renault-megane-sedan-1-5-dci-110-bg-edc-joy-plus.html,,,,,,98 g/km,3.8 lt,49 lt,Euro 6,3.6 lt,4.1 lt,,,5 yıldız,2019 Renault Megane Sedan 1.5 dCi 110 BG EDC Joy Plus NCAP/ANCAP Web Sayfası,2015,Var,,,,,,,,,Önden Çekişli,,,,,6 ileri,Otomatik,EDC (Çift Kavramalı Otm.)
1395 kg,,1814 mm,4632 mm,1443 mm,987 lt,503 lt,,2019 Renault Megane Sedan 1.5 dCi 110 BG EDC Joy,2019 Renault Megane Sedan 1.5 dCi 110 BG EDC Joy Test Sürüşü Talep Sayfası,2019 Renault Megane Sedan 1.5 dCi 110 BG EDC Joy Ürün Kataloğu,"3 Yıl / 100 Bin Km Mekanik
3 Yıl Boya
12 Yıl Paslanmazlık",Renault Yardım 444 6247,Var,,,,,Turbo,,4,1461 cc,Common Rail Direkt Enjeksiyon,12.5 saniye,190 km/s,250 nm,110 BG,Fransa,Sedan,Binek,Joy,,Sedan,2019,İçten Yanmalı (Standart),1800 tl/yıl,C,Megane,Dizel,https://www.epey.com/araba/2019-renault-megane-sedan-1-5-dci-110-bg-edc-joy.html,,,,,,98 g/km,3.8 lt,49 lt,Euro 6,3.6 lt,4.1 lt,,,5 yıldız,2019 Renault Megane Sedan 1.5 dCi 110 BG EDC Joy NCAP/ANCAP Web Sayfası,2015,Var,,,,,,,,,Önden Çekişli,,,,,6 ileri,Otomatik,EDC (Çift Kavramalı Otm.)
1395 kg,,1814 mm,4632 mm,1443 mm,987 lt,503 lt,,2019 Renault Megane Sedan 1.5 dCi 110 BG EDC Touch,2019 Renault Megane Sedan 1.5 dCi 110 BG EDC Touch Test Sürüşü Talep Sayfası,2019 Renault Megane Sedan 1.5 dCi 110 BG EDC Touch Ürün Kataloğu,"3 Yıl / 100 Bin Km Mekanik
3 Yıl Boya
12 Yıl Paslanmazlık",Renault Yardım 444 6247,Var,,,,,Turbo,,4,1461 cc,Common Rail Direkt Enjeksiyon,12.5 saniye,190 km/s,250 nm,110 BG,Fransa,Sedan,Binek,Touch,,Sedan,2019,İçten Yanmalı (Standart),1800 tl/yıl,C,Megane,Dizel,https://www.epey.com/araba/2019-renault-megane-sedan-1-5-dci-110-bg-edc-touch.html,,,,,,98 g/km,3.8 lt,49 lt,Euro 6,3.6 lt,4.1 lt,,,5 yıldız,2019 Renault Megane Sedan 1.5 dCi 110 BG EDC Touch NCAP/ANCAP Web Sayfası,2015,Var,,,,,,,,,Önden Çekişli,,,,,6 ileri,Otomatik,EDC (Çift Kavramalı Otm.)
1395 kg,,1814 mm,4632 mm,1443 mm,987 lt,503 lt,,2019 Renault Megane Sedan 1.5 dCi 110 BG Icon,2019 Renault Megane Sedan 1.5 dCi 110 BG Icon Test Sürüşü Talep Sayfası,2019 Renault Megane Sedan 1.5 dCi 110 BG Icon Ürün Kataloğu,"3 Yıl / 100 Bin Km Mekanik
3 Yıl Boya
12 Yıl Paslanmazlık",Renault Yardım 444 6247,Var,,,,,Turbo,,4,1461 cc,Common Rail Direkt Enjeksiyon,11.6 saniye,190 km/s,260 nm,110 BG,Fransa,Sedan,Binek,Icon,,Sedan,2019,İçten Yanmalı (Standart),1800 tl/yıl,C,Megane,Dizel,https://www.epey.com/araba/2019-renault-megane-sedan-1-5-dci-110-bg-icon.html,,,,,,196 g/km,3.7 lt,49 lt,Euro 6,3.5 lt,4.1 lt,,,5 yıldız,2019 Renault Megane Sedan 1.5 dCi 110 BG Icon NCAP/ANCAP Web Sayfası,2015,Var,,,,,,,,,Önden Çekişli,,,,,6 ileri,Manuel,
1395 kg,,1814 mm,4632 mm,1443 mm,987 lt,503 lt,,2019 Renault Megane Sedan 1.5 dCi 110 BG Touch,2019 Renault Megane Sedan 1.5 dCi 110 BG Touch Test Sürüşü Talep Sayfası,2019 Renault Megane Sedan 1.5 dCi 110 BG Touch Ürün Kataloğu,"3 Yıl / 100 Bin Km Mekanik
3 Yıl Boya
12 Yıl Paslanmazlık",Renault Yardım 444 6247,Var,,,,,Turbo,,4,1461 cc,Common Rail Direkt Enjeksiyon,11.6 saniye,190 km/s,260 nm,110 BG,Fransa,Sedan,Binek,Touch,,Sedan,2019,İçten Yanmalı (Standart),1800 tl/yıl,C,Megane,Dizel,https://www.epey.com/araba/2019-renault-megane-sedan-1-5-dci-110-bg-touch.html,,,,,,196 g/km,3.7 lt,49 lt,Euro 6,3.5 lt,4.1 lt,,,5 yıldız,2019 Renault Megane Sedan 1.5 dCi 110 BG Touch NCAP/ANCAP Web Sayfası,2015,Var,,,,,,,,,Önden Çekişli,,,,,6 ileri,Manuel,
1395 kg,,1814 mm,4632 mm,1443 mm,987 lt,503 lt,,2019 Renault Megane Sedan 1.5 dCi 90 BG Joy Plus,2019 Renault Megane Sedan 1.5 dCi 90 BG Joy Plus Test Sürüşü Talep Sayfası,2019 Renault Megane Sedan 1.5 dCi 90 BG Joy Plus Ürün Kataloğu,"3 Yıl / 100 Bin Km Mekanik
3 Yıl Boya
12 Yıl Paslanmazlık",Renault Yardım 444 6247,Var,,,,,Turbo,,4,1461 cc,Common Rail Direkt Enjeksiyon,13.7 saniye,176 km/s,220 nm,90 BG,Fransa,Sedan,Binek,Joy Plus,,Sedan,2019,İçten Yanmalı (Standart),1800 tl/yıl,C,Megane,Dizel,https://www.epey.com/araba/2019-renault-megane-sedan-1-5-dci-90-bg-joy-plus.html,,,,,,96 g/km,3.7 lt,49 lt,Euro 6,3.5 lt,4.1 lt,,,5 yıldız,2019 Renault Megane Sedan 1.5 dCi 90 BG Joy Plus NCAP/ANCAP Web Sayfası,2015,Var,,,,,,,,,Önden Çekişli,,,,,6 ileri,Manuel,
1395 kg,,1814 mm,4632 mm,1443 mm,987 lt,503 lt,,2019 Renault Megane Sedan 1.5 dCi 90 BG Joy,2019 Renault Megane Sedan 1.5 dCi 90 BG Joy Test Sürüşü Talep Sayfası,2019 Renault Megane Sedan 1.5 dCi 90 BG Joy Ürün Kataloğu,"3 Yıl / 100 Bin Km Mekanik
3 Yıl Boya
12 Yıl Paslanmazlık",Renault Yardım 444 6247,Var,,,,,Turbo,,4,1461 cc,Common Rail Direkt Enjeksiyon,13.7 saniye,176 km/s,220 nm,90 BG,Fransa,Sedan,Binek,Joy,,Sedan,2019,İçten Yanmalı (Standart),1800 tl/yıl,C,Megane,Dizel,https://www.epey.com/araba/2019-renault-megane-sedan-1-5-dci-90-bg-joy.html,,,,,,96 g/km,3.7 lt,49 lt,Euro 6,3.5 lt,4.1 lt,,,5 yıldız,2019 Renault Megane Sedan 1.5 dCi 90 BG Joy NCAP/ANCAP Web Sayfası,2015,Var,,,,,,,,,Önden Çekişli,,,,,6 ileri,Manuel,
1322 kg,,1814 mm,4632 mm,1443 mm,987 lt,503 lt,,2019 Renault Megane Sedan 1.6 115 BG Joy,2019 Renault Megane Sedan 1.6 115 BG Joy Test Sürüşü Talep Sayfası,2019 Renault Megane Sedan 1.6 115 BG Joy Ürün Kataloğu,"3 Yıl / 100 Bin Km Mekanik
3 Yıl Boya
12 Yıl Paslanmazlık",Renault Yardım 444 6247,Var,,,,,Atmosferik,,4,1598 cc,Çok Noktadan Enjeksiyon,11.8 saniye,190 km/s,156 nm,115 BG,Fransa,Sedan,Binek,Joy,,Sedan,2019,İçten Yanmalı (Standart),1800 tl/yıl,C,Megane,Benzin,https://www.epey.com/araba/2019-renault-megane-sedan-1-6-115-bg-joy.html,,,,,,142 g/km,6.3 lt,49 lt,Euro 6,5.0 lt,8.6 lt,,,5 yıldız,2019 Renault Megane Sedan 1.6 115 BG Joy NCAP/ANCAP Web Sayfası,2015,Var,,,,,,,,,Önden Çekişli,,,,,5 ileri,Manuel,
1088 kg,10.70 mt.,1994 mm,4348 mm,1517 mm,1257 lt,510 lt,,2019 Renault Symbol 0.9 TCe 90 BG Joy,2019 Renault Symbol 0.9 TCe 90 BG Joy Test Sürüşü Talep Sayfası,2019 Renault Symbol 0.9 TCe 90 BG Joy Ürün Kataloğu,"3 Yıl / 100 Bin Km Mekanik
3 Yıl Boya
12 Yıl Paslanmazlık",Renault Yardım 444 6247,Var,,,,,Turbo,,3,899 cc,,11.1 saniye,175 km/s,140 nm,90 BG,Fransa,,Binek,Joy,,Sedan,2019,İçten Yanmalı (Standart),1034 tl/yıl,B,Symbol,Benzin,https://www.epey.com/araba/2019-renault-symbol-0-9-tce-90-bg-joy.html,,,,,,122 g/km,5.4 lt,50 lt,Euro 6,4.7 lt,6.5 lt,,,,,,,,,,,,,,,Önden Çekişli,,,,,5 ileri,Manuel,
1045 kg,10.70 mt.,1994 mm,4348 mm,1517 mm,1257 lt,510 lt,,2019 Renault Symbol 1.0 SCe 75 BG Joy,2019 Renault Symbol 1.0 SCe 75 BG Joy Test Sürüşü Talep Sayfası,2019 Renault Symbol 1.0 SCe 75 BG Joy Ürün Kataloğu,"3 Yıl / 100 Bin Km Mekanik
3 Yıl Boya
12 Yıl Paslanmazlık",Renault Yardım 444 6247,Var,,,,,Atmosferik,,3,999 cc,,14.5 saniye,151 km/s,97 nm,75 BG,Fransa,,Binek,Joy,,Sedan,2019,İçten Yanmalı (Standart),1034 tl/yıl,B,Symbol,Benzin,https://www.epey.com/araba/2019-renault-symbol-1-0-sce-75-bg-joy.html,,,,,,122 g/km,5.4 lt,50 lt,Euro 6,4.8 lt,6.3 lt,,,,,,,,,,,,,,,Önden Çekişli,,,,,5 ileri,Manuel,
1191 kg,10.70 mt.,1994 mm,4348 mm,1517 mm,1257 lt,510 lt,,2019 Renault Symbol 1.5 Blue dCi 95 BG Joy,2019 Renault Symbol 1.5 Blue dCi 95 BG Joy Test Sürüşü Talep Sayfası,2019 Renault Symbol 1.5 Blue dCi 95 BG Joy Ürün Kataloğu,"3 Yıl / 100 Bin Km Mekanik
3 Yıl Boya
12 Yıl Paslanmazlık",Renault Yardım 444 6247,Var,,,,,Turbo,,4,1461 cc,Common Rail Direkt Enjeksiyon,11.9 saniye,167 km/s,220 nm,95 BG,Fransa,,Binek,Joy,,Sedan,2019,İçten Yanmalı (Standart),1800 tl/yıl,B,Symbol,Dizel,https://www.epey.com/araba/2019-renault-symbol-1-5-blue-dci-95-bg-joy.html,,,,,,104 g/km,3.9 lt,50 lt,Euro 6,3.6 lt,4.5 lt,,,,,,,,,,,,,,,Önden Çekişli,,,,,5 ileri,Manuel,
1191 kg,10.70 mt.,1994 mm,4348 mm,1517 mm,1257 lt,510 lt,,2019 Renault Symbol 1.5 Blue dCi 95 BG Touch,2019 Renault Symbol 1.5 Blue dCi 95 BG Touch Test Sürüşü Talep Sayfası,2019 Renault Symbol 1.5 Blue dCi 95 BG Touch Ürün Kataloğu,"3 Yıl / 100 Bin Km Mekanik
3 Yıl Boya
12 Yıl Paslanmazlık",Renault Yardım 444 6247,Var,,,,,Turbo,,4,1461 cc,Common Rail Direkt Enjeksiyon,11.9 saniye,167 km/s,220 nm,95 BG,Fransa,,Binek,Touch,,Sedan,2019,İçten Yanmalı (Standart),1800 tl/yıl,B,Symbol,Dizel,https://www.epey.com/araba/2019-renault-symbol-1-5-blue-dci-95-bg-touch.html,,,,,,104 g/km,3.9 lt,50 lt,Euro 6,3.6 lt,4.5 lt,,,,,,,,,,,,,,,Önden Çekişli,,,,,5 ileri,Manuel,
1059 kg,10.70 mt.,1994 mm,4348 mm,1517 mm,1257 lt,510 lt,,2019 Renault Symbol 1.5 dCi 90 BG Joy,2019 Renault Symbol 1.5 dCi 90 BG Joy Test Sürüşü Talep Sayfası,2019 Renault Symbol 1.5 dCi 90 BG Joy Ürün Kataloğu,"3 Yıl / 100 Bin Km Mekanik
3 Yıl Boya
12 Yıl Paslanmazlık",Renault Yardım 444 6247,Var,,,,,Turbo,,4,1461 cc,Common Rail Direkt Enjeksiyon,12.2 saniye,167 km/s,220 nm,90 BG,Fransa,,Binek,Joy,,Sedan,2019,İçten Yanmalı (Standart),1800 tl/yıl,B,Symbol,Dizel,https://www.epey.com/araba/2019-renault-symbol-1-5-dci-90-bg-joy.html,,,,,,103 g/km,3.9 lt,50 lt,Euro 5,3.7 lt,4.4 lt,,,,,,,,,,,,,,,Önden Çekişli,,,,,5 ileri,Manuel,
1059 kg,10.70 mt.,1994 mm,4348 mm,1517 mm,1257 lt,510 lt,,2019 Renault Symbol 1.5 dCi 90 BG Touch,2019 Renault Symbol 1.5 dCi 90 BG Touch Test Sürüşü Talep Sayfası,2019 Renault Symbol 1.5 dCi 90 BG Touch Ürün Kataloğu,"3 Yıl / 100 Bin Km Mekanik
3 Yıl Boya
12 Yıl Paslanmazlık",Renault Yardım 444 6247,Var,,,,,Turbo,,4,1461 cc,Common Rail Direkt Enjeksiyon,12.2 saniye,167 km/s,220 nm,90 BG,Fransa,,Binek,Touch,,Sedan,2019,İçten Yanmalı (Standart),1800 tl/yıl,B,Symbol,Dizel,https://www.epey.com/araba/2019-renault-symbol-1-5-dci-90-bg-touch.html,,,,,,103 g/km,3.9 lt,50 lt,Euro 5,3.7 lt,4.4 lt,,,,,,,,,,,,,,,Önden Çekişli,,,,,5 ileri,Manuel,
1574 kg,11.60 mt.,1869 mm,4848 mm,1463 mm,1022 lt,608 lt,,2019 Renault Talisman 1.6 dCi 130 HP EDC Icon,2019 Renault Talisman 1.6 dCi 130 HP EDC Icon Test Sürüşü Talep Sayfası,2019 Renault Talisman 1.6 dCi 130 HP EDC Icon Ürün Kataloğu,"3 Yıl / 150 Bin Km Mekanik
3 Yıl Boya
12 Yıl Paslanmazlık",Renault Yardım 444 6247,Var,,,,,Turbo,,4,1598 cc,Common Rail Direkt Enjeksiyon,10.8 saniye,205 km/s,320 nm,130 BG,Fransa,,Binek,Icon,,Sedan,2019,İçten Yanmalı (Standart),1800 tl/yıl,D,Talisman,Dizel,https://www.epey.com/araba/2019-renault-talisman-1-6-dci-130-hp-edc-icon.html,,,,,,112 g/km,4.2 lt,52 lt,Euro 6,3.9 lt,4.8 lt,,,5 yıldız,2019 Renault Talisman 1.6 dCi 130 HP EDC Icon NCAP/ANCAP Web Sayfası,2015,Var,,,,,,,,,Önden Çekişli,,,,,6 ileri,Otomatik,EDC (Çift Kavramalı Otm.)
1597 kg,11.60 mt.,1869 mm,4848 mm,1463 mm,1022 lt,608 lt,,2019 Renault Talisman 1.6 dCi 160 HP EDC Icon,2019 Renault Talisman 1.6 dCi 160 HP EDC Icon Test Sürüşü Talep Sayfası,2019 Renault Talisman 1.6 dCi 160 HP EDC Icon Ürün Kataloğu,"3 Yıl / 150 Bin Km Mekanik
3 Yıl Boya
12 Yıl Paslanmazlık",Renault Yardım 444 6247,Var,,,,,Turbo,,4,1598 cc,Common Rail Direkt Enjeksiyon,9.4 saniye,215 km/s,380 nm,160 BG,Fransa,,Binek,Icon,,Sedan,2019,İçten Yanmalı (Standart),1800 tl/yıl,D,Talisman,Dizel,https://www.epey.com/araba/2019-renault-talisman-1-6-dci-160-hp-edc-icon.html,,,,,,118 g/km,4.5 lt,52 lt,Euro 6,4.4 lt,5.1 lt,,,5 yıldız,2019 Renault Talisman 1.6 dCi 160 HP EDC Icon NCAP/ANCAP Web Sayfası,2015,Var,,,,,,,,,Önden Çekişli,,,,,6 ileri,Otomatik,EDC (Çift Kavramalı Otm.)
1503 kg,10.56 mt.,1730 mm,4084 mm,1562 mm,1225 lt,338 lt,,2019 Renault ZOE 92 BG Life,,2019 Renault ZOE 92 BG Life Ürün Kataloğu,"3 Yıl Boya
5 Yıl / 100 Bin Km Elektrikli Araç Çekiş Ünitesi
12 Yıl Paslanmazlık","Renault Yardım 444 6247
80 Km Mesafe Kapsamında (Pil & Şarj Sorunları Dahil)",Var,220 nm,41 kW/sa,Lityum İyon,403 km,,,,,,13.2 saniye,135 km/s,220 nm,92 BG,Fransa,,Binek,Life,,Hatchback,2019,BEV (Elektrikli),,B,ZOE,Elektrik,https://www.epey.com/araba/2019-renault-zoe-92-bg-life-elektrikli.html,,,,,,,,,,,,,,5 yıldız,2019 Renault ZOE 92 BG Life NCAP/ANCAP Web Sayfası,2013,Var,,,,,,,,,Önden Çekişli,,,,,1 ileri,Otomatik,
1086 kg,10.40 mt.,1732 mm,3997 mm,1452 mm,1125 lt,305 lt,,2019 Skoda Fabia 1.0 75 HP Ambition,2019 Skoda Fabia 1.0 75 HP Ambition Test Sürüşü Talep Sayfası,2019 Skoda Fabia 1.0 75 HP Ambition Ürün Kataloğu,"2 Yıl Sınırsız Km Mekanik
3 Yıl Boya
12 Yıl Paslanmazlık","Skoda Yol Yardımı 0212 216 4228
Skoda Yol Yardımı 0212 275 0121
Skoda Yol Yardımı 0800 211 4106",Var,,,,,Atmosferik,,3,999 cc,Çok Noktadan Enjeksiyon,14.7 saniye,172 km/s,95 nm,75 BG,Çek Cumhuriyeti > Almanya,,Binek,Ambition,,Hatchback,2019,İçten Yanmalı (Standart),1034 tl/yıl,B,Fabia,Benzin,https://www.epey.com/araba/2019-skoda-fabia-1-0-75-hp-ambition.html,,,,,,108 g/km,4.8 lt,45 lt,,4.2 lt,5.8 lt,,,5 yıldız,2019 Skoda Fabia 1.0 75 HP Ambition NCAP/ANCAP Web Sayfası,2014,Var,,,,,,,,,Önden Çekişli,,,,,5 ileri,Manuel,
1090 kg,10.40 mt.,1732 mm,3997 mm,1452 mm,1125 lt,305 lt,,2019 Skoda Fabia 1.0 TSI 110 PS DSG Style,2019 Skoda Fabia 1.0 TSI 110 PS DSG Style Test Sürüşü Talep Sayfası,2019 Skoda Fabia 1.0 TSI 110 PS DSG Style Ürün Kataloğu,"2 Yıl Sınırsız Km Mekanik
3 Yıl Boya
12 Yıl Paslanmazlık","Skoda Yol Yardımı 0212 216 4228
Skoda Yol Yardımı 0212 275 0121
Skoda Yol Yardımı 0800 211 4106",Var,,,,,Turbo,,3,999 cc,Direkt Enjeksiyon,9.6 saniye,194 km/s,200 nm,110 BG,Çek Cumhuriyeti > Almanya,,Binek,Style,,Hatchback,2019,İçten Yanmalı (Standart),1034 tl/yıl,B,Fabia,Benzin,https://www.epey.com/araba/2019-skoda-fabia-1-0-tsi-110-ps-dsg-style.html,,,,,,106 g/km,4.7 lt,45 lt,,4.3 lt,5.3 lt,,,5 yıldız,2019 Skoda Fabia 1.0 TSI 110 PS DSG Style NCAP/ANCAP Web Sayfası,2014,Var,,,,,,,,,Önden Çekişli,,,,,7 ileri,Otomatik,DSG (Yarı Otm.)
1340 kg,10.90 mt.,1841 mm,4382 mm,1603 mm,1630 lt,521 lt,,2019 Skoda Karoq 1.0 TSI 115 PS Ambition (4x2),2019 Skoda Karoq 1.0 TSI 115 PS Ambition (4x2) Test Sürüşü Talep Sayfası,2019 Skoda Karoq 1.0 TSI 115 PS Ambition (4x2) Ürün Kataloğu,"2 Yıl Sınırsız Km Mekanik
3 Yıl Boya
12 Yıl Paslanmazlık","Skoda Yol Yardımı 0212 216 4228
Skoda Yol Yardımı 0212 275 0121
Skoda Yol Yardımı 0800 211 4106",Var,,,,,Turbo,,3,999 cc,TSI - Doğrudan Enjeksiyon,10.6 saniye,187 km/s,200 nm,115 BG,Çek Cumhuriyeti > Almanya,,Binek,Ambition,,SUV,2019,İçten Yanmalı (Standart),1034 tl/yıl,C,Karoq,Benzin,https://www.epey.com/araba/2019-skoda-karoq-1-0-tsi-115-ps-ambition-4x2.html,,,,,,121 g/km,5.4 lt,50 lt,Euro 6,4.8 lt,6.3 lt,,,5 yıldız,2019 Skoda Karoq 1.0 TSI 115 PS Ambition (4x2) NCAP/ANCAP Web Sayfası,2017,Var,,,,,,,,,Önden Çekişli,,,,,6 ileri,Manuel,
1361 kg,10.90 mt.,1841 mm,4382 mm,1603 mm,1630 lt,521 lt,,2019 Skoda Karoq 1.0 TSI 115 PS DSG Ambition (4x2),2019 Skoda Karoq 1.0 TSI 115 PS DSG Ambition (4x2) Test Sürüşü Talep Sayfası,2019 Skoda Karoq 1.0 TSI 115 PS DSG Ambition (4x2) Ürün Kataloğu,"2 Yıl Sınırsız Km Mekanik
3 Yıl Boya
12 Yıl Paslanmazlık","Skoda Yol Yardımı 0212 216 4228
Skoda Yol Yardımı 0212 275 0121
Skoda Yol Yardımı 0800 211 4106",Var,,,,,Turbo,,3,999 cc,TSI - Doğrudan Enjeksiyon,10.7 saniye,186 km/s,200 nm,115 BG,Çek Cumhuriyeti > Almanya,,Binek,Ambition,,SUV,2019,İçten Yanmalı (Standart),1034 tl/yıl,C,Karoq,Benzin,https://www.epey.com/araba/2019-skoda-karoq-1-0-tsi-115-ps-dsg-ambition-4x2.html,,,,,,120 g/km,5.3 lt,50 lt,Euro 6,4.9 lt,5.9 lt,,,5 yıldız,2019 Skoda Karoq 1.0 TSI 115 PS DSG Ambition (4x2) NCAP/ANCAP Web Sayfası,2017,Var,,,,,,,,,Önden Çekişli,,,,,7 ileri,Otomatik,DSG (Yarı Otm.)
1361 kg,10.90 mt.,1841 mm,4382 mm,1603 mm,1630 lt,521 lt,,2019 Skoda Karoq 1.0 TSI 115 PS DSG Style (4x2),2019 Skoda Karoq 1.0 TSI 115 PS DSG Style (4x2) Test Sürüşü Talep Sayfası,2019 Skoda Karoq 1.0 TSI 115 PS DSG Style (4x2) Ürün Kataloğu,"2 Yıl Sınırsız Km Mekanik
3 Yıl Boya
12 Yıl Paslanmazlık","Skoda Yol Yardımı 0212 216 4228
Skoda Yol Yardımı 0212 275 0121
Skoda Yol Yardımı 0800 211 4106",Var,,,,,Turbo,,3,999 cc,TSI - Doğrudan Enjeksiyon,10.7 saniye,186 km/s,200 nm,115 BG,Çek Cumhuriyeti > Almanya,,Binek,Style,,SUV,2019,İçten Yanmalı (Standart),1034 tl/yıl,C,Karoq,Benzin,https://www.epey.com/araba/2019-skoda-karoq-1-0-tsi-115-ps-dsg-style-4x2.html,,,,,,120 g/km,5.3 lt,50 lt,Euro 6,4.9 lt,5.9 lt,,,5 yıldız,2019 Skoda Karoq 1.0 TSI 115 PS DSG Style (4x2) NCAP/ANCAP Web Sayfası,2017,Var,,,,,,,,,Önden Çekişli,,,,,7 ileri,Otomatik,DSG (Yarı Otm.)
1393 kg,10.90 mt.,1841 mm,4382 mm,1603 mm,1630 lt,521 lt,,2019 Skoda Karoq 1.5 TSI 150 PS ACT DSG Style (4x2),2019 Skoda Karoq 1.5 TSI 150 PS ACT DSG Style (4x2) Test Sürüşü Talep Sayfası,2019 Skoda Karoq 1.5 TSI 150 PS ACT DSG Style (4x2) Ürün Kataloğu,"2 Yıl Sınırsız Km Mekanik
3 Yıl Boya
12 Yıl Paslanmazlık","Skoda Yol Yardımı 0212 216 4228
Skoda Yol Yardımı 0212 275 0121
Skoda Yol Yardımı 0800 211 4106",Var,,,,,Turbo,ACT (Aktif Silindir Yönetimi),4,1498 cc,TSI - Doğrudan Enjeksiyon,8.6 saniye,203 km/s,250 nm,150 BG,Çek Cumhuriyeti > Almanya,,Binek,Style,,SUV,2019,İçten Yanmalı (Standart),1800 tl/yıl,C,Karoq,Benzin,https://www.epey.com/araba/2019-skoda-karoq-1-5-tsi-150-ps-act-dsg-style-4x2.html,,,,,,127 g/km,5.6 lt,50 lt,Euro 6,5.0 lt,6.8 lt,,,5 yıldız,2019 Skoda Karoq 1.5 TSI 150 PS ACT DSG Style (4x2) NCAP/ANCAP Web Sayfası,2017,Var,,,,,,,,,Önden Çekişli,,,,,7 ileri,Otomatik,DSG (Yarı Otm.)
1426 kg,10.90 mt.,1841 mm,4382 mm,1603 mm,1630 lt,521 lt,,2019 Skoda Karoq 1.6 TDI 115 PS Ambition (4x2),2019 Skoda Karoq 1.6 TDI 115 PS Ambition (4x2) Test Sürüşü Talep Sayfası,2019 Skoda Karoq 1.6 TDI 115 PS Ambition (4x2) Ürün Kataloğu,"2 Yıl Sınırsız Km Mekanik
3 Yıl Boya
12 Yıl Paslanmazlık","Skoda Yol Yardımı 0212 216 4228
Skoda Yol Yardımı 0212 275 0121
Skoda Yol Yardımı 0800 211 4106",Var,,,,,Turbo,,4,1598 cc,Common Rail Direkt Enjeksiyon,10.7 saniye,188 km/s,250 nm,115 BG,Çek Cumhuriyeti > Almanya,,Binek,Ambition,,SUV,2019,İçten Yanmalı (Standart),1800 tl/yıl,C,Karoq,Dizel,https://www.epey.com/araba/2019-skoda-karoq-1-6-tdi-115-ps-ambition-4x2.html,,,,,,120 g/km,4.6 lt,50 lt,Euro 6,4.4 lt,5.0 lt,,,5 yıldız,2019 Skoda Karoq 1.6 TDI 115 PS Ambition (4x2) NCAP/ANCAP Web Sayfası,2017,Var,,,,,,,,,Önden Çekişli,,,,,6 ileri,Manuel,
1441 kg,10.90 mt.,1841 mm,4382 mm,1603 mm,1630 lt,521 lt,,2019 Skoda Karoq 1.6 TDI 115 PS DSG Ambition (4x2),2019 Skoda Karoq 1.6 TDI 115 PS DSG Ambition (4x2) Test Sürüşü Talep Sayfası,2019 Skoda Karoq 1.6 TDI 115 PS DSG Ambition (4x2) Ürün Kataloğu,"2 Yıl Sınırsız Km Mekanik
3 Yıl Boya
12 Yıl Paslanmazlık","Skoda Yol Yardımı 0212 216 4228
Skoda Yol Yardımı 0212 275 0121
Skoda Yol Yardımı 0800 211 4106",Var,,,,,Turbo,,4,1598 cc,Common Rail Direkt Enjeksiyon,10.9 saniye,188 km/s,250 nm,115 BG,Çek Cumhuriyeti > Almanya,,Binek,Ambition,,SUV,2019,İçten Yanmalı (Standart),1800 tl/yıl,C,Karoq,Dizel,https://www.epey.com/araba/2019-skoda-karoq-1-6-tdi-115-ps-dsg-ambition-4x2.html,,,,,,114 g/km,4.3 lt,50 lt,Euro 6,4.2 lt,4.5 lt,,,5 yıldız,2019 Skoda Karoq 1.6 TDI 115 PS DSG Ambition (4x2) NCAP/ANCAP Web Sayfası,2017,Var,,,,,,,,,Önden Çekişli,,,,,7 ileri,Otomatik,DSG (Yarı Otm.)
1441 kg,10.90 mt.,1841 mm,4382 mm,1603 mm,1630 lt,521 lt,,2019 Skoda Karoq 1.6 TDI 115 PS DSG Style (4x2),2019 Skoda Karoq 1.6 TDI 115 PS DSG Style (4x2) Test Sürüşü Talep Sayfası,2019 Skoda Karoq 1.6 TDI 115 PS DSG Style (4x2) Ürün Kataloğu,"2 Yıl Sınırsız Km Mekanik
3 Yıl Boya
12 Yıl Paslanmazlık","Skoda Yol Yardımı 0212 216 4228
Skoda Yol Yardımı 0212 275 0121
Skoda Yol Yardımı 0800 211 4106",Var,,,,,Turbo,,4,1598 cc,Common Rail Direkt Enjeksiyon,10.9 saniye,188 km/s,250 nm,115 BG,Çek Cumhuriyeti > Almanya,,Binek,Style,,SUV,2019,İçten Yanmalı (Standart),1800 tl/yıl,C,Karoq,Dizel,https://www.epey.com/araba/2019-skoda-karoq-1-6-tdi-115-ps-dsg-style-4x2.html,,,,,,114 g/km,4.3 lt,50 lt,Euro 6,4.2 lt,4.5 lt,,,5 yıldız,2019 Skoda Karoq 1.6 TDI 115 PS DSG Style (4x2) NCAP/ANCAP Web Sayfası,2017,Var,,,,,,,,,Önden Çekişli,,,,,7 ileri,Otomatik,DSG (Yarı Otm.)
1582 kg,,1882 mm,4697 mm,1676 mm,2065 lt,720 lt,,2019 Skoda Kodiaq 1.5 TSI 150 PS ACT DSG Ambition (4x2),2019 Skoda Kodiaq 1.5 TSI 150 PS ACT DSG Ambition (4x2) Test Sürüşü Talep Sayfası,2019 Skoda Kodiaq 1.5 TSI 150 PS ACT DSG Ambition (4x2) Ürün Kataloğu,"2 Yıl Sınırsız Km Mekanik
3 Yıl Boya
12 Yıl Paslanmazlık","Skoda Yol Yardımı 0212 216 4228
Skoda Yol Yardımı 0212 275 0121
Skoda Yol Yardımı 0800 211 4106",Var,,,,,Turbo,,4,1498 cc,TSI - Doğrudan Enjeksiyon,9.8 saniye,198 km/s,250 nm,150 BG,Çek Cumhuriyeti > Almanya,,Binek,Ambition,,SUV,2019,İçten Yanmalı (Standart),1800 tl/yıl,D,Kodiaq,Benzin,https://www.epey.com/araba/2019-skoda-kodiaq-1-5-tsi-150-ps-act-dsg-ambition-4x2.html,,,,,,136 g/km,6.0 lt,58 lt,,5.4 lt,7.2 lt,,,5 yıldız,2019 Skoda Kodiaq 1.5 TSI 150 PS ACT DSG Ambition (4x2) NCAP/ANCAP Web Sayfası,2017,Var,,,,,,,,,Önden Çekişli,,,,,7 ileri,Otomatik,DSG (Yarı Otm.)
1582 kg,,1882 mm,4697 mm,1676 mm,2065 lt,720 lt,,2019 Skoda Kodiaq 1.5 TSI 150 PS ACT DSG Elite (4x2),2019 Skoda Kodiaq 1.5 TSI 150 PS ACT DSG Elite (4x2) Test Sürüşü Talep Sayfası,2019 Skoda Kodiaq 1.5 TSI 150 PS ACT DSG Elite (4x2) Ürün Kataloğu,"2 Yıl Sınırsız Km Mekanik
3 Yıl Boya
12 Yıl Paslanmazlık","Skoda Yol Yardımı 0212 216 4228
Skoda Yol Yardımı 0212 275 0121
Skoda Yol Yardımı 0800 211 4106",Var,,,,,Turbo,,4,1498 cc,TSI - Doğrudan Enjeksiyon,9.8 saniye,198 km/s,250 nm,150 BG,Çek Cumhuriyeti > Almanya,,Binek,Elite,,SUV,2019,İçten Yanmalı (Standart),1800 tl/yıl,D,Kodiaq,Benzin,https://www.epey.com/araba/2019-skoda-kodiaq-1-5-tsi-150-ps-act-dsg-elite-4x2.html,,,,,,136 g/km,6.0 lt,58 lt,,5.4 lt,7.2 lt,,,5 yıldız,2019 Skoda Kodiaq 1.5 TSI 150 PS ACT DSG Elite (4x2) NCAP/ANCAP Web Sayfası,2017,Var,,,,,,,,,Önden Çekişli,,,,,7 ileri,Otomatik,DSG (Yarı Otm.)
1582 kg,,1882 mm,4697 mm,1676 mm,2065 lt,720 lt,,2019 Skoda Kodiaq 1.5 TSI 150 PS ACT DSG Prestige (4x2),2019 Skoda Kodiaq 1.5 TSI 150 PS ACT DSG Prestige (4x2) Test Sürüşü Talep Sayfası,2019 Skoda Kodiaq 1.5 TSI 150 PS ACT DSG Prestige (4x2) Ürün Kataloğu,"2 Yıl Sınırsız Km Mekanik
3 Yıl Boya
12 Yıl Paslanmazlık","Skoda Yol Yardımı 0212 216 4228
Skoda Yol Yardımı 0212 275 0121
Skoda Yol Yardımı 0800 211 4106",Var,,,,,Turbo,,4,1498 cc,TSI - Doğrudan Enjeksiyon,9.8 saniye,198 km/s,250 nm,150 BG,Çek Cumhuriyeti > Almanya,,Binek,Prestige,,SUV,2019,İçten Yanmalı (Standart),1800 tl/yıl,D,Kodiaq,Benzin,https://www.epey.com/araba/2019-skoda-kodiaq-1-5-tsi-150-ps-act-dsg-prestige-4x2.html,,,,,,136 g/km,6.0 lt,58 lt,,5.4 lt,7.2 lt,,,5 yıldız,2019 Skoda Kodiaq 1.5 TSI 150 PS ACT DSG Prestige (4x2) NCAP/ANCAP Web Sayfası,2017,Var,,,,,,,,,Önden Çekişli,,,,,7 ileri,Otomatik,DSG (Yarı Otm.)
1704 kg,,1882 mm,4697 mm,1676 mm,2065 lt,720 lt,,2019 Skoda Kodiaq 1.5 TSI 150 PS ACT DSG Prestige (4x4),2019 Skoda Kodiaq 1.5 TSI 150 PS ACT DSG Prestige (4x4) Test Sürüşü Talep Sayfası,2019 Skoda Kodiaq 1.5 TSI 150 PS ACT DSG Prestige (4x4) Ürün Kataloğu,"2 Yıl Sınırsız Km Mekanik
3 Yıl Boya
12 Yıl Paslanmazlık","Skoda Yol Yardımı 0212 216 4228
Skoda Yol Yardımı 0212 275 0121
Skoda Yol Yardımı 0800 211 4106",Var,,,,,Turbo,,4,1498 cc,TSI - Doğrudan Enjeksiyon,9.9 saniye,195 km/s,250 nm,150 BG,Çek Cumhuriyeti > Almanya,,Binek,Prestige,,SUV,2019,İçten Yanmalı (Standart),1800 tl/yıl,D,Kodiaq,Benzin,https://www.epey.com/araba/2019-skoda-kodiaq-1-5-tsi-150-ps-act-dsg-prestige-4x4.html,,,,,,150 g/km,6.0 lt,58 lt,,5.9 lt,7.7 lt,,,5 yıldız,2019 Skoda Kodiaq 1.5 TSI 150 PS ACT DSG Prestige (4x4) NCAP/ANCAP Web Sayfası,2017,Var,,,,,,,,,4x4 Çekişli,,,,,7 ileri,Otomatik,DSG (Yarı Otm.)
1582 kg,,1882 mm,4697 mm,1676 mm,2065 lt,720 lt,,2019 Skoda Kodiaq 1.5 TSI 150 PS ACT DSG Style (4x2),2019 Skoda Kodiaq 1.5 TSI 150 PS ACT DSG Style (4x2) Test Sürüşü Talep Sayfası,2019 Skoda Kodiaq 1.5 TSI 150 PS ACT DSG Style (4x2) Ürün Kataloğu,"2 Yıl Sınırsız Km Mekanik
3 Yıl Boya
12 Yıl Paslanmazlık","Skoda Yol Yardımı 0212 216 4228
Skoda Yol Yardımı 0212 275 0121
Skoda Yol Yardımı 0800 211 4106",Var,,,,,Turbo,,4,1498 cc,TSI - Doğrudan Enjeksiyon,9.8 saniye,198 km/s,250 nm,150 BG,Çek Cumhuriyeti > Almanya,,Binek,Style,,SUV,2019,İçten Yanmalı (Standart),1800 tl/yıl,D,Kodiaq,Benzin,https://www.epey.com/araba/2019-skoda-kodiaq-1-5-tsi-150-ps-act-dsg-style-4x2.html,,,,,,136 g/km,6.0 lt,58 lt,,5.4 lt,7.2 lt,,,5 yıldız,2019 Skoda Kodiaq 1.5 TSI 150 PS ACT DSG Style (4x2) NCAP/ANCAP Web Sayfası,2017,Var,,,,,,,,,Önden Çekişli,,,,,7 ileri,Otomatik,DSG (Yarı Otm.)
1775 kg,,1882 mm,4697 mm,1676 mm,2065 lt,720 lt,,2019 Skoda Kodiaq 2.0 TDI 190 PS DSG Prestige (4x4),2019 Skoda Kodiaq 2.0 TDI 190 PS DSG Prestige (4x4) Test Sürüşü Talep Sayfası,2019 Skoda Kodiaq 2.0 TDI 190 PS DSG Prestige (4x4) Ürün Kataloğu,"2 Yıl Sınırsız Km Mekanik
3 Yıl Boya
12 Yıl Paslanmazlık","Skoda Yol Yardımı 0212 216 4228
Skoda Yol Yardımı 0212 275 0121
Skoda Yol Yardımı 0800 211 4106",Var,,,,,Turbo,,4,1968 cc,Common Rail Direkt Enjeksiyon,8.4 saniye,210 km/s,400 nm,190 BG,Çek Cumhuriyeti > Almanya,,Binek,Prestige,,SUV,2019,İçten Yanmalı (Standart),5003 tl/yıl,D,Kodiaq,Dizel,https://www.epey.com/araba/2019-skoda-kodiaq-2-0-tdi-190-ps-dsg-prestige-4x4.html,,,,,,149 g/km,5.6 lt,58 lt,,5.1 lt,6.6 lt,,,5 yıldız,2019 Skoda Kodiaq 2.0 TDI 190 PS DSG Prestige (4x4) NCAP/ANCAP Web Sayfası,2017,Var,,,,,,,,,4x4 Çekişli,,,,,7 ileri,Otomatik,DSG (Yarı Otm.)
1225 kg,10.60 mt.,1814 mm,4670 mm,1461 mm,1530 lt,568 lt,,2019 Skoda Octavia 1.0 TSI 115 PS Ambition,2019 Skoda Octavia 1.0 TSI 115 PS Ambition Test Sürüşü Talep Sayfası,2019 Skoda Octavia 1.0 TSI 115 PS Ambition Ürün Kataloğu,"2 Yıl Sınırsız Km Mekanik
3 Yıl Boya
12 Yıl Paslanmazlık","Skoda Yol Yardımı 0212 216 4228
Skoda Yol Yardımı 0212 275 0121
Skoda Yol Yardımı 0800 211 4106",Var,,,,,Turbo,,3,999 cc,TSI - Doğrudan Enjeksiyon,9.9 saniye,203 km/s,200 nm,115 BG,Çek Cumhuriyeti > Almanya,,Binek,Ambition,,Sedan,2019,İçten Yanmalı (Standart),1034 tl/yıl,C,Octavia,Benzin,https://www.epey.com/araba/2019-skoda-octavia-1-0-tsi-115-ps-ambition.html,,,,,,110 g/km,4.8 lt,50 lt,,4.2 lt,5.9 lt,,,5 yıldız,2019 Skoda Octavia 1.0 TSI 115 PS Ambition NCAP/ANCAP Web Sayfası,2013,Var,,,,,,,,,Önden Çekişli,Var,"ASR (Patinaj Önleme Sistemi)
MSR (Elektronik Motor Çekiş Kontrolü)",,,6 ileri,Manuel,
1225 kg,10.60 mt.,1814 mm,4670 mm,1461 mm,1530 lt,568 lt,,2019 Skoda Octavia 1.0 TSI 115 PS DSG Style,2019 Skoda Octavia 1.0 TSI 115 PS DSG Style Test Sürüşü Talep Sayfası,2019 Skoda Octavia 1.0 TSI 115 PS DSG Style Ürün Kataloğu,"2 Yıl Sınırsız Km Mekanik
3 Yıl Boya
12 Yıl Paslanmazlık","Skoda Yol Yardımı 0212 216 4228
Skoda Yol Yardımı 0212 275 0121
Skoda Yol Yardımı 0800 211 4106",Var,,,,,Turbo,,3,999 cc,TSI - Doğrudan Enjeksiyon,10.0 saniye,202 km/s,200 nm,115 BG,Çek Cumhuriyeti > Almanya,,Binek,Style,,Sedan,2019,İçten Yanmalı (Standart),1034 tl/yıl,C,Octavia,Benzin,https://www.epey.com/araba/2019-skoda-octavia-1-0-tsi-115-ps-dsg-style.html,,,,,,110 g/km,4.8 lt,50 lt,,4.2 lt,5.9 lt,,,5 yıldız,2019 Skoda Octavia 1.0 TSI 115 PS DSG Style NCAP/ANCAP Web Sayfası,2013,Var,,,,,,,,,Önden Çekişli,Var,"ASR (Patinaj Önleme Sistemi)
MSR (Elektronik Motor Çekiş Kontrolü)",,,7 ileri,Otomatik,DSG (Yarı Otm.)
1295 kg,10.60 mt.,1814 mm,4670 mm,1461 mm,1530 lt,568 lt,,2019 Skoda Octavia 1.5 TSI 150 PS DSG Sport,2019 Skoda Octavia 1.5 TSI 150 PS DSG Sport Test Sürüşü Talep Sayfası,2019 Skoda Octavia 1.5 TSI 150 PS DSG Sport Ürün Kataloğu,"2 Yıl Sınırsız Km Mekanik
3 Yıl Boya
12 Yıl Paslanmazlık","Skoda Yol Yardımı 0212 216 4228
Skoda Yol Yardımı 0212 275 0121
Skoda Yol Yardımı 0800 211 4106",Var,,,,,Turbo,,4,1498 cc,TSI - Doğrudan Enjeksiyon,8.3 saniye,223 km/s,250 nm,150 BG,Çek Cumhuriyeti > Almanya,,Binek,Sport,,Sedan,2019,İçten Yanmalı (Standart),1800 tl/yıl,C,Octavia,Benzin,https://www.epey.com/araba/2019-skoda-octavia-1-5-tsi-150-ps-dsg-sport.html,,,,,,116 g/km,5.1 lt,50 lt,,4.3 lt,6.8 lt,,,5 yıldız,2019 Skoda Octavia 1.5 TSI 150 PS DSG Sport NCAP/ANCAP Web Sayfası,2013,Var,,,,,,,,,Önden Çekişli,Var,"ASR (Patinaj Önleme Sistemi)
MSR (Elektronik Motor Çekiş Kontrolü)",,,7 ileri,Otomatik,DSG (Yarı Otm.)
1295 kg,10.60 mt.,1814 mm,4670 mm,1461 mm,1530 lt,568 lt,,2019 Skoda Octavia 1.5 TSI 150 PS DSG Style,2019 Skoda Octavia 1.5 TSI 150 PS DSG Style Test Sürüşü Talep Sayfası,2019 Skoda Octavia 1.5 TSI 150 PS DSG Style Ürün Kataloğu,"2 Yıl Sınırsız Km Mekanik
3 Yıl Boya
12 Yıl Paslanmazlık","Skoda Yol Yardımı 0212 216 4228
Skoda Yol Yardımı 0212 275 0121
Skoda Yol Yardımı 0800 211 4106",Var,,,,,Turbo,,4,1498 cc,TSI - Doğrudan Enjeksiyon,8.3 saniye,223 km/s,250 nm,150 BG,Çek Cumhuriyeti > Almanya,,Binek,Style,,Sedan,2019,İçten Yanmalı (Standart),1800 tl/yıl,C,Octavia,Benzin,https://www.epey.com/araba/2019-skoda-octavia-1-5-tsi-150-ps-dsg-style.html,,,,,,116 g/km,5.1 lt,50 lt,,4.3 lt,6.8 lt,,,5 yıldız,2019 Skoda Octavia 1.5 TSI 150 PS DSG Style NCAP/ANCAP Web Sayfası,2013,Var,,,,,,,,,Önden Çekişli,Var,"ASR (Patinaj Önleme Sistemi)
MSR (Elektronik Motor Çekiş Kontrolü)",,,7 ileri,Otomatik,DSG (Yarı Otm.)
1348 kg,10.60 mt.,1814 mm,4670 mm,1461 mm,1530 lt,568 lt,,2019 Skoda Octavia 1.6 TDI 115 PS Ambition,2019 Skoda Octavia 1.6 TDI 115 PS Ambition Test Sürüşü Talep Sayfası,2019 Skoda Octavia 1.6 TDI 115 PS Ambition Ürün Kataloğu,"2 Yıl Sınırsız Km Mekanik
3 Yıl Boya
12 Yıl Paslanmazlık","Skoda Yol Yardımı 0212 216 4228
Skoda Yol Yardımı 0212 275 0121
Skoda Yol Yardımı 0800 211 4106",Var,,,,,Turbo,,4,1598 cc,Common Rail Direkt Enjeksiyon,10.2 saniye,205 km/s,250 nm,115 BG,Çek Cumhuriyeti > Almanya,,Binek,Ambition,,Sedan,2019,İçten Yanmalı (Standart),1800 tl/yıl,C,Octavia,Dizel,https://www.epey.com/araba/2019-skoda-octavia-1-6-tdi-115-ps-ambition.html,,,,,,107 g/km,4.1 lt,50 lt,,3.8 lt,4.8 lt,,,5 yıldız,2019 Skoda Octavia 1.6 TDI 115 PS Ambition NCAP/ANCAP Web Sayfası,2013,Var,,,,,,,,,Önden Çekişli,Var,"ASR (Patinaj Önleme Sistemi)
MSR (Elektronik Motor Çekiş Kontrolü)",,,6 ileri,Manuel,
1363 kg,10.60 mt.,1814 mm,4670 mm,1461 mm,1530 lt,568 lt,,2019 Skoda Octavia 1.6 TDI 115 PS DSG Ambition,2019 Skoda Octavia 1.6 TDI 115 PS DSG Ambition Test Sürüşü Talep Sayfası,2019 Skoda Octavia 1.6 TDI 115 PS DSG Ambition Ürün Kataloğu,"2 Yıl Sınırsız Km Mekanik
3 Yıl Boya
12 Yıl Paslanmazlık","Skoda Yol Yardımı 0212 216 4228
Skoda Yol Yardımı 0212 275 0121
Skoda Yol Yardımı 0800 211 4106",Var,,,,,Turbo,,4,1598 cc,Common Rail Direkt Enjeksiyon,10.4 saniye,204 km/s,250 nm,115 BG,Çek Cumhuriyeti > Almanya,,Binek,Ambition,,Sedan,2019,İçten Yanmalı (Standart),1800 tl/yıl,C,Octavia,Dizel,https://www.epey.com/araba/2019-skoda-octavia-1-6-tdi-115-ps-dsg-ambition.html,,,,,,103 g/km,3.9 lt,50 lt,,3.6 lt,4.4 lt,,,5 yıldız,2019 Skoda Octavia 1.6 TDI 115 PS DSG Ambition NCAP/ANCAP Web Sayfası,2013,Var,,,,,,,,,Önden Çekişli,Var,"ASR (Patinaj Önleme Sistemi)
MSR (Elektronik Motor Çekiş Kontrolü)",,,7 ileri,Otomatik,DSG (Yarı Otm.)
1363 kg,10.60 mt.,1814 mm,4670 mm,1461 mm,1530 lt,568 lt,,2019 Skoda Octavia 1.6 TDI 115 PS DSG Optimal,2019 Skoda Octavia 1.6 TDI 115 PS DSG Optimal Test Sürüşü Talep Sayfası,2019 Skoda Octavia 1.6 TDI 115 PS DSG Optimal Ürün Kataloğu,"2 Yıl Sınırsız Km Mekanik
3 Yıl Boya
12 Yıl Paslanmazlık","Skoda Yol Yardımı 0212 216 4228
Skoda Yol Yardımı 0212 275 0121
Skoda Yol Yardımı 0800 211 4106",Var,,,,,Turbo,,4,1598 cc,Common Rail Direkt Enjeksiyon,10.4 saniye,204 km/s,250 nm,115 BG,Çek Cumhuriyeti > Almanya,,Binek,Optimal,,Sedan,2019,İçten Yanmalı (Standart),1800 tl/yıl,C,Octavia,Dizel,https://www.epey.com/araba/2019-skoda-octavia-1-6-tdi-115-ps-dsg-optimal.html,,,,,,103 g/km,3.9 lt,50 lt,,3.6 lt,4.4 lt,,,5 yıldız,2019 Skoda Octavia 1.6 TDI 115 PS DSG Optimal NCAP/ANCAP Web Sayfası,2013,Var,,,,,,,,,Önden Çekişli,Var,"ASR (Patinaj Önleme Sistemi)
MSR (Elektronik Motor Çekiş Kontrolü)",,,7 ileri,Otomatik,DSG (Yarı Otm.)
1363 kg,10.60 mt.,1814 mm,4670 mm,1461 mm,1530 lt,568 lt,,2019 Skoda Octavia 1.6 TDI 115 PS DSG Style,2019 Skoda Octavia 1.6 TDI 115 PS DSG Style Test Sürüşü Talep Sayfası,2019 Skoda Octavia 1.6 TDI 115 PS DSG Style Ürün Kataloğu,"2 Yıl Sınırsız Km Mekanik
3 Yıl Boya
12 Yıl Paslanmazlık","Skoda Yol Yardımı 0212 216 4228
Skoda Yol Yardımı 0212 275 0121
Skoda Yol Yardımı 0800 211 4106",Var,,,,,Turbo,,4,1598 cc,Common Rail Direkt Enjeksiyon,10.4 saniye,204 km/s,250 nm,115 BG,Çek Cumhuriyeti > Almanya,,Binek,Style,,Sedan,2019,İçten Yanmalı (Standart),1800 tl/yıl,C,Octavia,Dizel,https://www.epey.com/araba/2019-skoda-octavia-1-6-tdi-115-ps-dsg-style.html,,,,,,103 g/km,3.9 lt,50 lt,,3.6 lt,4.4 lt,,,5 yıldız,2019 Skoda Octavia 1.6 TDI 115 PS DSG Style NCAP/ANCAP Web Sayfası,2013,Var,,,,,,,,,Önden Çekişli,Var,"ASR (Patinaj Önleme Sistemi)
MSR (Elektronik Motor Çekiş Kontrolü)",,,7 ileri,Otomatik,DSG (Yarı Otm.)
1348 kg,10.60 mt.,1814 mm,4670 mm,1461 mm,1530 lt,568 lt,,2019 Skoda Octavia 1.6 TDI 115 PS Style,2019 Skoda Octavia 1.6 TDI 115 PS Style Test Sürüşü Talep Sayfası,2019 Skoda Octavia 1.6 TDI 115 PS Style Ürün Kataloğu,"2 Yıl Sınırsız Km Mekanik
3 Yıl Boya
12 Yıl Paslanmazlık","Skoda Yol Yardımı 0212 216 4228
Skoda Yol Yardımı 0212 275 0121
Skoda Yol Yardımı 0800 211 4106",Var,,,,,Turbo,,4,1598 cc,Common Rail Direkt Enjeksiyon,10.2 saniye,205 km/s,250 nm,115 BG,Çek Cumhuriyeti > Almanya,,Binek,Style,,Sedan,2019,İçten Yanmalı (Standart),1800 tl/yıl,C,Octavia,Dizel,https://www.epey.com/araba/2019-skoda-octavia-1-6-tdi-115-ps-style.html,,,,,,107 g/km,4.1 lt,50 lt,,3.8 lt,4.8 lt,,,5 yıldız,2019 Skoda Octavia 1.6 TDI 115 PS Style NCAP/ANCAP Web Sayfası,2013,Var,,,,,,,,,Önden Çekişli,Var,"ASR (Patinaj Önleme Sistemi)
MSR (Elektronik Motor Çekiş Kontrolü)",,,6 ileri,Manuel,
1452 kg,,1864 mm,4861 mm,1468 mm,1730 lt,595 lt,,2019 Skoda Superb 1.5 TSI 150 HP Active,2019 Skoda Superb 1.5 TSI 150 HP Active Test Sürüşü Talep Sayfası,2019 Skoda Superb 1.5 TSI 150 HP Active Ürün Kataloğu,"2 Yıl Sınırsız Km Mekanik
3 Yıl Boya
12 Yıl Paslanmazlık","Skoda Yol Yardımı 0212 216 4228
Skoda Yol Yardımı 0212 275 0121
Skoda Yol Yardımı 0800 211 4106",Var,,,,,Turbo,,4,1498 cc,TSI - Doğrudan Enjeksiyon,8.7 saniye,217 km/s,250 nm,150 BG,Çek Cumhuriyeti > Almanya,,Binek,Active,,Sedan,2019,İçten Yanmalı (Standart),1800 tl/yıl,D,Superb,Benzin,https://www.epey.com/araba/2019-skoda-superb-1-5-tsi-150-hp-active.html,,,,,,122 g/km,5.4 lt,66 lt,Euro 6,4.6 lt,6.7 lt,,,5 yıldız,2019 Skoda Superb 1.5 TSI 150 HP Active NCAP/ANCAP Web Sayfası,2015,Var,,,,,,,,,Önden Çekişli,,,,,6 ileri,Manuel,
1467 kg,,1864 mm,4861 mm,1468 mm,1730 lt,595 lt,,2019 Skoda Superb 1.5 TSI 150 HP DSG Prestige,2019 Skoda Superb 1.5 TSI 150 HP DSG Prestige Test Sürüşü Talep Sayfası,2019 Skoda Superb 1.5 TSI 150 HP DSG Prestige Ürün Kataloğu,"2 Yıl Sınırsız Km Mekanik
3 Yıl Boya
12 Yıl Paslanmazlık","Skoda Yol Yardımı 0212 216 4228
Skoda Yol Yardımı 0212 275 0121
Skoda Yol Yardımı 0800 211 4106",Var,,,,,Turbo,,4,1498 cc,TSI - Doğrudan Enjeksiyon,8.9 saniye,216 km/s,250 nm,150 BG,Çek Cumhuriyeti > Almanya,,Binek,Prestige,,Sedan,2019,İçten Yanmalı (Standart),1800 tl/yıl,D,Superb,Benzin,https://www.epey.com/araba/2019-skoda-superb-1-5-tsi-150-hp-dsg-prestige.html,,,,,,123 g/km,5.4 lt,66 lt,Euro 6,4.7 lt,6.7 lt,,,5 yıldız,2019 Skoda Superb 1.5 TSI 150 HP DSG Prestige NCAP/ANCAP Web Sayfası,2015,Var,,,,,,,,,Önden Çekişli,,,,,7 ileri,Otomatik,DSG (Yarı Otm.)
1467 kg,,1864 mm,4861 mm,1468 mm,1730 lt,595 lt,,2019 Skoda Superb 1.5 TSI 150 HP DSG Style,2019 Skoda Superb 1.5 TSI 150 HP DSG Style Test Sürüşü Talep Sayfası,2019 Skoda Superb 1.5 TSI 150 HP DSG Style Ürün Kataloğu,"2 Yıl Sınırsız Km Mekanik
3 Yıl Boya
12 Yıl Paslanmazlık","Skoda Yol Yardımı 0212 216 4228
Skoda Yol Yardımı 0212 275 0121
Skoda Yol Yardımı 0800 211 4106",Var,,,,,Turbo,,4,1498 cc,TSI - Doğrudan Enjeksiyon,8.9 saniye,216 km/s,250 nm,150 BG,Çek Cumhuriyeti > Almanya,,Binek,Style,,Sedan,2019,İçten Yanmalı (Standart),1800 tl/yıl,D,Superb,Benzin,https://www.epey.com/araba/2019-skoda-superb-1-5-tsi-150-hp-dsg-style.html,,,,,,123 g/km,5.4 lt,66 lt,Euro 6,4.7 lt,6.7 lt,,,5 yıldız,2019 Skoda Superb 1.5 TSI 150 HP DSG Style NCAP/ANCAP Web Sayfası,2015,Var,,,,,,,,,Önden Çekişli,,,,,7 ileri,Otomatik,DSG (Yarı Otm.)
1510 kg,,1864 mm,4861 mm,1468 mm,1730 lt,595 lt,,2019 Skoda Superb 1.6 TDI 120 HP DSG Comfort,2019 Skoda Superb 1.6 TDI 120 HP DSG Comfort Test Sürüşü Talep Sayfası,2019 Skoda Superb 1.6 TDI 120 HP DSG Comfort Ürün Kataloğu,"2 Yıl Sınırsız Km Mekanik
3 Yıl Boya
12 Yıl Paslanmazlık","Skoda Yol Yardımı 0212 216 4228
Skoda Yol Yardımı 0212 275 0121
Skoda Yol Yardımı 0800 211 4106",Var,,,,,Turbo,,4,1598 cc,Common Rail Direkt Enjeksiyon,11.0 saniye,206 km/s,250 nm,120 BG,Çek Cumhuriyeti > Almanya,,Binek,Comfort,,Sedan,2019,İçten Yanmalı (Standart),1800 tl/yıl,D,Superb,Dizel,https://www.epey.com/araba/2019-skoda-superb-1-6-tdi-120-hp-dsg-comfort.html,,,,,,113 g/km,4.3 lt,66 lt,Euro 6,4.1 lt,4.7 lt,,,5 yıldız,2019 Skoda Superb 1.6 TDI 120 HP DSG Comfort NCAP/ANCAP Web Sayfası,2015,Var,,,,,,,,,Önden Çekişli,,,,,7 ileri,Otomatik,DSG (Yarı Otm.)
1510 kg,,1864 mm,4861 mm,1468 mm,1730 lt,595 lt,,2019 Skoda Superb 1.6 TDI 120 HP DSG Prestige,2019 Skoda Superb 1.6 TDI 120 HP DSG Prestige Test Sürüşü Talep Sayfası,2019 Skoda Superb 1.6 TDI 120 HP DSG Prestige Ürün Kataloğu,"2 Yıl Sınırsız Km Mekanik
3 Yıl Boya
12 Yıl Paslanmazlık","Skoda Yol Yardımı 0212 216 4228
Skoda Yol Yardımı 0212 275 0121
Skoda Yol Yardımı 0800 211 4106",Var,,,,,Turbo,,4,1598 cc,Common Rail Direkt Enjeksiyon,11.0 saniye,206 km/s,250 nm,120 BG,Çek Cumhuriyeti > Almanya,,Binek,Prestige,,Sedan,2019,İçten Yanmalı (Standart),1800 tl/yıl,D,Superb,Dizel,https://www.epey.com/araba/2019-skoda-superb-1-6-tdi-120-hp-dsg-prestige.html,,,,,,113 g/km,4.3 lt,66 lt,Euro 6,4.1 lt,4.7 lt,,,5 yıldız,2019 Skoda Superb 1.6 TDI 120 HP DSG Prestige NCAP/ANCAP Web Sayfası,2015,Var,,,,,,,,,Önden Çekişli,,,,,7 ileri,Otomatik,DSG (Yarı Otm.)
1510 kg,,1864 mm,4861 mm,1468 mm,1730 lt,595 lt,,2019 Skoda Superb 1.6 TDI 120 HP DSG Style,2019 Skoda Superb 1.6 TDI 120 HP DSG Style Test Sürüşü Talep Sayfası,2019 Skoda Superb 1.6 TDI 120 HP DSG Style Ürün Kataloğu,"2 Yıl Sınırsız Km Mekanik
3 Yıl Boya
12 Yıl Paslanmazlık","Skoda Yol Yardımı 0212 216 4228
Skoda Yol Yardımı 0212 275 0121
Skoda Yol Yardımı 0800 211 4106",Var,,,,,Turbo,,4,1598 cc,Common Rail Direkt Enjeksiyon,11.0 saniye,206 km/s,250 nm,120 BG,Çek Cumhuriyeti > Almanya,,Binek,Style,,Sedan,2019,İçten Yanmalı (Standart),1800 tl/yıl,D,Superb,Dizel,https://www.epey.com/araba/2019-skoda-superb-1-6-tdi-120-hp-dsg-style.html,,,,,,113 g/km,4.3 lt,66 lt,Euro 6,4.1 lt,4.7 lt,,,5 yıldız,2019 Skoda Superb 1.6 TDI 120 HP DSG Style NCAP/ANCAP Web Sayfası,2015,Var,,,,,,,,,Önden Çekişli,,,,,7 ileri,Otomatik,DSG (Yarı Otm.)
1655 kg,,1864 mm,4861 mm,1468 mm,1730 lt,595 lt,,2019 Skoda Superb 2.0 TDI 190 PS DSG L&K (4X4),2019 Skoda Superb 2.0 TDI 190 PS DSG L&K (4X4) Test Sürüşü Talep Sayfası,2019 Skoda Superb 2.0 TDI 190 PS DSG L&K (4X4) Ürün Kataloğu,"2 Yıl Sınırsız Km Mekanik
3 Yıl Boya
12 Yıl Paslanmazlık","Skoda Yol Yardımı 0212 216 4228
Skoda Yol Yardımı 0212 275 0121
Skoda Yol Yardımı 0800 211 4106",Var,,,,,Turbo,,4,1968 cc,Common Rail Direkt Enjeksiyon,8.0 saniye,228 km/s,400 nm,190 BG,Çek Cumhuriyeti > Almanya,,Binek,L&K,,Sedan,2019,İçten Yanmalı (Standart),5003 tl/yıl,D,Superb,Dizel,https://www.epey.com/araba/2019-skoda-superb-2-0-tdi-190-ps-dsg-lk-4x4.html,,,,,,135 g/km,5.1 lt,66 lt,Euro 6,4.7 lt,5.9 lt,,,5 yıldız,2019 Skoda Superb 2.0 TDI 190 PS DSG L&K (4X4) NCAP/ANCAP Web Sayfası,2015,Var,,,,,,,,,4x4 Çekişli,,,,,7 ileri,Otomatik,DSG (Yarı Otm.)
1395 kg,,1795 mm,4360 mm,1565 mm,,297 lt,,2019 Toyota C-HR 1.2 Turbo 116 PS Advance (4x2),2019 Toyota C-HR 1.2 Turbo 116 PS Advance (4x2) Test Sürüşü Talep Sayfası,2019 Toyota C-HR 1.2 Turbo 116 PS Advance (4x2) Ürün Kataloğu,"3 Yıl / 100 Bin Km Mekanik
3 Yıl Boya
12 Yıl Paslanmazlık","Toyota Asistanım 0212 233 3145
Toyota Asistanım 0800 211 6166
Toyota İletişim Merkezi 0212 354 0354",Var,,,,,Turbo,,4,1197 cc,Direkt Enjeksiyon,10.9 saniye,190 km/s,185 nm,116 BG,Japonya,,Binek,Advance,,SUV,2019,İçten Yanmalı (Standart),1034 tl/yıl,B,C-HR,Benzin,https://www.epey.com/araba/2019-toyota-c-hr-1-2-turbo-116-ps-advance-4x2.html,,,,,,135 g/km,5.9 lt,50 lt,Euro 6,5.3 lt,6.9 lt,,,5 yıldız,2019 Toyota C-HR 1.2 Turbo 116 PS Advance (4x2) NCAP/ANCAP Web Sayfası,2017,Var,,,,,,,,,Önden Çekişli,,,,,6 ileri,Manuel,
1465 kg,,1795 mm,4360 mm,1565 mm,,297 lt,,2019 Toyota C-HR 1.2 Turbo 116 PS Multidrive S Advance (4x2),2019 Toyota C-HR 1.2 Turbo 116 PS Multidrive S Advance (4x2) Test Sürüşü Talep Sayfası,2019 Toyota C-HR 1.2 Turbo 116 PS Multidrive S Advance (4x2) Ürün Kataloğu,"3 Yıl / 100 Bin Km Mekanik
3 Yıl Boya
12 Yıl Paslanmazlık","Toyota Asistanım 0212 233 3145
Toyota Asistanım 0800 211 6166
Toyota İletişim Merkezi 0212 354 0354",Var,,,,,Turbo,,4,1197 cc,Direkt Enjeksiyon,11.1 saniye,185 km/s,185 nm,116 BG,Japonya,,Binek,Advance,,SUV,2019,İçten Yanmalı (Standart),1034 tl/yıl,B,C-HR,Benzin,https://www.epey.com/araba/2019-toyota-c-hr-1-2-turbo-116-ps-multidrive-s-advance-4x2.html,,,,,,138 g/km,6.1 lt,50 lt,Euro 6,5.3 lt,7.4 lt,,,5 yıldız,2019 Toyota C-HR 1.2 Turbo 116 PS Multidrive S Advance (4x2) NCAP/ANCAP Web Sayfası,2017,Var,,,,,,,,,Önden Çekişli,,,,,,Otomatik,Multidrive S (Otomatik)
1465 kg,,1795 mm,4360 mm,1565 mm,,297 lt,,2019 Toyota C-HR 1.2 Turbo 116 PS Multidrive S Diamond (4x2),2019 Toyota C-HR 1.2 Turbo 116 PS Multidrive S Diamond (4x2) Test Sürüşü Talep Sayfası,2019 Toyota C-HR 1.2 Turbo 116 PS Multidrive S Diamond (4x2) Ürün Kataloğu,"3 Yıl / 100 Bin Km Mekanik
3 Yıl Boya
12 Yıl Paslanmazlık","Toyota Asistanım 0212 233 3145
Toyota Asistanım 0800 211 6166
Toyota İletişim Merkezi 0212 354 0354",Var,,,,,Turbo,,4,1197 cc,Direkt Enjeksiyon,11.1 saniye,185 km/s,185 nm,116 BG,Japonya,,Binek,Diamond,,SUV,2019,İçten Yanmalı (Standart),1034 tl/yıl,B,C-HR,Benzin,https://www.epey.com/araba/2019-toyota-c-hr-1-2-turbo-116-ps-multidrive-s-diamond-4x2.html,,,,,,138 g/km,6.1 lt,50 lt,Euro 6,5.3 lt,7.4 lt,,,5 yıldız,2019 Toyota C-HR 1.2 Turbo 116 PS Multidrive S Diamond (4x2) NCAP/ANCAP Web Sayfası,2017,Var,,,,,,,,,Önden Çekişli,,,,,,Otomatik,Multidrive S (Otomatik)
1535 kg,,1795 mm,4360 mm,1565 mm,,297 lt,,2019 Toyota C-HR 1.2 Turbo 116 PS Multidrive S Diamond (4x4),2019 Toyota C-HR 1.2 Turbo 116 PS Multidrive S Diamond (4x4) Test Sürüşü Talep Sayfası,2019 Toyota C-HR 1.2 Turbo 116 PS Multidrive S Diamond (4x4) Ürün Kataloğu,"3 Yıl / 100 Bin Km Mekanik
3 Yıl Boya
12 Yıl Paslanmazlık","Toyota Asistanım 0212 233 3145
Toyota Asistanım 0800 211 6166
Toyota İletişim Merkezi 0212 354 0354",Var,,,,,Turbo,,4,1197 cc,Direkt Enjeksiyon,11.4 saniye,180 km/s,185 nm,116 BG,Japonya,,Binek,Diamond,,SUV,2019,İçten Yanmalı (Standart),1034 tl/yıl,B,C-HR,Benzin,https://www.epey.com/araba/2019-toyota-c-hr-1-2-turbo-116-ps-multidrive-s-diamond-4x4.html,,,,,,152 g/km,6.7 lt,50 lt,Euro 6,5.9 lt,8.0 lt,,,5 yıldız,2019 Toyota C-HR 1.2 Turbo 116 PS Multidrive S Diamond (4x4) NCAP/ANCAP Web Sayfası,2017,Var,,,,,,,,,4x4 Çekişli,,,,,,Otomatik,Multidrive S (Otomatik)
1465 kg,,1795 mm,4360 mm,1565 mm,,297 lt,,2019 Toyota C-HR 1.2 Turbo 116 PS Multidrive S Dynamic (4x2),2019 Toyota C-HR 1.2 Turbo 116 PS Multidrive S Dynamic (4x2) Test Sürüşü Talep Sayfası,2019 Toyota C-HR 1.2 Turbo 116 PS Multidrive S Dynamic (4x2) Ürün Kataloğu,"3 Yıl / 100 Bin Km Mekanik
3 Yıl Boya
12 Yıl Paslanmazlık","Toyota Asistanım 0212 233 3145
Toyota Asistanım 0800 211 6166
Toyota İletişim Merkezi 0212 354 0354",Var,,,,,Turbo,,4,1197 cc,Direkt Enjeksiyon,11.1 saniye,185 km/s,185 nm,116 BG,Japonya,,Binek,Dynamic,,SUV,2019,İçten Yanmalı (Standart),1034 tl/yıl,B,C-HR,Benzin,https://www.epey.com/araba/2019-toyota-c-hr-1-2-turbo-116-ps-multidrive-s-dynamic-4x2.html,,,,,,138 g/km,6.1 lt,50 lt,Euro 6,5.3 lt,7.4 lt,,,5 yıldız,2019 Toyota C-HR 1.2 Turbo 116 PS Multidrive S Dynamic (4x2) NCAP/ANCAP Web Sayfası,2017,Var,,,,,,,,,Önden Çekişli,,,,,,Otomatik,Multidrive S (Otomatik)
1535 kg,,1795 mm,4360 mm,1565 mm,,297 lt,,2019 Toyota C-HR 1.2 Turbo 116 PS Multidrive S Dynamic (4x4),2019 Toyota C-HR 1.2 Turbo 116 PS Multidrive S Dynamic (4x4) Test Sürüşü Talep Sayfası,2019 Toyota C-HR 1.2 Turbo 116 PS Multidrive S Dynamic (4x4) Ürün Kataloğu,"3 Yıl / 100 Bin Km Mekanik
3 Yıl Boya
12 Yıl Paslanmazlık","Toyota Asistanım 0212 233 3145
Toyota Asistanım 0800 211 6166
Toyota İletişim Merkezi 0212 354 0354",Var,,,,,Turbo,,4,1197 cc,Direkt Enjeksiyon,11.4 saniye,180 km/s,185 nm,116 BG,Japonya,,Binek,Dynamic,,SUV,2019,İçten Yanmalı (Standart),1034 tl/yıl,B,C-HR,Benzin,https://www.epey.com/araba/2019-toyota-c-hr-1-2-turbo-116-ps-multidrive-s-dynamic-4x4.html,,,,,,152 g/km,6.7 lt,50 lt,Euro 6,5.9 lt,8.0 lt,,,5 yıldız,2019 Toyota C-HR 1.2 Turbo 116 PS Multidrive S Dynamic (4x4) NCAP/ANCAP Web Sayfası,2017,Var,,,,,,,,,4x4 Çekişli,,,,,,Otomatik,Multidrive S (Otomatik)
1455 kg,,1795 mm,4360 mm,1555 mm,,297 lt,,2019 Toyota C-HR 1.8 Hybrid 122 PS e-CVT Advance (4x2),2019 Toyota C-HR 1.8 Hybrid 122 PS e-CVT Advance (4x2) Test Sürüşü Talep Sayfası,2019 Toyota C-HR 1.8 Hybrid 122 PS e-CVT Advance (4x2) Ürün Kataloğu,"3 Yıl / 100 Bin Km Mekanik
3 Yıl Boya
12 Yıl Paslanmazlık","Toyota Asistanım 0212 233 3145
Toyota Asistanım 0800 211 6166
Toyota İletişim Merkezi 0212 354 0354",Var,163 nm,,Nikel-Metal Hidrid (NiMH),,Atmosferik,,4,1798 cc,EFI (Elektronik Yakıt Püskürtme),11.0 saniye,170 km/s,142 nm,122 BG,Japonya,,Binek,Advance,,SUV,2019,HEV (Benzinli & Elektrikli),1455 tl/yıl,B,C-HR,Benzin & Elektrik,https://www.epey.com/araba/2019-toyota-c-hr-1-8-hybrid-122-ps-e-cvt-advance-4x2.html,,,,,,86 g/km,3.8 lt,50 lt,Euro 6,3.4 lt,4.0 lt,,,5 yıldız,2019 Toyota C-HR 1.8 Hybrid 122 PS e-CVT Advance (4x2) NCAP/ANCAP Web Sayfası,2017,Var,,,,,,,,,Önden Çekişli,,,,,,Otomatik,e-CVT (Elk.Kont.Sürekli Değişken)
1455 kg,,1795 mm,4360 mm,1555 mm,,297 lt,,2019 Toyota C-HR 1.8 Hybrid 122 PS e-CVT Diamond (4x2),2019 Toyota C-HR 1.8 Hybrid 122 PS e-CVT Diamond (4x2) Test Sürüşü Talep Sayfası,2019 Toyota C-HR 1.8 Hybrid 122 PS e-CVT Diamond (4x2) Ürün Kataloğu,"3 Yıl / 100 Bin Km Mekanik
3 Yıl Boya
12 Yıl Paslanmazlık","Toyota Asistanım 0212 233 3145
Toyota Asistanım 0800 211 6166
Toyota İletişim Merkezi 0212 354 0354",Var,163 nm,,Nikel-Metal Hidrid (NiMH),,Atmosferik,,4,1798 cc,EFI (Elektronik Yakıt Püskürtme),11.0 saniye,170 km/s,142 nm,122 BG,Japonya,,Binek,Diamond,,SUV,2019,HEV (Benzinli & Elektrikli),1455 tl/yıl,B,C-HR,Benzin & Elektrik,https://www.epey.com/araba/2019-toyota-c-hr-1-8-hybrid-122-ps-e-cvt-diamond-4x2.html,,,,,,86 g/km,3.8 lt,50 lt,Euro 6,3.4 lt,4.0 lt,,,5 yıldız,2019 Toyota C-HR 1.8 Hybrid 122 PS e-CVT Diamond (4x2) NCAP/ANCAP Web Sayfası,2017,Var,,,,,,,,,Önden Çekişli,,,,,,Otomatik,e-CVT (Elk.Kont.Sürekli Değişken)
1455 kg,,1795 mm,4360 mm,1555 mm,,297 lt,,2019 Toyota C-HR 1.8 Hybrid 122 PS e-CVT Dynamic (4x2),2019 Toyota C-HR 1.8 Hybrid 122 PS e-CVT Dynamic (4x2) Test Sürüşü Talep Sayfası,2019 Toyota C-HR 1.8 Hybrid 122 PS e-CVT Dynamic (4x2) Ürün Kataloğu,"3 Yıl / 100 Bin Km Mekanik
3 Yıl Boya
12 Yıl Paslanmazlık","Toyota Asistanım 0212 233 3145
Toyota Asistanım 0800 211 6166
Toyota İletişim Merkezi 0212 354 0354",Var,163 nm,,Nikel-Metal Hidrid (NiMH),,Atmosferik,,4,1798 cc,EFI (Elektronik Yakıt Püskürtme),11.0 saniye,170 km/s,142 nm,122 BG,Japonya,,Binek,Dynamic,,SUV,2019,HEV (Benzinli & Elektrikli),1455 tl/yıl,B,C-HR,Benzin & Elektrik,https://www.epey.com/araba/2019-toyota-c-hr-1-8-hybrid-122-ps-e-cvt-dynamic-4x2.html,,,,,,86 g/km,3.8 lt,50 lt,Euro 6,3.4 lt,4.0 lt,,,5 yıldız,2019 Toyota C-HR 1.8 Hybrid 122 PS e-CVT Dynamic (4x2) NCAP/ANCAP Web Sayfası,2017,Var,,,,,,,,,Önden Çekişli,,,,,,Otomatik,e-CVT (Elk.Kont.Sürekli Değişken)
1670 kg,,1840 mm,4885 mm,1445 mm,,524 lt,,2019 Toyota Camry Hibrit 2.5 218 HP e-CVT Passion,,2019 Toyota Camry Hibrit 2.5 218 HP e-CVT Passion Ürün Kataloğu,"3 Yıl / 100 Bin Km Mekanik
3 Yıl Boya
12 Yıl Paslanmazlık","Toyota Asistanım 0212 233 3145
Toyota Asistanım 0800 211 6166
Toyota İletişim Merkezi 0212 354 0354",Var,202 nm,6.5 kW/sa,Nikel-Metal Hidrid (NiMH),,,,4,2487 cc,D4S (Direk & Port Enjeksiyon),8.3 saniye,180 km/s,221 nm,218 BG,Japonya,,Binek,Passion,,Sedan,2019,HEV (Benzinli & Elektrikli),7505 tl/yıl,D,Camry,Benzin & Elektrik,https://www.epey.com/araba/2019-toyota-camry-hibrit-2-5-218-hp-e-cvt-passion.html,,,,,,98 g/km,4.3 lt,50 lt,Euro 6,4.2 lt,4.8 lt,,,,,,,,,,,,,,,Önden Çekişli,,,,,,Otomatik,e-CVT
1265 kg,,1780 mm,4630 mm,1435 mm,,471 lt,,2019 Toyota Corolla 1.6 132 PS Dream,2019 Toyota Corolla 1.6 132 PS Dream Test Sürüşü Talep Sayfası,2019 Toyota Corolla 1.6 132 PS Dream Ürün Kataloğu,"3 Yıl / 100 Bin Km Mekanik
3 Yıl Boya
12 Yıl Paslanmazlık","Toyota Asistanım 0212 233 3145
Toyota Asistanım 0800 211 6166
Toyota İletişim Merkezi 0212 354 0354",Var,,,,,Atmosferik,,4,1598 cc,EFI (Elektronik Yakıt Püskürtme),9.7 saniye,200 km/s,159 nm,132 BG,Japonya,Sedan,Binek,Dream,,Sedan,2019,İçten Yanmalı (Standart),1800 tl/yıl,C,Corolla,Benzin,https://www.epey.com/araba/2019-toyota-corolla-1-6-132-ps-dream.html,,,,,,138 g/km,6.0 lt,50 lt,,4.9 lt,8.0 lt,,,5 yıldız,2019 Toyota Corolla 1.6 132 PS Dream NCAP/ANCAP Web Sayfası,2013,Var,,,,,,,,,Önden Çekişli,,,,,6 ileri,Manuel,
1265 kg,,1780 mm,4630 mm,1435 mm,,471 lt,,2019 Toyota Corolla 1.6 132 PS Flame X-Pack,2019 Toyota Corolla 1.6 132 PS Flame X-Pack Test Sürüşü Talep Sayfası,2019 Toyota Corolla 1.6 132 PS Flame X-Pack Ürün Kataloğu,"3 Yıl / 100 Bin Km Mekanik
3 Yıl Boya
12 Yıl Paslanmazlık","Toyota Asistanım 0212 233 3145
Toyota Asistanım 0800 211 6166
Toyota İletişim Merkezi 0212 354 0354",Var,,,,,Atmosferik,,4,1598 cc,EFI (Elektronik Yakıt Püskürtme),9.7 saniye,200 km/s,159 nm,132 BG,Japonya,Sedan,Binek,Flame X-Pack,,Sedan,2019,İçten Yanmalı (Standart),1800 tl/yıl,C,Corolla,Benzin,https://www.epey.com/araba/2019-toyota-corolla-1-6-132-ps-flame-x-pack.html,,,,,,138 g/km,6.0 lt,50 lt,,4.9 lt,8.0 lt,,,5 yıldız,2019 Toyota Corolla 1.6 132 PS Flame X-Pack NCAP/ANCAP Web Sayfası,2013,Var,,,,,,,,,Önden Çekişli,,,,,6 ileri,Manuel,
1265 kg,,1780 mm,4630 mm,1435 mm,,471 lt,,2019 Toyota Corolla 1.6 132 PS Flame,2019 Toyota Corolla 1.6 132 PS Flame Test Sürüşü Talep Sayfası,2019 Toyota Corolla 1.6 132 PS Flame Ürün Kataloğu,"3 Yıl / 100 Bin Km Mekanik
3 Yıl Boya
12 Yıl Paslanmazlık","Toyota Asistanım 0212 233 3145
Toyota Asistanım 0800 211 6166
Toyota İletişim Merkezi 0212 354 0354",Var,,,,,Atmosferik,,4,1598 cc,EFI (Elektronik Yakıt Püskürtme),9.7 saniye,200 km/s,159 nm,132 BG,Japonya,Sedan,Binek,Flame,,Sedan,2019,İçten Yanmalı (Standart),1800 tl/yıl,C,Corolla,Benzin,https://www.epey.com/araba/2019-toyota-corolla-1-6-132-ps-flame.html,,,,,,138 g/km,6.0 lt,50 lt,,4.9 lt,8.0 lt,,,5 yıldız,2019 Toyota Corolla 1.6 132 PS Flame NCAP/ANCAP Web Sayfası,2013,Var,,,,,,,,,Önden Çekişli,,,,,6 ileri,Manuel,
1280 kg,,1780 mm,4630 mm,1435 mm,,471 lt,,2019 Toyota Corolla 1.6 132 PS Multidrive S Dream,2019 Toyota Corolla 1.6 132 PS Multidrive S Dream Test Sürüşü Talep Sayfası,2019 Toyota Corolla 1.6 132 PS Multidrive S Dream Ürün Kataloğu,"3 Yıl / 100 Bin Km Mekanik
3 Yıl Boya
12 Yıl Paslanmazlık","Toyota Asistanım 0212 233 3145
Toyota Asistanım 0800 211 6166
Toyota İletişim Merkezi 0212 354 0354",Var,,,,,Atmosferik,,4,1598 cc,EFI (Elektronik Yakıt Püskürtme),10.2 saniye,190 km/s,159 nm,132 BG,Japonya,Sedan,Binek,Dream,,Sedan,2019,İçten Yanmalı (Standart),1800 tl/yıl,C,Corolla,Benzin,https://www.epey.com/araba/2019-toyota-corolla-1-6-132-ps-multidrive-s-dream.html,,,,,,133 g/km,5.8 lt,50 lt,,4.8 lt,7.6 lt,,,5 yıldız,2019 Toyota Corolla 1.6 132 PS Multidrive S Dream NCAP/ANCAP Web Sayfası,2013,Var,,,,,,,,,Önden Çekişli,,,,,,Otomatik,Multidrive S (Otomatik)
1280 kg,,1780 mm,4630 mm,1435 mm,,471 lt,,2019 Toyota Corolla 1.6 132 PS Multidrive S Flame X-Pack,2019 Toyota Corolla 1.6 132 PS Multidrive S Flame X-Pack Test Sürüşü Talep Sayfası,2019 Toyota Corolla 1.6 132 PS Multidrive S Flame X-Pack Ürün Kataloğu,"3 Yıl / 100 Bin Km Mekanik
3 Yıl Boya
12 Yıl Paslanmazlık","Toyota Asistanım 0212 233 3145
Toyota Asistanım 0800 211 6166
Toyota İletişim Merkezi 0212 354 0354",Var,,,,,Atmosferik,,4,1598 cc,EFI (Elektronik Yakıt Püskürtme),10.2 saniye,190 km/s,159 nm,132 BG,Japonya,Sedan,Binek,Flame X-Pack,,Sedan,2019,İçten Yanmalı (Standart),1800 tl/yıl,C,Corolla,Benzin,https://www.epey.com/araba/2019-toyota-corolla-1-6-132-ps-multidrive-s-flame-x-pack.html,,,,,,133 g/km,5.8 lt,50 lt,,4.8 lt,7.6 lt,,,5 yıldız,2019 Toyota Corolla 1.6 132 PS Multidrive S Flame X-Pack NCAP/ANCAP Web Sayfası,2013,Var,,,,,,,,,Önden Çekişli,,,,,,Otomatik,Multidrive S (Otomatik)
1280 kg,,1780 mm,4630 mm,1435 mm,,471 lt,,2019 Toyota Corolla 1.6 132 PS Multidrive S Flame,2019 Toyota Corolla 1.6 132 PS Multidrive S Flame Test Sürüşü Talep Sayfası,2019 Toyota Corolla 1.6 132 PS Multidrive S Flame Ürün Kataloğu,"3 Yıl / 100 Bin Km Mekanik
3 Yıl Boya
12 Yıl Paslanmazlık","Toyota Asistanım 0212 233 3145
Toyota Asistanım 0800 211 6166
Toyota İletişim Merkezi 0212 354 0354",Var,,,,,Atmosferik,,4,1598 cc,EFI (Elektronik Yakıt Püskürtme),10.2 saniye,190 km/s,159 nm,132 BG,Japonya,Sedan,Binek,Flame,,Sedan,2019,İçten Yanmalı (Standart),1800 tl/yıl,C,Corolla,Benzin,https://www.epey.com/araba/2019-toyota-corolla-1-6-132-ps-multidrive-s-flame.html,,,,,,133 g/km,5.8 lt,50 lt,,4.8 lt,7.6 lt,,,5 yıldız,2019 Toyota Corolla 1.6 132 PS Multidrive S Flame NCAP/ANCAP Web Sayfası,2013,Var,,,,,,,,,Önden Çekişli,,,,,,Otomatik,Multidrive S (Otomatik)
1280 kg,,1780 mm,4630 mm,1435 mm,,471 lt,,2019 Toyota Corolla 1.6 132 PS Multidrive S Passion X-Pack,2019 Toyota Corolla 1.6 132 PS Multidrive S Passion X-Pack Test Sürüşü Talep Sayfası,2019 Toyota Corolla 1.6 132 PS Multidrive S Passion X-Pack Ürün Kataloğu,"3 Yıl / 100 Bin Km Mekanik
3 Yıl Boya
12 Yıl Paslanmazlık","Toyota Asistanım 0212 233 3145
Toyota Asistanım 0800 211 6166
Toyota İletişim Merkezi 0212 354 0354",Var,,,,,Atmosferik,,4,1598 cc,EFI (Elektronik Yakıt Püskürtme),10.2 saniye,190 km/s,159 nm,132 BG,Japonya,Sedan,Binek,Passion X-Pack,,Sedan,2019,İçten Yanmalı (Standart),1800 tl/yıl,C,Corolla,Benzin,https://www.epey.com/araba/2019-toyota-corolla-1-6-132-ps-multidrive-s-passion-x-pack.html,,,,,,133 g/km,5.8 lt,50 lt,,4.8 lt,7.6 lt,,,5 yıldız,2019 Toyota Corolla 1.6 132 PS Multidrive S Passion X-Pack NCAP/ANCAP Web Sayfası,2013,Var,,,,,,,,,Önden Çekişli,,,,,,Otomatik,Multidrive S (Otomatik)
1280 kg,,1780 mm,4630 mm,1435 mm,,471 lt,,2019 Toyota Corolla 1.6 132 PS Multidrive S Passion,2019 Toyota Corolla 1.6 132 PS Multidrive S Passion Test Sürüşü Talep Sayfası,2019 Toyota Corolla 1.6 132 PS Multidrive S Passion Ürün Kataloğu,"3 Yıl / 100 Bin Km Mekanik
3 Yıl Boya
12 Yıl Paslanmazlık","Toyota Asistanım 0212 233 3145
Toyota Asistanım 0800 211 6166
Toyota İletişim Merkezi 0212 354 0354",Var,,,,,Atmosferik,,4,1598 cc,EFI (Elektronik Yakıt Püskürtme),10.2 saniye,190 km/s,159 nm,132 BG,Japonya,Sedan,Binek,Passion,,Sedan,2019,İçten Yanmalı (Standart),1800 tl/yıl,C,Corolla,Benzin,https://www.epey.com/araba/2019-toyota-corolla-1-6-132-ps-multidrive-s-passion.html,,,,,,133 g/km,5.8 lt,50 lt,,4.8 lt,7.6 lt,,,5 yıldız,2019 Toyota Corolla 1.6 132 PS Multidrive S Passion NCAP/ANCAP Web Sayfası,2013,Var,,,,,,,,,Önden Çekişli,,,,,,Otomatik,Multidrive S (Otomatik)
1280 kg,,1780 mm,4630 mm,1435 mm,,471 lt,,2019 Toyota Corolla 1.6 132 PS Multidrive S Vision,2019 Toyota Corolla 1.6 132 PS Multidrive S Vision Test Sürüşü Talep Sayfası,2019 Toyota Corolla 1.6 132 PS Multidrive S Vision Ürün Kataloğu,"3 Yıl / 100 Bin Km Mekanik
3 Yıl Boya
12 Yıl Paslanmazlık","Toyota Asistanım 0212 233 3145
Toyota Asistanım 0800 211 6166
Toyota İletişim Merkezi 0212 354 0354",Var,,,,,Atmosferik,,4,1598 cc,EFI (Elektronik Yakıt Püskürtme),10.2 saniye,190 km/s,159 nm,132 BG,Japonya,Sedan,Binek,Vision,,Sedan,2019,İçten Yanmalı (Standart),1800 tl/yıl,C,Corolla,Benzin,https://www.epey.com/araba/2019-toyota-corolla-1-6-132-ps-multidrive-s-vision.html,,,,,,133 g/km,5.8 lt,50 lt,,4.8 lt,7.6 lt,,,5 yıldız,2019 Toyota Corolla 1.6 132 PS Multidrive S Vision NCAP/ANCAP Web Sayfası,2013,Var,,,,,,,,,Önden Çekişli,,,,,,Otomatik,Multidrive S (Otomatik)
1265 kg,,1780 mm,4630 mm,1435 mm,,471 lt,,2019 Toyota Corolla 1.6 132 PS Passion X-Pack,2019 Toyota Corolla 1.6 132 PS Passion X-Pack Test Sürüşü Talep Sayfası,2019 Toyota Corolla 1.6 132 PS Passion X-Pack Ürün Kataloğu,"3 Yıl / 100 Bin Km Mekanik
3 Yıl Boya
12 Yıl Paslanmazlık","Toyota Asistanım 0212 233 3145
Toyota Asistanım 0800 211 6166
Toyota İletişim Merkezi 0212 354 0354",Var,,,,,Atmosferik,,4,1598 cc,EFI (Elektronik Yakıt Püskürtme),9.7 saniye,200 km/s,159 nm,132 BG,Japonya,Sedan,Binek,Passion X-Pack,,Sedan,2019,İçten Yanmalı (Standart),1800 tl/yıl,C,Corolla,Benzin,https://www.epey.com/araba/2019-toyota-corolla-1-6-132-ps-passion-x-pack.html,,,,,,138 g/km,6.0 lt,50 lt,,4.9 lt,8.0 lt,,,5 yıldız,2019 Toyota Corolla 1.6 132 PS Passion X-Pack NCAP/ANCAP Web Sayfası,2013,Var,,,,,,,,,Önden Çekişli,,,,,6 ileri,Manuel,
1265 kg,,1780 mm,4630 mm,1435 mm,,471 lt,,2019 Toyota Corolla 1.6 132 PS Passion,2019 Toyota Corolla 1.6 132 PS Passion Test Sürüşü Talep Sayfası,2019 Toyota Corolla 1.6 132 PS Passion Ürün Kataloğu,"3 Yıl / 100 Bin Km Mekanik
3 Yıl Boya
12 Yıl Paslanmazlık","Toyota Asistanım 0212 233 3145
Toyota Asistanım 0800 211 6166
Toyota İletişim Merkezi 0212 354 0354",Var,,,,,Atmosferik,,4,1598 cc,EFI (Elektronik Yakıt Püskürtme),9.7 saniye,200 km/s,159 nm,132 BG,Japonya,Sedan,Binek,Passion,,Sedan,2019,İçten Yanmalı (Standart),1800 tl/yıl,C,Corolla,Benzin,https://www.epey.com/araba/2019-toyota-corolla-1-6-132-ps-passion.html,,,,,,138 g/km,6.0 lt,50 lt,,4.9 lt,8.0 lt,,,5 yıldız,2019 Toyota Corolla 1.6 132 PS Passion NCAP/ANCAP Web Sayfası,2013,Var,,,,,,,,,Önden Çekişli,,,,,6 ileri,Manuel,
1265 kg,,1780 mm,4630 mm,1435 mm,,471 lt,,2019 Toyota Corolla 1.6 132 PS Vision,2019 Toyota Corolla 1.6 132 PS Vision Test Sürüşü Talep Sayfası,2019 Toyota Corolla 1.6 132 PS Vision Ürün Kataloğu,"3 Yıl / 100 Bin Km Mekanik
3 Yıl Boya
12 Yıl Paslanmazlık","Toyota Asistanım 0212 233 3145
Toyota Asistanım 0800 211 6166
Toyota İletişim Merkezi 0212 354 0354",Var,,,,,Atmosferik,,4,1598 cc,EFI (Elektronik Yakıt Püskürtme),9.7 saniye,200 km/s,159 nm,132 BG,Japonya,Sedan,Binek,Vision,,Sedan,2019,İçten Yanmalı (Standart),1800 tl/yıl,C,Corolla,Benzin,https://www.epey.com/araba/2019-toyota-corolla-1-6-132-ps-vision.html,,,,,,138 g/km,6.0 lt,50 lt,,4.9 lt,8.0 lt,,,5 yıldız,2019 Toyota Corolla 1.6 132 PS Vision NCAP/ANCAP Web Sayfası,2013,Var,,,,,,,,,Önden Çekişli,,,,,6 ileri,Manuel,
1385 kg,,1780 mm,4630 mm,1435 mm,,471 lt,,2019 Toyota Corolla 1.8 Hybrid 122 PS e-CVT Dream,2019 Toyota Corolla 1.8 Hybrid 122 PS e-CVT Dream Test Sürüşü Talep Sayfası,2019 Toyota Corolla 1.8 Hybrid 122 PS e-CVT Dream Ürün Kataloğu,"3 Yıl / 100 Bin Km Mekanik
3 Yıl Boya
12 Yıl Paslanmazlık","Toyota Asistanım 0212 233 3145
Toyota Asistanım 0800 211 6166
Toyota İletişim Merkezi 0212 354 0354",Var,163 nm,,Nikel-Metal Hidrid (NiMH),,Atmosferik,,4,1798 cc,EFI (Elektronik Yakıt Püskürtme),11.0 saniye,180 km/s,142 nm,122 BG,Japonya,Sedan,Binek,Dream,,Sedan,2019,HEV (Benzinli & Elektrikli),1455 tl/yıl,C,Corolla,Benzin & Elektrik,https://www.epey.com/araba/2019-toyota-corolla-1-8-hybrid-122-ps-e-cvt-dream.html,,,,,,87 g/km,3.8 lt,43 lt,,3.9 lt,3.6 lt,,,5 yıldız,2019 Toyota Corolla 1.8 Hybrid 122 PS e-CVT Dream NCAP/ANCAP Web Sayfası,2013,Var,,,,,,,,,Önden Çekişli,,,,,,Otomatik,e-CVT (Elk.Kont.Sürekli Değişken)
1385 kg,,1780 mm,4630 mm,1435 mm,,471 lt,,2019 Toyota Corolla 1.8 Hybrid 122 PS e-CVT Flame X-Pack,2019 Toyota Corolla 1.8 Hybrid 122 PS e-CVT Flame X-Pack Test Sürüşü Talep Sayfası,2019 Toyota Corolla 1.8 Hybrid 122 PS e-CVT Flame X-Pack Ürün Kataloğu,"3 Yıl / 100 Bin Km Mekanik
3 Yıl Boya
12 Yıl Paslanmazlık","Toyota Asistanım 0212 233 3145
Toyota Asistanım 0800 211 6166
Toyota İletişim Merkezi 0212 354 0354",Var,163 nm,,Nikel-Metal Hidrid (NiMH),,Atmosferik,,4,1798 cc,EFI (Elektronik Yakıt Püskürtme),11.0 saniye,180 km/s,142 nm,122 BG,Japonya,Sedan,Binek,Flame X-Pack,,Sedan,2019,HEV (Benzinli & Elektrikli),1455 tl/yıl,C,Corolla,Benzin & Elektrik,https://www.epey.com/araba/2019-toyota-corolla-1-8-hybrid-122-ps-e-cvt-flame-x-pack.html,,,,,,87 g/km,3.8 lt,43 lt,,3.9 lt,3.6 lt,,,5 yıldız,2019 Toyota Corolla 1.8 Hybrid 122 PS e-CVT Flame X-Pack NCAP/ANCAP Web Sayfası,2013,Var,,,,,,,,,Önden Çekişli,,,,,,Otomatik,e-CVT (Elk.Kont.Sürekli Değişken)
1385 kg,,1780 mm,4630 mm,1435 mm,,471 lt,,2019 Toyota Corolla 1.8 Hybrid 122 PS e-CVT Flame,2019 Toyota Corolla 1.8 Hybrid 122 PS e-CVT Flame Test Sürüşü Talep Sayfası,2019 Toyota Corolla 1.8 Hybrid 122 PS e-CVT Flame Ürün Kataloğu,"3 Yıl / 100 Bin Km Mekanik
3 Yıl Boya
12 Yıl Paslanmazlık","Toyota Asistanım 0212 233 3145
Toyota Asistanım 0800 211 6166
Toyota İletişim Merkezi 0212 354 0354",Var,163 nm,,Nikel-Metal Hidrid (NiMH),,Atmosferik,,4,1798 cc,EFI (Elektronik Yakıt Püskürtme),11.0 saniye,180 km/s,142 nm,122 BG,Japonya,Sedan,Binek,Flame,,Sedan,2019,HEV (Benzinli & Elektrikli),1455 tl/yıl,C,Corolla,Benzin & Elektrik,https://www.epey.com/araba/2019-toyota-corolla-1-8-hybrid-122-ps-e-cvt-flame.html,,,,,,87 g/km,3.8 lt,43 lt,,3.9 lt,3.6 lt,,,5 yıldız,2019 Toyota Corolla 1.8 Hybrid 122 PS e-CVT Flame NCAP/ANCAP Web Sayfası,2013,Var,,,,,,,,,Önden Çekişli,,,,,,Otomatik,e-CVT (Elk.Kont.Sürekli Değişken)
1385 kg,,1780 mm,4630 mm,1435 mm,,471 lt,,2019 Toyota Corolla 1.8 Hybrid 122 PS e-CVT Passion X-Pack,2019 Toyota Corolla 1.8 Hybrid 122 PS e-CVT Passion X-Pack Test Sürüşü Talep Sayfası,2019 Toyota Corolla 1.8 Hybrid 122 PS e-CVT Passion X-Pack Ürün Kataloğu,"3 Yıl / 100 Bin Km Mekanik
3 Yıl Boya
12 Yıl Paslanmazlık","Toyota Asistanım 0212 233 3145
Toyota Asistanım 0800 211 6166
Toyota İletişim Merkezi 0212 354 0354",Var,163 nm,,Nikel-Metal Hidrid (NiMH),,Atmosferik,,4,1798 cc,EFI (Elektronik Yakıt Püskürtme),11.0 saniye,180 km/s,142 nm,122 BG,Japonya,Sedan,Binek,Passion X-Pack,,Sedan,2019,HEV (Benzinli & Elektrikli),1455 tl/yıl,C,Corolla,Benzin & Elektrik,https://www.epey.com/araba/2019-toyota-corolla-1-8-hybrid-122-ps-e-cvt-passion-x-pack.html,,,,,,87 g/km,3.8 lt,43 lt,,3.9 lt,3.6 lt,,,5 yıldız,2019 Toyota Corolla 1.8 Hybrid 122 PS e-CVT Passion X-Pack NCAP/ANCAP Web Sayfası,2013,Var,,,,,,,,,Önden Çekişli,,,,,,Otomatik,e-CVT (Elk.Kont.Sürekli Değişken)
1385 kg,,1780 mm,4630 mm,1435 mm,,471 lt,,2019 Toyota Corolla 1.8 Hybrid 122 PS e-CVT Passion,2019 Toyota Corolla 1.8 Hybrid 122 PS e-CVT Passion Test Sürüşü Talep Sayfası,2019 Toyota Corolla 1.8 Hybrid 122 PS e-CVT Passion Ürün Kataloğu,"3 Yıl / 100 Bin Km Mekanik
3 Yıl Boya
12 Yıl Paslanmazlık","Toyota Asistanım 0212 233 3145
Toyota Asistanım 0800 211 6166
Toyota İletişim Merkezi 0212 354 0354",Var,163 nm,,Nikel-Metal Hidrid (NiMH),,Atmosferik,,4,1798 cc,EFI (Elektronik Yakıt Püskürtme),11.0 saniye,180 km/s,142 nm,122 BG,Japonya,Sedan,Binek,Passion,,Sedan,2019,HEV (Benzinli & Elektrikli),1455 tl/yıl,C,Corolla,Benzin & Elektrik,https://www.epey.com/araba/2019-toyota-corolla-1-8-hybrid-122-ps-e-cvt-passion.html,,,,,,87 g/km,3.8 lt,43 lt,,3.9 lt,3.6 lt,,,5 yıldız,2019 Toyota Corolla 1.8 Hybrid 122 PS e-CVT Passion NCAP/ANCAP Web Sayfası,2013,Var,,,,,,,,,Önden Çekişli,,,,,,Otomatik,e-CVT (Elk.Kont.Sürekli Değişken)
1385 kg,,1780 mm,4630 mm,1435 mm,,471 lt,,2019 Toyota Corolla 1.8 Hybrid 122 PS e-CVT Vision,2019 Toyota Corolla 1.8 Hybrid 122 PS e-CVT Vision Test Sürüşü Talep Sayfası,2019 Toyota Corolla 1.8 Hybrid 122 PS e-CVT Vision Ürün Kataloğu,"3 Yıl / 100 Bin Km Mekanik
3 Yıl Boya
12 Yıl Paslanmazlık","Toyota Asistanım 0212 233 3145
Toyota Asistanım 0800 211 6166
Toyota İletişim Merkezi 0212 354 0354",Var,163 nm,,Nikel-Metal Hidrid (NiMH),,Atmosferik,,4,1798 cc,EFI (Elektronik Yakıt Püskürtme),11.0 saniye,180 km/s,142 nm,122 BG,Japonya,Sedan,Binek,Vision,,Sedan,2019,HEV (Benzinli & Elektrikli),1455 tl/yıl,C,Corolla,Benzin & Elektrik,https://www.epey.com/araba/2019-toyota-corolla-1-8-hybrid-122-ps-e-cvt-vision.html,,,,,,87 g/km,3.8 lt,43 lt,,3.9 lt,3.6 lt,,,5 yıldız,2019 Toyota Corolla 1.8 Hybrid 122 PS e-CVT Vision NCAP/ANCAP Web Sayfası,2013,Var,,,,,,,,,Önden Çekişli,,,,,,Otomatik,e-CVT (Elk.Kont.Sürekli Değişken)
980 kg,9.60 mt.,1695 mm,3945 mm,1520 mm,,286 lt,,2019 Toyota Yaris 1.0 69 PS Life,2019 Toyota Yaris 1.0 69 PS Life Test Sürüşü Talep Sayfası,2019 Toyota Yaris 1.0 69 PS Life Ürün Kataloğu,"3 Yıl / 100 Bin Km Mekanik
3 Yıl Boya
12 Yıl Paslanmazlık","Toyota Asistanım 0212 233 3145
Toyota Asistanım 0800 211 6166",Var,,,,,Atmosferik,,3,998 cc,Elektronik Doğrudan Enjeksiyon,15.3 saniye,155 km/s,95 nm,69 BG,Japonya,,Binek,Life,,Hatchback,2019,İçten Yanmalı (Standart),1034 tl/yıl,B,Yaris,Benzin,https://www.epey.com/araba/2019-toyota-yaris-1-0-69-ps-life.html,,,,,,109 g/km,4.7 lt,42 lt,Euro 6,4.2 lt,5.6 lt,,,5 yıldız,2019 Toyota Yaris 1.0 69 PS Life NCAP/ANCAP Web Sayfası,2017,Var,,,,,,,,,Önden Çekişli,,,,,5 ileri,Manuel,
1045 kg,9.60 mt.,1695 mm,3945 mm,1520 mm,,286 lt,,2019 Toyota Yaris 1.5 111 PS Fun Special,2019 Toyota Yaris 1.5 111 PS Fun Special Test Sürüşü Talep Sayfası,2019 Toyota Yaris 1.5 111 PS Fun Special Ürün Kataloğu,"3 Yıl / 100 Bin Km Mekanik
3 Yıl Boya
12 Yıl Paslanmazlık","Toyota Asistanım 0212 233 3145
Toyota Asistanım 0800 211 6166",Var,,,,,Atmosferik,,4,1496 cc,Elektronik Doğrudan Enjeksiyon,11.0 saniye,175 km/s,136 nm,111 BG,Japonya,,Binek,Fun Special,,Hatchback,2019,İçten Yanmalı (Standart),1800 tl/yıl,B,Yaris,Benzin,https://www.epey.com/araba/2019-toyota-yaris-1-5-111-ps-fun-special.html,,,,,,109 g/km,4.7 lt,42 lt,Euro 6,4.2 lt,5.6 lt,,,5 yıldız,2019 Toyota Yaris 1.5 111 PS Fun Special NCAP/ANCAP Web Sayfası,2017,Var,,,,,,,,,Önden Çekişli,,,,,6 ileri,Manuel,
1065 kg,9.60 mt.,1695 mm,3945 mm,1520 mm,,286 lt,,2019 Toyota Yaris 1.5 111 PS Multidrive S Fun Special,2019 Toyota Yaris 1.5 111 PS Multidrive S Fun Special Test Sürüşü Talep Sayfası,2019 Toyota Yaris 1.5 111 PS Multidrive S Fun Special Ürün Kataloğu,"3 Yıl / 100 Bin Km Mekanik
3 Yıl Boya
12 Yıl Paslanmazlık","Toyota Asistanım 0212 233 3145
Toyota Asistanım 0800 211 6166",Var,,,,,Atmosferik,,4,1496 cc,Elektronik Doğrudan Enjeksiyon,11.2 saniye,175 km/s,136 nm,111 BG,Japonya,,Binek,Fun Special,,Hatchback,2019,İçten Yanmalı (Standart),1800 tl/yıl,B,Yaris,Benzin,https://www.epey.com/araba/2019-toyota-yaris-1-5-111-ps-multidrive-s-fun-special.html,,,,,,108 g/km,4.8 lt,42 lt,Euro 6,4.1 lt,6.0 lt,,,5 yıldız,2019 Toyota Yaris 1.5 111 PS Multidrive S Fun Special NCAP/ANCAP Web Sayfası,2017,Var,,,,,,,,,Önden Çekişli,,,,,,Otomatik,Multidrive S (Otomatik)
1065 kg,9.60 mt.,1695 mm,3945 mm,1520 mm,,286 lt,,2019 Toyota Yaris 1.5 111 PS Multidrive S Style X-Trend,2019 Toyota Yaris 1.5 111 PS Multidrive S Style X-Trend Test Sürüşü Talep Sayfası,2019 Toyota Yaris 1.5 111 PS Multidrive S Style X-Trend Ürün Kataloğu,"3 Yıl / 100 Bin Km Mekanik
3 Yıl Boya
12 Yıl Paslanmazlık","Toyota Asistanım 0212 233 3145
Toyota Asistanım 0800 211 6166",Var,,,,,Atmosferik,,4,1496 cc,Elektronik Doğrudan Enjeksiyon,11.2 saniye,175 km/s,136 nm,111 BG,Japonya,,Binek,Style X-Trend,,Hatchback,2019,İçten Yanmalı (Standart),1800 tl/yıl,B,Yaris,Benzin,https://www.epey.com/araba/2019-toyota-yaris-1-5-111-ps-multidrive-s-style-x-trend.html,,,,,,108 g/km,4.8 lt,42 lt,Euro 6,4.1 lt,6.0 lt,,,5 yıldız,2019 Toyota Yaris 1.5 111 PS Multidrive S Style X-Trend NCAP/ANCAP Web Sayfası,2017,Var,,,,,,,,,Önden Çekişli,,,,,,Otomatik,Multidrive S (Otomatik)
1165 kg,11.00 mt.,1695 mm,3945 mm,1520 mm,,286 lt,,2019 Toyota Yaris 1.5 Hybrid 100 PS e-CVT Cool,2019 Toyota Yaris 1.5 Hybrid 100 PS e-CVT Cool Test Sürüşü Talep Sayfası,2019 Toyota Yaris 1.5 Hybrid 100 PS e-CVT Cool Ürün Kataloğu,"3 Yıl / 100 Bin Km Mekanik
3 Yıl Boya
12 Yıl Paslanmazlık","Toyota Asistanım 0212 233 3145
Toyota Asistanım 0800 211 6166",Var,169 nm,18.6 kW/sa,Nikel-Metal Hidrid (NiMH),,Atmosferik,,4,1497 cc,EFI (Elektronik Yakıt Püskürtme),12.0 saniye,165 km/s,111 nm,100 BG,Japonya,,Binek,Cool,,Hatchback,2019,HEV (Benzinli & Elektrikli),,B,Yaris,Benzin & Elektrik,https://www.epey.com/araba/2019-toyota-yaris-1-5-hybrid-100-ps-e-cvt-cool.html,,,,,,82 g/km,3.6 lt,36 lt,Euro 6,3.6 lt,3.3 lt,,,5 yıldız,2019 Toyota Yaris 1.5 Hybrid 100 PS e-CVT Cool NCAP/ANCAP Web Sayfası,2017,Var,,,,,,,,,Önden Çekişli,,,,,,Otomatik,e-CVT (Elk.Kont.Sürekli Değişken)
1165 kg,11.00 mt.,1695 mm,3945 mm,1520 mm,,286 lt,,2019 Toyota Yaris 1.5 Hybrid 100 PS e-CVT Spirit X-Trend,2019 Toyota Yaris 1.5 Hybrid 100 PS e-CVT Spirit X-Trend Test Sürüşü Talep Sayfası,2019 Toyota Yaris 1.5 Hybrid 100 PS e-CVT Spirit X-Trend Ürün Kataloğu,"3 Yıl / 100 Bin Km Mekanik
3 Yıl Boya
12 Yıl Paslanmazlık","Toyota Asistanım 0212 233 3145
Toyota Asistanım 0800 211 6166",Var,169 nm,18.6 kW/sa,Nikel-Metal Hidrid (NiMH),,Atmosferik,,4,1497 cc,EFI (Elektronik Yakıt Püskürtme),12.0 saniye,165 km/s,111 nm,100 BG,Japonya,,Binek,Spirit X-Trend,,Hatchback,2019,HEV (Benzinli & Elektrikli),,B,Yaris,Benzin & Elektrik,https://www.epey.com/araba/2019-toyota-yaris-1-5-hybrid-100-ps-e-cvt-spirit-x-trend.html,,,,,,82 g/km,3.6 lt,36 lt,Euro 6,3.6 lt,3.3 lt,,,5 yıldız,2019 Toyota Yaris 1.5 Hybrid 100 PS e-CVT Spirit X-Trend NCAP/ANCAP Web Sayfası,2017,Var,,,,,,,,,Önden Çekişli,,,,,,Otomatik,e-CVT (Elk.Kont.Sürekli Değişken)
2039 kg,11.90 mt.,1954 mm,5254 mm,1834 mm,,,,2019 Volkswagen Amarok 3.0 TDI 204 PS Canyon (4x4),,2019 Volkswagen Amarok 3.0 TDI 204 PS Canyon (4x4) Ürün Kataloğu,"2 Yıl Sınırsız Km Mekanik
3 Yıl Boya
12 Yıl Paslanmazlık","Volkswagen Çağrı24 0212 335 0404
Volkswagen Çağrı24 0800 211 0870",Var,,,,,Değişken Geometrili Turbo,,6,2967 cc,Common Rail Direkt Enjeksiyon,8.3 saniye,189 km/s,500 nm,204 BG,Almanya,,Ticari,Canyon,,Pick-Up,2019,İçten Yanmalı (Standart),9591 tl/yıl,Mini Ticari,Amarok,Dizel,https://www.epey.com/araba/2019-volkswagen-amarok-3-0-tdi-204-ps-canyon-4x4.html,,,,,,,8.7 lt,80 lt,Euro 6,7.7 lt,10.4 lt,,,4 yıldız,2019 Volkswagen Amarok 3.0 TDI 204 PS Canyon (4x4) NCAP/ANCAP Web Sayfası,2010,Var,,620 kg,2820 kg,1620 mm,1555 mm,,1222 mm,,4x4 Çekişli,,,,,6 ileri,Manuel,
2039 kg,11.90 mt.,1954 mm,5254 mm,1834 mm,,,,2019 Volkswagen Amarok 3.0 TDI 204 PS Highline (4x4),,2019 Volkswagen Amarok 3.0 TDI 204 PS Highline (4x4) Ürün Kataloğu,"2 Yıl Sınırsız Km Mekanik
3 Yıl Boya
12 Yıl Paslanmazlık","Volkswagen Çağrı24 0212 335 0404
Volkswagen Çağrı24 0800 211 0870",Var,,,,,Değişken Geometrili Turbo,,6,2967 cc,Common Rail Direkt Enjeksiyon,8.3 saniye,189 km/s,500 nm,204 BG,Almanya,,Ticari,Highline,,Pick-Up,2019,İçten Yanmalı (Standart),9591 tl/yıl,Mini Ticari,Amarok,Dizel,https://www.epey.com/araba/2019-volkswagen-amarok-3-0-tdi-204-ps-highline-4x4.html,,,,,,,8.7 lt,80 lt,Euro 6,7.7 lt,10.4 lt,,,4 yıldız,2019 Volkswagen Amarok 3.0 TDI 204 PS Highline (4x4) NCAP/ANCAP Web Sayfası,2010,Var,,620 kg,2820 kg,1620 mm,1555 mm,,1222 mm,,4x4 Çekişli,,,,,6 ileri,Manuel,
2286 kg,11.90 mt.,1954 mm,5254 mm,1834 mm,,,,2019 Volkswagen Amarok 3.0 TDI 204 PS Otomatik Canyon (4x4),,2019 Volkswagen Amarok 3.0 TDI 204 PS Otomatik Canyon (4x4) Ürün Kataloğu,"2 Yıl Sınırsız Km Mekanik
3 Yıl Boya
12 Yıl Paslanmazlık","Volkswagen Çağrı24 0212 335 0404
Volkswagen Çağrı24 0800 211 0870",Var,,,,,Değişken Geometrili Turbo,,6,2967 cc,Common Rail Direkt Enjeksiyon,9.0 saniye,186 km/s,500 nm,204 BG,Almanya,,Ticari,Canyon,,Pick-Up,2019,İçten Yanmalı (Standart),9591 tl/yıl,Mini Ticari,Amarok,Dizel,https://www.epey.com/araba/2019-volkswagen-amarok-3-0-tdi-204-ps-otomatik-canyon-4x4.html,,,,,,,8.1 lt,80 lt,Euro 6,4.6 lt,9.0 lt,,,4 yıldız,2019 Volkswagen Amarok 3.0 TDI 204 PS Otomatik Canyon (4x4) NCAP/ANCAP Web Sayfası,2010,Var,,620 kg,2820 kg,1620 mm,1555 mm,,1222 mm,,4x4 Çekişli,,,,,8 ileri,Otomatik,
2286 kg,11.90 mt.,1954 mm,5254 mm,1834 mm,,,,2019 Volkswagen Amarok 3.0 TDI 204 PS Otomatik Highline (4x4),,2019 Volkswagen Amarok 3.0 TDI 204 PS Otomatik Highline (4x4) Ürün Kataloğu,"2 Yıl Sınırsız Km Mekanik
3 Yıl Boya
12 Yıl Paslanmazlık","Volkswagen Çağrı24 0212 335 0404
Volkswagen Çağrı24 0800 211 0870",Var,,,,,Değişken Geometrili Turbo,,6,2967 cc,Common Rail Direkt Enjeksiyon,9.0 saniye,186 km/s,500 nm,204 BG,Almanya,,Ticari,Highline,,Pick-Up,2019,İçten Yanmalı (Standart),9591 tl/yıl,Mini Ticari,Amarok,Dizel,https://www.epey.com/araba/2019-volkswagen-amarok-3-0-tdi-204-ps-otomatik-highline-4x4.html,,,,,,,8.1 lt,80 lt,Euro 6,7.6 lt,9.0 lt,,,4 yıldız,2019 Volkswagen Amarok 3.0 TDI 204 PS Otomatik Highline (4x4) NCAP/ANCAP Web Sayfası,2010,Var,,620 kg,2820 kg,1620 mm,1555 mm,,1222 mm,,4x4 Çekişli,,,,,8 ileri,Otomatik,
2053 kg,,1954 mm,5254 mm,1834 mm,,,,2019 Volkswagen Amarok 3.0 TDI 258 PS Otomatik Aventura (4x4),,2019 Volkswagen Amarok 3.0 TDI 258 PS Otomatik Aventura (4x4) Ürün Kataloğu,"2 Yıl Sınırsız Km Mekanik
3 Yıl Boya
12 Yıl Paslanmazlık","Volkswagen Çağrı24 0212 335 0404
Volkswagen Çağrı24 0800 211 0870",Var,,,,,Değişken Geometrili Turbo,,6,2967 cc,Common Rail Direkt Enjeksiyon,7.6 saniye,205 km/s,580 nm,258 BG,Almanya,,Ticari,Aventura,,Pick-Up,2019,İçten Yanmalı (Standart),9591 tl/yıl,Mini Ticari,Amarok,Dizel,https://www.epey.com/araba/2019-volkswagen-amarok-3-0-tdi-258-ps-otomatik-aventura-4x4.html,,,,,,,8.4 lt,80 lt,Euro 6,7.9 lt,9.2 lt,,,4 yıldız,2019 Volkswagen Amarok 3.0 TDI 258 PS Otomatik Aventura (4x4) NCAP/ANCAP Web Sayfası,2010,Var,,620 kg,2820 kg,1620 mm,1555 mm,,1222 mm,,4x4 Çekişli,,,,,8 ileri,Otomatik,
1339 kg,11.10 mt.,1793 mm,4408 mm,1858 mm,2852 lt,750 lt,,2019 Volkswagen Caddy 1.4 TSI 125 PS DSG Comfortline,,2019 Volkswagen Caddy 1.4 TSI 125 PS DSG Comfortline Ürün Kataloğu,"2 Yıl Sınırsız Km Mekanik
3 Yıl Boya
12 Yıl Paslanmazlık","Volkswagen Çağrı24 0212 335 0404
Volkswagen Çağrı24 0800 211 0870",Var,,,,,Turbo,,4,1395 cc,Elektronik Doğrudan Enjeksiyon,10.9 saniye,183 km/s,220 nm,125 BG,Almanya,Combi,Ticari,Comfortline,,Kombi,2019,İçten Yanmalı (Standart),1372 tl/yıl,Hafif Ticari,Caddy,Benzin,https://www.epey.com/araba/2019-volkswagen-caddy-1-4-tsi-125-ps-dsg-comfortline.html,,,,,,137 g/km,6.0 lt,55 lt,Euro 6,5.5 lt,6.9 lt,,,4 yıldız,2019 Volkswagen Caddy 1.4 TSI 125 PS DSG Comfortline NCAP/ANCAP Web Sayfası,2015,Var,,,,,,,,,Önden Çekişli,,,,,7 ileri,Otomatik,DSG (Yarı Otm.)
1382 kg,11.10 mt.,1793 mm,4430 mm,1861 mm,2852 lt,750 lt,,2019 Volkswagen Caddy 2.0 TDI 102 PS Alltrack,,2019 Volkswagen Caddy 2.0 TDI 102 PS Alltrack Ürün Kataloğu,"2 Yıl Sınırsız Km Mekanik
3 Yıl Boya
12 Yıl Paslanmazlık","Volkswagen Çağrı24 0212 335 0404
Volkswagen Çağrı24 0800 211 0870",Var,,,,,Değişken Geometrili Turbo,,4,1968 cc,Common Rail Direkt Enjeksiyon,12.9 saniye,172 km/s,250 nm,102 BG,Almanya,Combi,Ticari,Alltrack,,Kombi,2019,İçten Yanmalı (Standart),2064 tl/yıl,Hafif Ticari,Caddy,Dizel,https://www.epey.com/araba/2019-volkswagen-caddy-2-0-tdi-102-ps-alltrack.html,,,,,,130 g/km,4.9 lt,55 lt,Euro 6,4.4 lt,5.9 lt,,,4 yıldız,2019 Volkswagen Caddy 2.0 TDI 102 PS Alltrack NCAP/ANCAP Web Sayfası,2015,Var,,,,,,,,,Önden Çekişli,,,,,5 ileri,Manuel,
1382 kg,11.10 mt.,1793 mm,4408 mm,1858 mm,2852 lt,750 lt,,2019 Volkswagen Caddy 2.0 TDI 102 PS Comfortline,,2019 Volkswagen Caddy 2.0 TDI 102 PS Comfortline Ürün Kataloğu,"2 Yıl Sınırsız Km Mekanik
3 Yıl Boya
12 Yıl Paslanmazlık","Volkswagen Çağrı24 0212 335 0404
Volkswagen Çağrı24 0800 211 0870",Var,,,,,Değişken Geometrili Turbo,,4,1968 cc,Common Rail Direkt Enjeksiyon,12.9 saniye,172 km/s,250 nm,102 BG,Almanya,Combi,Ticari,Comfortline,,Kombi,2019,İçten Yanmalı (Standart),2064 tl/yıl,Hafif Ticari,Caddy,Dizel,https://www.epey.com/araba/2019-volkswagen-caddy-2-0-tdi-102-ps-comfortline.html,,,,,,130 g/km,4.9 lt,55 lt,Euro 6,4.4 lt,5.9 lt,,,4 yıldız,2019 Volkswagen Caddy 2.0 TDI 102 PS Comfortline NCAP/ANCAP Web Sayfası,2015,Var,,,,,,,,,Önden Çekişli,,,,,5 ileri,Manuel,
1417 kg,11.10 mt.,1793 mm,4430 mm,1861 mm,2852 lt,750 lt,,2019 Volkswagen Caddy 2.0 TDI 102 PS DSG Alltrack,,2019 Volkswagen Caddy 2.0 TDI 102 PS DSG Alltrack Ürün Kataloğu,"2 Yıl Sınırsız Km Mekanik
3 Yıl Boya
12 Yıl Paslanmazlık","Volkswagen Çağrı24 0212 335 0404
Volkswagen Çağrı24 0800 211 0870",Var,,,,,Değişken Geometrili Turbo,,4,1968 cc,Common Rail Direkt Enjeksiyon,13.0 saniye,170 km/s,250 nm,102 BG,Almanya,Combi,Ticari,Alltrack,,Kombi,2019,İçten Yanmalı (Standart),2064 tl/yıl,Hafif Ticari,Caddy,Dizel,https://www.epey.com/araba/2019-volkswagen-caddy-2-0-tdi-102-ps-dsg-alltrack.html,,,,,,137 g/km,5.2 lt,55 lt,Euro 6,4.8 lt,5.9 lt,,,4 yıldız,2019 Volkswagen Caddy 2.0 TDI 102 PS DSG Alltrack NCAP/ANCAP Web Sayfası,2015,Var,,,,,,,,,Önden Çekişli,,,,,6 ileri,Otomatik,DSG (Yarı Otm.)
1417 kg,11.10 mt.,1793 mm,4408 mm,1858 mm,2852 lt,750 lt,,2019 Volkswagen Caddy 2.0 TDI 102 PS DSG Comfortline,,2019 Volkswagen Caddy 2.0 TDI 102 PS DSG Comfortline Ürün Kataloğu,"2 Yıl Sınırsız Km Mekanik
3 Yıl Boya
12 Yıl Paslanmazlık","Volkswagen Çağrı24 0212 335 0404
Volkswagen Çağrı24 0800 211 0870",Var,,,,,Değişken Geometrili Turbo,,4,1968 cc,Common Rail Direkt Enjeksiyon,13.0 saniye,170 km/s,250 nm,102 BG,Almanya,Combi,Ticari,Comfortline,,Kombi,2019,İçten Yanmalı (Standart),2064 tl/yıl,Hafif Ticari,Caddy,Dizel,https://www.epey.com/araba/2019-volkswagen-caddy-2-0-tdi-102-ps-dsg-comfortline.html,,,,,,137 g/km,5.2 lt,55 lt,Euro 6,4.8 lt,5.9 lt,,,4 yıldız,2019 Volkswagen Caddy 2.0 TDI 102 PS DSG Comfortline NCAP/ANCAP Web Sayfası,2015,Var,,,,,,,,,Önden Çekişli,,,,,6 ileri,Otomatik,DSG (Yarı Otm.)
1417 kg,11.10 mt.,1793 mm,4408 mm,1858 mm,2852 lt,750 lt,,2019 Volkswagen Caddy 2.0 TDI 102 PS DSG Exclusive,,2019 Volkswagen Caddy 2.0 TDI 102 PS DSG Exclusive Ürün Kataloğu,"2 Yıl Sınırsız Km Mekanik
3 Yıl Boya
12 Yıl Paslanmazlık","Volkswagen Çağrı24 0212 335 0404
Volkswagen Çağrı24 0800 211 0870",Var,,,,,Değişken Geometrili Turbo,,4,1968 cc,Common Rail Direkt Enjeksiyon,13.0 saniye,170 km/s,250 nm,102 BG,Almanya,Combi,Ticari,Exclusive,,Kombi,2019,İçten Yanmalı (Standart),2064 tl/yıl,Hafif Ticari,Caddy,Dizel,https://www.epey.com/araba/2019-volkswagen-caddy-2-0-tdi-102-ps-dsg-exclusive.html,,,,,,137 g/km,5.2 lt,55 lt,Euro 6,4.8 lt,5.9 lt,,,4 yıldız,2019 Volkswagen Caddy 2.0 TDI 102 PS DSG Exclusive NCAP/ANCAP Web Sayfası,2015,Var,,,,,,,,,Önden Çekişli,,,,,6 ileri,Otomatik,DSG (Yarı Otm.)
1417 kg,11.10 mt.,1793 mm,4408 mm,1858 mm,2852 lt,750 lt,,2019 Volkswagen Caddy 2.0 TDI 102 PS DSG Trendline,,2019 Volkswagen Caddy 2.0 TDI 102 PS DSG Trendline Ürün Kataloğu,"2 Yıl Sınırsız Km Mekanik
3 Yıl Boya
12 Yıl Paslanmazlık","Volkswagen Çağrı24 0212 335 0404
Volkswagen Çağrı24 0800 211 0870",Var,,,,,Değişken Geometrili Turbo,,4,1968 cc,Common Rail Direkt Enjeksiyon,13.0 saniye,170 km/s,250 nm,102 BG,Almanya,Combi,Ticari,Trendline,,Kombi,2019,İçten Yanmalı (Standart),2064 tl/yıl,Hafif Ticari,Caddy,Dizel,https://www.epey.com/araba/2019-volkswagen-caddy-2-0-tdi-102-ps-dsg-trendline.html,,,,,,137 g/km,5.2 lt,55 lt,Euro 6,4.8 lt,5.9 lt,,,4 yıldız,2019 Volkswagen Caddy 2.0 TDI 102 PS DSG Trendline NCAP/ANCAP Web Sayfası,2015,Var,,,,,,,,,Önden Çekişli,,,,,6 ileri,Otomatik,DSG (Yarı Otm.)
1382 kg,11.10 mt.,1793 mm,4408 mm,1858 mm,2852 lt,750 lt,,2019 Volkswagen Caddy 2.0 TDI 102 PS Exclusive,,2019 Volkswagen Caddy 2.0 TDI 102 PS Exclusive Ürün Kataloğu,"2 Yıl Sınırsız Km Mekanik
3 Yıl Boya
12 Yıl Paslanmazlık","Volkswagen Çağrı24 0212 335 0404
Volkswagen Çağrı24 0800 211 0870",Var,,,,,Değişken Geometrili Turbo,,4,1968 cc,Common Rail Direkt Enjeksiyon,12.9 saniye,172 km/s,250 nm,102 BG,Almanya,Combi,Ticari,Exclusive,,Kombi,2019,İçten Yanmalı (Standart),2064 tl/yıl,Hafif Ticari,Caddy,Dizel,https://www.epey.com/araba/2019-volkswagen-caddy-2-0-tdi-102-ps-exclusive.html,,,,,,130 g/km,4.9 lt,55 lt,Euro 6,4.4 lt,5.9 lt,,,4 yıldız,2019 Volkswagen Caddy 2.0 TDI 102 PS Exclusive NCAP/ANCAP Web Sayfası,2015,Var,,,,,,,,,Önden Çekişli,,,,,5 ileri,Manuel,
1382 kg,11.10 mt.,1793 mm,4408 mm,1858 mm,2852 lt,750 lt,,2019 Volkswagen Caddy 2.0 TDI 102 PS Trendline,,2019 Volkswagen Caddy 2.0 TDI 102 PS Trendline Ürün Kataloğu,"2 Yıl Sınırsız Km Mekanik
3 Yıl Boya
12 Yıl Paslanmazlık","Volkswagen Çağrı24 0212 335 0404
Volkswagen Çağrı24 0800 211 0870",Var,,,,,Değişken Geometrili Turbo,,4,1968 cc,Common Rail Direkt Enjeksiyon,12.9 saniye,172 km/s,250 nm,102 BG,Almanya,Combi,Ticari,Trendline,,Kombi,2019,İçten Yanmalı (Standart),2064 tl/yıl,Hafif Ticari,Caddy,Dizel,https://www.epey.com/araba/2019-volkswagen-caddy-2-0-tdi-102-ps-trendline.html,,,,,,130 g/km,4.9 lt,55 lt,Euro 6,4.4 lt,5.9 lt,,,4 yıldız,2019 Volkswagen Caddy 2.0 TDI 102 PS Trendline NCAP/ANCAP Web Sayfası,2015,Var,,,,,,,,,Önden Çekişli,,,,,5 ileri,Manuel,
1513 kg,12.20 mt.,1793 mm,4976 mm,1872 mm,,,,2019 Volkswagen Caddy Maxi Van 2.0 TDI 102 PS DSG,,2019 Volkswagen Caddy Maxi Van 2.0 TDI 102 PS DSG Ürün Kataloğu,"2 Yıl Sınırsız Km Mekanik
3 Yıl Boya
12 Yıl Paslanmazlık","Volkswagen Çağrı24 0212 335 0404
Volkswagen Çağrı24 0800 211 0870",Var,,,,,Turbo,"BlueMotion Teknolojisi (Yakıt Verimliliği)
SCR (Seçimli Katalitik İndirgeme)
VTG (Değişken Geometrili Turboşarj)",4,1968 cc,Common Rail Direkt Enjeksiyon,12.6 saniye,170 km/s,250 nm,102 BG,Almanya,Panelvan,Ticari,Standart,,Panelvan,2019,İçten Yanmalı (Standart),1867 tl/yıl,Hafif Ticari,Caddy,Dizel,https://www.epey.com/araba/2019-volkswagen-caddy-maxi-van-2-0-tdi-102-ps-dsg.html,,,,,,,5.1 lt,55 lt,Euro 6,4.8 lt,5.7 lt,,,,,,,4.2 m³,2326 kg,2280 kg,1532 mm,2249 mm,1259 mm,1168 mm,,Önden Çekişli,,,,,6 ileri,Otomatik,DSG (Yarı Otm.)
1477 kg,12.20 mt.,1793 mm,4976 mm,1872 mm,,,,2019 Volkswagen Caddy Maxi Van 2.0 TDI 102 PS,,2019 Volkswagen Caddy Maxi Van 2.0 TDI 102 PS Ürün Kataloğu,"2 Yıl Sınırsız Km Mekanik
3 Yıl Boya
12 Yıl Paslanmazlık","Volkswagen Çağrı24 0212 335 0404
Volkswagen Çağrı24 0800 211 0870",Var,,,,,Turbo,"BlueMotion Teknolojisi (Yakıt Verimliliği)
SCR (Seçimli Katalitik İndirgeme)
VTG (Değişken Geometrili Turboşarj)",4,1968 cc,Common Rail Direkt Enjeksiyon,12.5 saniye,172 km/s,250 nm,102 BG,Almanya,Panelvan,Ticari,Standart,,Panelvan,2019,İçten Yanmalı (Standart),1867 tl/yıl,Hafif Ticari,Caddy,Dizel,https://www.epey.com/araba/2019-volkswagen-caddy-maxi-van-2-0-tdi-102-ps.html,,,,,,,5.9 lt,55 lt,Euro 6,4.4 lt,5.8 lt,,,,,,,4.2 m³,2299 kg,2280 kg,1532 mm,2249 mm,1259 mm,1168 mm,,Önden Çekişli,,,,,5 ileri,Manuel,
1353 kg,10.90 mt.,1790 mm,4258 mm,1492 mm,,380 lt,,2019 Volkswagen Golf 1.0 TSI 110 PS DSG Comfortline,2019 Volkswagen Golf 1.0 TSI 110 PS DSG Comfortline Test Sürüşü Talep Sayfası,2019 Volkswagen Golf 1.0 TSI 110 PS DSG Comfortline Ürün Kataloğu,"2 Yıl Mekanik
3 Yıl Boya
12 Yıl Paslanmazlık","Volkswagen Çağrı24 0212 335 0404
Volkswagen Çağrı24 0800 211 0870",Var,,,,,Turbo,,3,999 cc,Elektronik Doğrudan Enjeksiyon,9.9 saniye,196 km/s,200 nm,110 BG,Almanya,,Binek,Comfortline,,Hatchback,2019,İçten Yanmalı (Standart),1034 tl/yıl,C,Golf,Benzin,https://www.epey.com/araba/2019-volkswagen-golf-1-0-tsi-110-ps-dsg-comfortline.html,,,,,,120 g/km,5.2 lt,50 lt,Euro 6,4.7 lt,6.1 lt,,Var,5 yıldız,2019 Volkswagen Golf 1.0 TSI 110 PS DSG Comfortline NCAP/ANCAP Web Sayfası,2019,Var,,,,,,,,,Önden Çekişli,,,,,7 ileri,Otomatik,DSG (Yarı Otm.)
1353 kg,10.90 mt.,1790 mm,4258 mm,1492 mm,,380 lt,,2019 Volkswagen Golf 1.0 TSI 110 PS DSG Highline,2019 Volkswagen Golf 1.0 TSI 110 PS DSG Highline Test Sürüşü Talep Sayfası,2019 Volkswagen Golf 1.0 TSI 110 PS DSG Highline Ürün Kataloğu,"2 Yıl Mekanik
3 Yıl Boya
12 Yıl Paslanmazlık","Volkswagen Çağrı24 0212 335 0404
Volkswagen Çağrı24 0800 211 0870",Var,,,,,Turbo,,3,999 cc,Elektronik Doğrudan Enjeksiyon,9.9 saniye,196 km/s,200 nm,110 BG,Almanya,,Binek,Highline,,Hatchback,2019,İçten Yanmalı (Standart),1034 tl/yıl,C,Golf,Benzin,https://www.epey.com/araba/2019-volkswagen-golf-1-0-tsi-110-ps-dsg-highline.html,,,,,,120 g/km,5.2 lt,50 lt,Euro 6,4.7 lt,6.1 lt,,Var,5 yıldız,2019 Volkswagen Golf 1.0 TSI 110 PS DSG Highline NCAP/ANCAP Web Sayfası,2019,Var,,,,,,,,,Önden Çekişli,,,,,7 ileri,Otomatik,DSG (Yarı Otm.)
1353 kg,10.90 mt.,1790 mm,4258 mm,1492 mm,,380 lt,,2019 Volkswagen Golf 1.0 TSI 110 PS DSG Midline Plus,2019 Volkswagen Golf 1.0 TSI 110 PS DSG Midline Plus Test Sürüşü Talep Sayfası,2019 Volkswagen Golf 1.0 TSI 110 PS DSG Midline Plus Ürün Kataloğu,"2 Yıl Mekanik
3 Yıl Boya
12 Yıl Paslanmazlık","Volkswagen Çağrı24 0212 335 0404
Volkswagen Çağrı24 0800 211 0870",Var,,,,,Turbo,,3,999 cc,Elektronik Doğrudan Enjeksiyon,9.9 saniye,196 km/s,200 nm,110 BG,Almanya,,Binek,Midline Plus,,Hatchback,2019,İçten Yanmalı (Standart),1034 tl/yıl,C,Golf,Benzin,https://www.epey.com/araba/2019-volkswagen-golf-1-0-tsi-110-ps-dsg-midline-plus.html,,,,,,120 g/km,5.2 lt,50 lt,Euro 6,4.7 lt,6.1 lt,,Var,5 yıldız,2019 Volkswagen Golf 1.0 TSI 110 PS DSG Midline Plus NCAP/ANCAP Web Sayfası,2019,Var,,,,,,,,,Önden Çekişli,,,,,7 ileri,Otomatik,DSG (Yarı Otm.)
1333 kg,10.90 mt.,1790 mm,4258 mm,1492 mm,,380 lt,,2019 Volkswagen Golf 1.0 TSI 110 PS Midline Plus,2019 Volkswagen Golf 1.0 TSI 110 PS Midline Plus Test Sürüşü Talep Sayfası,2019 Volkswagen Golf 1.0 TSI 110 PS Midline Plus Ürün Kataloğu,"2 Yıl Mekanik
3 Yıl Boya
12 Yıl Paslanmazlık","Volkswagen Çağrı24 0212 335 0404
Volkswagen Çağrı24 0800 211 0870",Var,,,,,Turbo,,3,999 cc,Elektronik Doğrudan Enjeksiyon,9.8 saniye,198 km/s,200 nm,110 BG,Almanya,,Binek,Midline Plus,,Hatchback,2019,İçten Yanmalı (Standart),1034 tl/yıl,C,Golf,Benzin,https://www.epey.com/araba/2019-volkswagen-golf-1-0-tsi-110-ps-midline-plus.html,,,,,,122 g/km,5.3 lt,50 lt,Euro 6,4.7 lt,6.4 lt,,Var,5 yıldız,2019 Volkswagen Golf 1.0 TSI 110 PS Midline Plus NCAP/ANCAP Web Sayfası,2019,Var,,,,,,,,,Önden Çekişli,,,,,6 ileri,Manuel,
,10.90 mt.,1790 mm,4258 mm,1492 mm,,380 lt,,2019 Volkswagen Golf 1.5 TSI ACT 150 PS DSG Comfortline,2019 Volkswagen Golf 1.5 TSI ACT 150 PS DSG Comfortline Test Sürüşü Talep Sayfası,2019 Volkswagen Golf 1.5 TSI ACT 150 PS DSG Comfortline Ürün Kataloğu,"2 Yıl Mekanik
3 Yıl Boya
12 Yıl Paslanmazlık","Volkswagen Çağrı24 0212 335 0404
Volkswagen Çağrı24 0800 211 0870",Var,,,,,Turbo,,4,1498 cc,Direkt Enjeksiyon,8.3 saniye,216 km/s,250 nm,150 BG,Almanya,,Binek,Comfortline,,Hatchback,2019,İçten Yanmalı (Standart),1800 tl/yıl,C,Golf,Benzin,https://www.epey.com/araba/2019-volkswagen-golf-1-5-tsi-act-150-ps-dsg-comfortline.html,,,,,,112 g/km,4.9 lt,50 lt,Euro 6,4.2 lt,6.1 lt,,Var,5 yıldız,2019 Volkswagen Golf 1.5 TSI ACT 150 PS DSG Comfortline NCAP/ANCAP Web Sayfası,2019,Var,,,,,,,,,Önden Çekişli,,,,,7 ileri,Otomatik,DSG (Yarı Otm.)
,10.90 mt.,1790 mm,4258 mm,1492 mm,,380 lt,,2019 Volkswagen Golf 1.5 TSI ACT 150 PS DSG Highline,2019 Volkswagen Golf 1.5 TSI ACT 150 PS DSG Highline Test Sürüşü Talep Sayfası,2019 Volkswagen Golf 1.5 TSI ACT 150 PS DSG Highline Ürün Kataloğu,"2 Yıl Mekanik
3 Yıl Boya
12 Yıl Paslanmazlık","Volkswagen Çağrı24 0212 335 0404
Volkswagen Çağrı24 0800 211 0870",Var,,,,,Turbo,,4,1498 cc,Direkt Enjeksiyon,8.3 saniye,216 km/s,250 nm,150 BG,Almanya,,Binek,Highline,,Hatchback,2019,İçten Yanmalı (Standart),1800 tl/yıl,C,Golf,Benzin,https://www.epey.com/araba/2019-volkswagen-golf-1-5-tsi-act-150-ps-dsg-highline.html,,,,,,112 g/km,4.9 lt,50 lt,Euro 6,4.2 lt,6.1 lt,,Var,5 yıldız,2019 Volkswagen Golf 1.5 TSI ACT 150 PS DSG Highline NCAP/ANCAP Web Sayfası,2019,Var,,,,,,,,,Önden Çekişli,,,,,7 ileri,Otomatik,DSG (Yarı Otm.)
1323 kg,10.90 mt.,1790 mm,4258 mm,1492 mm,,380 lt,,2019 Volkswagen Golf 1.6 TDI 115 PS Comfortline,2019 Volkswagen Golf 1.6 TDI 115 PS Comfortline Test Sürüşü Talep Sayfası,2019 Volkswagen Golf 1.6 TDI 115 PS Comfortline Ürün Kataloğu,"2 Yıl Mekanik
3 Yıl Boya
12 Yıl Paslanmazlık","Volkswagen Çağrı24 0212 335 0404
Volkswagen Çağrı24 0800 211 0870",Var,,,,,Turbo,,4,1598 cc,Common Rail Direkt Enjeksiyon,10.2 saniye,198 km/s,250 nm,115 BG,Almanya,,Binek,Comfortline,,Hatchback,2019,İçten Yanmalı (Standart),1800 tl/yıl,C,Golf,Dizel,https://www.epey.com/araba/2019-volkswagen-golf-1-6-tdi-115-ps-comfortline.html,,,,,,109 g/km,4.2 lt,50 lt,Euro 6,3.9 lt,4.7 lt,,Var,5 yıldız,2019 Volkswagen Golf 1.6 TDI 115 PS Comfortline NCAP/ANCAP Web Sayfası,2019,Var,,,,,,,,,Önden Çekişli,,,,,5 ileri,Manuel,
1343 kg,10.90 mt.,1790 mm,4258 mm,1492 mm,,380 lt,,2019 Volkswagen Golf 1.6 TDI 115 PS DSG Comfortline,2019 Volkswagen Golf 1.6 TDI 115 PS DSG Comfortline Test Sürüşü Talep Sayfası,2019 Volkswagen Golf 1.6 TDI 115 PS DSG Comfortline Ürün Kataloğu,"2 Yıl Mekanik
3 Yıl Boya
12 Yıl Paslanmazlık","Volkswagen Çağrı24 0212 335 0404
Volkswagen Çağrı24 0800 211 0870",Var,,,,,Turbo,,4,1598 cc,Common Rail Direkt Enjeksiyon,10.5 saniye,198 km/s,250 nm,115 BG,Almanya,,Binek,Comfortline,,Hatchback,2019,İçten Yanmalı (Standart),1800 tl/yıl,C,Golf,Dizel,https://www.epey.com/araba/2019-volkswagen-golf-1-6-tdi-115-ps-dsg-comfortline.html,,,,,,105 g/km,4.0 lt,50 lt,Euro 6,3.9 lt,4.2 lt,,Var,5 yıldız,2019 Volkswagen Golf 1.6 TDI 115 PS DSG Comfortline NCAP/ANCAP Web Sayfası,2019,Var,,,,,,,,,Önden Çekişli,,,,,7 ileri,Otomatik,DSG (Yarı Otm.)
1343 kg,10.90 mt.,1790 mm,4258 mm,1492 mm,,380 lt,,2019 Volkswagen Golf 1.6 TDI 115 PS DSG Highline,2019 Volkswagen Golf 1.6 TDI 115 PS DSG Highline Test Sürüşü Talep Sayfası,2019 Volkswagen Golf 1.6 TDI 115 PS DSG Highline Ürün Kataloğu,"2 Yıl Mekanik
3 Yıl Boya
12 Yıl Paslanmazlık","Volkswagen Çağrı24 0212 335 0404
Volkswagen Çağrı24 0800 211 0870",Var,,,,,Turbo,,4,1598 cc,Common Rail Direkt Enjeksiyon,10.5 saniye,198 km/s,250 nm,115 BG,Almanya,,Binek,Highline,,Hatchback,2019,İçten Yanmalı (Standart),1800 tl/yıl,C,Golf,Dizel,https://www.epey.com/araba/2019-volkswagen-golf-1-6-tdi-115-ps-dsg-highline.html,,,,,,105 g/km,4.0 lt,50 lt,Euro 6,3.9 lt,4.2 lt,,Var,5 yıldız,2019 Volkswagen Golf 1.6 TDI 115 PS DSG Highline NCAP/ANCAP Web Sayfası,2019,Var,,,,,,,,,Önden Çekişli,,,,,7 ileri,Otomatik,DSG (Yarı Otm.)
1323 kg,10.90 mt.,1790 mm,4258 mm,1492 mm,,380 lt,,2019 Volkswagen Golf 1.6 TDI 115 PS Highline,2019 Volkswagen Golf 1.6 TDI 115 PS Highline Test Sürüşü Talep Sayfası,2019 Volkswagen Golf 1.6 TDI 115 PS Highline Ürün Kataloğu,"2 Yıl Mekanik
3 Yıl Boya
12 Yıl Paslanmazlık","Volkswagen Çağrı24 0212 335 0404
Volkswagen Çağrı24 0800 211 0870",Var,,,,,Turbo,,4,1598 cc,Common Rail Direkt Enjeksiyon,10.2 saniye,198 km/s,250 nm,115 BG,Almanya,,Binek,Highline,,Hatchback,2019,İçten Yanmalı (Standart),1800 tl/yıl,C,Golf,Dizel,https://www.epey.com/araba/2019-volkswagen-golf-1-6-tdi-115-ps-highline.html,,,,,,109 g/km,4.2 lt,50 lt,Euro 6,3.9 lt,4.7 lt,,Var,5 yıldız,2019 Volkswagen Golf 1.6 TDI 115 PS Highline NCAP/ANCAP Web Sayfası,2019,Var,,,,,,,,,Önden Çekişli,,,,,5 ileri,Manuel,
1305 kg,11.70 mt.,1832 mm,4767 mm,1456 mm,,586 lt,,2019 Volkswagen Passat 1.5 TSI ACT 150 PS Comfortline,2019 Volkswagen Passat 1.5 TSI ACT 150 PS Comfortline Test Sürüşü Talep Sayfası,2019 Volkswagen Passat 1.5 TSI ACT 150 PS Comfortline Ürün Kataloğu,"2 Yıl Mekanik
3 Yıl Boya
12 Yıl Paslanmazlık","Volkswagen Çağrı24 0212 335 0404
Volkswagen Çağrı24 0800 211 0870",Var,,,,,Turbo,,4,1498 cc,Direkt Enjeksiyon,8.4 saniye,215 km/s,250 nm,150 BG,Almanya,Passat Sedan,Binek,Comfortline,,Sedan,2019,İçten Yanmalı (Standart),1800 tl/yıl,D,Passat,Benzin,https://www.epey.com/araba/2019-volkswagen-passat-1-5-tsi-act-150-ps-comfortline.html,,,,,,117 g/km,5.1 lt,66 lt,,4.4 lt,6.5 lt,,,5 yıldız,2019 Volkswagen Passat 1.5 TSI ACT 150 PS Comfortline NCAP/ANCAP Web Sayfası,2014,Var,,,,,,,,,Önden Çekişli,,,,,6 ileri,Manuel,
1320 kg,11.70 mt.,1832 mm,4767 mm,1456 mm,,586 lt,,2019 Volkswagen Passat 1.5 TSI ACT 150 PS DSG Comfortline,2019 Volkswagen Passat 1.5 TSI ACT 150 PS DSG Comfortline Test Sürüşü Talep Sayfası,2019 Volkswagen Passat 1.5 TSI ACT 150 PS DSG Comfortline Ürün Kataloğu,"2 Yıl Mekanik
3 Yıl Boya
12 Yıl Paslanmazlık","Volkswagen Çağrı24 0212 335 0404
Volkswagen Çağrı24 0800 211 0870",Var,,,,,Turbo,,4,1498 cc,Direkt Enjeksiyon,8.4 saniye,215 km/s,250 nm,150 BG,Almanya,Passat Sedan,Binek,Comfortline,,Sedan,2019,İçten Yanmalı (Standart),1800 tl/yıl,D,Passat,Benzin,https://www.epey.com/araba/2019-volkswagen-passat-1-5-tsi-act-150-ps-dsg-comfortline.html,,,,,,121 g/km,5.3 lt,66 lt,,4.5 lt,6.7 lt,,,5 yıldız,2019 Volkswagen Passat 1.5 TSI ACT 150 PS DSG Comfortline NCAP/ANCAP Web Sayfası,2014,Var,,,,,,,,,Önden Çekişli,,,,,7 ileri,Otomatik,DSG (Yarı Otm.)
1320 kg,11.70 mt.,1832 mm,4767 mm,1456 mm,,586 lt,,2019 Volkswagen Passat 1.5 TSI ACT 150 PS DSG Highline,2019 Volkswagen Passat 1.5 TSI ACT 150 PS DSG Highline Test Sürüşü Talep Sayfası,2019 Volkswagen Passat 1.5 TSI ACT 150 PS DSG Highline Ürün Kataloğu,"2 Yıl Mekanik
3 Yıl Boya
12 Yıl Paslanmazlık","Volkswagen Çağrı24 0212 335 0404
Volkswagen Çağrı24 0800 211 0870",Var,,,,,Turbo,,4,1498 cc,Direkt Enjeksiyon,8.4 saniye,215 km/s,250 nm,150 BG,Almanya,Passat Sedan,Binek,Highline,,Sedan,2019,İçten Yanmalı (Standart),1800 tl/yıl,D,Passat,Benzin,https://www.epey.com/araba/2019-volkswagen-passat-1-5-tsi-act-150-ps-dsg-highline.html,,,,,,121 g/km,5.3 lt,66 lt,,4.5 lt,6.7 lt,,,5 yıldız,2019 Volkswagen Passat 1.5 TSI ACT 150 PS DSG Highline NCAP/ANCAP Web Sayfası,2014,Var,,,,,,,,,Önden Çekişli,,,,,7 ileri,Otomatik,DSG (Yarı Otm.)
1320 kg,11.70 mt.,1832 mm,4767 mm,1456 mm,,586 lt,,2019 Volkswagen Passat 1.5 TSI ACT 150 PS DSG Trendline,2019 Volkswagen Passat 1.5 TSI ACT 150 PS DSG Trendline Test Sürüşü Talep Sayfası,2019 Volkswagen Passat 1.5 TSI ACT 150 PS DSG Trendline Ürün Kataloğu,"2 Yıl Mekanik
3 Yıl Boya
12 Yıl Paslanmazlık","Volkswagen Çağrı24 0212 335 0404
Volkswagen Çağrı24 0800 211 0870",Var,,,,,Turbo,,4,1498 cc,Direkt Enjeksiyon,8.4 saniye,215 km/s,250 nm,150 BG,Almanya,Passat Sedan,Binek,Trendline,,Sedan,2019,İçten Yanmalı (Standart),1800 tl/yıl,D,Passat,Benzin,https://www.epey.com/araba/2019-volkswagen-passat-1-5-tsi-act-150-ps-dsg-trendline.html,,,,,,121 g/km,5.3 lt,66 lt,,4.5 lt,6.7 lt,,,5 yıldız,2019 Volkswagen Passat 1.5 TSI ACT 150 PS DSG Trendline NCAP/ANCAP Web Sayfası,2014,Var,,,,,,,,,Önden Çekişli,,,,,7 ileri,Otomatik,DSG (Yarı Otm.)
1305 kg,11.70 mt.,1832 mm,4767 mm,1456 mm,,586 lt,,2019 Volkswagen Passat 1.5 TSI ACT 150 PS Trendline,2019 Volkswagen Passat 1.5 TSI ACT 150 PS Trendline Test Sürüşü Talep Sayfası,2019 Volkswagen Passat 1.5 TSI ACT 150 PS Trendline Ürün Kataloğu,"2 Yıl Mekanik
3 Yıl Boya
12 Yıl Paslanmazlık","Volkswagen Çağrı24 0212 335 0404
Volkswagen Çağrı24 0800 211 0870",Var,,,,,Turbo,,4,1498 cc,Direkt Enjeksiyon,8.4 saniye,215 km/s,250 nm,150 BG,Almanya,Passat Sedan,Binek,Trendline,,Sedan,2019,İçten Yanmalı (Standart),1800 tl/yıl,D,Passat,Benzin,https://www.epey.com/araba/2019-volkswagen-passat-1-5-tsi-act-150-ps-trendline.html,,,,,,117 g/km,5.1 lt,66 lt,,4.4 lt,6.5 lt,,,5 yıldız,2019 Volkswagen Passat 1.5 TSI ACT 150 PS Trendline NCAP/ANCAP Web Sayfası,2014,Var,,,,,,,,,Önden Çekişli,,,,,6 ileri,Manuel,
1459 kg,11.70 mt.,1832 mm,4767 mm,1456 mm,,586 lt,,2019 Volkswagen Passat 1.6 TDI 120 PS DSG Comfortline,2019 Volkswagen Passat 1.6 TDI 120 PS DSG Comfortline Test Sürüşü Talep Sayfası,2019 Volkswagen Passat 1.6 TDI 120 PS DSG Comfortline Ürün Kataloğu,"2 Yıl Mekanik
3 Yıl Boya
12 Yıl Paslanmazlık","Volkswagen Çağrı24 0212 335 0404
Volkswagen Çağrı24 0800 211 0870",Var,,,,,Turbo,,4,1598 cc,Common Rail Direkt Enjeksiyon,10.8 saniye,206 km/s,250 nm,120 BG,Almanya,Passat Sedan,Binek,Comfortline,,Sedan,2019,İçten Yanmalı (Standart),1800 tl/yıl,D,Passat,Dizel,https://www.epey.com/araba/2019-volkswagen-passat-1-6-tdi-120-ps-dsg-comfortline.html,,,,,,107 g/km,4.2 lt,66 lt,,4.0 lt,4.7 lt,,,5 yıldız,2019 Volkswagen Passat 1.6 TDI 120 PS DSG Comfortline NCAP/ANCAP Web Sayfası,2014,Var,,,,,,,,,Önden Çekişli,,,,,7 ileri,Otomatik,DSG (Yarı Otm.)
1459 kg,11.70 mt.,1832 mm,4767 mm,1456 mm,,586 lt,,2019 Volkswagen Passat 1.6 TDI 120 PS DSG Highline,2019 Volkswagen Passat 1.6 TDI 120 PS DSG Highline Test Sürüşü Talep Sayfası,2019 Volkswagen Passat 1.6 TDI 120 PS DSG Highline Ürün Kataloğu,"2 Yıl Mekanik
3 Yıl Boya
12 Yıl Paslanmazlık","Volkswagen Çağrı24 0212 335 0404
Volkswagen Çağrı24 0800 211 0870",Var,,,,,Turbo,,4,1598 cc,Common Rail Direkt Enjeksiyon,10.8 saniye,206 km/s,250 nm,120 BG,Almanya,Passat Sedan,Binek,Highline,,Sedan,2019,İçten Yanmalı (Standart),1800 tl/yıl,D,Passat,Dizel,https://www.epey.com/araba/2019-volkswagen-passat-1-6-tdi-120-ps-dsg-highline.html,,,,,,107 g/km,4.2 lt,66 lt,,4.0 lt,4.7 lt,,,5 yıldız,2019 Volkswagen Passat 1.6 TDI 120 PS DSG Highline NCAP/ANCAP Web Sayfası,2014,Var,,,,,,,,,Önden Çekişli,,,,,7 ileri,Otomatik,DSG (Yarı Otm.)
1459 kg,11.70 mt.,1832 mm,4767 mm,1456 mm,,586 lt,,2019 Volkswagen Passat 1.6 TDI 120 PS DSG Impression,2019 Volkswagen Passat 1.6 TDI 120 PS DSG Impression Test Sürüşü Talep Sayfası,2019 Volkswagen Passat 1.6 TDI 120 PS DSG Impression Ürün Kataloğu,"2 Yıl Mekanik
3 Yıl Boya
12 Yıl Paslanmazlık","Volkswagen Çağrı24 0212 335 0404
Volkswagen Çağrı24 0800 211 0870",Var,,,,,Turbo,,4,1598 cc,Common Rail Direkt Enjeksiyon,10.8 saniye,206 km/s,250 nm,120 BG,Almanya,Passat Sedan,Binek,Impression,,Sedan,2019,İçten Yanmalı (Standart),1800 tl/yıl,D,Passat,Dizel,https://www.epey.com/araba/2019-volkswagen-passat-1-6-tdi-120-ps-dsg-impression.html,,,,,,107 g/km,4.2 lt,66 lt,,4.0 lt,4.7 lt,,,5 yıldız,2019 Volkswagen Passat 1.6 TDI 120 PS DSG Impression NCAP/ANCAP Web Sayfası,2014,Var,,,,,,,,,Önden Çekişli,,,,,7 ileri,Otomatik,DSG (Yarı Otm.)
1459 kg,11.70 mt.,1832 mm,4767 mm,1456 mm,,586 lt,,2019 Volkswagen Passat 1.6 TDI 120 PS DSG Trendline,2019 Volkswagen Passat 1.6 TDI 120 PS DSG Trendline Test Sürüşü Talep Sayfası,2019 Volkswagen Passat 1.6 TDI 120 PS DSG Trendline Ürün Kataloğu,"2 Yıl Mekanik
3 Yıl Boya
12 Yıl Paslanmazlık","Volkswagen Çağrı24 0212 335 0404
Volkswagen Çağrı24 0800 211 0870",Var,,,,,Turbo,,4,1598 cc,Common Rail Direkt Enjeksiyon,10.8 saniye,206 km/s,250 nm,120 BG,Almanya,Passat Sedan,Binek,Trendline,,Sedan,2019,İçten Yanmalı (Standart),1800 tl/yıl,D,Passat,Dizel,https://www.epey.com/araba/2019-volkswagen-passat-1-6-tdi-120-ps-dsg-trendline.html,,,,,,107 g/km,4.2 lt,66 lt,,4.0 lt,4.7 lt,,,5 yıldız,2019 Volkswagen Passat 1.6 TDI 120 PS DSG Trendline NCAP/ANCAP Web Sayfası,2014,Var,,,,,,,,,Önden Çekişli,,,,,7 ileri,Otomatik,DSG (Yarı Otm.)
1501 kg,11.70 mt.,1832 mm,4767 mm,1456 mm,,586 lt,,2019 Volkswagen Passat 2.0 TDI 150 PS DSG Comfortline,2019 Volkswagen Passat 2.0 TDI 150 PS DSG Comfortline Test Sürüşü Talep Sayfası,2019 Volkswagen Passat 2.0 TDI 150 PS DSG Comfortline Ürün Kataloğu,"2 Yıl Mekanik
3 Yıl Boya
12 Yıl Paslanmazlık","Volkswagen Çağrı24 0212 335 0404
Volkswagen Çağrı24 0800 211 0870",Var,,,,,Turbo,,4,1968 cc,Common Rail Direkt Enjeksiyon,8.7 saniye,218 km/s,340 nm,150 BG,Almanya,Passat Sedan,Binek,Comfortline,,Sedan,2019,İçten Yanmalı (Standart),5003 tl/yıl,D,Passat,Dizel,https://www.epey.com/araba/2019-volkswagen-passat-2-0-tdi-150-ps-dsg-comfortline.html,,,,,,121 g/km,4.6 lt,66 lt,,4.2 lt,5.4 lt,,,5 yıldız,2019 Volkswagen Passat 2.0 TDI 150 PS DSG Comfortline NCAP/ANCAP Web Sayfası,2014,Var,,,,,,,,,Önden Çekişli,,,,,7 ileri,Otomatik,DSG (Yarı Otm.)
1501 kg,11.70 mt.,1832 mm,4767 mm,1456 mm,,586 lt,,2019 Volkswagen Passat 2.0 TDI 150 PS DSG Highline,2019 Volkswagen Passat 2.0 TDI 150 PS DSG Highline Test Sürüşü Talep Sayfası,2019 Volkswagen Passat 2.0 TDI 150 PS DSG Highline Ürün Kataloğu,"2 Yıl Mekanik
3 Yıl Boya
12 Yıl Paslanmazlık","Volkswagen Çağrı24 0212 335 0404
Volkswagen Çağrı24 0800 211 0870",Var,,,,,Turbo,,4,1968 cc,Common Rail Direkt Enjeksiyon,8.7 saniye,218 km/s,340 nm,150 BG,Almanya,Passat Sedan,Binek,Highline,,Sedan,2019,İçten Yanmalı (Standart),5003 tl/yıl,D,Passat,Dizel,https://www.epey.com/araba/2019-volkswagen-passat-2-0-tdi-150-ps-dsg-highline.html,,,,,,121 g/km,4.6 lt,66 lt,,4.2 lt,5.4 lt,,,5 yıldız,2019 Volkswagen Passat 2.0 TDI 150 PS DSG Highline NCAP/ANCAP Web Sayfası,2014,Var,,,,,,,,,Önden Çekişli,,,,,7 ileri,Otomatik,DSG (Yarı Otm.)
1549 kg,11.70 mt.,1832 mm,4767 mm,1456 mm,,586 lt,,2019 Volkswagen Passat 2.0 TDI 190 PS DSG Highline,2019 Volkswagen Passat 2.0 TDI 190 PS DSG Highline Test Sürüşü Talep Sayfası,2019 Volkswagen Passat 2.0 TDI 190 PS DSG Highline Ürün Kataloğu,"2 Yıl Mekanik
3 Yıl Boya
12 Yıl Paslanmazlık","Volkswagen Çağrı24 0212 335 0404
Volkswagen Çağrı24 0800 211 0870",Var,,,,,Turbo,,4,1968 cc,Common Rail Direkt Enjeksiyon,7.7 saniye,235 km/s,400 nm,190 BG,Almanya,Passat Sedan,Binek,Highline,,Sedan,2019,İçten Yanmalı (Standart),5003 tl/yıl,D,Passat,Dizel,https://www.epey.com/araba/2019-volkswagen-passat-2-0-tdi-190-ps-dsg-highline.html,,,,,,119 g/km,4.6 lt,66 lt,,4.1 lt,5.4 lt,,,5 yıldız,2019 Volkswagen Passat 2.0 TDI 190 PS DSG Highline NCAP/ANCAP Web Sayfası,2014,Var,,,,,,,,,Önden Çekişli,,,,,7 ileri,Otomatik,DSG (Yarı Otm.)
1721 kg,11.70 mt.,1832 mm,4767 mm,1456 mm,,586 lt,,2019 Volkswagen Passat 2.0 TDI 240 PS DSG 4M Highline (4x4),2019 Volkswagen Passat 2.0 TDI 240 PS DSG 4M Highline (4x4) Test Sürüşü Talep Sayfası,2019 Volkswagen Passat 2.0 TDI 240 PS DSG 4M Highline (4x4) Ürün Kataloğu,"2 Yıl Mekanik
3 Yıl Boya
12 Yıl Paslanmazlık","Volkswagen Çağrı24 0212 335 0404
Volkswagen Çağrı24 0800 211 0870",Var,,,,,Turbo,,4,1968 cc,Common Rail Direkt Enjeksiyon,6.1 saniye,240 km/s,500 nm,240 BG,Almanya,Passat Sedan,Binek,Highline,,Sedan,2019,İçten Yanmalı (Standart),5003 tl/yıl,D,Passat,Dizel,https://www.epey.com/araba/2019-volkswagen-passat-2-0-tdi-240-ps-dsg-4m-highline-4x4.html,,,,,,150 g/km,5.7 lt,66 lt,,5.0 lt,6.8 lt,,,5 yıldız,2019 Volkswagen Passat 2.0 TDI 240 PS DSG 4M Highline (4x4) NCAP/ANCAP Web Sayfası,2014,Var,,,,,,,,,Önden Çekişli,,,,,7 ileri,Otomatik,DSG (Yarı Otm.)
1050 kg,10.60 mt.,1751 mm,4053 mm,1446 mm,,351 lt,,2019 Volkswagen Polo 1.0 80 PS Trendline,2019 Volkswagen Polo 1.0 80 PS Trendline Test Sürüşü Talep Sayfası,2019 Volkswagen Polo 1.0 80 PS Trendline Ürün Kataloğu,2 Yıl Sınırsız Km Mekanik,"Volkswagen Çağrı24 0212 335 0404
Volkswagen Çağrı24 0800 211 0870",Var,,,,,Atmosferik,,3,999 cc,Çok Noktadan Enjeksiyon,15.4 saniye,171 km/s,95 nm,80 BG,Almanya,,Binek,Trendline,,Hatchback,2019,İçten Yanmalı (Standart),1034 tl/yıl,B,Polo,Benzin,https://www.epey.com/araba/2019-volkswagen-polo-1-0-80-ps-trendline.html,,,,,,110 g/km,4.8 lt,40 lt,Euro 6,4.1 lt,6.1 lt,,,5 yıldız,2019 Volkswagen Polo 1.0 80 PS Trendline NCAP/ANCAP Web Sayfası,2017,Var,,,,,,,,,Önden Çekişli,,,,,5 ileri,Manuel,
1145 kg,10.60 mt.,1751 mm,4053 mm,1446 mm,,351 lt,,2019 Volkswagen Polo 1.0 TSI 95 PS Comfortline,2019 Volkswagen Polo 1.0 TSI 95 PS Comfortline Test Sürüşü Talep Sayfası,2019 Volkswagen Polo 1.0 TSI 95 PS Comfortline Ürün Kataloğu,2 Yıl Sınırsız Km Mekanik,"Volkswagen Çağrı24 0212 335 0404
Volkswagen Çağrı24 0800 211 0870",Var,,,,,Turbo,,3,999 cc,Çok Noktadan Enjeksiyon,10.8 saniye,187 km/s,175 nm,95 BG,Almanya,,Binek,Comfortline,,Hatchback,2019,İçten Yanmalı (Standart),1034 tl/yıl,B,Polo,Benzin,https://www.epey.com/araba/2019-volkswagen-polo-1-0-tsi-95-ps-comfortline.html,,,,,,103 g/km,4.5 lt,40 lt,,3.9 lt,5.6 lt,,,5 yıldız,2019 Volkswagen Polo 1.0 TSI 95 PS Comfortline NCAP/ANCAP Web Sayfası,2017,Var,,,,,,,,,Önden Çekişli,,,,,5 ileri,Manuel,
1180 kg,10.60 mt.,1751 mm,4053 mm,1446 mm,,351 lt,,2019 Volkswagen Polo 1.0 TSI 95 PS DSG Comfortline,2019 Volkswagen Polo 1.0 TSI 95 PS DSG Comfortline Test Sürüşü Talep Sayfası,2019 Volkswagen Polo 1.0 TSI 95 PS DSG Comfortline Ürün Kataloğu,2 Yıl Sınırsız Km Mekanik,"Volkswagen Çağrı24 0212 335 0404
Volkswagen Çağrı24 0800 211 0870",Var,,,,,Turbo,,3,999 cc,Çok Noktadan Enjeksiyon,10.8 saniye,187 km/s,175 nm,95 BG,Almanya,,Binek,Comfortline,,Hatchback,2019,İçten Yanmalı (Standart),1034 tl/yıl,B,Polo,Benzin,https://www.epey.com/araba/2019-volkswagen-polo-1-0-tsi-95-ps-dsg-comfortline.html,,,,,,107 g/km,4.7 lt,40 lt,,4.1 lt,5.8 lt,,,5 yıldız,2019 Volkswagen Polo 1.0 TSI 95 PS DSG Comfortline NCAP/ANCAP Web Sayfası,2017,Var,,,,,,,,,Önden Çekişli,,,,,7 ileri,Otomatik,DSG (Yarı Otm.)
1180 kg,10.60 mt.,1751 mm,4053 mm,1446 mm,,351 lt,,2019 Volkswagen Polo 1.0 TSI 95 PS DSG Highline,2019 Volkswagen Polo 1.0 TSI 95 PS DSG Highline Test Sürüşü Talep Sayfası,2019 Volkswagen Polo 1.0 TSI 95 PS DSG Highline Ürün Kataloğu,2 Yıl Sınırsız Km Mekanik,"Volkswagen Çağrı24 0212 335 0404
Volkswagen Çağrı24 0800 211 0870",Var,,,,,Turbo,,3,999 cc,Çok Noktadan Enjeksiyon,10.8 saniye,187 km/s,175 nm,95 BG,Almanya,,Binek,Highline,,Hatchback,2019,İçten Yanmalı (Standart),1034 tl/yıl,B,Polo,Benzin,https://www.epey.com/araba/2019-volkswagen-polo-1-0-tsi-95-ps-dsg-highline.html,,,,,,107 g/km,4.7 lt,40 lt,,4.1 lt,5.8 lt,,,5 yıldız,2019 Volkswagen Polo 1.0 TSI 95 PS DSG Highline NCAP/ANCAP Web Sayfası,2017,Var,,,,,,,,,Önden Çekişli,,,,,7 ileri,Otomatik,DSG (Yarı Otm.)
1280 kg,10.60 mt.,1751 mm,4053 mm,1446 mm,,351 lt,,2019 Volkswagen Polo 1.6 TDI 80 PS Trendline,2019 Volkswagen Polo 1.6 TDI 80 PS Trendline Test Sürüşü Talep Sayfası,2019 Volkswagen Polo 1.6 TDI 80 PS Trendline Ürün Kataloğu,2 Yıl Sınırsız Km Mekanik,"Volkswagen Çağrı24 0212 335 0404
Volkswagen Çağrı24 0800 211 0870",Var,,,,,Turbo,,4,1598 cc,Common Rail Direkt Enjeksiyon,12.9 saniye,175 km/s,230 nm,80 BG,Almanya,,Binek,Trendline,,Hatchback,2019,İçten Yanmalı (Standart),1800 tl/yıl,B,Polo,Dizel,https://www.epey.com/araba/2019-volkswagen-polo-1-6-tdi-80-ps-trendline.html,,,,,,99 g/km,3.8 lt,40 lt,,3.4 lt,4.5 lt,,,5 yıldız,2019 Volkswagen Polo 1.6 TDI 80 PS Trendline NCAP/ANCAP Web Sayfası,2017,Var,,,,,,,,,Önden Çekişli,,,,,5 ileri,Manuel,
1303 kg,10.60 mt.,1751 mm,4053 mm,1446 mm,,351 lt,,2019 Volkswagen Polo 1.6 TDI 95 PS DSG Comfortline,2019 Volkswagen Polo 1.6 TDI 95 PS DSG Comfortline Test Sürüşü Talep Sayfası,2019 Volkswagen Polo 1.6 TDI 95 PS DSG Comfortline Ürün Kataloğu,2 Yıl Sınırsız Km Mekanik,"Volkswagen Çağrı24 0212 335 0404
Volkswagen Çağrı24 0800 211 0870",Var,,,,,Turbo,,4,1598 cc,Common Rail Direkt Enjeksiyon,11.2 saniye,185 km/s,250 nm,95 BG,Almanya,,Binek,Comfortline,,Hatchback,2019,İçten Yanmalı (Standart),1800 tl/yıl,B,Polo,Dizel,https://www.epey.com/araba/2019-volkswagen-polo-1-6-tdi-95-ps-dsg-comfortline.html,,,,,,105 g/km,4.0 lt,40 lt,,3.7 lt,4.5 lt,,,5 yıldız,2019 Volkswagen Polo 1.6 TDI 95 PS DSG Comfortline NCAP/ANCAP Web Sayfası,2017,Var,,,,,,,,,Önden Çekişli,,,,,7 ileri,Otomatik,DSG (Yarı Otm.)
1303 kg,10.60 mt.,1751 mm,4053 mm,1446 mm,,351 lt,,2019 Volkswagen Polo 1.6 TDI 95 PS DSG Highline,2019 Volkswagen Polo 1.6 TDI 95 PS DSG Highline Test Sürüşü Talep Sayfası,2019 Volkswagen Polo 1.6 TDI 95 PS DSG Highline Ürün Kataloğu,2 Yıl Sınırsız Km Mekanik,"Volkswagen Çağrı24 0212 335 0404
Volkswagen Çağrı24 0800 211 0870",Var,,,,,Turbo,,4,1598 cc,Common Rail Direkt Enjeksiyon,11.2 saniye,185 km/s,250 nm,95 BG,Almanya,,Binek,Highline,,Hatchback,2019,İçten Yanmalı (Standart),1800 tl/yıl,B,Polo,Dizel,https://www.epey.com/araba/2019-volkswagen-polo-1-6-tdi-95-ps-dsg-highline.html,,,,,,105 g/km,4.0 lt,40 lt,,3.7 lt,4.5 lt,,,5 yıldız,2019 Volkswagen Polo 1.6 TDI 95 PS DSG Highline NCAP/ANCAP Web Sayfası,2017,Var,,,,,,,,,Önden Çekişli,,,,,7 ileri,Otomatik,DSG (Yarı Otm.)
1350 kg,11.10 mt.,1819 mm,4234 mm,1573 mm,,445 lt,,2019 Volkswagen T-Roc 1.5 TSI ACT 150 PS DSG Highline (4x2),2019 Volkswagen T-Roc 1.5 TSI ACT 150 PS DSG Highline (4x2) Test Sürüşü Talep Sayfası,2019 Volkswagen T-Roc 1.5 TSI ACT 150 PS DSG Highline (4x2) Ürün Kataloğu,"2 Yıl Mekanik
3 Yıl Boya
12 Yıl Paslanmazlık","Volkswagen Çağrı24 0212 335 0404
Volkswagen Çağrı24 0800 211 0870",Var,,,,,Turbo,ACT (Aktif Silindir Yönetimi),4,1498 cc,Elektronik Doğrudan Enjeksiyon,8.4 saniye,205 km/s,250 nm,150 BG,Almanya,,Binek,Highline,,SUV,2019,İçten Yanmalı (Standart),1800 tl/yıl,B,T-Roc,Benzin,https://www.epey.com/araba/2019-volkswagen-t-roc-1-5-tsi-act-150-ps-dsg-highline-4x2.html,,,,,,127 g/km,5.6 lt,50 lt,Euro 6,4.9 lt,6.8 lt,,,5 yıldız,2019 Volkswagen T-Roc 1.5 TSI ACT 150 PS DSG Highline (4x2) NCAP/ANCAP Web Sayfası,2017,Var,,,,,,,,,Önden Çekişli,,,,,7 ileri,Otomatik,DSG (Yarı Otm.)
1520 kg,11.50 mt.,1839 mm,4486 mm,1643 mm,,615 lt,,2019 Volkswagen Tiguan 1.5 TSI ACT 130 PS Comfortline (4x2),2019 Volkswagen Tiguan 1.5 TSI ACT 130 PS Comfortline (4x2) Test Sürüşü Talep Sayfası,2019 Volkswagen Tiguan 1.5 TSI ACT 130 PS Comfortline (4x2) Ürün Kataloğu,"2 Yıl Mekanik
3 Yıl Boya
12 Yıl Paslanmazlık","Volkswagen Çağrı24 0212 335 0404
Volkswagen Çağrı24 0800 211 0870",Var,,,,,Turbo,,4,1498 cc,TSI - Doğrudan Enjeksiyon,10.2 saniye,192 km/s,200 nm,130 BG,Almanya,,Binek,Comfortline,,SUV,2019,İçten Yanmalı (Standart),1800 tl/yıl,C,Tiguan,Benzin,https://www.epey.com/araba/2019-volkswagen-tiguan-1-5-tsi-act-130-ps-comfortline-4x2.html,,,,,,130 g/km,5.7 lt,58 lt,,5.0 lt,7.1 lt,,,5 yıldız,2019 Volkswagen Tiguan 1.5 TSI ACT 130 PS Comfortline (4x2) NCAP/ANCAP Web Sayfası,2016,Var,,,,,,,,,Önden Çekişli,,,,,6 ileri,Manuel,
1520 kg,11.50 mt.,1839 mm,4486 mm,1643 mm,,615 lt,,2019 Volkswagen Tiguan 1.5 TSI ACT 130 PS Trendline (4x2),2019 Volkswagen Tiguan 1.5 TSI ACT 130 PS Trendline (4x2) Test Sürüşü Talep Sayfası,2019 Volkswagen Tiguan 1.5 TSI ACT 130 PS Trendline (4x2) Ürün Kataloğu,"2 Yıl Mekanik
3 Yıl Boya
12 Yıl Paslanmazlık","Volkswagen Çağrı24 0212 335 0404
Volkswagen Çağrı24 0800 211 0870",Var,,,,,Turbo,,4,1498 cc,TSI - Doğrudan Enjeksiyon,10.2 saniye,192 km/s,200 nm,130 BG,Almanya,,Binek,Trendline,,SUV,2019,İçten Yanmalı (Standart),1800 tl/yıl,C,Tiguan,Benzin,https://www.epey.com/araba/2019-volkswagen-tiguan-1-5-tsi-act-130-ps-trendline-4x2.html,,,,,,130 g/km,5.7 lt,58 lt,,5.0 lt,7.1 lt,,,5 yıldız,2019 Volkswagen Tiguan 1.5 TSI ACT 130 PS Trendline (4x2) NCAP/ANCAP Web Sayfası,2016,Var,,,,,,,,,Önden Çekişli,,,,,6 ileri,Manuel,
1550 kg,11.50 mt.,1839 mm,4486 mm,1643 mm,,615 lt,,2019 Volkswagen Tiguan 1.5 TSI ACT 150 PS DSG Comfortline (4x2),2019 Volkswagen Tiguan 1.5 TSI ACT 150 PS DSG Comfortline (4x2) Test Sürüşü Talep Sayfası,2019 Volkswagen Tiguan 1.5 TSI ACT 150 PS DSG Comfortline (4x2) Ürün Kataloğu,"2 Yıl Mekanik
3 Yıl Boya
12 Yıl Paslanmazlık","Volkswagen Çağrı24 0212 335 0404
Volkswagen Çağrı24 0800 211 0870",Var,,,,,Turbo,,4,1498 cc,TSI - Doğrudan Enjeksiyon,9.2 saniye,200 km/s,250 nm,150 BG,Almanya,,Binek,Comfortline,,SUV,2019,İçten Yanmalı (Standart),1800 tl/yıl,C,Tiguan,Benzin,https://www.epey.com/araba/2019-volkswagen-tiguan-1-5-tsi-act-150-ps-dsg-comfortline-4x2.html,,,,,,138 g/km,6.1 lt,58 lt,,5.4 lt,7.1 lt,,,5 yıldız,2019 Volkswagen Tiguan 1.5 TSI ACT 150 PS DSG Comfortline (4x2) NCAP/ANCAP Web Sayfası,2016,Var,,,,,,,,,Önden Çekişli,,,,,7 ileri,Otomatik,DSG (Yarı Otm.)
1550 kg,11.50 mt.,1839 mm,4486 mm,1643 mm,,615 lt,,2019 Volkswagen Tiguan 1.5 TSI ACT 150 PS DSG Highline (4x2),2019 Volkswagen Tiguan 1.5 TSI ACT 150 PS DSG Highline (4x2) Test Sürüşü Talep Sayfası,2019 Volkswagen Tiguan 1.5 TSI ACT 150 PS DSG Highline (4x2) Ürün Kataloğu,"2 Yıl Mekanik
3 Yıl Boya
12 Yıl Paslanmazlık","Volkswagen Çağrı24 0212 335 0404
Volkswagen Çağrı24 0800 211 0870",Var,,,,,Turbo,,4,1498 cc,TSI - Doğrudan Enjeksiyon,9.2 saniye,200 km/s,250 nm,150 BG,Almanya,,Binek,Highline,,SUV,2019,İçten Yanmalı (Standart),1800 tl/yıl,C,Tiguan,Benzin,https://www.epey.com/araba/2019-volkswagen-tiguan-1-5-tsi-act-150-ps-dsg-highline-4x2.html,,,,,,138 g/km,6.1 lt,58 lt,,5.4 lt,7.1 lt,,,5 yıldız,2019 Volkswagen Tiguan 1.5 TSI ACT 150 PS DSG Highline (4x2) NCAP/ANCAP Web Sayfası,2016,Var,,,,,,,,,Önden Çekişli,,,,,7 ileri,Otomatik,DSG (Yarı Otm.)
1550 kg,11.50 mt.,1839 mm,4486 mm,1643 mm,,615 lt,,2019 Volkswagen Tiguan 1.5 TSI ACT 150 PS DSG Trendline (4x2),2019 Volkswagen Tiguan 1.5 TSI ACT 150 PS DSG Trendline (4x2) Test Sürüşü Talep Sayfası,2019 Volkswagen Tiguan 1.5 TSI ACT 150 PS DSG Trendline (4x2) Ürün Kataloğu,"2 Yıl Mekanik
3 Yıl Boya
12 Yıl Paslanmazlık","Volkswagen Çağrı24 0212 335 0404
Volkswagen Çağrı24 0800 211 0870",Var,,,,,Turbo,,4,1498 cc,TSI - Doğrudan Enjeksiyon,9.2 saniye,200 km/s,250 nm,150 BG,Almanya,,Binek,Trendline,,SUV,2019,İçten Yanmalı (Standart),1800 tl/yıl,C,Tiguan,Benzin,https://www.epey.com/araba/2019-volkswagen-tiguan-1-5-tsi-act-150-ps-dsg-trendline-4x2.html,,,,,,138 g/km,6.1 lt,58 lt,,5.4 lt,7.1 lt,,,5 yıldız,2019 Volkswagen Tiguan 1.5 TSI ACT 150 PS DSG Trendline (4x2) NCAP/ANCAP Web Sayfası,2016,Var,,,,,,,,,Önden Çekişli,,,,,7 ileri,Otomatik,DSG (Yarı Otm.)
1585 kg,11.50 mt.,1839 mm,4486 mm,1643 mm,,615 lt,,2019 Volkswagen Tiguan 1.6 TDI 115 PS Comfortline (4x2),2019 Volkswagen Tiguan 1.6 TDI 115 PS Comfortline (4x2) Test Sürüşü Talep Sayfası,2019 Volkswagen Tiguan 1.6 TDI 115 PS Comfortline (4x2) Ürün Kataloğu,"2 Yıl Mekanik
3 Yıl Boya
12 Yıl Paslanmazlık","Volkswagen Çağrı24 0212 335 0404
Volkswagen Çağrı24 0800 211 0870",Var,,,,,Turbo,,4,1598 cc,Common Rail Direkt Enjeksiyon,11.4 saniye,185 km/s,280 nm,115 BG,Almanya,,Binek,Comfortline,,SUV,2019,İçten Yanmalı (Standart),1800 tl/yıl,C,Tiguan,Dizel,https://www.epey.com/araba/2019-volkswagen-tiguan-1-6-tdi-115-ps-comfortline-4x2.html,,,,,,129 g/km,4.9 lt,58 lt,,4.4 lt,5.9 lt,,,5 yıldız,2019 Volkswagen Tiguan 1.6 TDI 115 PS Comfortline (4x2) NCAP/ANCAP Web Sayfası,2016,Var,,,,,,,,,Önden Çekişli,,,,,6 ileri,Manuel,
1585 kg,11.50 mt.,1839 mm,4486 mm,1643 mm,,615 lt,,2019 Volkswagen Tiguan 1.6 TDI 115 PS Highline (4x2),2019 Volkswagen Tiguan 1.6 TDI 115 PS Highline (4x2) Test Sürüşü Talep Sayfası,2019 Volkswagen Tiguan 1.6 TDI 115 PS Highline (4x2) Ürün Kataloğu,"2 Yıl Mekanik
3 Yıl Boya
12 Yıl Paslanmazlık","Volkswagen Çağrı24 0212 335 0404
Volkswagen Çağrı24 0800 211 0870",Var,,,,,Turbo,,4,1598 cc,Common Rail Direkt Enjeksiyon,11.4 saniye,185 km/s,280 nm,115 BG,Almanya,,Binek,Highline,,SUV,2019,İçten Yanmalı (Standart),1800 tl/yıl,C,Tiguan,Dizel,https://www.epey.com/araba/2019-volkswagen-tiguan-1-6-tdi-115-ps-highline-4x2.html,,,,,,129 g/km,4.9 lt,58 lt,,4.4 lt,5.9 lt,,,5 yıldız,2019 Volkswagen Tiguan 1.6 TDI 115 PS Highline (4x2) NCAP/ANCAP Web Sayfası,2016,Var,,,,,,,,,Önden Çekişli,,,,,6 ileri,Manuel,
1585 kg,11.50 mt.,1839 mm,4486 mm,1643 mm,,615 lt,,2019 Volkswagen Tiguan 1.6 TDI 115 PS Trendline (4x2),2019 Volkswagen Tiguan 1.6 TDI 115 PS Trendline (4x2) Test Sürüşü Talep Sayfası,2019 Volkswagen Tiguan 1.6 TDI 115 PS Trendline (4x2) Ürün Kataloğu,"2 Yıl Mekanik
3 Yıl Boya
12 Yıl Paslanmazlık","Volkswagen Çağrı24 0212 335 0404
Volkswagen Çağrı24 0800 211 0870",Var,,,,,Turbo,,4,1598 cc,Common Rail Direkt Enjeksiyon,11.4 saniye,185 km/s,280 nm,115 BG,Almanya,,Binek,Trendline,,SUV,2019,İçten Yanmalı (Standart),1800 tl/yıl,C,Tiguan,Dizel,https://www.epey.com/araba/2019-volkswagen-tiguan-1-6-tdi-115-ps-trendline-4x2.html,,,,,,129 g/km,4.9 lt,58 lt,,4.4 lt,5.9 lt,,,5 yıldız,2019 Volkswagen Tiguan 1.6 TDI 115 PS Trendline (4x2) NCAP/ANCAP Web Sayfası,2016,Var,,,,,,,,,Önden Çekişli,,,,,6 ileri,Manuel,
1725 kg,11.50 mt.,1839 mm,4486 mm,1643 mm,,615 lt,,2019 Volkswagen Tiguan 2.0 TDI 150 PS DSG Comfortline (4x4),2019 Volkswagen Tiguan 2.0 TDI 150 PS DSG Comfortline (4x4) Test Sürüşü Talep Sayfası,2019 Volkswagen Tiguan 2.0 TDI 150 PS DSG Comfortline (4x4) Ürün Kataloğu,"2 Yıl Mekanik
3 Yıl Boya
12 Yıl Paslanmazlık","Volkswagen Çağrı24 0212 335 0404
Volkswagen Çağrı24 0800 211 0870",Var,,,,,Turbo,,4,1968 cc,Common Rail Direkt Enjeksiyon,9.4 saniye,200 km/s,340 nm,150 BG,Almanya,,Binek,Comfortline,,SUV,2019,İçten Yanmalı (Standart),5003 tl/yıl,C,Tiguan,Dizel,https://www.epey.com/araba/2019-volkswagen-tiguan-2-0-tdi-150-ps-dsg-comfortline-4x4.html,,,,,,143 g/km,5.4 lt,60 lt,,5.1 lt,6.2 lt,,,5 yıldız,2019 Volkswagen Tiguan 2.0 TDI 150 PS DSG Comfortline (4x4) NCAP/ANCAP Web Sayfası,2016,Var,,,,,,,,,4x4 Çekişli,,,,,7 ileri,Otomatik,DSG (Yarı Otm.)
1725 kg,11.50 mt.,1839 mm,4486 mm,1643 mm,,615 lt,,2019 Volkswagen Tiguan 2.0 TDI 150 PS DSG Highline (4x4),2019 Volkswagen Tiguan 2.0 TDI 150 PS DSG Highline (4x4) Test Sürüşü Talep Sayfası,2019 Volkswagen Tiguan 2.0 TDI 150 PS DSG Highline (4x4) Ürün Kataloğu,"2 Yıl Mekanik
3 Yıl Boya
12 Yıl Paslanmazlık","Volkswagen Çağrı24 0212 335 0404
Volkswagen Çağrı24 0800 211 0870",Var,,,,,Turbo,,4,1968 cc,Common Rail Direkt Enjeksiyon,9.4 saniye,200 km/s,340 nm,150 BG,Almanya,,Binek,Highline,,SUV,2019,İçten Yanmalı (Standart),5003 tl/yıl,C,Tiguan,Dizel,https://www.epey.com/araba/2019-volkswagen-tiguan-2-0-tdi-150-ps-dsg-highline-4x4.html,,,,,,143 g/km,5.4 lt,60 lt,,5.1 lt,6.2 lt,,,5 yıldız,2019 Volkswagen Tiguan 2.0 TDI 150 PS DSG Highline (4x4) NCAP/ANCAP Web Sayfası,2016,Var,,,,,,,,,4x4 Çekişli,,,,,7 ileri,Otomatik,DSG (Yarı Otm.)
1590 kg,11.90 mt.,1839 mm,4701 mm,1674 mm,1775 lt,700 lt,230 lt,2019 Volkswagen Tiguan Allspace 1.5 TSI 150 PS DSG Comfortline (4x2),2019 Volkswagen Tiguan Allspace 1.5 TSI 150 PS DSG Comfortline (4x2) Test Sürüşü Talep Sayfası,2019 Volkswagen Tiguan Allspace 1.5 TSI 150 PS DSG Comfortline (4x2) Ürün Kataloğu,"2 Yıl Mekanik
3 Yıl Boya
12 Yıl Paslanmazlık","Volkswagen Çağrı24 0212 335 0404
Volkswagen Çağrı24 0800 211 0870",Var,,,,,Turbo,,4,1498 cc,TSI - Doğrudan Enjeksiyon,9.5 saniye,198 km/s,250 nm,150 BG,Almanya,,Binek,Comfortline,,SUV,2019,İçten Yanmalı (Standart),1800 tl/yıl,C,Tiguan,Benzin,https://www.epey.com/araba/2019-volkswagen-tiguan-allspace-1-5-tsi-150-ps-dsg-comfortline-4x2.html,,,,,,145 g/km,6.4 lt,58 lt,,5.7 lt,7.6 lt,,,5 yıldız,2019 Volkswagen Tiguan Allspace 1.5 TSI 150 PS DSG Comfortline (4x2) NCAP/ANCAP Web Sayfası,2016,Var,,,,,,,,,Önden Çekişli,,,,,6 ileri,Otomatik,DSG (Yarı Otm.)
1590 kg,11.90 mt.,1839 mm,4701 mm,1674 mm,1775 lt,700 lt,230 lt,2019 Volkswagen Tiguan Allspace 1.5 TSI 150 PS DSG Highline (4x2),2019 Volkswagen Tiguan Allspace 1.5 TSI 150 PS DSG Highline (4x2) Test Sürüşü Talep Sayfası,2019 Volkswagen Tiguan Allspace 1.5 TSI 150 PS DSG Highline (4x2) Ürün Kataloğu,"2 Yıl Mekanik
3 Yıl Boya
12 Yıl Paslanmazlık","Volkswagen Çağrı24 0212 335 0404
Volkswagen Çağrı24 0800 211 0870",Var,,,,,Turbo,,4,1498 cc,TSI - Doğrudan Enjeksiyon,9.5 saniye,198 km/s,250 nm,150 BG,Almanya,,Binek,Highline,,SUV,2019,İçten Yanmalı (Standart),1800 tl/yıl,C,Tiguan,Benzin,https://www.epey.com/araba/2019-volkswagen-tiguan-allspace-1-5-tsi-150-ps-dsg-highline-4x2.html,,,,,,145 g/km,6.4 lt,58 lt,,5.7 lt,7.6 lt,,,5 yıldız,2019 Volkswagen Tiguan Allspace 1.5 TSI 150 PS DSG Highline (4x2) NCAP/ANCAP Web Sayfası,2016,Var,,,,,,,,,Önden Çekişli,,,,,6 ileri,Otomatik,DSG (Yarı Otm.)
2010 kg,13.20 mt.,1904 mm,5304 mm,1990 mm,,,,2019 Volkswagen Transporter City Van 2.0 TDI 114 PS (5+1 Uzun),,2019 Volkswagen Transporter City Van 2.0 TDI 114 PS (5+1 Uzun) Ürün Kataloğu,"2 Yıl Sınırsız Km Mekanik
3 Yıl Boya
8 Yıl Paslanmazlık","Volkswagen Çağrı24 0212 335 0404
Volkswagen Çağrı24 0800 211 0870",Var,,,,,Değişken Geometrili Turbo,,4,1968 cc,Common Rail Direkt Enjeksiyon,15.9 saniye,163 km/s,250 nm,114 BG,Almanya,City Van,Ticari,Standart,,Kombi Van,2019,İçten Yanmalı (Standart),2064 tl/yıl,Hafif Ticari,Transporter,Dizel,https://www.epey.com/araba/2019-volkswagen-transporter-city-van-2-0-tdi-114-ps-5plus1-uzun.html,,,,,,,6.4 lt,70 lt,,5.7 lt,7.5 lt,,,,,,,6.7 m³,990 kg,3000 kg,1700 mm,1943 mm,1410 mm,1244 mm,,Önden Çekişli,,,2200 kg,750 kg,5 ileri,Manuel,
1947 kg,11.90 mt.,1904 mm,4904 mm,1990 mm,,,,2019 Volkswagen Transporter City Van 2.0 TDI 114 PS (5+1),,2019 Volkswagen Transporter City Van 2.0 TDI 114 PS (5+1) Ürün Kataloğu,"2 Yıl Sınırsız Km Mekanik
3 Yıl Boya
8 Yıl Paslanmazlık","Volkswagen Çağrı24 0212 335 0404
Volkswagen Çağrı24 0800 211 0870",Var,,,,,Değişken Geometrili Turbo,,4,1968 cc,Common Rail Direkt Enjeksiyon,15.9 saniye,163 km/s,250 nm,114 BG,Almanya,City Van,Ticari,Standart,,Kombi Van,2019,İçten Yanmalı (Standart),2064 tl/yıl,Hafif Ticari,Transporter,Dizel,https://www.epey.com/araba/2019-volkswagen-transporter-city-van-2-0-tdi-114-ps-5plus1.html,,,,,,,6.2 lt,70 lt,,5.6 lt,7.3 lt,,,,,,,5.8 m³,1053 kg,3000 kg,1700 mm,1543 mm,1410 mm,1244 mm,,Önden Çekişli,,,2500 kg,750 kg,5 ileri,Manuel,
2010 kg,13.20 mt.,1904 mm,5304 mm,1990 mm,,,,2019 Volkswagen Transporter City Van 2.0 TDI 114 PS Comfortline (5+1 Uzun),,2019 Volkswagen Transporter City Van 2.0 TDI 114 PS Comfortline (5+1 Uzun) Ürün Kataloğu,"2 Yıl Sınırsız Km Mekanik
3 Yıl Boya
8 Yıl Paslanmazlık","Volkswagen Çağrı24 0212 335 0404
Volkswagen Çağrı24 0800 211 0870",Var,,,,,Değişken Geometrili Turbo,,4,1968 cc,Common Rail Direkt Enjeksiyon,15.9 saniye,163 km/s,250 nm,114 BG,Almanya,City Van,Ticari,Comfortline,,Kombi Van,2019,İçten Yanmalı (Standart),2064 tl/yıl,Hafif Ticari,Transporter,Dizel,https://www.epey.com/araba/2019-volkswagen-transporter-city-van-2-0-tdi-114-ps-comfortline-5plus1-uzun.html,,,,,,,6.4 lt,70 lt,,5.7 lt,7.5 lt,,,,,,,6.7 m³,990 kg,3000 kg,1700 mm,1943 mm,1410 mm,1244 mm,,Önden Çekişli,,,2200 kg,750 kg,5 ileri,Manuel,
1947 kg,11.90 mt.,1904 mm,4904 mm,1990 mm,,,,2019 Volkswagen Transporter City Van 2.0 TDI 114 PS Comfortline (5+1),,2019 Volkswagen Transporter City Van 2.0 TDI 114 PS Comfortline (5+1) Ürün Kataloğu,"2 Yıl Sınırsız Km Mekanik
3 Yıl Boya
8 Yıl Paslanmazlık","Volkswagen Çağrı24 0212 335 0404
Volkswagen Çağrı24 0800 211 0870",Var,,,,,Değişken Geometrili Turbo,,4,1968 cc,Common Rail Direkt Enjeksiyon,15.9 saniye,163 km/s,250 nm,114 BG,Almanya,City Van,Ticari,Comfortline,,Kombi Van,2019,İçten Yanmalı (Standart),2064 tl/yıl,Hafif Ticari,Transporter,Dizel,https://www.epey.com/araba/2019-volkswagen-transporter-city-van-2-0-tdi-114-ps-comfortline-5plus1.html,,,,,,,6.2 lt,70 lt,,5.6 lt,7.3 lt,,,,,,,5.8 m³,1053 kg,3000 kg,1700 mm,1543 mm,1410 mm,1244 mm,,Önden Çekişli,,,2500 kg,750 kg,5 ileri,Manuel,
2040 kg,13.20 mt.,1904 mm,5304 mm,1990 mm,,,,2019 Volkswagen Transporter City Van 2.0 TDI 150 PS (5+1 Uzun),,2019 Volkswagen Transporter City Van 2.0 TDI 150 PS (5+1 Uzun) Ürün Kataloğu,"2 Yıl Sınırsız Km Mekanik
3 Yıl Boya
8 Yıl Paslanmazlık","Volkswagen Çağrı24 0212 335 0404
Volkswagen Çağrı24 0800 211 0870",Var,,,,,Değişken Geometrili Turbo,,4,1968 cc,Common Rail Direkt Enjeksiyon,12.0 saniye,181 km/s,340 nm,150 BG,Almanya,City Van,Ticari,Standart,,Kombi Van,2019,İçten Yanmalı (Standart),2064 tl/yıl,Hafif Ticari,Transporter,Dizel,https://www.epey.com/araba/2019-volkswagen-transporter-city-van-2-0-tdi-150-ps-5plus1-uzun.html,,,,,,,6.4 lt,70 lt,,5.7 lt,7.7 lt,,,,,,,6.7 m³,960 kg,3000 kg,1700 mm,1943 mm,1410 mm,1244 mm,,Önden Çekişli,,,2500 kg,750 kg,6 ileri,Manuel,
1977 kg,11.90 mt.,1904 mm,4904 mm,1990 mm,,,,2019 Volkswagen Transporter City Van 2.0 TDI 150 PS (5+1),,2019 Volkswagen Transporter City Van 2.0 TDI 150 PS (5+1) Ürün Kataloğu,"2 Yıl Sınırsız Km Mekanik
3 Yıl Boya
8 Yıl Paslanmazlık","Volkswagen Çağrı24 0212 335 0404
Volkswagen Çağrı24 0800 211 0870",Var,,,,,Değişken Geometrili Turbo,,4,1968 cc,Common Rail Direkt Enjeksiyon,12.0 saniye,181 km/s,340 nm,150 BG,Almanya,City Van,Ticari,Standart,,Kombi Van,2019,İçten Yanmalı (Standart),2064 tl/yıl,Hafif Ticari,Transporter,Dizel,https://www.epey.com/araba/2019-volkswagen-transporter-city-van-2-0-tdi-150-ps-5plus1.html,,,,,,,6.2 lt,70 lt,,5.5 lt,7.4 lt,,,,,,,5.8 m³,1023 kg,3000 kg,1700 mm,1543 mm,1410 mm,1244 mm,,Önden Çekişli,,,2500 kg,750 kg,6 ileri,Manuel,
2040 kg,13.20 mt.,1904 mm,5304 mm,1990 mm,,,,2019 Volkswagen Transporter City Van 2.0 TDI 150 PS Comfortline (5+1 Uzun),,2019 Volkswagen Transporter City Van 2.0 TDI 150 PS Comfortline (5+1 Uzun) Ürün Kataloğu,"2 Yıl Sınırsız Km Mekanik
3 Yıl Boya
8 Yıl Paslanmazlık","Volkswagen Çağrı24 0212 335 0404
Volkswagen Çağrı24 0800 211 0870",Var,,,,,Değişken Geometrili Turbo,,4,1968 cc,Common Rail Direkt Enjeksiyon,12.0 saniye,181 km/s,340 nm,150 BG,Almanya,City Van,Ticari,Comfortline,,Kombi Van,2019,İçten Yanmalı (Standart),2064 tl/yıl,Hafif Ticari,Transporter,Dizel,https://www.epey.com/araba/2019-volkswagen-transporter-city-van-2-0-tdi-150-ps-comfortline-5plus1-uzun.html,,,,,,,6.4 lt,70 lt,,5.7 lt,7.7 lt,,,,,,,6.7 m³,960 kg,3000 kg,1700 mm,1943 mm,1410 mm,1244 mm,,Önden Çekişli,,,2500 kg,750 kg,6 ileri,Manuel,
1977 kg,11.90 mt.,1904 mm,4904 mm,1990 mm,,,,2019 Volkswagen Transporter City Van 2.0 TDI 150 PS Comfortline (5+1),,2019 Volkswagen Transporter City Van 2.0 TDI 150 PS Comfortline (5+1) Ürün Kataloğu,"2 Yıl Sınırsız Km Mekanik
3 Yıl Boya
8 Yıl Paslanmazlık","Volkswagen Çağrı24 0212 335 0404
Volkswagen Çağrı24 0800 211 0870",Var,,,,,Değişken Geometrili Turbo,,4,1968 cc,Common Rail Direkt Enjeksiyon,12.0 saniye,181 km/s,340 nm,150 BG,Almanya,City Van,Ticari,Comfortline,,Kombi Van,2019,İçten Yanmalı (Standart),2064 tl/yıl,Hafif Ticari,Transporter,Dizel,https://www.epey.com/araba/2019-volkswagen-transporter-city-van-2-0-tdi-150-ps-comfortline-5plus1.html,,,,,,,6.2 lt,70 lt,,5.5 lt,7.4 lt,,,,,,,5.8 m³,1023 kg,3000 kg,1700 mm,1543 mm,1410 mm,1244 mm,,Önden Çekişli,,,2500 kg,750 kg,6 ileri,Manuel,
,11.80 mt.,1890 mm,4963 mm,1443 mm,,500 lt,,2019 Volvo S90 D5 2.0 235 HP AWD Geartronic Inscription Plus (4x4),2019 Volvo S90 D5 2.0 235 HP AWD Geartronic Inscription Plus (4x4) Test Sürüşü Talep Sayfası,2019 Volvo S90 D5 2.0 235 HP AWD Geartronic Inscription Plus (4x4) Ürün Kataloğu,3 Yıl / 100 Bin Km Mekanik,"Garanti Süresi Boyunca Ücretsiz
Volvo OtoLine 444 4858",Var,,,,,Turbo,,4,1969 cc,Common Rail Direkt Enjeksiyon,7.3 saniye,230 km/s,480 nm,235 BG,İsveç > Çin,D5,Binek,Inscription Plus,,Sedan,2019,İçten Yanmalı (Standart),5003 tl/yıl,E,S90,Dizel,https://www.epey.com/araba/2019-volvo-s90-d5-2-0-235-hp-awd-geartronic-inscription-plus-4x4.html,,,,,,133 g/km,5.1 lt,60 lt,,,,,,5 yıldız,2019 Volvo S90 D5 2.0 235 HP AWD Geartronic Inscription Plus (4x4) NCAP/ANCAP Web Sayfası,2017,Var,,,,,,,,,4x4 Çekişli,,,,,8 ileri,Otomatik,Geartronic (Otomatik)
,11.80 mt.,1890 mm,4963 mm,1443 mm,,500 lt,,2019 Volvo S90 D5 2.0 235 HP AWD Geartronic Momentum (4x4),2019 Volvo S90 D5 2.0 235 HP AWD Geartronic Momentum (4x4) Test Sürüşü Talep Sayfası,2019 Volvo S90 D5 2.0 235 HP AWD Geartronic Momentum (4x4) Ürün Kataloğu,3 Yıl / 100 Bin Km Mekanik,"Garanti Süresi Boyunca Ücretsiz
Volvo OtoLine 444 4858",Var,,,,,Turbo,,4,1969 cc,Common Rail Direkt Enjeksiyon,7.3 saniye,230 km/s,480 nm,235 BG,İsveç > Çin,D5,Binek,Momentum,,Sedan,2019,İçten Yanmalı (Standart),5003 tl/yıl,E,S90,Dizel,https://www.epey.com/araba/2019-volvo-s90-d5-2-0-235-hp-awd-geartronic-momentum-4x4.html,,,,,,133 g/km,5.1 lt,60 lt,,,,,,5 yıldız,2019 Volvo S90 D5 2.0 235 HP AWD Geartronic Momentum (4x4) NCAP/ANCAP Web Sayfası,2017,Var,,,,,,,,,4x4 Çekişli,,,,,8 ileri,Otomatik,Geartronic (Otomatik)
,11.80 mt.,1890 mm,4963 mm,1443 mm,,500 lt,,2019 Volvo S90 D5 2.0 235 HP AWD Geartronic Momentum Plus (4x4),2019 Volvo S90 D5 2.0 235 HP AWD Geartronic Momentum Plus (4x4) Test Sürüşü Talep Sayfası,2019 Volvo S90 D5 2.0 235 HP AWD Geartronic Momentum Plus (4x4) Ürün Kataloğu,3 Yıl / 100 Bin Km Mekanik,"Garanti Süresi Boyunca Ücretsiz
Volvo OtoLine 444 4858",Var,,,,,Turbo,,4,1969 cc,Common Rail Direkt Enjeksiyon,7.3 saniye,230 km/s,480 nm,235 BG,İsveç > Çin,D5,Binek,Momentum Plus,,Sedan,2019,İçten Yanmalı (Standart),5003 tl/yıl,E,S90,Dizel,https://www.epey.com/araba/2019-volvo-s90-d5-2-0-235-hp-awd-geartronic-momentum-plus-4x4.html,,,,,,133 g/km,5.1 lt,60 lt,,,,,,5 yıldız,2019 Volvo S90 D5 2.0 235 HP AWD Geartronic Momentum Plus (4x4) NCAP/ANCAP Web Sayfası,2017,Var,,,,,,,,,4x4 Çekişli,,,,,8 ileri,Otomatik,Geartronic (Otomatik)
,11.80 mt.,1890 mm,4963 mm,1443 mm,,500 lt,,2019 Volvo S90 D5 2.0 235 HP AWD Geartronic R-Design Plus (4x4),2019 Volvo S90 D5 2.0 235 HP AWD Geartronic R-Design Plus (4x4) Test Sürüşü Talep Sayfası,2019 Volvo S90 D5 2.0 235 HP AWD Geartronic R-Design Plus (4x4) Ürün Kataloğu,3 Yıl / 100 Bin Km Mekanik,"Garanti Süresi Boyunca Ücretsiz
Volvo OtoLine 444 4858",Var,,,,,Turbo,,4,1969 cc,Common Rail Direkt Enjeksiyon,7.3 saniye,230 km/s,480 nm,235 BG,İsveç > Çin,D5,Binek,R-Design Plus,,Sedan,2019,İçten Yanmalı (Standart),5003 tl/yıl,E,S90,Dizel,https://www.epey.com/araba/2019-volvo-s90-d5-2-0-235-hp-awd-geartronic-r-design-plus-4x4.html,,,,,,133 g/km,5.1 lt,60 lt,,,,,,5 yıldız,2019 Volvo S90 D5 2.0 235 HP AWD Geartronic R-Design Plus (4x4) NCAP/ANCAP Web Sayfası,2017,Var,,,,,,,,,4x4 Çekişli,,,,,8 ileri,Otomatik,Geartronic (Otomatik)
,11.80 mt.,1890 mm,4963 mm,1443 mm,,500 lt,,2019 Volvo S90 T6 2.0 320 HP AWD Geartronic Inscription Plus (4x4),2019 Volvo S90 T6 2.0 320 HP AWD Geartronic Inscription Plus (4x4) Test Sürüşü Talep Sayfası,2019 Volvo S90 T6 2.0 320 HP AWD Geartronic Inscription Plus (4x4) Ürün Kataloğu,3 Yıl / 100 Bin Km Mekanik,"Garanti Süresi Boyunca Ücretsiz
Volvo OtoLine 444 4858",Var,,,,,Kompresör & Turbo,,4,1969 cc,Direkt Enjeksiyon,7.3 saniye,230 km/s,400 nm,320 BG,İsveç > Çin,T6,Binek,Inscription Plus,,Sedan,2019,İçten Yanmalı (Standart),5003 tl/yıl,E,S90,Benzin,https://www.epey.com/araba/2019-volvo-s90-t6-2-0-320-hp-awd-geartronic-inscription-plus-4x4.html,,,,,,169 g/km,7.3 lt,60 lt,,,,,,5 yıldız,2019 Volvo S90 T6 2.0 320 HP AWD Geartronic Inscription Plus (4x4) NCAP/ANCAP Web Sayfası,2017,Var,,,,,,,,,4x4 Çekişli,,,,,8 ileri,Otomatik,Geartronic (Otomatik)
,11.80 mt.,1890 mm,4963 mm,1443 mm,,500 lt,,2019 Volvo S90 T6 2.0 320 HP AWD Geartronic R-Design (4x4),2019 Volvo S90 T6 2.0 320 HP AWD Geartronic R-Design (4x4) Test Sürüşü Talep Sayfası,2019 Volvo S90 T6 2.0 320 HP AWD Geartronic R-Design (4x4) Ürün Kataloğu,3 Yıl / 100 Bin Km Mekanik,"Garanti Süresi Boyunca Ücretsiz
Volvo OtoLine 444 4858",Var,,,,,Kompresör & Turbo,,4,1969 cc,Direkt Enjeksiyon,7.3 saniye,230 km/s,400 nm,320 BG,İsveç > Çin,T6,Binek,R-Design,,Sedan,2019,İçten Yanmalı (Standart),5003 tl/yıl,E,S90,Benzin,https://www.epey.com/araba/2019-volvo-s90-t6-2-0-320-hp-awd-geartronic-r-design-4x4.html,,,,,,169 g/km,7.3 lt,60 lt,,,,,,5 yıldız,2019 Volvo S90 T6 2.0 320 HP AWD Geartronic R-Design (4x4) NCAP/ANCAP Web Sayfası,2017,Var,,,,,,,,,4x4 Çekişli,,,,,8 ileri,Otomatik,Geartronic (Otomatik)
,,1890 mm,4963 mm,1443 mm,,500 lt,,2019 Volvo S90 T8 Plug-in Hibrit 2.0 407 HP EAWD Geartronic Inscription (4x4),2019 Volvo S90 T8 Plug-in Hibrit 2.0 407 HP EAWD Geartronic Inscription (4x4) Test Sürüşü Talep Sayfası,2019 Volvo S90 T8 Plug-in Hibrit 2.0 407 HP EAWD Geartronic Inscription (4x4) Ürün Kataloğu,3 Yıl / 100 Bin Km Mekanik,"Garanti Süresi Boyunca Ücretsiz
Volvo OtoLine 444 4858",Var,240 nm,9.2 kW/sa,,,Kompresör & Turbo,,4,1969 cc,Direkt Enjeksiyon,4.7 saniye,250 km/s,400 nm,407 BG,İsveç > Çin,T8 Plug-in Hibrit,Binek,Inscription,,Sedan,2019,PHEV (Prizden Şarjlı HEV),,E,S90,Benzin & Elektrik,https://www.epey.com/araba/2019-volvo-s90-t8-plug-in-hibrit-2-0-407-hp-eawd-geartronic-inscription-4x4.html,,,,,,,1.9 lt,50 lt,,,,,,5 yıldız,2019 Volvo S90 T8 Plug-in Hibrit 2.0 407 HP EAWD Geartronic Inscription (4x4) NCAP/ANCAP Web Sayfası,2017,Var,,,,,,,,,4x4 Çekişli,,,,,8 ileri,Otomatik,Geartronic (Otomatik)
,,1890 mm,4963 mm,1443 mm,,500 lt,,2019 Volvo S90 T8 Plug-in Hibrit 2.0 407 HP EAWD Geartronic R-Design (4x4),2019 Volvo S90 T8 Plug-in Hibrit 2.0 407 HP EAWD Geartronic R-Design (4x4) Test Sürüşü Talep Sayfası,2019 Volvo S90 T8 Plug-in Hibrit 2.0 407 HP EAWD Geartronic R-Design (4x4) Ürün Kataloğu,3 Yıl / 100 Bin Km Mekanik,"Garanti Süresi Boyunca Ücretsiz
Volvo OtoLine 444 4858",Var,240 nm,9.2 kW/sa,,,Kompresör & Turbo,,4,1969 cc,Direkt Enjeksiyon,4.7 saniye,250 km/s,400 nm,407 BG,İsveç > Çin,T8 Plug-in Hibrit,Binek,R-Design,,Sedan,2019,PHEV (Prizden Şarjlı HEV),,E,S90,Benzin & Elektrik,https://www.epey.com/araba/2019-volvo-s90-t8-plug-in-hibrit-2-0-407-hp-eawd-geartronic-r-design-4x4.html,,,,,,,1.9 lt,50 lt,,,,,,5 yıldız,2019 Volvo S90 T8 Plug-in Hibrit 2.0 407 HP EAWD Geartronic R-Design (4x4) NCAP/ANCAP Web Sayfası,2017,Var,,,,,,,,,4x4 Çekişli,,,,,8 ileri,Otomatik,Geartronic (Otomatik)
1435 kg,10.80 mt.,1857 mm,4370 mm,1420 mm,,324 lt,,2019 Volvo V40 T3 1.5 152 HP Geartronic Inscription,2019 Volvo V40 T3 1.5 152 HP Geartronic Inscription Test Sürüşü Talep Sayfası,2019 Volvo V40 T3 1.5 152 HP Geartronic Inscription Ürün Kataloğu,"2 Yıl Sınırsız Km Mekanik
3. Yıl / 100 Bin Km Mekanik","Garanti Süresi Boyunca Ücretsiz
Volvo OtoLine 444 4858",Var,,,,,Turbo,,4,1498 cc,Direkt Enjeksiyon,8.3 saniye,210 km/s,250 nm,152 BG,İsveç > Çin,T3,Binek,Inscription,,Hatchback,2019,İçten Yanmalı (Standart),1800 tl/yıl,Premium C,V40,Benzin,https://www.epey.com/araba/2019-volvo-v40-t3-1-5-152-hp-geartronic-inscription.html,,,,,,129 g/km,5.5 lt,62 lt,Euro 6,,,,,5 yıldız,2019 Volvo V40 T3 1.5 152 HP Geartronic Inscription NCAP/ANCAP Web Sayfası,2012,Var,,,,,,,,,Önden Çekişli,,,,,6 ileri,Otomatik,Geartronic (Otomatik)
1674 kg,11.4 mt.,1863 mm,4425 mm,1652 mm,1336 lt,460 lt,,2019 Volvo XC40 D3 2.0 150 HP Geartronic Inscription (4x2),2019 Volvo XC40 D3 2.0 150 HP Geartronic Inscription (4x2) Test Sürüşü Talep Sayfası,2019 Volvo XC40 D3 2.0 150 HP Geartronic Inscription (4x2) Ürün Kataloğu,"3 Yıl / 100 Bin Km Mekanik
8 Yıl Boya
12 Yıl Paslanmazlık","Garanti Süresi Boyunca Ücretsiz
Volvo OtoLine 444 4858",Var,,,,,Turbo,,4,1969 cc,Common Rail Direkt Enjeksiyon,8.2 saniye,195 km/s,320 nm,150 BG,İsveç > Çin,D3,Binek,Inscription,,SUV,2019,İçten Yanmalı (Standart),5003 tl/yıl,Premium B,XC40,Dizel,https://www.epey.com/araba/2019-volvo-xc40-d3-2-0-150-hp-geartronic-inscription-4x2.html,,,,,,132 g/km,5.0 lt,54 lt,Euro 6,4.7 lt,5.6 lt,,,5 yıldız,2019 Volvo XC40 D3 2.0 150 HP Geartronic Inscription (4x2) NCAP/ANCAP Web Sayfası,2018,Var,,,,,,,,,Önden Çekişli,,,,,8 ileri,Otomatik,Geartronic (Otomatik)
1674 kg,11.4 mt.,1863 mm,4425 mm,1652 mm,1336 lt,460 lt,,2019 Volvo XC40 D3 2.0 150 HP Geartronic Momentum (4x2),2019 Volvo XC40 D3 2.0 150 HP Geartronic Momentum (4x2) Test Sürüşü Talep Sayfası,2019 Volvo XC40 D3 2.0 150 HP Geartronic Momentum (4x2) Ürün Kataloğu,"3 Yıl / 100 Bin Km Mekanik
8 Yıl Boya
12 Yıl Paslanmazlık","Garanti Süresi Boyunca Ücretsiz
Volvo OtoLine 444 4858",Var,,,,,Turbo,,4,1969 cc,Common Rail Direkt Enjeksiyon,8.2 saniye,195 km/s,320 nm,150 BG,İsveç > Çin,D3,Binek,Momentum,,SUV,2019,İçten Yanmalı (Standart),5003 tl/yıl,Premium B,XC40,Dizel,https://www.epey.com/araba/2019-volvo-xc40-d3-2-0-150-hp-geartronic-momentum-4x2.html,,,,,,132 g/km,5.0 lt,54 lt,Euro 6,4.7 lt,5.6 lt,,,5 yıldız,2019 Volvo XC40 D3 2.0 150 HP Geartronic Momentum (4x2) NCAP/ANCAP Web Sayfası,2018,Var,,,,,,,,,Önden Çekişli,,,,,8 ileri,Otomatik,Geartronic (Otomatik)
1674 kg,11.4 mt.,1863 mm,4425 mm,1652 mm,1336 lt,460 lt,,2019 Volvo XC40 D3 2.0 150 HP Geartronic R-Design (4x2),2019 Volvo XC40 D3 2.0 150 HP Geartronic R-Design (4x2) Test Sürüşü Talep Sayfası,2019 Volvo XC40 D3 2.0 150 HP Geartronic R-Design (4x2) Ürün Kataloğu,"3 Yıl / 100 Bin Km Mekanik
8 Yıl Boya
12 Yıl Paslanmazlık","Garanti Süresi Boyunca Ücretsiz
Volvo OtoLine 444 4858",Var,,,,,Turbo,,4,1969 cc,Common Rail Direkt Enjeksiyon,8.2 saniye,195 km/s,320 nm,150 BG,İsveç > Çin,D3,Binek,R-Design,,SUV,2019,İçten Yanmalı (Standart),5003 tl/yıl,Premium B,XC40,Dizel,https://www.epey.com/araba/2019-volvo-xc40-d3-2-0-150-hp-geartronic-r-design-4x2.html,,,,,,132 g/km,5.0 lt,54 lt,Euro 6,4.7 lt,5.6 lt,,,5 yıldız,2019 Volvo XC40 D3 2.0 150 HP Geartronic R-Design (4x2) NCAP/ANCAP Web Sayfası,2018,Var,,,,,,,,,Önden Çekişli,,,,,8 ileri,Otomatik,Geartronic (Otomatik)
1728 kg,11.4 mt.,1863 mm,4425 mm,1652 mm,1336 lt,460 lt,,2019 Volvo XC40 D4 2.0 190 HP AWD Geartronic Inscription (4x4),2019 Volvo XC40 D4 2.0 190 HP AWD Geartronic Inscription (4x4) Test Sürüşü Talep Sayfası,2019 Volvo XC40 D4 2.0 190 HP AWD Geartronic Inscription (4x4) Ürün Kataloğu,"3 Yıl / 100 Bin Km Mekanik
8 Yıl Boya
12 Yıl Paslanmazlık","Garanti Süresi Boyunca Ücretsiz
Volvo OtoLine 444 4858",Var,,,,,Çift Turbo,,4,1969 cc,Common Rail Direkt Enjeksiyon,7.9 saniye,210 km/s,400 nm,190 BG,İsveç > Çin,D4,Binek,Inscription,,SUV,2019,İçten Yanmalı (Standart),5003 tl/yıl,Premium B,XC40,Dizel,https://www.epey.com/araba/2019-volvo-xc40-d4-2-0-190-hp-awd-geartronic-inscription-4x4.html,,,,,,131 g/km,5.0 lt,54 lt,Euro 6,,,,,5 yıldız,2019 Volvo XC40 D4 2.0 190 HP AWD Geartronic Inscription (4x4) NCAP/ANCAP Web Sayfası,2018,Var,,,,,,,,,4x4 Çekişli,,,,,8 ileri,Otomatik,Geartronic (Otomatik)
1728 kg,11.4 mt.,1863 mm,4425 mm,1652 mm,1336 lt,460 lt,,2019 Volvo XC40 D4 2.0 190 HP AWD Geartronic Momentum (4x4),2019 Volvo XC40 D4 2.0 190 HP AWD Geartronic Momentum (4x4) Test Sürüşü Talep Sayfası,2019 Volvo XC40 D4 2.0 190 HP AWD Geartronic Momentum (4x4) Ürün Kataloğu,"3 Yıl / 100 Bin Km Mekanik
8 Yıl Boya
12 Yıl Paslanmazlık","Garanti Süresi Boyunca Ücretsiz
Volvo OtoLine 444 4858",Var,,,,,Çift Turbo,,4,1969 cc,Common Rail Direkt Enjeksiyon,7.9 saniye,210 km/s,400 nm,190 BG,İsveç > Çin,D4,Binek,Momentum,,SUV,2019,İçten Yanmalı (Standart),5003 tl/yıl,Premium B,XC40,Dizel,https://www.epey.com/araba/2019-volvo-xc40-d4-2-0-190-hp-awd-geartronic-momentum-4x4.html,,,,,,131 g/km,5.0 lt,54 lt,Euro 6,,,,,5 yıldız,2019 Volvo XC40 D4 2.0 190 HP AWD Geartronic Momentum (4x4) NCAP/ANCAP Web Sayfası,2018,Var,,,,,,,,,4x4 Çekişli,,,,,8 ileri,Otomatik,Geartronic (Otomatik)
1728 kg,11.4 mt.,1863 mm,4425 mm,1652 mm,1336 lt,460 lt,,2019 Volvo XC40 D4 2.0 190 HP AWD Geartronic R-Design (4x4),2019 Volvo XC40 D4 2.0 190 HP AWD Geartronic R-Design (4x4) Test Sürüşü Talep Sayfası,2019 Volvo XC40 D4 2.0 190 HP AWD Geartronic R-Design (4x4) Ürün Kataloğu,"3 Yıl / 100 Bin Km Mekanik
8 Yıl Boya
12 Yıl Paslanmazlık","Garanti Süresi Boyunca Ücretsiz
Volvo OtoLine 444 4858",Var,,,,,Çift Turbo,,4,1969 cc,Common Rail Direkt Enjeksiyon,7.9 saniye,210 km/s,400 nm,190 BG,İsveç > Çin,D4,Binek,R-Design,,SUV,2019,İçten Yanmalı (Standart),5003 tl/yıl,Premium B,XC40,Dizel,https://www.epey.com/araba/2019-volvo-xc40-d4-2-0-190-hp-awd-geartronic-r-design-4x4.html,,,,,,131 g/km,5.0 lt,54 lt,Euro 6,,,,,5 yıldız,2019 Volvo XC40 D4 2.0 190 HP AWD Geartronic R-Design (4x4) NCAP/ANCAP Web Sayfası,2018,Var,,,,,,,,,4x4 Çekişli,,,,,8 ileri,Otomatik,Geartronic (Otomatik)
,11.4 mt.,1863 mm,4425 mm,1652 mm,1336 lt,460 lt,,2019 Volvo XC40 T3 1.5 163 HP Geartronic Inscription (4x2),2019 Volvo XC40 T3 1.5 163 HP Geartronic Inscription (4x2) Test Sürüşü Talep Sayfası,2019 Volvo XC40 T3 1.5 163 HP Geartronic Inscription (4x2) Ürün Kataloğu,"3 Yıl / 100 Bin Km Mekanik
8 Yıl Boya
12 Yıl Paslanmazlık","Garanti Süresi Boyunca Ücretsiz
Volvo OtoLine 444 4858",Var,,,,,Turbo,,3,1477 cc,Direkt Enjeksiyon,9.6 saniye,200 km/s,265 nm,163 BG,İsveç > Çin,T3,Binek,Inscription,,SUV,2019,İçten Yanmalı (Standart),1800 tl/yıl,Premium B,XC40,Benzin,https://www.epey.com/araba/2019-volvo-xc40-t3-1-5-163-hp-geartronic-inscription-4x2.html,,,,,,,,54 lt,Euro 6,,,,,5 yıldız,2019 Volvo XC40 T3 1.5 163 HP Geartronic Inscription (4x2) NCAP/ANCAP Web Sayfası,2018,Var,,,,,,,,,Önden Çekişli,,,,,8 ileri,Otomatik,Geartronic (Otomatik)
,11.4 mt.,1863 mm,4425 mm,1652 mm,1336 lt,460 lt,,2019 Volvo XC40 T3 1.5 163 HP Geartronic Momentum (4x2),2019 Volvo XC40 T3 1.5 163 HP Geartronic Momentum (4x2) Test Sürüşü Talep Sayfası,2019 Volvo XC40 T3 1.5 163 HP Geartronic Momentum (4x2) Ürün Kataloğu,"3 Yıl / 100 Bin Km Mekanik
8 Yıl Boya
12 Yıl Paslanmazlık","Garanti Süresi Boyunca Ücretsiz
Volvo OtoLine 444 4858",Var,,,,,Turbo,,3,1477 cc,Direkt Enjeksiyon,9.6 saniye,200 km/s,265 nm,163 BG,İsveç > Çin,T3,Binek,Momentum,,SUV,2019,İçten Yanmalı (Standart),1800 tl/yıl,Premium B,XC40,Benzin,https://www.epey.com/araba/2019-volvo-xc40-t3-1-5-163-hp-geartronic-momentum-4x2.html,,,,,,,,54 lt,Euro 6,,,,,5 yıldız,2019 Volvo XC40 T3 1.5 163 HP Geartronic Momentum (4x2) NCAP/ANCAP Web Sayfası,2018,Var,,,,,,,,,Önden Çekişli,,,,,8 ileri,Otomatik,Geartronic (Otomatik)
,11.4 mt.,1863 mm,4425 mm,1652 mm,1336 lt,460 lt,,2019 Volvo XC40 T3 1.5 163 HP Geartronic R-Design (4x2),2019 Volvo XC40 T3 1.5 163 HP Geartronic R-Design (4x2) Test Sürüşü Talep Sayfası,2019 Volvo XC40 T3 1.5 163 HP Geartronic R-Design (4x2) Ürün Kataloğu,"3 Yıl / 100 Bin Km Mekanik
8 Yıl Boya
12 Yıl Paslanmazlık","Garanti Süresi Boyunca Ücretsiz
Volvo OtoLine 444 4858",Var,,,,,Turbo,,3,1477 cc,Direkt Enjeksiyon,9.6 saniye,200 km/s,265 nm,163 BG,İsveç > Çin,T3,Binek,R-Design,,SUV,2019,İçten Yanmalı (Standart),1800 tl/yıl,Premium B,XC40,Benzin,https://www.epey.com/araba/2019-volvo-xc40-t3-1-5-163-hp-geartronic-r-design-4x2.html,,,,,,,,54 lt,Euro 6,,,,,5 yıldız,2019 Volvo XC40 T3 1.5 163 HP Geartronic R-Design (4x2) NCAP/ANCAP Web Sayfası,2018,Var,,,,,,,,,Önden Çekişli,,,,,8 ileri,Otomatik,Geartronic (Otomatik)
1706 kg,11.4 mt.,1863 mm,4425 mm,1652 mm,1336 lt,460 lt,,2019 Volvo XC40 T4 2.0 190 HP AWD Geartronic Inscription (4x4),2019 Volvo XC40 T4 2.0 190 HP AWD Geartronic Inscription (4x4) Test Sürüşü Talep Sayfası,2019 Volvo XC40 T4 2.0 190 HP AWD Geartronic Inscription (4x4) Ürün Kataloğu,"3 Yıl / 100 Bin Km Mekanik
8 Yıl Boya
12 Yıl Paslanmazlık","Garanti Süresi Boyunca Ücretsiz
Volvo OtoLine 444 4858",Var,,,,,Turbo,,4,1969 cc,Direkt Enjeksiyon,8.5 saniye,210 km/s,300 nm,190 BG,İsveç > Çin,T4,Binek,Inscription,,SUV,2019,İçten Yanmalı (Standart),5003 tl/yıl,Premium B,XC40,Benzin,https://www.epey.com/araba/2019-volvo-xc40-t4-2-0-190-hp-awd-geartronic-inscription-4x4.html,,,,,,161 g/km,6.9 lt,54 lt,Euro 6,,,,,5 yıldız,2019 Volvo XC40 T4 2.0 190 HP AWD Geartronic Inscription (4x4) NCAP/ANCAP Web Sayfası,2018,Var,,,,,,,,,4x4 Çekişli,,,,,8 ileri,Otomatik,Geartronic (Otomatik)
1706 kg,11.4 mt.,1863 mm,4425 mm,1652 mm,1336 lt,460 lt,,2019 Volvo XC40 T4 2.0 190 HP AWD Geartronic Momentum (4x4),2019 Volvo XC40 T4 2.0 190 HP AWD Geartronic Momentum (4x4) Test Sürüşü Talep Sayfası,2019 Volvo XC40 T4 2.0 190 HP AWD Geartronic Momentum (4x4) Ürün Kataloğu,"3 Yıl / 100 Bin Km Mekanik
8 Yıl Boya
12 Yıl Paslanmazlık","Garanti Süresi Boyunca Ücretsiz
Volvo OtoLine 444 4858",Var,,,,,Turbo,,4,1969 cc,Direkt Enjeksiyon,8.5 saniye,210 km/s,300 nm,190 BG,İsveç > Çin,T4,Binek,Momentum,,SUV,2019,İçten Yanmalı (Standart),5003 tl/yıl,Premium B,XC40,Benzin,https://www.epey.com/araba/2019-volvo-xc40-t4-2-0-190-hp-awd-geartronic-momentum-4x4.html,,,,,,161 g/km,6.9 lt,54 lt,Euro 6,,,,,5 yıldız,2019 Volvo XC40 T4 2.0 190 HP AWD Geartronic Momentum (4x4) NCAP/ANCAP Web Sayfası,2018,Var,,,,,,,,,4x4 Çekişli,,,,,8 ileri,Otomatik,Geartronic (Otomatik)
1706 kg,11.4 mt.,1863 mm,4425 mm,1652 mm,1336 lt,460 lt,,2019 Volvo XC40 T4 2.0 190 HP AWD Geartronic R-Design (4x4),2019 Volvo XC40 T4 2.0 190 HP AWD Geartronic R-Design (4x4) Test Sürüşü Talep Sayfası,2019 Volvo XC40 T4 2.0 190 HP AWD Geartronic R-Design (4x4) Ürün Kataloğu,"3 Yıl / 100 Bin Km Mekanik
8 Yıl Boya
12 Yıl Paslanmazlık","Garanti Süresi Boyunca Ücretsiz
Volvo OtoLine 444 4858",Var,,,,,Turbo,,4,1969 cc,Direkt Enjeksiyon,8.5 saniye,210 km/s,300 nm,190 BG,İsveç > Çin,T4,Binek,R-Design,,SUV,2019,İçten Yanmalı (Standart),5003 tl/yıl,Premium B,XC40,Benzin,https://www.epey.com/araba/2019-volvo-xc40-t4-2-0-190-hp-awd-geartronic-r-design-4x4.html,,,,,,161 g/km,6.9 lt,54 lt,Euro 6,,,,,5 yıldız,2019 Volvo XC40 T4 2.0 190 HP AWD Geartronic R-Design (4x4) NCAP/ANCAP Web Sayfası,2018,Var,,,,,,,,,4x4 Çekişli,,,,,8 ileri,Otomatik,Geartronic (Otomatik)
2329 kg,11.90 mt.,2008 mm,4950 mm,1776 mm,,505 lt,,2019 Volvo XC90 B5 Mild Hibrit 2.0 235 HP Geartronic Inscription (4x4),2019 Volvo XC90 B5 Mild Hibrit 2.0 235 HP Geartronic Inscription (4x4) Test Sürüşü Talep Sayfası,2019 Volvo XC90 B5 Mild Hibrit 2.0 235 HP Geartronic Inscription (4x4) Ürün Kataloğu,3 Yıl / 100 Bin Km Mekanik,"Garanti Süresi Boyunca Ücretsiz
Volvo OtoLine 444 4858",Var,40 nm,,Lityum İyon,,Turbo,,4,1969 cc,Common Rail Direkt Enjeksiyon,7.1 saniye,225 km/s,480 nm,235 BG,İsveç > Çin,B5,Binek,Inscription,,SUV,2019,MHEV (Yarı Hibrit Sistem),5003 tl/yıl,E,XC90,Dizel & Elektrik,https://www.epey.com/araba/2019-volvo-xc90-b5-mild-hibrit-2-0-235-hp-geartronic-inscription-4x4.html,,,,,,,,71 lt,,,,,,5 yıldız,2019 Volvo XC90 B5 Mild Hibrit 2.0 235 HP Geartronic Inscription (4x4) NCAP/ANCAP Web Sayfası,2015,Var,,,,,,,,,4x4 Çekişli,,,,,8 ileri,Otomatik,Geartronic (Otomatik)
2329 kg,11.90 mt.,2008 mm,4950 mm,1776 mm,,505 lt,,2019 Volvo XC90 B5 Mild Hibrit 2.0 235 HP Geartronic Momentum (4x4),2019 Volvo XC90 B5 Mild Hibrit 2.0 235 HP Geartronic Momentum (4x4) Test Sürüşü Talep Sayfası,2019 Volvo XC90 B5 Mild Hibrit 2.0 235 HP Geartronic Momentum (4x4) Ürün Kataloğu,3 Yıl / 100 Bin Km Mekanik,"Garanti Süresi Boyunca Ücretsiz
Volvo OtoLine 444 4858",Var,40 nm,,Lityum İyon,,Turbo,,4,1969 cc,Common Rail Direkt Enjeksiyon,7.1 saniye,225 km/s,480 nm,235 BG,İsveç > Çin,B5,Binek,Momentum,,SUV,2019,MHEV (Yarı Hibrit Sistem),5003 tl/yıl,E,XC90,Dizel & Elektrik,https://www.epey.com/araba/2019-volvo-xc90-b5-mild-hibrit-2-0-235-hp-geartronic-momentum-4x4.html,,,,,,,,71 lt,,,,,,5 yıldız,2019 Volvo XC90 B5 Mild Hibrit 2.0 235 HP Geartronic Momentum (4x4) NCAP/ANCAP Web Sayfası,2015,Var,,,,,,,,,4x4 Çekişli,,,,,8 ileri,Otomatik,Geartronic (Otomatik)
2329 kg,11.90 mt.,2008 mm,4950 mm,1776 mm,,505 lt,,2019 Volvo XC90 B5 Mild Hibrit 2.0 235 HP Geartronic R-Design (4x4),2019 Volvo XC90 B5 Mild Hibrit 2.0 235 HP Geartronic R-Design (4x4) Test Sürüşü Talep Sayfası,2019 Volvo XC90 B5 Mild Hibrit 2.0 235 HP Geartronic R-Design (4x4) Ürün Kataloğu,3 Yıl / 100 Bin Km Mekanik,"Garanti Süresi Boyunca Ücretsiz
Volvo OtoLine 444 4858",Var,40 nm,,Lityum İyon,,Turbo,,4,1969 cc,Common Rail Direkt Enjeksiyon,7.1 saniye,225 km/s,480 nm,235 BG,İsveç > Çin,B5,Binek,R-Design,,SUV,2019,MHEV (Yarı Hibrit Sistem),5003 tl/yıl,E,XC90,Dizel & Elektrik,https://www.epey.com/araba/2019-volvo-xc90-b5-mild-hibrit-2-0-235-hp-geartronic-r-design-4x4.html,,,,,,,,71 lt,,,,,,5 yıldız,2019 Volvo XC90 B5 Mild Hibrit 2.0 235 HP Geartronic R-Design (4x4) NCAP/ANCAP Web Sayfası,2015,Var,,,,,,,,,4x4 Çekişli,,,,,8 ileri,Otomatik,Geartronic (Otomatik)
1997 kg,11.90 mt.,2008 mm,4950 mm,1776 mm,1868 lt,991 lt,450 lt,2019 Volvo XC90 D5 2.0 235 HP Geartronic Inscription (4x4),2019 Volvo XC90 D5 2.0 235 HP Geartronic Inscription (4x4) Test Sürüşü Talep Sayfası,2019 Volvo XC90 D5 2.0 235 HP Geartronic Inscription (4x4) Ürün Kataloğu,3 Yıl / 100 Bin Km Mekanik,"Garanti Süresi Boyunca Ücretsiz
Volvo OtoLine 444 4858",Var,,,,,Çift Turbo,,4,1969 cc,Common Rail Direkt Enjeksiyon,7.8 saniye,220 km/s,480 nm,235 BG,İsveç > Çin,D5,Binek,Inscription,,SUV,2019,İçten Yanmalı (Standart),5003 tl/yıl,E,XC90,Dizel,https://www.epey.com/araba/2019-volvo-xc90-d5-2-0-235-hp-geartronic-inscription-4x4.html,,,,,,149 g/km,5.7 lt,71 lt,,,,,,5 yıldız,2019 Volvo XC90 D5 2.0 235 HP Geartronic Inscription (4x4) NCAP/ANCAP Web Sayfası,2015,Var,,,,,,,,,4x4 Çekişli,,,,,8 ileri,Otomatik,Geartronic (Otomatik)
1997 kg,11.90 mt.,2008 mm,4950 mm,1776 mm,1868 lt,991 lt,450 lt,2019 Volvo XC90 D5 2.0 235 HP Geartronic Momentum (4x4),2019 Volvo XC90 D5 2.0 235 HP Geartronic Momentum (4x4) Test Sürüşü Talep Sayfası,2019 Volvo XC90 D5 2.0 235 HP Geartronic Momentum (4x4) Ürün Kataloğu,3 Yıl / 100 Bin Km Mekanik,"Garanti Süresi Boyunca Ücretsiz
Volvo OtoLine 444 4858",Var,,,,,Çift Turbo,,4,1969 cc,Common Rail Direkt Enjeksiyon,7.8 saniye,220 km/s,480 nm,235 BG,İsveç > Çin,D5,Binek,Momentum,,SUV,2019,İçten Yanmalı (Standart),5003 tl/yıl,E,XC90,Dizel,https://www.epey.com/araba/2019-volvo-xc90-d5-2-0-235-hp-geartronic-momentum-4x4.html,,,,,,149 g/km,5.7 lt,71 lt,,,,,,5 yıldız,2019 Volvo XC90 D5 2.0 235 HP Geartronic Momentum (4x4) NCAP/ANCAP Web Sayfası,2015,Var,,,,,,,,,4x4 Çekişli,,,,,8 ileri,Otomatik,Geartronic (Otomatik)
1997 kg,11.90 mt.,2008 mm,4950 mm,1776 mm,1868 lt,991 lt,450 lt,2019 Volvo XC90 D5 2.0 235 HP Geartronic R-Design (4x4),2019 Volvo XC90 D5 2.0 235 HP Geartronic R-Design (4x4) Test Sürüşü Talep Sayfası,2019 Volvo XC90 D5 2.0 235 HP Geartronic R-Design (4x4) Ürün Kataloğu,3 Yıl / 100 Bin Km Mekanik,"Garanti Süresi Boyunca Ücretsiz
Volvo OtoLine 444 4858",Var,,,,,Çift Turbo,,4,1969 cc,Common Rail Direkt Enjeksiyon,7.8 saniye,220 km/s,480 nm,235 BG,İsveç > Çin,D5,Binek,R-Design,,SUV,2019,İçten Yanmalı (Standart),5003 tl/yıl,E,XC90,Dizel,https://www.epey.com/araba/2019-volvo-xc90-d5-2-0-235-hp-geartronic-r-design-4x4.html,,,,,,149 g/km,5.7 lt,71 lt,,,,,,5 yıldız,2019 Volvo XC90 D5 2.0 235 HP Geartronic R-Design (4x4) NCAP/ANCAP Web Sayfası,2015,Var,,,,,,,,,4x4 Çekişli,,,,,8 ileri,Otomatik,Geartronic (Otomatik)
2078 kg,11.90 mt.,2008 mm,4950 mm,1776 mm,1868 lt,991 lt,450 lt,2019 Volvo XC90 T6 2.0 320 HP Geartronic Inscription (4x4),2019 Volvo XC90 T6 2.0 320 HP Geartronic Inscription (4x4) Test Sürüşü Talep Sayfası,2019 Volvo XC90 T6 2.0 320 HP Geartronic Inscription (4x4) Ürün Kataloğu,3 Yıl / 100 Bin Km Mekanik,"Garanti Süresi Boyunca Ücretsiz
Volvo OtoLine 444 4858",Var,,,,,Turbo,,4,1969 cc,Direkt Enjeksiyon,6.5 saniye,230 km/s,400 nm,320 BG,İsveç > Çin,T6,Binek,Inscription,,SUV,2019,İçten Yanmalı (Standart),5003 tl/yıl,E,XC90,Benzin,https://www.epey.com/araba/2019-volvo-xc90-t6-2-0-320-hp-geartronic-inscription-4x4.html,,,,,,186 g/km,8.0 lt,71 lt,,,,,,5 yıldız,2019 Volvo XC90 T6 2.0 320 HP Geartronic Inscription (4x4) NCAP/ANCAP Web Sayfası,2015,Var,,,,,,,,,4x4 Çekişli,,,,,8 ileri,Otomatik,Geartronic (Otomatik)
2078 kg,11.90 mt.,2008 mm,4950 mm,1776 mm,1868 lt,991 lt,450 lt,2019 Volvo XC90 T6 2.0 320 HP Geartronic Momentum (4x4),2019 Volvo XC90 T6 2.0 320 HP Geartronic Momentum (4x4) Test Sürüşü Talep Sayfası,2019 Volvo XC90 T6 2.0 320 HP Geartronic Momentum (4x4) Ürün Kataloğu,3 Yıl / 100 Bin Km Mekanik,"Garanti Süresi Boyunca Ücretsiz
Volvo OtoLine 444 4858",Var,,,,,Turbo,,4,1969 cc,Direkt Enjeksiyon,6.5 saniye,230 km/s,400 nm,320 BG,İsveç > Çin,T6,Binek,Momentum,,SUV,2019,İçten Yanmalı (Standart),5003 tl/yıl,E,XC90,Benzin,https://www.epey.com/araba/2019-volvo-xc90-t6-2-0-320-hp-geartronic-momentum-4x4.html,,,,,,186 g/km,8.0 lt,71 lt,,,,,,5 yıldız,2019 Volvo XC90 T6 2.0 320 HP Geartronic Momentum (4x4) NCAP/ANCAP Web Sayfası,2015,Var,,,,,,,,,4x4 Çekişli,,,,,8 ileri,Otomatik,Geartronic (Otomatik)
2078 kg,11.90 mt.,2008 mm,4950 mm,1776 mm,1868 lt,991 lt,450 lt,2019 Volvo XC90 T6 2.0 320 HP Geartronic R-Design (4x4),2019 Volvo XC90 T6 2.0 320 HP Geartronic R-Design (4x4) Test Sürüşü Talep Sayfası,2019 Volvo XC90 T6 2.0 320 HP Geartronic R-Design (4x4) Ürün Kataloğu,3 Yıl / 100 Bin Km Mekanik,"Garanti Süresi Boyunca Ücretsiz
Volvo OtoLine 444 4858",Var,,,,,Turbo,,4,1969 cc,Direkt Enjeksiyon,6.5 saniye,230 km/s,400 nm,320 BG,İsveç > Çin,T6,Binek,R-Design,,SUV,2019,İçten Yanmalı (Standart),5003 tl/yıl,E,XC90,Benzin,https://www.epey.com/araba/2019-volvo-xc90-t6-2-0-320-hp-geartronic-r-design-4x4.html,,,,,,186 g/km,8.0 lt,71 lt,,,,,,5 yıldız,2019 Volvo XC90 T6 2.0 320 HP Geartronic R-Design (4x4) NCAP/ANCAP Web Sayfası,2015,Var,,,,,,,,,4x4 Çekişli,,,,,8 ileri,Otomatik,Geartronic (Otomatik)
2294 kg,11.90 mt.,2008 mm,4950 mm,1776 mm,1868 lt,991 lt,450 lt,2019 Volvo XC90 T8 Plug-in Hibrit 2.0 407 HP Geartronic Excellence (4x4),2019 Volvo XC90 T8 Plug-in Hibrit 2.0 407 HP Geartronic Excellence (4x4) Test Sürüşü Talep Sayfası,2019 Volvo XC90 T8 Plug-in Hibrit 2.0 407 HP Geartronic Excellence (4x4) Ürün Kataloğu,3 Yıl / 100 Bin Km Mekanik,"Garanti Süresi Boyunca Ücretsiz
Volvo OtoLine 444 4858",Var,,9.2 kW/sa,Lityum İyon,,Çift Turbo,,4,1969 cc,Direkt Enjeksiyon,5.6 saniye,230 km/s,640 nm,407 BG,İsveç > Çin,T8 Plug-in Hibrit,Binek,Excellence,,SUV,2019,PHEV (Prizden Şarjlı HEV),,E,XC90,Benzin & Elektrik,https://www.epey.com/araba/2019-volvo-xc90-t8-plug-in-hibrit-2-0-407-hp-geartronic-excellence-4x4.html,,,,,,49 g/km,2.1 lt,50 lt,,,,,,5 yıldız,2019 Volvo XC90 T8 Plug-in Hibrit 2.0 407 HP Geartronic Excellence (4x4) NCAP/ANCAP Web Sayfası,2015,Var,,,,,,,,,4x4 Çekişli,,,,,8 ileri,Otomatik,Geartronic (Otomatik)
2294 kg,11.90 mt.,2008 mm,4950 mm,1776 mm,1868 lt,991 lt,450 lt,2019 Volvo XC90 T8 Plug-in Hibrit 2.0 407 HP Geartronic Inscription (4x4),2019 Volvo XC90 T8 Plug-in Hibrit 2.0 407 HP Geartronic Inscription (4x4) Test Sürüşü Talep Sayfası,2019 Volvo XC90 T8 Plug-in Hibrit 2.0 407 HP Geartronic Inscription (4x4) Ürün Kataloğu,3 Yıl / 100 Bin Km Mekanik,"Garanti Süresi Boyunca Ücretsiz
Volvo OtoLine 444 4858",Var,,9.2 kW/sa,Lityum İyon,,Çift Turbo,,4,1969 cc,Direkt Enjeksiyon,5.6 saniye,230 km/s,640 nm,407 BG,İsveç > Çin,T8 Plug-in Hibrit,Binek,Inscription,,SUV,2019,PHEV (Prizden Şarjlı HEV),,E,XC90,Benzin & Elektrik,https://www.epey.com/araba/2019-volvo-xc90-t8-plug-in-hibrit-2-0-407-hp-geartronic-inscription-4x4.html,,,,,,49 g/km,2.1 lt,50 lt,,,,,,5 yıldız,2019 Volvo XC90 T8 Plug-in Hibrit 2.0 407 HP Geartronic Inscription (4x4) NCAP/ANCAP Web Sayfası,2015,Var,,,,,,,,,4x4 Çekişli,,,,,8 ileri,Otomatik,Geartronic (Otomatik)
2294 kg,11.90 mt.,2008 mm,4950 mm,1776 mm,1868 lt,991 lt,450 lt,2019 Volvo XC90 T8 Plug-in Hibrit 2.0 407 HP Geartronic Momentum (4x4),2019 Volvo XC90 T8 Plug-in Hibrit 2.0 407 HP Geartronic Momentum (4x4) Test Sürüşü Talep Sayfası,2019 Volvo XC90 T8 Plug-in Hibrit 2.0 407 HP Geartronic Momentum (4x4) Ürün Kataloğu,3 Yıl / 100 Bin Km Mekanik,"Garanti Süresi Boyunca Ücretsiz
Volvo OtoLine 444 4858",Var,,9.2 kW/sa,Lityum İyon,,Çift Turbo,,4,1969 cc,Direkt Enjeksiyon,5.6 saniye,230 km/s,640 nm,407 BG,İsveç > Çin,T8 Plug-in Hibrit,Binek,Momentum,,SUV,2019,PHEV (Prizden Şarjlı HEV),,E,XC90,Benzin & Elektrik,https://www.epey.com/araba/2019-volvo-xc90-t8-plug-in-hibrit-2-0-407-hp-geartronic-momentum-4x4.html,,,,,,49 g/km,2.1 lt,50 lt,,,,,,5 yıldız,2019 Volvo XC90 T8 Plug-in Hibrit 2.0 407 HP Geartronic Momentum (4x4) NCAP/ANCAP Web Sayfası,2015,Var,,,,,,,,,4x4 Çekişli,,,,,8 ileri,Otomatik,Geartronic (Otomatik)
2294 kg,11.90 mt.,2008 mm,4950 mm,1776 mm,1868 lt,991 lt,450 lt,2019 Volvo XC90 T8 Plug-in Hibrit 2.0 407 HP Geartronic R-Design (4x4),2019 Volvo XC90 T8 Plug-in Hibrit 2.0 407 HP Geartronic R-Design (4x4) Test Sürüşü Talep Sayfası,2019 Volvo XC90 T8 Plug-in Hibrit 2.0 407 HP Geartronic R-Design (4x4) Ürün Kataloğu,3 Yıl / 100 Bin Km Mekanik,"Garanti Süresi Boyunca Ücretsiz
Volvo OtoLine 444 4858",Var,,9.2 kW/sa,Lityum İyon,,Çift Turbo,,4,1969 cc,Direkt Enjeksiyon,5.6 saniye,230 km/s,640 nm,407 BG,İsveç > Çin,T8 Plug-in Hibrit,Binek,R-Design,,SUV,2019,PHEV (Prizden Şarjlı HEV),,E,XC90,Benzin & Elektrik,https://www.epey.com/araba/2019-volvo-xc90-t8-plug-in-hibrit-2-0-407-hp-geartronic-r-design-4x4.html,,,,,,49 g/km,2.1 lt,50 lt,,,,,,5 yıldız,2019 Volvo XC90 T8 Plug-in Hibrit 2.0 407 HP Geartronic R-Design (4x4) NCAP/ANCAP Web Sayfası,2015,Var,,,,,,,,,4x4 Çekişli,,,,,8 ileri,Otomatik,Geartronic (Otomatik)
1385 kg,,1799 mm,4319 mm,1434 mm,1200 lt,380 lt,,2019 BMW 1 116d 1.5 116 BG Otomatik First Edition M Sport,2019 BMW 1 116d 1.5 116 BG Otomatik First Edition M Sport Test Sürüşü Talep Sayfası,2019 BMW 1 116d 1.5 116 BG Otomatik First Edition M Sport Ürün Kataloğu,,,,,,,,Turbo,,3,1496 cc,,10.1 saniye,198 km/s,270 nm,116 BG,Almanya,,Binek,First Edition M Sport,,Hatchback,2019,İçten Yanmalı (Standart),1800 tl/yıl,Premium C,1 Serisi,Dizel,https://www.epey.com/araba/2019-yeni-bmw-116d-1-5-116-bg-otomatik-first-edition-m-sport.html,,,,,,120 g/km,4.6 lt,42 lt,,4.3 lt,5.0 lt,,,5 yıldız,2019 BMW 1 116d 1.5 116 BG Otomatik First Edition M Sport NCAP/ANCAP Web Sayfası,2019,Var,,,,,,,,,Önden Çekişli,,,,,7 ileri,Otomatik,
1385 kg,,1799 mm,4319 mm,1434 mm,1200 lt,380 lt,,2019 BMW 1 116d 1.5 116 BG Otomatik First Edition Sport Line,2019 BMW 1 116d 1.5 116 BG Otomatik First Edition Sport Line Test Sürüşü Talep Sayfası,2019 BMW 1 116d 1.5 116 BG Otomatik First Edition Sport Line Ürün Kataloğu,,,,,,,,Turbo,,3,1496 cc,,10.1 saniye,198 km/s,270 nm,116 BG,Almanya,,Binek,First Edition Sport Line,,Hatchback,2019,İçten Yanmalı (Standart),1800 tl/yıl,Premium C,1 Serisi,Dizel,https://www.epey.com/araba/2019-yeni-bmw-116d-1-5-116-bg-otomatik-first-edition-sport-line.html,,,,,,120 g/km,4.6 lt,42 lt,,4.3 lt,5.0 lt,,,5 yıldız,2019 BMW 1 116d 1.5 116 BG Otomatik First Edition Sport Line NCAP/ANCAP Web Sayfası,2019,Var,,,,,,,,,Önden Çekişli,,,,,7 ileri,Otomatik,
1320 kg,,1799 mm,4319 mm,1434 mm,1200 lt,380 lt,,2019 BMW 1 118i 1.5 140 BG Otomatik First Edition M Sport,2019 BMW 1 118i 1.5 140 BG Otomatik First Edition M Sport Test Sürüşü Talep Sayfası,2019 BMW 1 118i 1.5 140 BG Otomatik First Edition M Sport Ürün Kataloğu,,,,,,,,Turbo,,3,1499 cc,,8.5 saniye,211 km/s,220 nm,140 BG,Almanya,,Binek,First Edition M Sport,,Hatchback,2019,İçten Yanmalı (Standart),1800 tl/yıl,Premium C,1 Serisi,Benzin,https://www.epey.com/araba/2019-yeni-bmw-118i-1-5-140-bg-otomatik-first-edition-m-sport.html,,,,,,135 g/km,5.9 lt,42 lt,,5.3 lt,7.0 lt,,,5 yıldız,2019 BMW 1 118i 1.5 140 BG Otomatik First Edition M Sport NCAP/ANCAP Web Sayfası,2019,Var,,,,,,,,,Önden Çekişli,,,,,7 ileri,Otomatik,
1320 kg,,1799 mm,4319 mm,1434 mm,1200 lt,380 lt,,2019 BMW 1 118i 1.5 140 BG Otomatik First Edition Sport Line,2019 BMW 1 118i 1.5 140 BG Otomatik First Edition Sport Line Test Sürüşü Talep Sayfası,2019 BMW 1 118i 1.5 140 BG Otomatik First Edition Sport Line Ürün Kataloğu,,,,,,,,Turbo,,3,1499 cc,,8.5 saniye,211 km/s,220 nm,140 BG,Almanya,,Binek,First Edition Sport Line,,Hatchback,2019,İçten Yanmalı (Standart),1800 tl/yıl,Premium C,1 Serisi,Benzin,https://www.epey.com/araba/2019-yeni-bmw-118i-1-5-140-bg-otomatik-first-edition-sport-line.html,,,,,,135 g/km,5.9 lt,42 lt,,5.3 lt,7.0 lt,,,5 yıldız,2019 BMW 1 118i 1.5 140 BG Otomatik First Edition Sport Line NCAP/ANCAP Web Sayfası,2019,Var,,,,,,,,,Önden Çekişli,,,,,7 ileri,Otomatik,
1525 kg,,1827 mm,4709 mm,1435 mm,,480 lt,,2019 Yeni BMW 320i 1.6 170 BG Steptronic First Edition Sport Line,2019 Yeni BMW 320i 1.6 170 BG Steptronic First Edition Sport Line Test Sürüşü Talep Sayfası,2019 Yeni BMW 320i 1.6 170 BG Steptronic First Edition Sport Line Ürün Kataloğu,"2 Yıl Sınırsız Km Mekanik
12 Yıl Paslanmazlık",BMW Acil Yardım 444 2299,Var,,,,,Çift Turbo,BMW TwinPower Turbo (İkiz Turbo),4,1597 cc,Direkt Enjeksiyon,7.7 saniye,232 km/s,250 nm,170 BG,Almanya,,Binek,First Edition Sport Line,,Sedan,2019,İçten Yanmalı (Standart),1800 tl/yıl,Premium D,3 Serisi,Benzin,https://www.epey.com/araba/2019-yeni-bmw-3.html,,,,,,,6.4 lt,59 lt,EU6d-temp,5.6 lt,7.7 lt,,,5 yıldız,2019 Yeni BMW 320i 1.6 170 BG Steptronic First Edition Sport Line NCAP/ANCAP Web Sayfası,2019,Var,,,,,,,,,Arkadan İtişli,,,,,8 ileri,Otomatik,Steptronic
1525 kg,,1827 mm,4709 mm,1435 mm,,480 lt,,2019 Yeni BMW 320i 1.6 170 BG Steptronic First Edition Luxury Line,2019 Yeni BMW 320i 1.6 170 BG Steptronic First Edition Luxury Line Test Sürüşü Talep Sayfası,2019 Yeni BMW 320i 1.6 170 BG Steptronic First Edition Luxury Line Ürün Kataloğu,"2 Yıl Sınırsız Km Mekanik
12 Yıl Paslanmazlık",BMW Acil Yardım 444 2299,Var,,,,,Çift Turbo,BMW TwinPower Turbo (İkiz Turbo),4,1597 cc,Direkt Enjeksiyon,7.7 saniye,232 km/s,250 nm,170 BG,Almanya,,Binek,First Edition Luxury Line,,Sedan,2019,İçten Yanmalı (Standart),1800 tl/yıl,Premium D,3 Serisi,Benzin,https://www.epey.com/araba/2019-yeni-bmw-320i-1-6-170-bg-steptronic-first-edition-luxury-line.html,,,,,,,6.4 lt,59 lt,EU6d-temp,5.6 lt,7.7 lt,,,5 yıldız,2019 Yeni BMW 320i 1.6 170 BG Steptronic First Edition Luxury Line NCAP/ANCAP Web Sayfası,2019,Var,,,,,,,,,Arkadan İtişli,,,,,8 ileri,Otomatik,Steptronic
1525 kg,,1827 mm,4709 mm,1435 mm,,480 lt,,2019 Yeni BMW 320i 1.6 170 BG Steptronic First Edition M Sport,2019 Yeni BMW 320i 1.6 170 BG Steptronic First Edition M Sport Test Sürüşü Talep Sayfası,2019 Yeni BMW 320i 1.6 170 BG Steptronic First Edition M Sport Ürün Kataloğu,"2 Yıl Sınırsız Km Mekanik
12 Yıl Paslanmazlık",BMW Acil Yardım 444 2299,Var,,,,,Çift Turbo,BMW TwinPower Turbo (İkiz Turbo),4,1597 cc,Direkt Enjeksiyon,7.7 saniye,232 km/s,250 nm,170 BG,Almanya,,Binek,First Edition M Sport,,Sedan,2019,İçten Yanmalı (Standart),1800 tl/yıl,Premium D,3 Serisi,Benzin,https://www.epey.com/araba/2019-yeni-bmw-320i-1-6-170-bg-steptronic-first-edition-m-sport.html,,,,,,,6.4 lt,59 lt,EU6d-temp,5.6 lt,7.7 lt,,,5 yıldız,2019 Yeni BMW 320i 1.6 170 BG Steptronic First Edition M Sport NCAP/ANCAP Web Sayfası,2019,Var,,,,,,,,,Arkadan İtişli,,,,,8 ileri,Otomatik,Steptronic
1575 kg,,1821 mm,4447 mm,1598 mm,1550 lt,505 lt,,2019 Yeni BMW X1 sDrive16d 1.5 116 BG Otomatik Premium Line (4x2),2019 Yeni BMW X1 sDrive16d 1.5 116 BG Otomatik Premium Line (4x2) Test Sürüşü Talep Sayfası,2019 Yeni BMW X1 sDrive16d 1.5 116 BG Otomatik Premium Line (4x2) Ürün Kataloğu,"2 Yıl Sınırsız Km Mekanik
12 Yıl Paslanmazlık",BMW Acil Yardım 444 2299,Var,,,,,Turbo,,3,1496 cc,Common Rail Direkt Enjeksiyon,11.5 saniye,190 km/s,270 nm,116 BG,Almanya,,Binek,Premium Line,,SUV,2019,İçten Yanmalı (Standart),1800 tl/yıl,Premium C,X1 Serisi,Dizel,https://www.epey.com/araba/2019-yeni-bmw-x1-sdrive16d-1-5-116-bg-otomatik-premium-line-4x2.html,,,,,,119 g/km,4.8 lt,51 lt,,4.5 lt,5.2 lt,,,5 yıldız,2019 Yeni BMW X1 sDrive16d 1.5 116 BG Otomatik Premium Line (4x2) NCAP/ANCAP Web Sayfası,2015,Var,,,,,,,,,Önden Çekişli,,,,,7 ileri,Otomatik,Steptronic
1500 kg,,1821 mm,4447 mm,1598 mm,1550 lt,505 lt,,2019 Yeni BMW X1 sDrive18i 1.5 140 BG Otomatik Premium Line (4x2),2019 Yeni BMW X1 sDrive18i 1.5 140 BG Otomatik Premium Line (4x2) Test Sürüşü Talep Sayfası,2019 Yeni BMW X1 sDrive18i 1.5 140 BG Otomatik Premium Line (4x2) Ürün Kataloğu,"2 Yıl Sınırsız Km Mekanik
12 Yıl Paslanmazlık",BMW Acil Yardım 444 2299,Var,,,,,Turbo,,3,1499 cc,,9.6 saniye,201 km/s,220 nm,140 BG,Almanya,,Binek,Premium Line,,SUV,2019,İçten Yanmalı (Standart),1800 tl/yıl,Premium C,X1 Serisi,Benzin,https://www.epey.com/araba/2019-yeni-bmw-x1-sdrive18i-1-5-140-bg-otomatik-premium-line-4x2.html,,,,,,129 g/km,6.3 lt,51 lt,,5.6 lt,7.4 lt,,,5 yıldız,2019 Yeni BMW X1 sDrive18i 1.5 140 BG Otomatik Premium Line (4x2) NCAP/ANCAP Web Sayfası,2015,Var,,,,,,,,,Önden Çekişli,,,,,7 ileri,Otomatik,Steptronic
1371 kg,10.80 mt.,2107 mm,4403 mm,1844 mm,1414 lt,775 lt,,2019 Yeni Citroen Berlingo 1.2 PureTech 110 S&S Feel,,2019 Yeni Citroen Berlingo 1.2 PureTech 110 S&S Feel Ürün Kataloğu,"2 Yıl Boya
2 Yıl Sınırsız Km Mekanik
5 Yıl Paslanmazlık",Citroen Destek 0212 359 6363,Var,,,,,Turbo,PureTech (Yakıt Tasarrufu),3,1199 cc,Direkt Enjeksiyon,11.5 saniye,168 km/s,205 nm,110 BG,Fransa,Kombi,Binek,Feel,,MPV,2019,İçten Yanmalı (Standart),1372 tl/yıl,C,Berlingo,Benzin,https://www.epey.com/araba/2019-yeni-citroen-berlingo-1-2-puretech-110-ss-feel.html,,,,,,128 g/km,5.6 lt,61 lt,Euro 6.2,5.0 lt,6.8 lt,,,4 yıldız,2019 Yeni Citroen Berlingo 1.2 PureTech 110 S&S Feel NCAP/ANCAP Web Sayfası,2018,Var,,,,,,,,,Önden Çekişli,,,,,6 ileri,Manuel,
1481 kg,10.80 mt.,2107 mm,4403 mm,1844 mm,1414 lt,775 lt,,2019 Yeni Citroen Berlingo 1.5 BlueHDi 100 HP Feel Stil,,2019 Yeni Citroen Berlingo 1.5 BlueHDi 100 HP Feel Stil Ürün Kataloğu,"2 Yıl Boya
2 Yıl Sınırsız Km Mekanik
5 Yıl Paslanmazlık",Citroen Destek 0212 359 6363,Var,,,,,Turbo,,4,1499 cc,Common Rail Direkt Enjeksiyon,12.6 saniye,171 km/s,250 nm,100 BG,Fransa,Kombi,Binek,Feel Stil,,MPV,2019,İçten Yanmalı (Standart),1800 tl/yıl,C,Berlingo,Dizel,https://www.epey.com/araba/2019-yeni-citroen-berlingo-1-5-bluehdi-100-hp-feel-stil.html,,,,,,116 g/km,4.3 lt,50 lt,,4.1 lt,4.8 lt,,,4 yıldız,2019 Yeni Citroen Berlingo 1.5 BlueHDi 100 HP Feel Stil NCAP/ANCAP Web Sayfası,2018,Var,,,,,,,,,Önden Çekişli,,,,,5 ileri,Manuel,
1481 kg,10.80 mt.,2107 mm,4403 mm,1844 mm,1414 lt,775 lt,,2019 Yeni Citroen Berlingo 1.5 BlueHDi 100 HP Feel,,2019 Yeni Citroen Berlingo 1.5 BlueHDi 100 HP Feel Ürün Kataloğu,"2 Yıl Boya
2 Yıl Sınırsız Km Mekanik
5 Yıl Paslanmazlık",Citroen Destek 0212 359 6363,Var,,,,,Turbo,,4,1499 cc,Common Rail Direkt Enjeksiyon,12.6 saniye,171 km/s,250 nm,100 BG,Fransa,Kombi,Binek,Feel,,MPV,2019,İçten Yanmalı (Standart),1800 tl/yıl,C,Berlingo,Dizel,https://www.epey.com/araba/2019-yeni-citroen-berlingo-1-5-bluehdi-100-hp-feel.html,,,,,,116 g/km,4.3 lt,50 lt,,4.1 lt,4.8 lt,,,4 yıldız,2019 Yeni Citroen Berlingo 1.5 BlueHDi 100 HP Feel NCAP/ANCAP Web Sayfası,2018,Var,,,,,,,,,Önden Çekişli,,,,,5 ileri,Manuel,
1481 kg,10.80 mt.,2107 mm,4403 mm,1844 mm,1414 lt,775 lt,,2019 Yeni Citroen Berlingo 1.5 BlueHDi 100 HP Shine,,2019 Yeni Citroen Berlingo 1.5 BlueHDi 100 HP Shine Ürün Kataloğu,"2 Yıl Boya
2 Yıl Sınırsız Km Mekanik
5 Yıl Paslanmazlık",Citroen Destek 0212 359 6363,Var,,,,,Turbo,,4,1499 cc,Common Rail Direkt Enjeksiyon,12.6 saniye,171 km/s,250 nm,100 BG,Fransa,Kombi,Binek,Shine,,MPV,2019,İçten Yanmalı (Standart),1800 tl/yıl,C,Berlingo,Dizel,https://www.epey.com/araba/2019-yeni-citroen-berlingo-1-5-bluehdi-100-hp-shine.html,,,,,,116 g/km,4.3 lt,50 lt,,4.1 lt,4.8 lt,,,4 yıldız,2019 Yeni Citroen Berlingo 1.5 BlueHDi 100 HP Shine NCAP/ANCAP Web Sayfası,2018,Var,,,,,,,,,Önden Çekişli,,,,,5 ileri,Manuel,
1467 kg,10.80 mt.,2107 mm,4403 mm,1844 mm,1414 lt,775 lt,,2019 Yeni Citroen Berlingo 1.5 BlueHDi 130 HP S&S Shine,,2019 Yeni Citroen Berlingo 1.5 BlueHDi 130 HP S&S Shine Ürün Kataloğu,"2 Yıl Boya
2 Yıl Sınırsız Km Mekanik
5 Yıl Paslanmazlık",Citroen Destek 0212 359 6363,Var,,,,,Turbo,,4,1499 cc,Common Rail Direkt Enjeksiyon,10.3 saniye,185 km/s,300 nm,130 BG,Fransa,Kombi,Binek,Shine,,MPV,2019,İçten Yanmalı (Standart),1800 tl/yıl,C,Berlingo,Dizel,https://www.epey.com/araba/2019-yeni-citroen-berlingo-1-5-bluehdi-130-hp-ss-shine.html,,,,,,120 g/km,4.5 lt,50 lt,Euro 6.1,4.2 lt,5.1 lt,,,4 yıldız,2019 Yeni Citroen Berlingo 1.5 BlueHDi 130 HP S&S Shine NCAP/ANCAP Web Sayfası,2018,Var,,,,,,,,,Önden Çekişli,,,,,6 ileri,Manuel,
1443 kg,10.80 mt.,2107 mm,4403 mm,1844 mm,1414 lt,775 lt,,2019 Yeni Citroen Berlingo 1.6 BlueHDi 100 HP S&S Feel,,2019 Yeni Citroen Berlingo 1.6 BlueHDi 100 HP S&S Feel Ürün Kataloğu,"2 Yıl Boya
2 Yıl Sınırsız Km Mekanik
5 Yıl Paslanmazlık",Citroen Destek 0212 359 6363,Var,,,,,Turbo,,4,1560 cc,Common Rail Direkt Enjeksiyon,12.9 saniye,166 km/s,254 nm,100 BG,Fransa,Kombi,Binek,Feel,,MPV,2019,İçten Yanmalı (Standart),1800 tl/yıl,C,Berlingo,Dizel,https://www.epey.com/araba/2019-yeni-citroen-berlingo-1-6-bluehdi-100-hp-ss-feel.html,,,,,,116 g/km,4.5 lt,50 lt,Euro 6.1,4.2 lt,4.9 lt,,,4 yıldız,2019 Yeni Citroen Berlingo 1.6 BlueHDi 100 HP S&S Feel NCAP/ANCAP Web Sayfası,2018,Var,,,,,,,,,Önden Çekişli,,,,,5 ileri,Manuel,
1443 kg,10.80 mt.,2107 mm,4403 mm,1844 mm,1414 lt,775 lt,,2019 Yeni Citroen Berlingo 1.6 BlueHDi 100 HP S&S Shine,,2019 Yeni Citroen Berlingo 1.6 BlueHDi 100 HP S&S Shine Ürün Kataloğu,"2 Yıl Boya
2 Yıl Sınırsız Km Mekanik
5 Yıl Paslanmazlık",Citroen Destek 0212 359 6363,Var,,,,,Turbo,,4,1560 cc,Common Rail Direkt Enjeksiyon,12.9 saniye,166 km/s,254 nm,100 BG,Fransa,Kombi,Binek,Shine,,MPV,2019,İçten Yanmalı (Standart),1800 tl/yıl,C,Berlingo,Dizel,https://www.epey.com/araba/2019-yeni-citroen-berlingo-1-6-bluehdi-100-hp-ss-shine.html,,,,,,116 g/km,4.5 lt,50 lt,Euro 6.1,4.2 lt,4.9 lt,,,4 yıldız,2019 Yeni Citroen Berlingo 1.6 BlueHDi 100 HP S&S Shine NCAP/ANCAP Web Sayfası,2018,Var,,,,,,,,,Önden Çekişli,,,,,5 ileri,Manuel,
1352 kg,,1799 mm,4658 mm,1407 mm,,519 lt,,2019 Yeni Honda Civic Sedan 1.5 182 PS Elegance,2019 Yeni Honda Civic Sedan 1.5 182 PS Elegance Test Sürüşü Talep Sayfası,2019 Yeni Honda Civic Sedan 1.5 182 PS Elegance Ürün Kataloğu,"Periyodik Bakım Şartı
Satarken Garantiyi Devredebilme
6 Yıl / 150 Bin Km Mekanik",Honda Aktif Acil Yol Yardım 0212 234 6632,Var,,,,,Turbo,,4,1498 cc,PGM-FI (Direkt Enjeksiyon),8.0 saniye,210 km/s,220 nm,182 BG,Japonya,Sedan,Binek,Elegance,,Sedan,2019,İçten Yanmalı (Standart),1800 tl/yıl,C,Civic,Benzin,https://www.epey.com/araba/2019-yeni-honda-civic-sedan-1-5-125-ps-elegance.html,,,,,,125 g/km,5.5 lt,46 lt,,4.6 lt,7.0 lt,Yok,,4 yıldız,2019 Yeni Honda Civic Sedan 1.5 182 PS Elegance NCAP/ANCAP Web Sayfası,2017,Var,,,,,,,,,Önden Çekişli,,,,,6 ileri,Manuel,
1388 kg,,1799 mm,4658 mm,1407 mm,,519 lt,,2019 Yeni Honda Civic Sedan 1.5 182 PS Otomatik Elegance,2019 Yeni Honda Civic Sedan 1.5 182 PS Otomatik Elegance Test Sürüşü Talep Sayfası,2019 Yeni Honda Civic Sedan 1.5 182 PS Otomatik Elegance Ürün Kataloğu,"Periyodik Bakım Şartı
Satarken Garantiyi Devredebilme
6 Yıl / 150 Bin Km Mekanik",Honda Aktif Acil Yol Yardım 0212 234 6632,Var,,,,,Turbo,,4,1498 cc,PGM-FI (Direkt Enjeksiyon),8.2 saniye,200 km/s,220 nm,182 BG,Japonya,Sedan,Binek,Elegance,,Sedan,2019,İçten Yanmalı (Standart),1800 tl/yıl,C,Civic,Benzin,https://www.epey.com/araba/2019-yeni-honda-civic-sedan-1-5-182-ps-otomatik-elegance.html,,,,,,130 g/km,5.7 lt,46 lt,,4.7 lt,7.5 lt,Yok,,4 yıldız,2019 Yeni Honda Civic Sedan 1.5 182 PS Otomatik Elegance NCAP/ANCAP Web Sayfası,2017,Var,,,,,,,,,Önden Çekişli,,,,,,Otomatik,CVT
1388 kg,,1799 mm,4658 mm,1407 mm,,519 lt,,2019 Yeni Honda Civic Sedan 1.5 182 PS Otomatik Executive+,2019 Yeni Honda Civic Sedan 1.5 182 PS Otomatik Executive+ Test Sürüşü Talep Sayfası,2019 Yeni Honda Civic Sedan 1.5 182 PS Otomatik Executive+ Ürün Kataloğu,"Periyodik Bakım Şartı
Satarken Garantiyi Devredebilme
6 Yıl / 150 Bin Km Mekanik",Honda Aktif Acil Yol Yardım 0212 234 6632,Var,,,,,Turbo,,4,1498 cc,PGM-FI (Direkt Enjeksiyon),8.2 saniye,200 km/s,220 nm,182 BG,Japonya,Sedan,Binek,Executive+,,Sedan,2019,İçten Yanmalı (Standart),1800 tl/yıl,C,Civic,Benzin,https://www.epey.com/araba/2019-yeni-honda-civic-sedan-1-5-182-ps-otomatik-executiveplus.html,,,,,,130 g/km,5.7 lt,46 lt,,4.7 lt,7.5 lt,Yok,,4 yıldız,2019 Yeni Honda Civic Sedan 1.5 182 PS Otomatik Executive+ NCAP/ANCAP Web Sayfası,2017,Var,,,,,,,,,Önden Çekişli,,,,,,Otomatik,CVT
1302 kg,,1799 mm,4658 mm,1407 mm,,519 lt,,2019 Yeni Honda Civic Sedan 1.6 125 PS Dream Eco,2019 Yeni Honda Civic Sedan 1.6 125 PS Dream Eco Test Sürüşü Talep Sayfası,2019 Yeni Honda Civic Sedan 1.6 125 PS Dream Eco Ürün Kataloğu,"Periyodik Bakım Şartı
Satarken Garantiyi Devredebilme
6 Yıl / 150 Bin Km Mekanik",Honda Aktif Acil Yol Yardım 0212 234 6632,Var,,,,,Atmosferik,,4,1597 cc,PGM-FI (Direkt Enjeksiyon),10.6 saniye,205 km/s,152 nm,125 BG,Japonya,Sedan,Binek,Dream Eco,,Sedan,2019,İçten Yanmalı (Standart),1800 tl/yıl,C,Civic,Benzin & LPG,https://www.epey.com/araba/2019-yeni-honda-civic-sedan-1-6-125-ps-dream-eco.html,Var,,,,,148 g/km,6.5 lt,46 lt,,5.3 lt,8.6 lt,Yok,,4 yıldız,2019 Yeni Honda Civic Sedan 1.6 125 PS Dream Eco NCAP/ANCAP Web Sayfası,2017,Var,,,,,,,,,Önden Çekişli,,,,,6 ileri,Manuel,
1302 kg,,1799 mm,4658 mm,1407 mm,,519 lt,,2019 Yeni Honda Civic Sedan 1.6 125 PS Dream,2019 Yeni Honda Civic Sedan 1.6 125 PS Dream Test Sürüşü Talep Sayfası,2019 Yeni Honda Civic Sedan 1.6 125 PS Dream Ürün Kataloğu,"Periyodik Bakım Şartı
Satarken Garantiyi Devredebilme
6 Yıl / 150 Bin Km Mekanik",Honda Aktif Acil Yol Yardım 0212 234 6632,Var,,,,,Atmosferik,,4,1597 cc,PGM-FI (Direkt Enjeksiyon),10.6 saniye,205 km/s,152 nm,125 BG,Japonya,Sedan,Binek,Dream,,Sedan,2019,İçten Yanmalı (Standart),1800 tl/yıl,C,Civic,Benzin,https://www.epey.com/araba/2019-yeni-honda-civic-sedan-1-6-125-ps-dream.html,,,,,,148 g/km,6.5 lt,46 lt,,5.3 lt,8.6 lt,Yok,,4 yıldız,2019 Yeni Honda Civic Sedan 1.6 125 PS Dream NCAP/ANCAP Web Sayfası,2017,Var,,,,,,,,,Önden Çekişli,,,,,6 ileri,Manuel,
1302 kg,,1799 mm,4658 mm,1407 mm,,519 lt,,2019 Yeni Honda Civic Sedan 1.6 125 PS Elegance Eco,2019 Yeni Honda Civic Sedan 1.6 125 PS Elegance Eco Test Sürüşü Talep Sayfası,2019 Yeni Honda Civic Sedan 1.6 125 PS Elegance Eco Ürün Kataloğu,"Periyodik Bakım Şartı
Satarken Garantiyi Devredebilme
6 Yıl / 150 Bin Km Mekanik",Honda Aktif Acil Yol Yardım 0212 234 6632,Var,,,,,Atmosferik,,4,1597 cc,PGM-FI (Direkt Enjeksiyon),10.6 saniye,205 km/s,152 nm,125 BG,Japonya,Sedan,Binek,Elegance ECO,,Sedan,2019,İçten Yanmalı (Standart),1800 tl/yıl,C,Civic,Benzin & LPG,https://www.epey.com/araba/2019-yeni-honda-civic-sedan-1-6-125-ps-elegance-eco.html,Var,,,,,148 g/km,6.5 lt,46 lt,,5.3 lt,8.6 lt,Yok,,4 yıldız,2019 Yeni Honda Civic Sedan 1.6 125 PS Elegance Eco NCAP/ANCAP Web Sayfası,2017,Var,,,,,,,,,Önden Çekişli,,,,,6 ileri,Manuel,
1319 kg,,1799 mm,4658 mm,1407 mm,,519 lt,,2019 Yeni Honda Civic Sedan 1.6 125 PS Otomatik Elegance Eco,2019 Yeni Honda Civic Sedan 1.6 125 PS Otomatik Elegance Eco Test Sürüşü Talep Sayfası,2019 Yeni Honda Civic Sedan 1.6 125 PS Otomatik Elegance Eco Ürün Kataloğu,"Periyodik Bakım Şartı
Satarken Garantiyi Devredebilme
6 Yıl / 150 Bin Km Mekanik",Honda Aktif Acil Yol Yardım 0212 234 6632,Var,,,,,Atmosferik,,4,1597 cc,PGM-FI (Direkt Enjeksiyon),11.5 saniye,196 km/s,152 nm,125 BG,Japonya,Sedan,Binek,Elegance ECO,,Sedan,2019,İçten Yanmalı (Standart),1800 tl/yıl,C,Civic,Benzin & LPG,https://www.epey.com/araba/2019-yeni-honda-civic-sedan-1-6-125-ps-otomatik-elegance-eco.html,Var,,,,,144 g/km,6.3 lt,46 lt,,4.9 lt,8.7 lt,Yok,,4 yıldız,2019 Yeni Honda Civic Sedan 1.6 125 PS Otomatik Elegance Eco NCAP/ANCAP Web Sayfası,2017,Var,,,,,,,,,Önden Çekişli,,,,,,Otomatik,CVT
1302 kg,,1799 mm,4658 mm,1407 mm,,519 lt,,2019 Yeni Honda Civic Sedan 1.6 125 PS Otomatik Elegance,2019 Yeni Honda Civic Sedan 1.6 125 PS Otomatik Elegance Test Sürüşü Talep Sayfası,2019 Yeni Honda Civic Sedan 1.6 125 PS Otomatik Elegance Ürün Kataloğu,"Periyodik Bakım Şartı
Satarken Garantiyi Devredebilme
6 Yıl / 150 Bin Km Mekanik",Honda Aktif Acil Yol Yardım 0212 234 6632,Var,,,,,Atmosferik,,4,1597 cc,PGM-FI (Direkt Enjeksiyon),10.6 saniye,205 km/s,152 nm,125 BG,Japonya,Sedan,Binek,Elegance,,Sedan,2019,İçten Yanmalı (Standart),1800 tl/yıl,C,Civic,Benzin,https://www.epey.com/araba/2019-yeni-honda-civic-sedan-1-6-125-ps-otomatik-elegance.html,,,,,,148 g/km,6.5 lt,46 lt,,5.3 lt,8.6 lt,Yok,,4 yıldız,2019 Yeni Honda Civic Sedan 1.6 125 PS Otomatik Elegance NCAP/ANCAP Web Sayfası,2017,Var,,,,,,,,,Önden Çekişli,,,,,6 ileri,Manuel,
1319 kg,,1799 mm,4658 mm,1407 mm,,519 lt,,2019 Yeni Honda Civic Sedan 1.6 125 PS Otomatik Executive Eco,2019 Yeni Honda Civic Sedan 1.6 125 PS Otomatik Executive Eco Test Sürüşü Talep Sayfası,2019 Yeni Honda Civic Sedan 1.6 125 PS Otomatik Executive Eco Ürün Kataloğu,"Periyodik Bakım Şartı
Satarken Garantiyi Devredebilme
6 Yıl / 150 Bin Km Mekanik",Honda Aktif Acil Yol Yardım 0212 234 6632,Var,,,,,Atmosferik,,4,1597 cc,PGM-FI (Direkt Enjeksiyon),11.5 saniye,196 km/s,152 nm,125 BG,Japonya,Sedan,Binek,Executive ECO,,Sedan,2019,İçten Yanmalı (Standart),1800 tl/yıl,C,Civic,Benzin & LPG,https://www.epey.com/araba/2019-yeni-honda-civic-sedan-1-6-125-ps-otomatik-executive-eco.html,Var,,,,,144 g/km,6.3 lt,46 lt,,4.9 lt,8.7 lt,Yok,,4 yıldız,2019 Yeni Honda Civic Sedan 1.6 125 PS Otomatik Executive Eco NCAP/ANCAP Web Sayfası,2017,Var,,,,,,,,,Önden Çekişli,,,,,,Otomatik,CVT
1410 kg,,1799 mm,4658 mm,1407 mm,,519 lt,,2019 Yeni Honda Civic Sedan 1.6 i-DTEC 120 PS Otomatik Elegance,2019 Yeni Honda Civic Sedan 1.6 i-DTEC 120 PS Otomatik Elegance Test Sürüşü Talep Sayfası,2019 Yeni Honda Civic Sedan 1.6 i-DTEC 120 PS Otomatik Elegance Ürün Kataloğu,"Periyodik Bakım Şartı
Satarken Garantiyi Devredebilme
6 Yıl / 150 Bin Km Mekanik",Honda Aktif Acil Yol Yardım 0212 234 6632,Var,,,,,,,4,1597 cc,PGM-FI (Direkt Enjeksiyon),10.7 saniye,200 km/s,300 nm,120 BG,Japonya,Sedan,Binek,Elegance,,Sedan,2019,İçten Yanmalı (Standart),1800 tl/yıl,C,Civic,Dizel,https://www.epey.com/araba/2019-yeni-honda-civic-sedan-1-6-i-dtec-120-ps-otomatik-elegance.html,,,,,,109 g/km,4.1 lt,46 lt,,3.8 lt,4.7 lt,Yok,,4 yıldız,2019 Yeni Honda Civic Sedan 1.6 i-DTEC 120 PS Otomatik Elegance NCAP/ANCAP Web Sayfası,2017,Var,,,,,,,,,Önden Çekişli,,,,,9 ileri,Otomatik,
1410 kg,,1799 mm,4658 mm,1407 mm,,519 lt,,2019 Yeni Honda Civic Sedan 1.6 i-DTEC 120 PS Otomatik Executive+,2019 Yeni Honda Civic Sedan 1.6 i-DTEC 120 PS Otomatik Executive+ Test Sürüşü Talep Sayfası,2019 Yeni Honda Civic Sedan 1.6 i-DTEC 120 PS Otomatik Executive+ Ürün Kataloğu,"Periyodik Bakım Şartı
Satarken Garantiyi Devredebilme
6 Yıl / 150 Bin Km Mekanik",Honda Aktif Acil Yol Yardım 0212 234 6632,Var,,,,,,,4,1597 cc,PGM-FI (Direkt Enjeksiyon),10.7 saniye,200 km/s,300 nm,120 BG,Japonya,Sedan,Binek,Executive+,,Sedan,2019,İçten Yanmalı (Standart),1800 tl/yıl,C,Civic,Dizel,https://www.epey.com/araba/2019-yeni-honda-civic-sedan-1-6-i-dtec-120-ps-otomatik-executiveplus.html,,,,,,109 g/km,4.1 lt,46 lt,,3.8 lt,4.7 lt,Yok,,4 yıldız,2019 Yeni Honda Civic Sedan 1.6 i-DTEC 120 PS Otomatik Executive+ NCAP/ANCAP Web Sayfası,2017,Var,,,,,,,,,Önden Çekişli,,,,,9 ileri,Otomatik,
1320 kg,,1772 mm,4334 mm,1605 mm,,470 lt,,2019 Yeni Honda HR-V 1.5 VTEC 130 PS Otomatik Executive (4x2),2019 Yeni Honda HR-V 1.5 VTEC 130 PS Otomatik Executive (4x2) Test Sürüşü Talep Sayfası,2019 Yeni Honda HR-V 1.5 VTEC 130 PS Otomatik Executive (4x2) Ürün Kataloğu,"Periyodik Bakım Şartı
Satarken Garantiyi Devredebilme
6 Yıl / 150 Bin Km Mekanik",Honda Aktif Acil Yol Yardım 0212 234 6632,Var,,,,,Atmosferik,,4,1498 cc,PGM-FI (Direkt Enjeksiyon),11.4 saniye,187 km/s,155 nm,130 BG,Japonya,,Binek,Executive,,SUV,2019,İçten Yanmalı (Standart),1800 tl/yıl,B,HR-V,Benzin,https://www.epey.com/araba/2019-yeni-honda-hr-v-1-5-vtec-130-ps-otomatik-executive-4x2.html,,,,,,122 g/km,5.3 lt,50 lt,,4.8 lt,6.3 lt,,,5 yıldız,2019 Yeni Honda HR-V 1.5 VTEC 130 PS Otomatik Executive (4x2) NCAP/ANCAP Web Sayfası,2015,Var,,,,,,,,,Önden Çekişli,,,,,,Otomatik,CVT (Değişken Oranlı)
1325 kg,,1800 mm,4620 mm,1450 mm,,458 lt,,2019 Yeni Hyundai Elantra 1.6 MPI 127 PS Otomatik Elite Plus,2019 Yeni Hyundai Elantra 1.6 MPI 127 PS Otomatik Elite Plus Test Sürüşü Talep Sayfası,2019 Yeni Hyundai Elantra 1.6 MPI 127 PS Otomatik Elite Plus Ürün Kataloğu,"2 Yıl / 60 Bin Km Boya
3 Yıl Sınırsız/5 Yıl 100 Bin Km/7 Yıl 80 Bin Km
5 Yıl / 160 Bin Km Paslanmazlık",Hyundai Yol Yardım 0212 233 3262,Var,,,,,Atmosferik,,4,1591 cc,Çok Noktadan Enjeksiyon,11.6 saniye,195 km/s,155 nm,127 BG,Güney Kore,,Binek,Elite Plus,,Sedan,2019,İçten Yanmalı (Standart),1800 tl/yıl,C,Elantra,Benzin,https://www.epey.com/araba/2019-yeni-hyundai-elantra-1-6-mpi-127-ps-otomatik-elite-plus.html,,,,,,154 g/km,6.7 lt,50 lt,Euro 6.2,5.5 lt,8.8 lt,,,5 yıldız,2019 Yeni Hyundai Elantra 1.6 MPI 127 PS Otomatik Elite Plus NCAP/ANCAP Web Sayfası,2011,Var,,,,,,,,,Önden Çekişli,,,,,6 ileri,Otomatik,
1325 kg,,1800 mm,4620 mm,1450 mm,,458 lt,,2019 Yeni Hyundai Elantra 1.6 MPI 127 PS Otomatik Elite,2019 Yeni Hyundai Elantra 1.6 MPI 127 PS Otomatik Elite Test Sürüşü Talep Sayfası,2019 Yeni Hyundai Elantra 1.6 MPI 127 PS Otomatik Elite Ürün Kataloğu,"2 Yıl / 60 Bin Km Boya
3 Yıl Sınırsız/5 Yıl 100 Bin Km/7 Yıl 80 Bin Km
5 Yıl / 160 Bin Km Paslanmazlık",Hyundai Yol Yardım 0212 233 3262,Var,,,,,Atmosferik,,4,1591 cc,Çok Noktadan Enjeksiyon,11.6 saniye,195 km/s,155 nm,127 BG,Güney Kore,,Binek,Elite,,Sedan,2019,İçten Yanmalı (Standart),1800 tl/yıl,C,Elantra,Benzin,https://www.epey.com/araba/2019-yeni-hyundai-elantra-1-6-mpi-127-ps-otomatik-elite.html,,,,,,154 g/km,6.7 lt,50 lt,Euro 6.2,5.5 lt,8.8 lt,,,5 yıldız,2019 Yeni Hyundai Elantra 1.6 MPI 127 PS Otomatik Elite NCAP/ANCAP Web Sayfası,2011,Var,,,,,,,,,Önden Çekişli,,,,,6 ileri,Otomatik,
1325 kg,,1800 mm,4620 mm,1450 mm,,458 lt,,2019 Yeni Hyundai Elantra 1.6 MPI 127 PS Otomatik Style Plus,2019 Yeni Hyundai Elantra 1.6 MPI 127 PS Otomatik Style Plus Test Sürüşü Talep Sayfası,2019 Yeni Hyundai Elantra 1.6 MPI 127 PS Otomatik Style Plus Ürün Kataloğu,"2 Yıl / 60 Bin Km Boya
3 Yıl Sınırsız/5 Yıl 100 Bin Km/7 Yıl 80 Bin Km
5 Yıl / 160 Bin Km Paslanmazlık",Hyundai Yol Yardım 0212 233 3262,Var,,,,,Atmosferik,,4,1591 cc,Çok Noktadan Enjeksiyon,11.6 saniye,195 km/s,155 nm,127 BG,Güney Kore,,Binek,Style Plus,,Sedan,2019,İçten Yanmalı (Standart),1800 tl/yıl,C,Elantra,Benzin,https://www.epey.com/araba/2019-yeni-hyundai-elantra-1-6-mpi-127-ps-otomatik-style-plus.html,,,,,,154 g/km,6.7 lt,50 lt,Euro 6.2,5.5 lt,8.8 lt,,,5 yıldız,2019 Yeni Hyundai Elantra 1.6 MPI 127 PS Otomatik Style Plus NCAP/ANCAP Web Sayfası,2011,Var,,,,,,,,,Önden Çekişli,,,,,6 ileri,Otomatik,
1300 kg,,1800 mm,4620 mm,1450 mm,,458 lt,,2019 Yeni Hyundai Elantra 1.6 MPI 127 PS Style,2019 Yeni Hyundai Elantra 1.6 MPI 127 PS Style Test Sürüşü Talep Sayfası,2019 Yeni Hyundai Elantra 1.6 MPI 127 PS Style Ürün Kataloğu,"2 Yıl / 60 Bin Km Boya
3 Yıl Sınırsız/5 Yıl 100 Bin Km/7 Yıl 80 Bin Km
5 Yıl / 160 Bin Km Paslanmazlık",Hyundai Yol Yardım 0212 233 3262,Var,,,,,Atmosferik,,4,1591 cc,Çok Noktadan Enjeksiyon,10.1 saniye,200 km/s,155 nm,127 BG,Güney Kore,,Binek,Style,,Sedan,2019,İçten Yanmalı (Standart),1800 tl/yıl,C,Elantra,Benzin,https://www.epey.com/araba/2019-yeni-hyundai-elantra-1-6-mpi-127-ps-style.html,,,,,,151 g/km,6.6 lt,50 lt,Euro 6.2,5.4 lt,8.6 lt,,,5 yıldız,2019 Yeni Hyundai Elantra 1.6 MPI 127 PS Style NCAP/ANCAP Web Sayfası,2011,Var,,,,,,,,,Önden Çekişli,,,,,6 ileri,Manuel,
1080 kg,10.00 mt.,1743 mm,3999 mm,1455 mm,1004 lt,300 lt,,2019 Yeni Nissan Micra 1.0 IG-T 100 PS CVT Platinum Premium,2019 Yeni Nissan Micra 1.0 IG-T 100 PS CVT Platinum Premium Test Sürüşü Talep Sayfası,2019 Yeni Nissan Micra 1.0 IG-T 100 PS CVT Platinum Premium Ürün Kataloğu,,,,,,,,Turbo,,3,999 cc,Çok Noktadan Enjeksiyon,13.0 saniye,177 km/s,144 nm,100 BG,Japonya,,Binek,Platinum Premium,,Hatchback,2019,İçten Yanmalı (Standart),1034 tl/yıl,B,Micra,Benzin,https://www.epey.com/araba/2019-yeni-nissan-micra-1-0-ig-t-100-ps-cvt-platinum-premium.html,,,,,,112 g/km,4.7 lt,41 lt,,4.5 lt,5.6 lt,,,4 yıldız,2019 Yeni Nissan Micra 1.0 IG-T 100 PS CVT Platinum Premium NCAP/ANCAP Web Sayfası,2017,Var,,,,,,,,,Önden Çekişli,,,,,,Otomatik,CVT
1080 kg,10.00 mt.,1743 mm,3999 mm,1455 mm,1004 lt,300 lt,,2019 Yeni Nissan Micra 1.0 IG-T 100 PS CVT Platinum,2019 Yeni Nissan Micra 1.0 IG-T 100 PS CVT Platinum Test Sürüşü Talep Sayfası,2019 Yeni Nissan Micra 1.0 IG-T 100 PS CVT Platinum Ürün Kataloğu,,,,,,,,Turbo,,3,999 cc,Çok Noktadan Enjeksiyon,13.0 saniye,177 km/s,144 nm,100 BG,Japonya,,Binek,Platinum,,Hatchback,2019,İçten Yanmalı (Standart),1034 tl/yıl,B,Micra,Benzin,https://www.epey.com/araba/2019-yeni-nissan-micra-1-0-ig-t-100-ps-cvt-platinum.html,,,,,,112 g/km,4.7 lt,41 lt,,4.5 lt,5.6 lt,,,4 yıldız,2019 Yeni Nissan Micra 1.0 IG-T 100 PS CVT Platinum NCAP/ANCAP Web Sayfası,2017,Var,,,,,,,,,Önden Çekişli,,,,,,Otomatik,CVT
1080 kg,10.00 mt.,1743 mm,3999 mm,1455 mm,1004 lt,300 lt,,2019 Yeni Nissan Micra 1.0 IG-T 100 PS CVT Tekna,2019 Yeni Nissan Micra 1.0 IG-T 100 PS CVT Tekna Test Sürüşü Talep Sayfası,2019 Yeni Nissan Micra 1.0 IG-T 100 PS CVT Tekna Ürün Kataloğu,,,,,,,,Turbo,,3,999 cc,Çok Noktadan Enjeksiyon,13.0 saniye,177 km/s,144 nm,100 BG,Japonya,,Binek,Tekna,,Hatchback,2019,İçten Yanmalı (Standart),1034 tl/yıl,B,Micra,Benzin,https://www.epey.com/araba/2019-yeni-nissan-micra-1-0-ig-t-100-ps-cvt-tekna.html,,,,,,112 g/km,4.7 lt,41 lt,,4.5 lt,5.6 lt,,,4 yıldız,2019 Yeni Nissan Micra 1.0 IG-T 100 PS CVT Tekna NCAP/ANCAP Web Sayfası,2017,Var,,,,,,,,,Önden Çekişli,,,,,,Otomatik,CVT
1080 kg,10.00 mt.,1743 mm,3999 mm,1455 mm,1004 lt,300 lt,,2019 Yeni Nissan Micra 1.0 IG-T 100 PS CVT Visia,2019 Yeni Nissan Micra 1.0 IG-T 100 PS CVT Visia Test Sürüşü Talep Sayfası,2019 Yeni Nissan Micra 1.0 IG-T 100 PS CVT Visia Ürün Kataloğu,,,,,,,,Turbo,,3,999 cc,Çok Noktadan Enjeksiyon,13.0 saniye,177 km/s,144 nm,100 BG,Japonya,,Binek,Visia,,Hatchback,2019,İçten Yanmalı (Standart),1034 tl/yıl,B,Micra,Benzin,https://www.epey.com/araba/2019-yeni-nissan-micra-1-0-ig-t-100-ps-cvt-visia.html,,,,,,112 g/km,4.7 lt,41 lt,,4.5 lt,5.6 lt,,,4 yıldız,2019 Yeni Nissan Micra 1.0 IG-T 100 PS CVT Visia NCAP/ANCAP Web Sayfası,2017,Var,,,,,,,,,Önden Çekişli,,,,,,Otomatik,CVT
1362 kg,,1836 mm,4489 mm,1613 mm,,527 lt,,2019 Yeni Renault Kadjar 1.3 TCe 140 BG EDC Touch (4x2),2019 Yeni Renault Kadjar 1.3 TCe 140 BG EDC Touch (4x2) Test Sürüşü Talep Sayfası,2019 Yeni Renault Kadjar 1.3 TCe 140 BG EDC Touch (4x2) Ürün Kataloğu,"3 Yıl / 100 Bin Km Mekanik
3 Yıl Boya
12 Yıl Paslanmazlık",Renault Yardım 444 6247,Var,,,,,Turbo,,4,1332 cc,Direkt Enjeksiyon,9.6 saniye,203 km/s,240 nm,140 BG,Fransa,,Binek,Touch,,SUV,2019,İçten Yanmalı (Standart),1800 tl/yıl,C,Kadjar,Benzin,https://www.epey.com/araba/2019-yeni-renault-kadjar-1-3-tce-140-bg-edc-touch-4x2.html,,,,,,131 g/km,5.7 lt,55 lt,Euro 6,5.1 lt,6.8 lt,,,5 yıldız,2019 Yeni Renault Kadjar 1.3 TCe 140 BG EDC Touch (4x2) NCAP/ANCAP Web Sayfası,2015,Var,,,,,,,,,Önden Çekişli,,,,,7 ileri,Otomatik,EDC (Çift Kavramalı Otm.)
1333 kg,,1836 mm,4489 mm,1613 mm,,527 lt,,2019 Yeni Renault Kadjar 1.3 TCe 140 BG Touch (4x2),2019 Yeni Renault Kadjar 1.3 TCe 140 BG Touch (4x2) Test Sürüşü Talep Sayfası,2019 Yeni Renault Kadjar 1.3 TCe 140 BG Touch (4x2) Ürün Kataloğu,"3 Yıl / 100 Bin Km Mekanik
3 Yıl Boya
12 Yıl Paslanmazlık",Renault Yardım 444 6247,Var,,,,,Turbo,,4,1332 cc,Direkt Enjeksiyon,10.4 saniye,203 km/s,240 nm,140 BG,Fransa,,Binek,Touch,,SUV,2019,İçten Yanmalı (Standart),1800 tl/yıl,C,Kadjar,Benzin,https://www.epey.com/araba/2019-yeni-renault-kadjar-1-3-tce-140-bg-touch-4x2.html,,,,,,134 g/km,5.9 lt,55 lt,Euro 6,4.0 lt,7.4 lt,,,5 yıldız,2019 Yeni Renault Kadjar 1.3 TCe 140 BG Touch (4x2) NCAP/ANCAP Web Sayfası,2015,Var,,,,,,,,,Önden Çekişli,,,,,6 ileri,Manuel,
1333 kg,,1836 mm,4489 mm,1613 mm,,527 lt,,2019 Yeni Renault Kadjar 1.3 TCe 140 BG Touch Roof (4x2),2019 Yeni Renault Kadjar 1.3 TCe 140 BG Touch Roof (4x2) Test Sürüşü Talep Sayfası,2019 Yeni Renault Kadjar 1.3 TCe 140 BG Touch Roof (4x2) Ürün Kataloğu,"3 Yıl / 100 Bin Km Mekanik
3 Yıl Boya
12 Yıl Paslanmazlık",Renault Yardım 444 6247,Var,,,,,Turbo,,4,1332 cc,Direkt Enjeksiyon,10.4 saniye,203 km/s,240 nm,140 BG,Fransa,,Binek,Touch Roof,,SUV,2019,İçten Yanmalı (Standart),1800 tl/yıl,C,Kadjar,Benzin,https://www.epey.com/araba/2019-yeni-renault-kadjar-1-3-tce-140-bg-touch-roof-4x2.html,,,,,,134 g/km,5.9 lt,55 lt,Euro 6,4.0 lt,7.4 lt,,,5 yıldız,2019 Yeni Renault Kadjar 1.3 TCe 140 BG Touch Roof (4x2) NCAP/ANCAP Web Sayfası,2015,Var,,,,,,,,,Önden Çekişli,,,,,6 ileri,Manuel,
1362 kg,,1836 mm,4489 mm,1613 mm,,527 lt,,2019 Yeni Renault Kadjar 1.3 TCe 160 BG EDC Icon (4x2),2019 Yeni Renault Kadjar 1.3 TCe 160 BG EDC Icon (4x2) Test Sürüşü Talep Sayfası,2019 Yeni Renault Kadjar 1.3 TCe 160 BG EDC Icon (4x2) Ürün Kataloğu,"3 Yıl / 100 Bin Km Mekanik
3 Yıl Boya
12 Yıl Paslanmazlık",Renault Yardım 444 6247,Var,,,,,Turbo,,4,1332 cc,Direkt Enjeksiyon,9.3 saniye,210 km/s,260 nm,160 BG,Fransa,,Binek,Icon,,SUV,2019,İçten Yanmalı (Standart),1800 tl/yıl,C,Kadjar,Benzin,https://www.epey.com/araba/2019-yeni-renault-kadjar-1-3-tce-160-bg-edc-icon-4x2.html,,,,,,135 g/km,5.9 lt,55 lt,Euro 6,5.3 lt,7.1 lt,,,5 yıldız,2019 Yeni Renault Kadjar 1.3 TCe 160 BG EDC Icon (4x2) NCAP/ANCAP Web Sayfası,2015,Var,,,,,,,,,Önden Çekişli,,,,,7 ileri,Otomatik,EDC (Çift Kavramalı Otm.)
1362 kg,,1836 mm,4489 mm,1613 mm,,527 lt,,2019 Yeni Renault Kadjar 1.3 TCe 160 BG EDC Touch Roof (4x2),2019 Yeni Renault Kadjar 1.3 TCe 160 BG EDC Touch Roof (4x2) Test Sürüşü Talep Sayfası,2019 Yeni Renault Kadjar 1.3 TCe 160 BG EDC Touch Roof (4x2) Ürün Kataloğu,"3 Yıl / 100 Bin Km Mekanik
3 Yıl Boya
12 Yıl Paslanmazlık",Renault Yardım 444 6247,Var,,,,,Turbo,,4,1332 cc,Direkt Enjeksiyon,9.3 saniye,210 km/s,260 nm,160 BG,Fransa,,Binek,Touch Roof,,SUV,2019,İçten Yanmalı (Standart),1800 tl/yıl,C,Kadjar,Benzin,https://www.epey.com/araba/2019-yeni-renault-kadjar-1-3-tce-160-bg-edc-touch-roof-4x2.html,,,,,,135 g/km,5.9 lt,55 lt,Euro 6,5.3 lt,7.1 lt,,,5 yıldız,2019 Yeni Renault Kadjar 1.3 TCe 160 BG EDC Touch Roof (4x2) NCAP/ANCAP Web Sayfası,2015,Var,,,,,,,,,Önden Çekişli,,,,,7 ileri,Otomatik,EDC (Çift Kavramalı Otm.)
1443 kg,,1836 mm,4489 mm,1613 mm,,527 lt,,2019 Yeni Renault Kadjar 1.5 Blue dCi 115 BG EDC Icon (4x2),2019 Yeni Renault Kadjar 1.5 Blue dCi 115 BG EDC Icon (4x2) Test Sürüşü Talep Sayfası,2019 Yeni Renault Kadjar 1.5 Blue dCi 115 BG EDC Icon (4x2) Ürün Kataloğu,"3 Yıl / 100 Bin Km Mekanik
3 Yıl Boya
12 Yıl Paslanmazlık",Renault Yardım 444 6247,Var,,,,,Turbo,,4,1461 cc,Common Rail Direkt Enjeksiyon,11.5 saniye,189 km/s,260 nm,115 BG,Fransa,,Binek,Icon,,SUV,2019,İçten Yanmalı (Standart),1800 tl/yıl,C,Kadjar,Dizel,https://www.epey.com/araba/2019-yeni-renault-kadjar-1-5-blue-dci-115-bg-edc-icon-4x2.html,,,,,,115 g/km,4.4 lt,55 lt,Euro 6,4.2 lt,4.7 lt,,,5 yıldız,2019 Yeni Renault Kadjar 1.5 Blue dCi 115 BG EDC Icon (4x2) NCAP/ANCAP Web Sayfası,2015,Var,,,,,,,,,Önden Çekişli,,,,,7 ileri,Otomatik,EDC (Çift Kavramalı Otm.)
1443 kg,,1836 mm,4489 mm,1613 mm,,527 lt,,2019 Yeni Renault Kadjar 1.5 Blue dCi 115 BG EDC Touch Roof (4x2),2019 Yeni Renault Kadjar 1.5 Blue dCi 115 BG EDC Touch Roof (4x2) Test Sürüşü Talep Sayfası,2019 Yeni Renault Kadjar 1.5 Blue dCi 115 BG EDC Touch Roof (4x2) Ürün Kataloğu,"3 Yıl / 100 Bin Km Mekanik
3 Yıl Boya
12 Yıl Paslanmazlık",Renault Yardım 444 6247,Var,,,,,Turbo,,4,1461 cc,Common Rail Direkt Enjeksiyon,11.5 saniye,189 km/s,260 nm,115 BG,Fransa,,Binek,Touch Roof,,SUV,2019,İçten Yanmalı (Standart),1800 tl/yıl,C,Kadjar,Dizel,https://www.epey.com/araba/2019-yeni-renault-kadjar-1-5-blue-dci-115-bg-edc-touch-roof-4x2.html,,,,,,115 g/km,4.4 lt,55 lt,Euro 6,4.2 lt,4.7 lt,,,5 yıldız,2019 Yeni Renault Kadjar 1.5 Blue dCi 115 BG EDC Touch Roof (4x2) NCAP/ANCAP Web Sayfası,2015,Var,,,,,,,,,Önden Çekişli,,,,,7 ileri,Otomatik,EDC (Çift Kavramalı Otm.)
1428 kg,,1836 mm,4489 mm,1613 mm,,527 lt,,2019 Yeni Renault Kadjar 1.5 Blue dCi 115 BG Touch (4x2),2019 Yeni Renault Kadjar 1.5 Blue dCi 115 BG Touch (4x2) Test Sürüşü Talep Sayfası,2019 Yeni Renault Kadjar 1.5 Blue dCi 115 BG Touch (4x2) Ürün Kataloğu,"3 Yıl / 100 Bin Km Mekanik
3 Yıl Boya
12 Yıl Paslanmazlık",Renault Yardım 444 6247,Var,,,,,Turbo,,4,1461 cc,Common Rail Direkt Enjeksiyon,11.7 saniye,189 km/s,260 nm,115 BG,Fransa,,Binek,Touch,,SUV,2019,İçten Yanmalı (Standart),1800 tl/yıl,C,Kadjar,Dizel,https://www.epey.com/araba/2019-yeni-renault-kadjar-1-5-blue-dci-115-bg-touch-4x2.html,,,,,,113 g/km,4.3 lt,55 lt,Euro 6,4.0 lt,4.9 lt,,,5 yıldız,2019 Yeni Renault Kadjar 1.5 Blue dCi 115 BG Touch (4x2) NCAP/ANCAP Web Sayfası,2015,Var,,,,,,,,,Önden Çekişli,,,,,6 ileri,Manuel,
1470 kg,,1864 mm,4869 mm,1469 mm,1730 lt,595 lt,,2019 Yeni Skoda Superb 1.5 TSI 150 HP DSG Elite,2019 Yeni Skoda Superb 1.5 TSI 150 HP DSG Elite Test Sürüşü Talep Sayfası,,"2 Yıl Sınırsız Km Mekanik
3 Yıl Boya
12 Yıl Paslanmazlık","Skoda Yol Yardımı 0212 216 4228
Skoda Yol Yardımı 0212 275 0121
Skoda Yol Yardımı 0800 211 4106",Var,,,,,Turbo,,4,1498 cc,TSI - Doğrudan Enjeksiyon,9.2 saniye,219 km/s,250 nm,150 BG,Çek Cumhuriyeti > Almanya,,Binek,Elite,,Sedan,2019,İçten Yanmalı (Standart),1800 tl/yıl,D,Superb,Benzin,https://www.epey.com/araba/2019-yeni-skoda-superb-1-5-tsi-150-hp-dsg-elite.html,,,,,,123 g/km,5.4 lt,66 lt,Euro 6,4.6 lt,6.8 lt,,,5 yıldız,2019 Yeni Skoda Superb 1.5 TSI 150 HP DSG Elite NCAP/ANCAP Web Sayfası,2015,Var,,,,,,,,,Önden Çekişli,,,,,7 ileri,Otomatik,DSG (Yarı Otm.)
1455 kg,,1864 mm,4869 mm,1469 mm,1730 lt,595 lt,,2019 Yeni Skoda Superb 1.5 TSI 150 HP Comfort,2019 Yeni Skoda Superb 1.5 TSI 150 HP Comfort Test Sürüşü Talep Sayfası,,"2 Yıl Sınırsız Km Mekanik
3 Yıl Boya
12 Yıl Paslanmazlık","Skoda Yol Yardımı 0212 216 4228
Skoda Yol Yardımı 0212 275 0121
Skoda Yol Yardımı 0800 211 4106",Var,,,,,Turbo,,4,1498 cc,TSI - Doğrudan Enjeksiyon,9.0 saniye,220 km/s,250 nm,150 BG,Çek Cumhuriyeti > Almanya,,Binek,Comfort,,Sedan,2019,İçten Yanmalı (Standart),1800 tl/yıl,D,Superb,Benzin,https://www.epey.com/araba/2019-yeni-skoda-superb-1-5-tsi-act-150-hp-comfort.html,,,,,,120 g/km,5.2 lt,66 lt,Euro 6,4.4 lt,6.7 lt,,,5 yıldız,2019 Yeni Skoda Superb 1.5 TSI 150 HP Comfort NCAP/ANCAP Web Sayfası,2015,Var,,,,,,,,,Önden Çekişli,,,,,6 ileri,Manuel,
1470 kg,,1864 mm,4869 mm,1469 mm,1730 lt,595 lt,,2019 Yeni Skoda Superb 1.5 TSI 150 HP DSG Premium,2019 Yeni Skoda Superb 1.5 TSI 150 HP DSG Premium Test Sürüşü Talep Sayfası,,"2 Yıl Sınırsız Km Mekanik
3 Yıl Boya
12 Yıl Paslanmazlık","Skoda Yol Yardımı 0212 216 4228
Skoda Yol Yardımı 0212 275 0121
Skoda Yol Yardımı 0800 211 4106",Var,,,,,Turbo,,4,1498 cc,TSI - Doğrudan Enjeksiyon,9.2 saniye,219 km/s,250 nm,150 BG,Çek Cumhuriyeti > Almanya,,Binek,Premium,,Sedan,2019,İçten Yanmalı (Standart),1800 tl/yıl,D,Superb,Benzin,https://www.epey.com/araba/2019-yeni-skoda-superb-1-5-tsi-act-150-hp-dsg-premium.html,,,,,,123 g/km,5.4 lt,66 lt,Euro 6,4.6 lt,6.8 lt,,,5 yıldız,2019 Yeni Skoda Superb 1.5 TSI 150 HP DSG Premium NCAP/ANCAP Web Sayfası,2015,Var,,,,,,,,,Önden Çekişli,,,,,7 ileri,Otomatik,DSG (Yarı Otm.)
1470 kg,,1864 mm,4869 mm,1469 mm,1730 lt,595 lt,,2019 Yeni Skoda Superb 1.5 TSI 150 HP DSG Prestige,2019 Yeni Skoda Superb 1.5 TSI 150 HP DSG Prestige Test Sürüşü Talep Sayfası,,"2 Yıl Sınırsız Km Mekanik
3 Yıl Boya
12 Yıl Paslanmazlık","Skoda Yol Yardımı 0212 216 4228
Skoda Yol Yardımı 0212 275 0121
Skoda Yol Yardımı 0800 211 4106",Var,,,,,Turbo,,4,1498 cc,TSI - Doğrudan Enjeksiyon,9.2 saniye,219 km/s,250 nm,150 BG,Çek Cumhuriyeti > Almanya,,Binek,Prestige,,Sedan,2019,İçten Yanmalı (Standart),1800 tl/yıl,D,Superb,Benzin,https://www.epey.com/araba/2019-yeni-skoda-superb-1-5-tsi-act-150-hp-dsg-prestige.html,,,,,,123 g/km,5.4 lt,66 lt,Euro 6,4.6 lt,6.8 lt,,,5 yıldız,2019 Yeni Skoda Superb 1.5 TSI 150 HP DSG Prestige NCAP/ANCAP Web Sayfası,2015,Var,,,,,,,,,Önden Çekişli,,,,,7 ileri,Otomatik,DSG (Yarı Otm.)
1530 kg,,1864 mm,4869 mm,1469 mm,1730 lt,595 lt,,2019 Yeni Skoda Superb 1.6 TDI 120 HP DSG Elite,2019 Yeni Skoda Superb 1.6 TDI 120 HP DSG Elite Test Sürüşü Talep Sayfası,,"2 Yıl Sınırsız Km Mekanik
3 Yıl Boya
12 Yıl Paslanmazlık","Skoda Yol Yardımı 0212 216 4228
Skoda Yol Yardımı 0212 275 0121
Skoda Yol Yardımı 0800 211 4106",Var,,,,,Turbo,,4,1598 cc,Common Rail Direkt Enjeksiyon,11.1 saniye,205 km/s,250 nm,120 BG,Çek Cumhuriyeti > Almanya,,Binek,Elite,,Sedan,2019,İçten Yanmalı (Standart),1800 tl/yıl,D,Superb,Dizel,https://www.epey.com/araba/2019-yeni-skoda-superb-1-6-tdi-120-hp-dsg-elite.html,,,,,,110 g/km,4.2 lt,66 lt,Euro 6,3.9 lt,4.7 lt,,,5 yıldız,2019 Yeni Skoda Superb 1.6 TDI 120 HP DSG Elite NCAP/ANCAP Web Sayfası,2015,Var,,,,,,,,,Önden Çekişli,,,,,7 ileri,Otomatik,DSG (Yarı Otm.)
1530 kg,,1864 mm,4869 mm,1469 mm,1730 lt,595 lt,,2019 Yeni Skoda Superb 1.6 TDI 120 HP DSG Premium,2019 Yeni Skoda Superb 1.6 TDI 120 HP DSG Premium Test Sürüşü Talep Sayfası,,"2 Yıl Sınırsız Km Mekanik
3 Yıl Boya
12 Yıl Paslanmazlık","Skoda Yol Yardımı 0212 216 4228
Skoda Yol Yardımı 0212 275 0121
Skoda Yol Yardımı 0800 211 4106",Var,,,,,Turbo,,4,1598 cc,Common Rail Direkt Enjeksiyon,11.1 saniye,205 km/s,250 nm,120 BG,Çek Cumhuriyeti > Almanya,,Binek,Premium,,Sedan,2019,İçten Yanmalı (Standart),1800 tl/yıl,D,Superb,Dizel,https://www.epey.com/araba/2019-yeni-skoda-superb-1-6-tdi-120-hp-dsg-premium.html,,,,,,110 g/km,4.2 lt,66 lt,Euro 6,3.9 lt,4.7 lt,,,5 yıldız,2019 Yeni Skoda Superb 1.6 TDI 120 HP DSG Premium NCAP/ANCAP Web Sayfası,2015,Var,,,,,,,,,Önden Çekişli,,,,,7 ileri,Otomatik,DSG (Yarı Otm.)
1530 kg,,1864 mm,4869 mm,1469 mm,1730 lt,595 lt,,2019 Yeni Skoda Superb 1.6 TDI 120 HP DSG Prestige,2019 Yeni Skoda Superb 1.6 TDI 120 HP DSG Prestige Test Sürüşü Talep Sayfası,,"2 Yıl Sınırsız Km Mekanik
3 Yıl Boya
12 Yıl Paslanmazlık","Skoda Yol Yardımı 0212 216 4228
Skoda Yol Yardımı 0212 275 0121
Skoda Yol Yardımı 0800 211 4106",Var,,,,,Turbo,,4,1598 cc,Common Rail Direkt Enjeksiyon,11.1 saniye,205 km/s,250 nm,120 BG,Çek Cumhuriyeti > Almanya,,Binek,Prestige,,Sedan,2019,İçten Yanmalı (Standart),1800 tl/yıl,D,Superb,Dizel,https://www.epey.com/araba/2019-yeni-skoda-superb-1-6-tdi-120-hp-dsg-prestige.html,,,,,,110 g/km,4.2 lt,66 lt,Euro 6,3.9 lt,4.7 lt,,,5 yıldız,2019 Yeni Skoda Superb 1.6 TDI 120 HP DSG Prestige NCAP/ANCAP Web Sayfası,2015,Var,,,,,,,,,Önden Çekişli,,,,,7 ileri,Otomatik,DSG (Yarı Otm.)
1665 kg,,1864 mm,4869 mm,1469 mm,1730 lt,595 lt,,2019 Yeni Skoda Superb 2.0 TDI 190 HP DSG L&K Crystal (4x4),2019 Yeni Skoda Superb 2.0 TDI 190 HP DSG L&K Crystal (4x4) Test Sürüşü Talep Sayfası,,"2 Yıl Sınırsız Km Mekanik
3 Yıl Boya
12 Yıl Paslanmazlık","Skoda Yol Yardımı 0212 216 4228
Skoda Yol Yardımı 0212 275 0121
Skoda Yol Yardımı 0800 211 4106",Var,,,,,Turbo,,4,1968 cc,Common Rail Direkt Enjeksiyon,8.0 saniye,232 km/s,400 nm,190 BG,Çek Cumhuriyeti > Almanya,,Binek,L&K Crystal,,Sedan,2019,İçten Yanmalı (Standart),5003 tl/yıl,D,Superb,Dizel,https://www.epey.com/araba/2019-yeni-skoda-superb-2-0-tdi-190-hp-dsg-lk-crystal-4x4.html,,,,,,129 g/km,4.9 lt,66 lt,Euro 6,4.4 lt,5.8 lt,,,5 yıldız,2019 Yeni Skoda Superb 2.0 TDI 190 HP DSG L&K Crystal (4x4) NCAP/ANCAP Web Sayfası,2015,Var,,,,,,,,,Önden Çekişli,,,,,7 ileri,Otomatik,DSG (Yarı Otm.)
1450 kg,,1795 mm,4390 mm,1565 mm,,297 lt,,2019 Yeni Toyota C-HR 1.2 Turbo 116 PS Flame (4x2),2019 Yeni Toyota C-HR 1.2 Turbo 116 PS Flame (4x2) Test Sürüşü Talep Sayfası,2019 Yeni Toyota C-HR 1.2 Turbo 116 PS Flame (4x2) Ürün Kataloğu,"3 Yıl / 100 Bin Km Mekanik
3 Yıl Boya
12 Yıl Paslanmazlık","Toyota Asistanım 0212 233 3145
Toyota Asistanım 0800 211 6166
Toyota İletişim Merkezi 0212 354 0354",Var,,,,,Turbo,,4,1197 cc,Direkt Enjeksiyon,10.9 saniye,190 km/s,185 nm,116 BG,Japonya,,Binek,Flame,,SUV,2019,İçten Yanmalı (Standart),1034 tl/yıl,B,C-HR,Benzin,https://www.epey.com/araba/2019-yeni-toyota-c-hr-1-2-turbo-116-ps-flame-4x2.html,,,,,,138 g/km,6.1 lt,50 lt,Euro 6,5.3 lt,7.3 lt,,,5 yıldız,2019 Yeni Toyota C-HR 1.2 Turbo 116 PS Flame (4x2) NCAP/ANCAP Web Sayfası,2017,Var,,,,,,,,,Önden Çekişli,,,,,6 ileri,Manuel,
1465 kg,,1795 mm,4390 mm,1565 mm,,297 lt,,2019 Yeni Toyota C-HR 1.2 Turbo 116 PS Multidrive S Flame (4x2),2019 Yeni Toyota C-HR 1.2 Turbo 116 PS Multidrive S Flame (4x2) Test Sürüşü Talep Sayfası,2019 Yeni Toyota C-HR 1.2 Turbo 116 PS Multidrive S Flame (4x2) Ürün Kataloğu,"3 Yıl / 100 Bin Km Mekanik
3 Yıl Boya
12 Yıl Paslanmazlık","Toyota Asistanım 0212 233 3145
Toyota Asistanım 0800 211 6166
Toyota İletişim Merkezi 0212 354 0354",Var,,,,,Turbo,,4,1197 cc,Direkt Enjeksiyon,10.9 saniye,190 km/s,185 nm,116 BG,Japonya,,Binek,Flame,,SUV,2019,İçten Yanmalı (Standart),1034 tl/yıl,B,C-HR,Benzin,https://www.epey.com/araba/2019-yeni-toyota-c-hr-1-2-turbo-116-ps-multidrive-s-flame-4x2.html,,,,,,138 g/km,6.1 lt,50 lt,Euro 6,5.3 lt,7.4 lt,,,5 yıldız,2019 Yeni Toyota C-HR 1.2 Turbo 116 PS Multidrive S Flame (4x2) NCAP/ANCAP Web Sayfası,2017,Var,,,,,,,,,Önden Çekişli,,,,,,Otomatik,Multidrive S (Değişken Oranlı CVT)
1465 kg,,1795 mm,4390 mm,1565 mm,,297 lt,,2019 Yeni Toyota C-HR 1.2 Turbo 116 PS Multidrive S Passion (4x2),2019 Yeni Toyota C-HR 1.2 Turbo 116 PS Multidrive S Passion (4x2) Test Sürüşü Talep Sayfası,2019 Yeni Toyota C-HR 1.2 Turbo 116 PS Multidrive S Passion (4x2) Ürün Kataloğu,"3 Yıl / 100 Bin Km Mekanik
3 Yıl Boya
12 Yıl Paslanmazlık","Toyota Asistanım 0212 233 3145
Toyota Asistanım 0800 211 6166
Toyota İletişim Merkezi 0212 354 0354",Var,,,,,Turbo,,4,1197 cc,Direkt Enjeksiyon,10.9 saniye,190 km/s,185 nm,116 BG,Japonya,,Binek,Passion,,SUV,2019,İçten Yanmalı (Standart),1034 tl/yıl,B,C-HR,Benzin,https://www.epey.com/araba/2019-yeni-toyota-c-hr-1-2-turbo-116-ps-multidrive-s-passion-4x2.html,,,,,,138 g/km,6.1 lt,50 lt,Euro 6,5.3 lt,7.4 lt,,,5 yıldız,2019 Yeni Toyota C-HR 1.2 Turbo 116 PS Multidrive S Passion (4x2) NCAP/ANCAP Web Sayfası,2017,Var,,,,,,,,,Önden Çekişli,,,,,,Otomatik,Multidrive S (Değişken Oranlı CVT)
1495 kg,,1795 mm,4390 mm,1555 mm,,297 lt,,2019 Yeni Toyota C-HR 1.8 Hybrid 122 PS e-CVT Flame (4x2),2019 Yeni Toyota C-HR 1.8 Hybrid 122 PS e-CVT Flame (4x2) Test Sürüşü Talep Sayfası,2019 Yeni Toyota C-HR 1.8 Hybrid 122 PS e-CVT Flame (4x2) Ürün Kataloğu,"3 Yıl / 100 Bin Km Mekanik
3 Yıl Boya
12 Yıl Paslanmazlık","Toyota Asistanım 0212 233 3145
Toyota Asistanım 0800 211 6166
Toyota İletişim Merkezi 0212 354 0354",Var,163 nm,,Lityum İyon,,Atmosferik,,4,1798 cc,EFI (Elektronik Yakıt Püskürtme),11.0 saniye,170 km/s,142 nm,122 BG,Japonya,,Binek,Flame,,SUV,2019,HEV (Benzinli & Elektrikli),1455 tl/yıl,B,C-HR,Benzin & Elektrik,https://www.epey.com/araba/2019-yeni-toyota-c-hr-1-8-hybrid-122-ps-e-cvt-flame-4x2.html,,,,,,86 g/km,3.8 lt,43 lt,Euro 6,3.2 lt,4.2 lt,,,5 yıldız,2019 Yeni Toyota C-HR 1.8 Hybrid 122 PS e-CVT Flame (4x2) NCAP/ANCAP Web Sayfası,2017,Var,,,,,,,,,Önden Çekişli,,,,,,Otomatik,e-CVT (Elk.Kont.Sürekli Değişken)
1495 kg,,1795 mm,4390 mm,1555 mm,,297 lt,,2019 Yeni Toyota C-HR 1.8 Hybrid 122 PS e-CVT Passion (4x2),2019 Yeni Toyota C-HR 1.8 Hybrid 122 PS e-CVT Passion (4x2) Test Sürüşü Talep Sayfası,2019 Yeni Toyota C-HR 1.8 Hybrid 122 PS e-CVT Passion (4x2) Ürün Kataloğu,"3 Yıl / 100 Bin Km Mekanik
3 Yıl Boya
12 Yıl Paslanmazlık","Toyota Asistanım 0212 233 3145
Toyota Asistanım 0800 211 6166
Toyota İletişim Merkezi 0212 354 0354",Var,163 nm,,Lityum İyon,,Atmosferik,,4,1798 cc,EFI (Elektronik Yakıt Püskürtme),11.0 saniye,170 km/s,142 nm,122 BG,Japonya,,Binek,Passion,,SUV,2019,HEV (Benzinli & Elektrikli),1455 tl/yıl,B,C-HR,Benzin & Elektrik,https://www.epey.com/araba/2019-yeni-toyota-c-hr-1-8-hybrid-122-ps-e-cvt-passion-4x2.html,,,,,,86 g/km,3.8 lt,43 lt,Euro 6,3.2 lt,4.2 lt,,,5 yıldız,2019 Yeni Toyota C-HR 1.8 Hybrid 122 PS e-CVT Passion (4x2) NCAP/ANCAP Web Sayfası,2017,Var,,,,,,,,,Önden Çekişli,,,,,,Otomatik,e-CVT (Elk.Kont.Sürekli Değişken)
1495 kg,,1795 mm,4390 mm,1555 mm,,297 lt,,2019 Yeni Toyota C-HR 1.8 Hybrid 122 PS e-CVT Passion X-Pack (4x2),2019 Yeni Toyota C-HR 1.8 Hybrid 122 PS e-CVT Passion X-Pack (4x2) Test Sürüşü Talep Sayfası,2019 Yeni Toyota C-HR 1.8 Hybrid 122 PS e-CVT Passion X-Pack (4x2) Ürün Kataloğu,"3 Yıl / 100 Bin Km Mekanik
3 Yıl Boya
12 Yıl Paslanmazlık","Toyota Asistanım 0212 233 3145
Toyota Asistanım 0800 211 6166
Toyota İletişim Merkezi 0212 354 0354",Var,163 nm,,Lityum İyon,,Atmosferik,,4,1798 cc,EFI (Elektronik Yakıt Püskürtme),11.0 saniye,170 km/s,142 nm,122 BG,Japonya,,Binek,Passion X-Pack,,SUV,2019,HEV (Benzinli & Elektrikli),1455 tl/yıl,B,C-HR,Benzin & Elektrik,https://www.epey.com/araba/2019-yeni-toyota-c-hr-1-8-hybrid-122-ps-e-cvt-passion-x-pack-4x2.html,,,,,,86 g/km,3.8 lt,43 lt,Euro 6,3.2 lt,4.2 lt,,,5 yıldız,2019 Yeni Toyota C-HR 1.8 Hybrid 122 PS e-CVT Passion X-Pack (4x2) NCAP/ANCAP Web Sayfası,2017,Var,,,,,,,,,Önden Çekişli,,,,,,Otomatik,e-CVT (Elk.Kont.Sürekli Değişken)
1645 kg,,1855 mm,4600 mm,1685 mm,,580 lt,,2019 Yeni Toyota RAV4 Hybrid 2.5 222 HP e-CVT Flame (4x4),2019 Yeni Toyota RAV4 Hybrid 2.5 222 HP e-CVT Flame (4x4) Test Sürüşü Talep Sayfası,,,,,,,Nikel-Metal Hidrid (NiMH),,Atmosferik,,4,2494 cc,D4S (Direk & Port Enjeksiyon),8.1 saniye,180 km/s,221 nm,222 BG,Japonya,,Binek,Flame,,SUV,2019,HEV (Benzinli & Elektrikli),7505 tl/yıl,C,RAV4,Benzin & Elektrik,https://www.epey.com/araba/2019-yeni-toyota-rav4-hybrid-2-5-222-hp-e-cvt-flame-4x4.html,,,,,,105 g/km,4.6 lt,,,,,,,,,,,,,,,,,,,,,,,,,Otomatik,e-CVT
1645 kg,,1855 mm,4600 mm,1685 mm,,580 lt,,2019 Yeni Toyota RAV4 Hybrid 2.5 222 HP e-CVT Passion (4x4),2019 Yeni Toyota RAV4 Hybrid 2.5 222 HP e-CVT Passion (4x4) Test Sürüşü Talep Sayfası,,,,,,,Nikel-Metal Hidrid (NiMH),,Atmosferik,,4,2494 cc,D4S (Direk & Port Enjeksiyon),8.1 saniye,180 km/s,221 nm,222 BG,Japonya,,Binek,Passion,,SUV,2019,HEV (Benzinli & Elektrikli),7505 tl/yıl,C,RAV4,Benzin & Elektrik,https://www.epey.com/araba/2019-yeni-toyota-rav4-hybrid-2-5-222-hp-e-cvt-passion-4x4.html,,,,,,105 g/km,4.6 lt,,,,,,,,,,,,,,,,,,,,,,,,,Otomatik,e-CVT
1645 kg,,1855 mm,4600 mm,1685 mm,,580 lt,,2019 Yeni Toyota RAV4 Hybrid 2.5 222 HP e-CVT Passion X-Pack (4x4),2019 Yeni Toyota RAV4 Hybrid 2.5 222 HP e-CVT Passion X-Pack (4x4) Test Sürüşü Talep Sayfası,,,,,,,Nikel-Metal Hidrid (NiMH),,Atmosferik,,4,2494 cc,D4S (Direk & Port Enjeksiyon),8.1 saniye,180 km/s,221 nm,222 BG,Japonya,,Binek,Passion X-Pack,,SUV,2019,HEV (Benzinli & Elektrikli),7505 tl/yıl,C,RAV4,Benzin & Elektrik,https://www.epey.com/araba/2019-yeni-toyota-rav4-hybrid-2-5-222-hp-e-cvt-passion-x-pack-4x4.html,,,,,,105 g/km,4.6 lt,,,,,,,,,,,,,,,,,,,,,,,,,Otomatik,e-CVT
1435 kg,11.70 mt.,1832 mm,4775 mm,1442 mm,,586 lt,,2019 Yeni Volkswagen Passat 1.5 TSI ACT 150 PS DSG Business,2019 Yeni Volkswagen Passat 1.5 TSI ACT 150 PS DSG Business Test Sürüşü Talep Sayfası,2019 Yeni Volkswagen Passat 1.5 TSI ACT 150 PS DSG Business Ürün Kataloğu,"2 Yıl Mekanik
3 Yıl Boya
12 Yıl Paslanmazlık","Volkswagen Çağrı24 0212 335 0404
Volkswagen Çağrı24 0800 211 0870",Var,,,,,Turbo,,4,1498 cc,Direkt Enjeksiyon,8.7 saniye,220 km/s,250 nm,150 BG,Almanya,Passat Sedan,Binek,Business,,Sedan,2019,İçten Yanmalı (Standart),1800 tl/yıl,D,Passat,Benzin,https://www.epey.com/araba/2019-yeni-volkswagen-passat-1-5-tsi-act-150-ps-business.html,,,,,,117 g/km,5.1 lt,59 lt,,4.3 lt,6.6 lt,,,5 yıldız,2019 Yeni Volkswagen Passat 1.5 TSI ACT 150 PS DSG Business NCAP/ANCAP Web Sayfası,2014,Var,,,,,,,,,Önden Çekişli,,,,,7 ileri,Otomatik,DSG (Yarı Otm.)
1435 kg,11.70 mt.,1832 mm,4775 mm,1442 mm,,586 lt,,2019 Yeni Volkswagen Passat 1.5 TSI ACT 150 PS DSG Impression,2019 Yeni Volkswagen Passat 1.5 TSI ACT 150 PS DSG Impression Test Sürüşü Talep Sayfası,2019 Yeni Volkswagen Passat 1.5 TSI ACT 150 PS DSG Impression Ürün Kataloğu,"2 Yıl Mekanik
3 Yıl Boya
12 Yıl Paslanmazlık","Volkswagen Çağrı24 0212 335 0404
Volkswagen Çağrı24 0800 211 0870",Var,,,,,Turbo,,4,1498 cc,Direkt Enjeksiyon,8.7 saniye,220 km/s,250 nm,150 BG,Almanya,Passat Sedan,Binek,Impression,,Sedan,2019,İçten Yanmalı (Standart),1800 tl/yıl,D,Passat,Benzin,https://www.epey.com/araba/2019-yeni-volkswagen-passat-1-5-tsi-act-150-ps-dsg-impression.html,,,,,,117 g/km,5.1 lt,59 lt,,4.3 lt,6.6 lt,,,5 yıldız,2019 Yeni Volkswagen Passat 1.5 TSI ACT 150 PS DSG Impression NCAP/ANCAP Web Sayfası,2014,Var,,,,,,,,,Önden Çekişli,,,,,7 ileri,Otomatik,DSG (Yarı Otm.)
1435 kg,11.70 mt.,1832 mm,4775 mm,1442 mm,,586 lt,,2019 Yeni Volkswagen Passat 1.5 TSI ACT 150 PS DSG Elegance,2019 Yeni Volkswagen Passat 1.5 TSI ACT 150 PS DSG Elegance Test Sürüşü Talep Sayfası,2019 Yeni Volkswagen Passat 1.5 TSI ACT 150 PS DSG Elegance Ürün Kataloğu,"2 Yıl Mekanik
3 Yıl Boya
12 Yıl Paslanmazlık","Volkswagen Çağrı24 0212 335 0404
Volkswagen Çağrı24 0800 211 0870",Var,,,,,Turbo,,4,1498 cc,Direkt Enjeksiyon,8.7 saniye,220 km/s,250 nm,150 BG,Almanya,Passat Sedan,Binek,Elegance,,Sedan,2019,İçten Yanmalı (Standart),1800 tl/yıl,D,Passat,Benzin,https://www.epey.com/araba/2019-yeni-volkswagen-passat-1-5-tsi-act-150-ps-elegance.html,,,,,,117 g/km,5.1 lt,59 lt,,4.3 lt,6.6 lt,,,5 yıldız,2019 Yeni Volkswagen Passat 1.5 TSI ACT 150 PS DSG Elegance NCAP/ANCAP Web Sayfası,2014,Var,,,,,,,,,Önden Çekişli,,,,,7 ileri,Otomatik,DSG (Yarı Otm.)
