AĞIRLIK & ÖLÇÜLER - Ağırlık,AĞIRLIK & ÖLÇÜLER - Dönüş Çapı,AĞIRLIK & ÖLÇÜLER - Genişlik,AĞIRLIK & ÖLÇÜLER - Uzunluk,AĞIRLIK & ÖLÇÜLER - Yükseklik,BAGAJ ÖZELLİKLERİ - Bagaj Hacmi (2 Koltuk),BAGAJ ÖZELLİKLERİ - Bagaj Hacmi (5 Koltuk),BAGAJ ÖZELLİKLERİ - Bagaj Hacmi (7 Koltuk),Başlık,DIŞ GÖVDE - Arka Kapı Tipi,DIŞ GÖVDE - Arka Tekerlek,DIŞ GÖVDE - Kapı Sayısı,DIŞ GÖVDE - Sürgülü Sağ Yan Kapı,DIŞ GÖVDE - Şasi Tipi,DOKÜMAN - Test Sürüşü Talep Sayfası,DOKÜMAN - Ürün Kataloğu,GARANTİ & YOL YARDIM - Garanti,GARANTİ & YOL YARDIM - Yol Yardım Bilgileri,GARANTİ & YOL YARDIM - Yol Yardım Hizmeti,MOTOR (Elektrikli) - Azami Tork,MOTOR (Elektrikli) - Batarya Kapasitesi,MOTOR (Elektrikli) - Batarya Tipi,MOTOR (Elektrikli) - Diğer Özellikler,MOTOR (Elektrikli) - Menzil (WLTP-Birleşik),MOTOR (İçten Yanmalı) - Besleme Tipi,MOTOR (İçten Yanmalı) - Diğer Motor Özellikleri,MOTOR (İçten Yanmalı) - Silindir Adedi,MOTOR (İçten Yanmalı) - Silindir Hacmi,MOTOR (İçten Yanmalı) - Yakıt Püskürtme,PERFORMANS - 0-100 Km Hızlanma,PERFORMANS - Azami Hız,PERFORMANS - Azami Tork (Toplam),PERFORMANS - Beygir Gücü (Toplam),TEMEL ÖZELLİKLER - Ait Olduğu Ülke,TEMEL ÖZELLİKLER - Alt Seri,TEMEL ÖZELLİKLER - Araç Türü,TEMEL ÖZELLİKLER - Donanım Paketi,TEMEL ÖZELLİKLER - Gövde Tipi,TEMEL ÖZELLİKLER - Model Yılı,TEMEL ÖZELLİKLER - Motor Tipi,TEMEL ÖZELLİKLER - Motorlu Taşıt Vergisi,TEMEL ÖZELLİKLER - Segment,TEMEL ÖZELLİKLER - Seri,TEMEL ÖZELLİKLER - Yakıt Tipi,URL,YAKIT TÜKETİMİ & EMİSYON - LPG,YAKIT TÜKETİMİ & EMİSYON - LPG CO2 Salınımı,YAKIT TÜKETİMİ & EMİSYON - LPG Kapasitesi,YAKIT TÜKETİMİ & EMİSYON - LPG OrtalamaTüketim (100 km),YAKIT TÜKETİMİ & EMİSYON - LPG Şehir Dışı Tüketim (100 km),YAKIT TÜKETİMİ & EMİSYON - LPG Şehir İçi Tüketim (100 km),YAKIT TÜKETİMİ & EMİSYON - Ortalama Emisyon,YAKIT TÜKETİMİ & EMİSYON - Ortalama Y.Tüketimi (100 km),YAKIT TÜKETİMİ & EMİSYON - Yakıt Kapasitesi,YAKIT TÜKETİMİ & EMİSYON - Çevre Standardı (Emisyon),YAKIT TÜKETİMİ & EMİSYON - Şehir Dışı Tüketim (100 km),YAKIT TÜKETİMİ & EMİSYON - Şehir İçi Tüketim (100 km),YOLCU EMNİYETİ - Anahtarsız Sistem,YOLCU EMNİYETİ - NCAP/ANCAP Puanı,YOLCU EMNİYETİ - NCAP/ANCAP Web Sayfası,YOLCU EMNİYETİ - NCAP/ANCAP Yılı,YOLCU EMNİYETİ - Çarpışma Testi (NCAP/ANCAP),YÜK ALANI - Azami Hacim,YÜK ALANI - Azami Yük (İstiap Haddi),YÜK ALANI - Azami Yüklü Ağırlık,YÜK ALANI - Azami İç Genişlik,YÜK ALANI - Azami İç Uzunluk,YÜK ALANI - Azami İç Yükseklik,YÜK ALANI - Davlumbaz Aralığı,ŞANZIMAN & ÇEKİŞ SİSTEMİ - Çekiş,ŞANZIMAN & ÇEKİŞ SİSTEMİ - Çekiş Kontrol Sistemi,ŞANZIMAN & ÇEKİŞ SİSTEMİ - Çekiş Kontrol Özellikleri,ŞANZIMAN & ÇEKİŞ SİSTEMİ - Çekme Kapasitesi (Frenli),ŞANZIMAN & ÇEKİŞ SİSTEMİ - Çekme Kapasitesi (Frensiz),ŞANZIMAN & ÇEKİŞ SİSTEMİ - Şanzıman Kademesi,ŞANZIMAN & ÇEKİŞ SİSTEMİ - Şanzıman Türü,ŞANZIMAN & ÇEKİŞ SİSTEMİ - Şanzıman Özellikleri
1187 kg,,1798 mm,4050 mm,1440 mm,1069 lt,391 lt,,2020 Yeni Renault Clio 1.0 TCe 100 BG X-Tronic Joy,,,,,,2020 Yeni Renault Clio 1.0 TCe 100 BG X-Tronic Joy Test Sürüşü Talep Sayfası,2020 Yeni Renault Clio 1.0 TCe 100 BG X-Tronic Joy Ürün Kataloğu,,,,,,,,,Turbo,,3,999 cc,,11.5 saniye,182 km/s,142 nm,100 BG,Fransa,Hatchback,Binek,Joy,Hatchback,2020,İçten Yanmalı (Standart),1156 tl/yıl,B,Clio,Benzin,https://www.epey.com/araba/2020-yeni-renault-clio-1-0-tce-100-bg-x-tronic-joy.html,,,,,,,113 g/km,5.0 lt,42 lt,,4.1 lt,6.3 lt,,5 yıldız,2020 Yeni Renault Clio 1.0 TCe 100 BG X-Tronic Joy NCAP/ANCAP Web Sayfası,2019,Var,,,,,,,,Önden Çekişli,,,,,,Otomatik,X-Tronic (Değişken Oranlı)
1187 kg,,1798 mm,4050 mm,1440 mm,1069 lt,391 lt,,2020 Yeni Renault Clio 1.0 TCe 100 BG X-Tronic Touch,,,,,,2020 Yeni Renault Clio 1.0 TCe 100 BG X-Tronic Touch Test Sürüşü Talep Sayfası,2020 Yeni Renault Clio 1.0 TCe 100 BG X-Tronic Touch Ürün Kataloğu,,,,,,,,,Turbo,,3,999 cc,,11.5 saniye,182 km/s,142 nm,100 BG,Fransa,Hatchback,Binek,Touch,Hatchback,2020,İçten Yanmalı (Standart),1156 tl/yıl,B,Clio,Benzin,https://www.epey.com/araba/2020-yeni-renault-clio-1-0-tce-100-bg-x-tronic-touch.html,,,,,,,113 g/km,5.0 lt,42 lt,,4.1 lt,6.3 lt,,5 yıldız,2020 Yeni Renault Clio 1.0 TCe 100 BG X-Tronic Touch NCAP/ANCAP Web Sayfası,2019,Var,,,,,,,,Önden Çekişli,,,,,,Otomatik,X-Tronic (Değişken Oranlı)
1233 kg,,1798 mm,4050 mm,1440 mm,1069 lt,391 lt,,2020 Yeni Renault Clio 1.3 TCe 130 BG EDC Icon,,,,,,2020 Yeni Renault Clio 1.3 TCe 130 BG EDC Icon Test Sürüşü Talep Sayfası,2020 Yeni Renault Clio 1.3 TCe 130 BG EDC Icon Ürün Kataloğu,,,,,,,,,Turbo,,4,1332 cc,,9.0 saniye,200 km/s,240 nm,130 BG,Fransa,Hatchback,Binek,Icon,Hatchback,2020,İçten Yanmalı (Standart),2014 tl/yıl,B,Clio,Benzin,https://www.epey.com/araba/2020-yeni-renault-clio-1-3-tce-130-bg-edc-icon.html,,,,,,,121 g/km,5.3 lt,42 lt,,4.5 lt,6.8 lt,,5 yıldız,2020 Yeni Renault Clio 1.3 TCe 130 BG EDC Icon NCAP/ANCAP Web Sayfası,2019,Var,,,,,,,,Önden Çekişli,,,,,7 ileri,Otomatik,EDC (Çift Kavramalı Otm.)
1233 kg,,1798 mm,4050 mm,1440 mm,1069 lt,391 lt,,2020 Yeni Renault Clio 1.3 TCe 130 BG EDC Touch,,,,,,2020 Yeni Renault Clio 1.3 TCe 130 BG EDC Touch Test Sürüşü Talep Sayfası,2020 Yeni Renault Clio 1.3 TCe 130 BG EDC Touch Ürün Kataloğu,,,,,,,,,Turbo,,4,1332 cc,,9.0 saniye,200 km/s,240 nm,130 BG,Fransa,Hatchback,Binek,Touch,Hatchback,2020,İçten Yanmalı (Standart),2014 tl/yıl,B,Clio,Benzin,https://www.epey.com/araba/2020-yeni-renault-clio-1-3-tce-130-bg-edc-touch.html,,,,,,,121 g/km,5.3 lt,42 lt,,4.5 lt,6.8 lt,,5 yıldız,2020 Yeni Renault Clio 1.3 TCe 130 BG EDC Touch NCAP/ANCAP Web Sayfası,2019,Var,,,,,,,,Önden Çekişli,,,,,7 ileri,Otomatik,EDC (Çift Kavramalı Otm.)
1264 kg,,1798 mm,4050 mm,1440 mm,1069 lt,391 lt,,2020 Yeni Renault Clio 1.5 Blue dCi 115 BG Icon,,,,,,2020 Yeni Renault Clio 1.5 Blue dCi 115 BG Icon Test Sürüşü Talep Sayfası,2020 Yeni Renault Clio 1.5 Blue dCi 115 BG Icon Ürün Kataloğu,,,,,,,,,Turbo,,4,1461 cc,Common Rail Direkt Enjeksiyon,9.9 saniye,197 km/s,260 nm,115 BG,Fransa,Hatchback,Binek,Icon,Hatchback,2020,İçten Yanmalı (Standart),2014 tl/yıl,B,Clio,Dizel,https://www.epey.com/araba/2020-yeni-renault-clio-1-5-blue-dci-115-bg-icon.html,,,,,,,97 g/km,3.7 lt,39 lt,,3.3 lt,4.4 lt,,5 yıldız,2020 Yeni Renault Clio 1.5 Blue dCi 115 BG Icon NCAP/ANCAP Web Sayfası,2019,Var,,,,,,,,Önden Çekişli,,,,,6 ileri,Manuel,
1264 kg,,1798 mm,4050 mm,1440 mm,1069 lt,391 lt,,2020 Yeni Renault Clio 1.5 Blue dCi 115 BG Touch,,,,,,2020 Yeni Renault Clio 1.5 Blue dCi 115 BG Touch Test Sürüşü Talep Sayfası,2020 Yeni Renault Clio 1.5 Blue dCi 115 BG Touch Ürün Kataloğu,,,,,,,,,Turbo,,4,1461 cc,Common Rail Direkt Enjeksiyon,9.9 saniye,197 km/s,260 nm,115 BG,Fransa,Hatchback,Binek,Touch,Hatchback,2020,İçten Yanmalı (Standart),2014 tl/yıl,B,Clio,Dizel,https://www.epey.com/araba/2020-yeni-renault-clio-1-5-blue-dci-115-bg-touch.html,,,,,,,97 g/km,3.7 lt,39 lt,,3.3 lt,4.4 lt,,5 yıldız,2020 Yeni Renault Clio 1.5 Blue dCi 115 BG Touch NCAP/ANCAP Web Sayfası,2019,Var,,,,,,,,Önden Çekişli,,,,,6 ileri,Manuel,
1264 kg,,1798 mm,4050 mm,1440 mm,1069 lt,391 lt,,2020 Yeni Renault Clio 1.5 Blue dCi 85 BG Joy,,,,,,2020 Yeni Renault Clio 1.5 Blue dCi 85 BG Joy Test Sürüşü Talep Sayfası,2020 Yeni Renault Clio 1.5 Blue dCi 85 BG Joy Ürün Kataloğu,,,,,,,,,Turbo,,4,1461 cc,Common Rail Direkt Enjeksiyon,14.7 saniye,178 km/s,220 nm,85 BG,Fransa,Hatchback,Binek,Joy,Hatchback,2020,İçten Yanmalı (Standart),2014 tl/yıl,B,Clio,Dizel,https://www.epey.com/araba/2020-yeni-renault-clio-1-5-blue-dci-85-bg-joy.html,,,,,,,97 g/km,3.7 lt,39 lt,,3.3 lt,4.4 lt,,5 yıldız,2020 Yeni Renault Clio 1.5 Blue dCi 85 BG Joy NCAP/ANCAP Web Sayfası,2019,Var,,,,,,,,Önden Çekişli,,,,,6 ileri,Manuel,
1251 kg,10.80 mt.,1793 mm,4241 mm,1531 mm,1395 lt,400 lt,,2020 Yeni Skoda Kamiq 1.0 TSI 115 PS DSG Premium (4x2),,,,,,2020 Yeni Skoda Kamiq 1.0 TSI 115 PS DSG Premium (4x2) Test Sürüşü Talep Sayfası,2020 Yeni Skoda Kamiq 1.0 TSI 115 PS DSG Premium (4x2) Ürün Kataloğu,,,,,,,,,Turbo,,3,999 cc,Direkt Enjeksiyon,10.0 saniye,193 km/s,200 nm,115 BG,Çek Cumhuriyeti > Almanya,,Binek,Premium,SUV,2020,İçten Yanmalı (Standart),1156 tl/yıl,B,Kamiq,Benzin,https://www.epey.com/araba/2020-yeni-skoda-kamiq-1-0-tsi-115-ps-dsg-premium-4x2.html,,,,,,,111 g/km,4.9 lt,50 lt,,4.4 lt,5.7 lt,,5 yıldız,2020 Yeni Skoda Kamiq 1.0 TSI 115 PS DSG Premium (4x2) NCAP/ANCAP Web Sayfası,2019,Var,,,,,,,,Önden Çekişli,,,,,7 ileri,Otomatik,DSG (Yarı Otm.)
1277 kg,10.80 mt.,1793 mm,4241 mm,1531 mm,1395 lt,400 lt,,2020 Yeni Skoda Kamiq 1.5 TSI ACT 150 PS DSG Premium (4x2),,,,,,2020 Yeni Skoda Kamiq 1.5 TSI ACT 150 PS DSG Premium (4x2) Test Sürüşü Talep Sayfası,2020 Yeni Skoda Kamiq 1.5 TSI ACT 150 PS DSG Premium (4x2) Ürün Kataloğu,,,,,,,,,Turbo,,4,1498 cc,Direkt Enjeksiyon,8.4 saniye,212 km/s,250 nm,150 BG,Çek Cumhuriyeti > Almanya,,Binek,Premium,SUV,2020,İçten Yanmalı (Standart),2014 tl/yıl,B,Kamiq,Benzin,https://www.epey.com/araba/2020-yeni-skoda-kamiq-1-5-tsi-act-150-ps-dsg-premium-4x2.html,,,,,,,115 g/km,5.0 lt,50 lt,,4.3 lt,6.4 lt,,5 yıldız,2020 Yeni Skoda Kamiq 1.5 TSI ACT 150 PS DSG Premium (4x2) NCAP/ANCAP Web Sayfası,2019,Var,,,,,,,,Önden Çekişli,,,,,7 ileri,Otomatik,DSG (Yarı Otm.)
1364 kg,10.80 mt.,1793 mm,4241 mm,1531 mm,1395 lt,400 lt,,2020 Yeni Skoda Kamiq 1.6 TDI SCR 115 PS DSG Premium (4x2),,,,,,2020 Yeni Skoda Kamiq 1.6 TDI SCR 115 PS DSG Premium (4x2) Test Sürüşü Talep Sayfası,2020 Yeni Skoda Kamiq 1.6 TDI SCR 115 PS DSG Premium (4x2) Ürün Kataloğu,,,,,,,,,Turbo,,4,1598 cc,Common Rail Direkt Enjeksiyon,10.4 saniye,192 km/s,250 nm,115 BG,Çek Cumhuriyeti > Almanya,,Binek,Premium,SUV,2020,İçten Yanmalı (Standart),2014 tl/yıl,B,Kamiq,Dizel,https://www.epey.com/araba/2020-yeni-skoda-kamiq-1-6-tdi-scr-115-ps-dsg-premium-4x2.html,,,,,,,111 g/km,4.2 lt,50 lt,,3.9 lt,4.8 lt,,5 yıldız,2020 Yeni Skoda Kamiq 1.6 TDI SCR 115 PS DSG Premium (4x2) NCAP/ANCAP Web Sayfası,2019,Var,,,,,,,,Önden Çekişli,,,,,7 ileri,Otomatik,DSG (Yarı Otm.)
1330 kg,,1790 mm,4370 mm,1455 mm,,361 lt,,2020 Yeni Toyota Corolla HB 1.2 Turbo 116 PS Multidrive S Dream,,,,,,2020 Yeni Toyota Corolla HB 1.2 Turbo 116 PS Multidrive S Dream Test Sürüşü Talep Sayfası,2020 Yeni Toyota Corolla HB 1.2 Turbo 116 PS Multidrive S Dream Ürün Kataloğu,,,,,,,,,Atmosferik,,4,1197 cc,Direkt Püskürtme,10.0 saniye,195 km/s,185 nm,116 BG,Japonya,Hatchback,Binek,Dream,Hatchback,2020,İçten Yanmalı (Standart),1156 tl/yıl,C,Corolla,Benzin,https://www.epey.com/araba/2020-yeni-toyota-corolla-hb-1-2-turbo-116-ps-multidrive-s-dream.html,,,,,,,134 g/km,5.9 lt,50 lt,,5.1 lt,7.2 lt,,5 yıldız,2020 Yeni Toyota Corolla HB 1.2 Turbo 116 PS Multidrive S Dream NCAP/ANCAP Web Sayfası,2019,Var,,,,,,,,Önden Çekişli,,,,,,Otomatik,Multidrive S (Değişken Oranlı CVT)
1330 kg,,1790 mm,4370 mm,1455 mm,,361 lt,,2020 Yeni Toyota Corolla HB 1.2 Turbo 116 PS Multidrive S Flame X-Pack,,,,,,2020 Yeni Toyota Corolla HB 1.2 Turbo 116 PS Multidrive S Flame X-Pack Test Sürüşü Talep Sayfası,2020 Yeni Toyota Corolla HB 1.2 Turbo 116 PS Multidrive S Flame X-Pack Ürün Kataloğu,,,,,,,,,Atmosferik,,4,1197 cc,Direkt Püskürtme,10.0 saniye,195 km/s,185 nm,116 BG,Japonya,Hatchback,Binek,Flame X-Pack,Hatchback,2020,İçten Yanmalı (Standart),1156 tl/yıl,C,Corolla,Benzin,https://www.epey.com/araba/2020-yeni-toyota-corolla-hb-1-2-turbo-116-ps-multidrive-s-flame-x-pack.html,,,,,,,134 g/km,5.9 lt,50 lt,,5.1 lt,7.2 lt,,5 yıldız,2020 Yeni Toyota Corolla HB 1.2 Turbo 116 PS Multidrive S Flame X-Pack NCAP/ANCAP Web Sayfası,2019,Var,,,,,,,,Önden Çekişli,,,,,,Otomatik,Multidrive S (Değişken Oranlı CVT)
1330 kg,,1790 mm,4370 mm,1455 mm,,361 lt,,2020 Yeni Toyota Corolla HB 1.2 Turbo 116 PS Multidrive S Flame,,,,,,2020 Yeni Toyota Corolla HB 1.2 Turbo 116 PS Multidrive S Flame Test Sürüşü Talep Sayfası,2020 Yeni Toyota Corolla HB 1.2 Turbo 116 PS Multidrive S Flame Ürün Kataloğu,,,,,,,,,Atmosferik,,4,1197 cc,Direkt Püskürtme,10.0 saniye,195 km/s,185 nm,116 BG,Japonya,Hatchback,Binek,Flame,Hatchback,2020,İçten Yanmalı (Standart),1156 tl/yıl,C,Corolla,Benzin,https://www.epey.com/araba/2020-yeni-toyota-corolla-hb-1-2-turbo-116-ps-multidrive-s-flame.html,,,,,,,134 g/km,5.9 lt,50 lt,,5.1 lt,7.2 lt,,5 yıldız,2020 Yeni Toyota Corolla HB 1.2 Turbo 116 PS Multidrive S Flame NCAP/ANCAP Web Sayfası,2019,Var,,,,,,,,Önden Çekişli,,,,,,Otomatik,Multidrive S (Değişken Oranlı CVT)
1330 kg,,1790 mm,4370 mm,1455 mm,,361 lt,,2020 Yeni Toyota Corolla HB 1.2 Turbo 116 PS Multidrive S Dream X-Pack,,,,,,2020 Yeni Toyota Corolla HB 1.2 Turbo 116 PS Multidrive S Dream X-Pack Test Sürüşü Talep Sayfası,2020 Yeni Toyota Corolla HB 1.2 Turbo 116 PS Multidrive S Dream X-Pack Ürün Kataloğu,,,,,,,,,Atmosferik,,4,1197 cc,Direkt Püskürtme,10.0 saniye,195 km/s,185 nm,116 BG,Japonya,Hatchback,Binek,X-Pack,Hatchback,2020,İçten Yanmalı (Standart),1156 tl/yıl,C,Corolla,Benzin,https://www.epey.com/araba/2020-yeni-toyota-corolla-hb-1-2-turbo-116-ps-multidrive-s-x-pack.html,,,,,,,134 g/km,5.9 lt,50 lt,,5.1 lt,7.2 lt,,5 yıldız,2020 Yeni Toyota Corolla HB 1.2 Turbo 116 PS Multidrive S Dream X-Pack NCAP/ANCAP Web Sayfası,2019,Var,,,,,,,,Önden Çekişli,,,,,,Otomatik,Multidrive S (Değişken Oranlı CVT)
1360 kg,,1790 mm,4370 mm,1455 mm,,361 lt,,2020 Yeni Toyota Corolla HB 1.8 Hybrid 122 PS e-CVT Dream X-Pack,,,,,,2020 Yeni Toyota Corolla HB 1.8 Hybrid 122 PS e-CVT Dream X-Pack Test Sürüşü Talep Sayfası,2020 Yeni Toyota Corolla HB 1.8 Hybrid 122 PS e-CVT Dream X-Pack Ürün Kataloğu,,,,163 nm,53 kW/sa,Lityum İyon,,,Atmosferik,,4,1798 cc,EFI (Elektronik Yakıt Püskürtme),10.9 saniye,180 km/s,142 nm,122 BG,Japonya,Hatchback,Binek,Dream X-Pack,Hatchback,2020,HEV (Benzinli & Elektrikli),3557 tl/yıl,C,Corolla,Benzin & Elektrik,https://www.epey.com/araba/2020-yeni-toyota-corolla-hb-1-8-hybrid-122-ps-e-cvt-dream-x-pack.html,,,,,,,83 g/km,3.6 lt,43 lt,,3.8 lt,3.5 lt,,5 yıldız,2020 Yeni Toyota Corolla HB 1.8 Hybrid 122 PS e-CVT Dream X-Pack NCAP/ANCAP Web Sayfası,2019,Var,,,,,,,,Önden Çekişli,,,,,,Otomatik,e-CVT (Elk.Kont.Sürekli Değişken)
1360 kg,,1790 mm,4370 mm,1455 mm,,361 lt,,2020 Yeni Toyota Corolla HB 1.8 Hybrid 122 PS e-CVT Dream,,,,,,2020 Yeni Toyota Corolla HB 1.8 Hybrid 122 PS e-CVT Dream Test Sürüşü Talep Sayfası,2020 Yeni Toyota Corolla HB 1.8 Hybrid 122 PS e-CVT Dream Ürün Kataloğu,,,,163 nm,53 kW/sa,Lityum İyon,,,Atmosferik,,4,1798 cc,EFI (Elektronik Yakıt Püskürtme),10.9 saniye,180 km/s,142 nm,122 BG,Japonya,Hatchback,Binek,Dream,Hatchback,2020,HEV (Benzinli & Elektrikli),3557 tl/yıl,C,Corolla,Benzin & Elektrik,https://www.epey.com/araba/2020-yeni-toyota-corolla-hb-1-8-hybrid-122-ps-e-cvt-dream.html,,,,,,,83 g/km,3.6 lt,43 lt,,3.8 lt,3.5 lt,,5 yıldız,2020 Yeni Toyota Corolla HB 1.8 Hybrid 122 PS e-CVT Dream NCAP/ANCAP Web Sayfası,2019,Var,,,,,,,,Önden Çekişli,,,,,,Otomatik,e-CVT (Elk.Kont.Sürekli Değişken)
1360 kg,,1790 mm,4370 mm,1455 mm,,361 lt,,2020 Yeni Toyota Corolla HB 1.8 Hybrid 122 PS e-CVT Flame X-Pack,,,,,,2020 Yeni Toyota Corolla HB 1.8 Hybrid 122 PS e-CVT Flame X-Pack Test Sürüşü Talep Sayfası,2020 Yeni Toyota Corolla HB 1.8 Hybrid 122 PS e-CVT Flame X-Pack Ürün Kataloğu,,,,163 nm,53 kW/sa,Lityum İyon,,,Atmosferik,,4,1798 cc,EFI (Elektronik Yakıt Püskürtme),10.9 saniye,180 km/s,142 nm,122 BG,Japonya,Hatchback,Binek,Flame X-Pack,Hatchback,2020,HEV (Benzinli & Elektrikli),3557 tl/yıl,C,Corolla,Benzin & Elektrik,https://www.epey.com/araba/2020-yeni-toyota-corolla-hb-1-8-hybrid-122-ps-e-cvt-flame-x-pack.html,,,,,,,83 g/km,3.6 lt,43 lt,,3.8 lt,3.5 lt,,5 yıldız,2020 Yeni Toyota Corolla HB 1.8 Hybrid 122 PS e-CVT Flame X-Pack NCAP/ANCAP Web Sayfası,2019,Var,,,,,,,,Önden Çekişli,,,,,,Otomatik,e-CVT (Elk.Kont.Sürekli Değişken)
1360 kg,,1790 mm,4370 mm,1455 mm,,361 lt,,2020 Yeni Toyota Corolla HB 1.8 Hybrid 122 PS e-CVT Flame,,,,,,2020 Yeni Toyota Corolla HB 1.8 Hybrid 122 PS e-CVT Flame Test Sürüşü Talep Sayfası,2020 Yeni Toyota Corolla HB 1.8 Hybrid 122 PS e-CVT Flame Ürün Kataloğu,,,,163 nm,53 kW/sa,Lityum İyon,,,Atmosferik,,4,1798 cc,EFI (Elektronik Yakıt Püskürtme),10.9 saniye,180 km/s,142 nm,122 BG,Japonya,Hatchback,Binek,Flame,Hatchback,2020,HEV (Benzinli & Elektrikli),3557 tl/yıl,C,Corolla,Benzin & Elektrik,https://www.epey.com/araba/2020-yeni-toyota-corolla-hb-1-8-hybrid-122-ps-e-cvt-flame.html,,,,,,,83 g/km,3.6 lt,43 lt,,3.8 lt,3.5 lt,,5 yıldız,2020 Yeni Toyota Corolla HB 1.8 Hybrid 122 PS e-CVT Flame NCAP/ANCAP Web Sayfası,2019,Var,,,,,,,,Önden Çekişli,,,,,,Otomatik,e-CVT (Elk.Kont.Sürekli Değişken)
1360 kg,,1790 mm,4370 mm,1455 mm,,361 lt,,2020 Yeni Toyota Corolla HB 1.8 Hybrid 122 PS e-CVT Passion X-Pack,,,,,,2020 Yeni Toyota Corolla HB 1.8 Hybrid 122 PS e-CVT Passion X-Pack Test Sürüşü Talep Sayfası,2020 Yeni Toyota Corolla HB 1.8 Hybrid 122 PS e-CVT Passion X-Pack Ürün Kataloğu,,,,163 nm,53 kW/sa,Lityum İyon,,,Atmosferik,,4,1798 cc,EFI (Elektronik Yakıt Püskürtme),10.9 saniye,180 km/s,142 nm,122 BG,Japonya,Hatchback,Binek,Passion X-Pack,Hatchback,2020,HEV (Benzinli & Elektrikli),3557 tl/yıl,C,Corolla,Benzin & Elektrik,https://www.epey.com/araba/2020-yeni-toyota-corolla-hb-1-8-hybrid-122-ps-e-cvt-passion-x-pack.html,,,,,,,83 g/km,3.6 lt,43 lt,,3.8 lt,3.5 lt,,5 yıldız,2020 Yeni Toyota Corolla HB 1.8 Hybrid 122 PS e-CVT Passion X-Pack NCAP/ANCAP Web Sayfası,2019,Var,,,,,,,,Önden Çekişli,,,,,,Otomatik,e-CVT (Elk.Kont.Sürekli Değişken)
1385 kg,,1799 mm,4319 mm,1434 mm,1200 lt,380 lt,,2021 BMW 1 116d 1.5 116 BG Otomatik M Sport,,,,,,2021 BMW 1 116d 1.5 116 BG Otomatik M Sport Test Sürüşü Talep Sayfası,2021 BMW 1 116d 1.5 116 BG Otomatik M Sport Ürün Kataloğu,,,,,,,,,Turbo,,3,1496 cc,,10.1 saniye,198 km/s,270 nm,116 BG,Almanya,,Binek,M Sport,Hatchback,2021,İçten Yanmalı (Standart),2197 tl/yıl,Premium C,1 Serisi,Dizel,https://www.epey.com/araba/2021-bmw-1-116d-1-5-116-bg-otomatik-m-sport.html,,,,,,,120 g/km,4.6 lt,42 lt,,4.3 lt,5.0 lt,,5 yıldız,2021 BMW 1 116d 1.5 116 BG Otomatik M Sport NCAP/ANCAP Web Sayfası,2019,Var,,,,,,,,Önden Çekişli,,,,,7 ileri,Otomatik,
1385 kg,,1799 mm,4319 mm,1434 mm,1200 lt,380 lt,,2021 BMW 116d 1.5 116 BG Otomatik Sport Line,,,,,,2021 BMW 116d 1.5 116 BG Otomatik Sport Line Test Sürüşü Talep Sayfası,2021 BMW 116d 1.5 116 BG Otomatik Sport Line Ürün Kataloğu,,,,,,,,,Turbo,,3,1496 cc,,10.1 saniye,198 km/s,270 nm,116 BG,Almanya,,Binek,Sport Line,Hatchback,2021,İçten Yanmalı (Standart),2197 tl/yıl,Premium C,1 Serisi,Dizel,https://www.epey.com/araba/2021-bmw-116d-1-5-116-bg-otomatik-sport-line.html,,,,,,,120 g/km,4.6 lt,42 lt,,4.3 lt,5.0 lt,,5 yıldız,2021 BMW 116d 1.5 116 BG Otomatik Sport Line NCAP/ANCAP Web Sayfası,2019,Var,,,,,,,,Önden Çekişli,,,,,7 ileri,Otomatik,
1320 kg,,1799 mm,4319 mm,1434 mm,1200 lt,380 lt,,2021 BMW 118i 1.5 140 BG Otomatik M Sport,,,,,,2021 BMW 118i 1.5 140 BG Otomatik M Sport Test Sürüşü Talep Sayfası,2021 BMW 118i 1.5 140 BG Otomatik M Sport Ürün Kataloğu,,,,,,,,,Turbo,,3,1499 cc,,8.5 saniye,211 km/s,220 nm,140 BG,Almanya,,Binek,M Sport,Hatchback,2021,İçten Yanmalı (Standart),2197 tl/yıl,Premium C,1 Serisi,Benzin,https://www.epey.com/araba/2021-bmw-118i-1-5-140-bg-otomatik-m-sport.html,,,,,,,135 g/km,5.9 lt,42 lt,,5.3 lt,7.0 lt,,5 yıldız,2021 BMW 118i 1.5 140 BG Otomatik M Sport NCAP/ANCAP Web Sayfası,2019,Var,,,,,,,,Önden Çekişli,,,,,7 ileri,Otomatik,
1320 kg,,1799 mm,4319 mm,1434 mm,1200 lt,380 lt,,2021 BMW 118i 1.5 140 BG Otomatik Sport Line,,,,,,2021 BMW 118i 1.5 140 BG Otomatik Sport Line Test Sürüşü Talep Sayfası,2021 BMW 118i 1.5 140 BG Otomatik Sport Line Ürün Kataloğu,,,,,,,,,Turbo,,3,1499 cc,,8.5 saniye,211 km/s,220 nm,140 BG,Almanya,,Binek,Sport Line,Hatchback,2021,İçten Yanmalı (Standart),2197 tl/yıl,Premium C,1 Serisi,Benzin,https://www.epey.com/araba/2021-bmw-118i-1-5-140-bg-otomatik-sport-line.html,,,,,,,135 g/km,5.9 lt,42 lt,,5.3 lt,7.0 lt,,5 yıldız,2021 BMW 118i 1.5 140 BG Otomatik Sport Line NCAP/ANCAP Web Sayfası,2019,Var,,,,,,,,Önden Çekişli,,,,,7 ileri,Otomatik,
1525 kg,,1827 mm,4709 mm,1435 mm,,480 lt,,2021 BMW 320i 1.6 170 BG Steptronic Luxury Line,,,,,,2021 BMW 320i 1.6 170 BG Steptronic Luxury Line Test Sürüşü Talep Sayfası,2021 BMW 320i 1.6 170 BG Steptronic Luxury Line Ürün Kataloğu,"2 Yıl Sınırsız Km Mekanik
12 Yıl Paslanmazlık",BMW Acil Yardım 444 2299,Var,,,,,,Çift Turbo,BMW TwinPower Turbo (İkiz Turbo),4,1597 cc,Direkt Enjeksiyon,7.7 saniye,232 km/s,250 nm,170 BG,Almanya,,Binek,First Edition Luxury Line,Sedan,2021,İçten Yanmalı (Standart),2197 tl/yıl,Premium D,3 Serisi,Benzin,https://www.epey.com/araba/2021-bmw-320i-1-6-170-bg-steptronic-luxury-line.html,,,,,,,,6.4 lt,59 lt,EU6d-temp,5.6 lt,7.7 lt,,5 yıldız,2021 BMW 320i 1.6 170 BG Steptronic Luxury Line NCAP/ANCAP Web Sayfası,2019,Var,,,,,,,,Arkadan İtişli,,,,,8 ileri,Otomatik,Steptronic
1525 kg,,1827 mm,4709 mm,1435 mm,,480 lt,,2021 BMW 320i 1.6 170 BG Steptronic M Sport,,,,,,2021 BMW 320i 1.6 170 BG Steptronic M Sport Test Sürüşü Talep Sayfası,2021 BMW 320i 1.6 170 BG Steptronic M Sport Ürün Kataloğu,"2 Yıl Sınırsız Km Mekanik
12 Yıl Paslanmazlık",BMW Acil Yardım 444 2299,Var,,,,,,Çift Turbo,BMW TwinPower Turbo (İkiz Turbo),4,1597 cc,Direkt Enjeksiyon,7.7 saniye,232 km/s,250 nm,170 BG,Almanya,,Binek,First Edition M Sport,Sedan,2021,İçten Yanmalı (Standart),2197 tl/yıl,Premium D,3 Serisi,Benzin,https://www.epey.com/araba/2021-bmw-320i-1-6-170-bg-steptronic-m-sport.html,,,,,,,,6.4 lt,59 lt,EU6d-temp,5.6 lt,7.7 lt,,5 yıldız,2021 BMW 320i 1.6 170 BG Steptronic M Sport NCAP/ANCAP Web Sayfası,2019,Var,,,,,,,,Arkadan İtişli,,,,,8 ileri,Otomatik,Steptronic
1525 kg,,1827 mm,4709 mm,1435 mm,,480 lt,,2021 BMW 320i 1.6 170 BG Steptronic Sport Line,,,,,,2021 BMW 320i 1.6 170 BG Steptronic Sport Line Test Sürüşü Talep Sayfası,2021 BMW 320i 1.6 170 BG Steptronic Sport Line Ürün Kataloğu,"2 Yıl Sınırsız Km Mekanik
12 Yıl Paslanmazlık",BMW Acil Yardım 444 2299,Var,,,,,,Çift Turbo,BMW TwinPower Turbo (İkiz Turbo),4,1597 cc,Direkt Enjeksiyon,7.7 saniye,232 km/s,250 nm,170 BG,Almanya,,Binek,First Edition Sport Line,Sedan,2021,İçten Yanmalı (Standart),2197 tl/yıl,Premium D,3 Serisi,Benzin,https://www.epey.com/araba/2021-bmw-320i-1-6-170-bg-steptronic-sport-line.html,,,,,,,,6.4 lt,59 lt,EU6d-temp,5.6 lt,7.7 lt,,5 yıldız,2021 BMW 320i 1.6 170 BG Steptronic Sport Line NCAP/ANCAP Web Sayfası,2019,Var,,,,,,,,Arkadan İtişli,,,,,8 ileri,Otomatik,Steptronic
1735 kg,,1868 mm,4963 mm,1457 mm,,,,2021 BMW 520d xDrive 2.0 190 BG Otomatik S.Ed.Luxury Line (4x4),,,,,,2021 BMW 520d xDrive 2.0 190 BG Otomatik S.Ed.Luxury Line (4x4) Test Sürüşü Talep Sayfası,,,,,,,,,,Turbo,,4,1995 cc,,7.3 saniye,232 km/s,400 nm,190 BG,Almanya,,Binek,Special Edition Luxury Line,Sedan,2021,İçten Yanmalı (Standart),6113 tl/yıl,E,5 Serisi,Dizel,https://www.epey.com/araba/2021-bmw-520d-xdrive-2-0-190-bg-otomatik-s-ed-luxury-line-4x4.html,,,,,,,144 g/km,5.5 lt,66 lt,,,,,5 yıldız,2021 BMW 520d xDrive 2.0 190 BG Otomatik S.Ed.Luxury Line (4x4) NCAP/ANCAP Web Sayfası,2017,Var,,,,,,,,4x4 Çekişli,Var,xDrive (BMW 4 Tekerlekten Çekiş Sistemi),,,8 ileri,Otomatik,
1580 kg,,1868 mm,4963 mm,1457 mm,,,,2021 BMW 520i 1.6 170 BG Otomatik Luxury Line,,,,,,2021 BMW 520i 1.6 170 BG Otomatik Luxury Line Test Sürüşü Talep Sayfası,,,,,,,,,,Turbo,,4,1597 cc,,8.3 saniye,226 km/s,250 nm,170 BG,Almanya,,Binek,Luxury Line,Sedan,2021,İçten Yanmalı (Standart),2197 tl/yıl,E,5 Serisi,Benzin,https://www.epey.com/araba/2021-bmw-520i-1-6-170-bg-otomatik-luxury-line.html,,,,,,,162 g/km,7.1 lt,68 lt,,,,,5 yıldız,2021 BMW 520i 1.6 170 BG Otomatik Luxury Line NCAP/ANCAP Web Sayfası,2017,Var,,,,,,,,Arkadan İtişli,,,,,8 ileri,Otomatik,
1680 kg,,1868 mm,4963 mm,1457 mm,,,,2021 BMW 530i xDrive 2.0 252 BG Otomatik S.Ed.Luxury Line (4x4),,,,,,2021 BMW 530i xDrive 2.0 252 BG Otomatik S.Ed.Luxury Line (4x4) Test Sürüşü Talep Sayfası,,,,,,,,,,Turbo,,4,1998 cc,,6.3 saniye,250 km/s,350 nm,252 BG,Almanya,,Binek,Special Edition Luxury Line,Sedan,2021,MHEV (Yarı Hibrit Sistem),6113 tl/yıl,E,5 Serisi,Benzin & Elektrik,https://www.epey.com/araba/2021-bmw-530i-xdrive-2-0-252-bg-otomatik-s-ed-luxury-line-4x4.html,,,,,,,166 g/km,7.3 lt,68 lt,,,,,5 yıldız,2021 BMW 530i xDrive 2.0 252 BG Otomatik S.Ed.Luxury Line (4x4) NCAP/ANCAP Web Sayfası,2017,Var,,,,,,,,4x4 Çekişli,Var,xDrive (BMW 4 Tekerlekten Çekiş Sistemi),,,8 ileri,Otomatik,
1481 kg,10.80 mt.,2107 mm,4403 mm,1844 mm,1414 lt,775 lt,,2021 Citroen Berlingo 1.5 BlueHDi 100 HP Feel Stil,,,,,,,2021 Citroen Berlingo 1.5 BlueHDi 100 HP Feel Stil Ürün Kataloğu,"2 Yıl Boya
2 Yıl Sınırsız Km Mekanik
5 Yıl Paslanmazlık",Citroen Destek 0212 359 6363,Var,,,,,,Turbo,,4,1499 cc,Common Rail Direkt Enjeksiyon,12.6 saniye,171 km/s,250 nm,100 BG,Fransa,Kombi,Binek,Feel Stil,MPV,2021,İçten Yanmalı (Standart),2521 tl/yıl,C,Berlingo,Dizel,https://www.epey.com/araba/2021-citroen-berlingo-1-5-bluehdi-100-hp-feel-stil.html,,,,,,,116 g/km,4.3 lt,50 lt,,4.1 lt,4.8 lt,,4 yıldız,2021 Citroen Berlingo 1.5 BlueHDi 100 HP Feel Stil NCAP/ANCAP Web Sayfası,2018,Var,,,,,,,,Önden Çekişli,,,,,5 ileri,Manuel,
1461 kg,10.80 mt.,2107 mm,4403 mm,1844 mm,1414 lt,775 lt,,2021 Citroen Berlingo 1.5 BlueHDi 130 HP EAT8 Feel Stil,,,,,,,2021 Citroen Berlingo 1.5 BlueHDi 130 HP EAT8 Feel Stil Ürün Kataloğu,"2 Yıl Boya
2 Yıl Sınırsız Km Mekanik
5 Yıl Paslanmazlık",Citroen Destek 0212 359 6363,Var,,,,,,Turbo,,4,1499 cc,Common Rail Direkt Enjeksiyon,11.0 saniye,184 km/s,300 nm,130 BG,Fransa,Kombi,Binek,Feel Stil,MPV,2021,İçten Yanmalı (Standart),2521 tl/yıl,C,Berlingo,Dizel,https://www.epey.com/araba/2021-citroen-berlingo-1-5-bluehdi-130-hp-eat8-feel-stil.html,,,,,,,116 g/km,4.1 lt,50 lt,Euro 6.2,4.0 lt,4.4 lt,,4 yıldız,2021 Citroen Berlingo 1.5 BlueHDi 130 HP EAT8 Feel Stil NCAP/ANCAP Web Sayfası,2018,Var,,,,,,,,Önden Çekişli,,,,,8 ileri,Otomatik,EAT8 (Otomatik)
1461 kg,10.80 mt.,2107 mm,4403 mm,1844 mm,1414 lt,775 lt,,2021 Citroen Berlingo 1.5 BlueHDi 130 HP EAT8 Shine Bold,,,,,,,2021 Citroen Berlingo 1.5 BlueHDi 130 HP EAT8 Shine Bold Ürün Kataloğu,"2 Yıl Boya
2 Yıl Sınırsız Km Mekanik
5 Yıl Paslanmazlık",Citroen Destek 0212 359 6363,Var,,,,,,Turbo,,4,1499 cc,Common Rail Direkt Enjeksiyon,11.0 saniye,184 km/s,300 nm,130 BG,Fransa,Kombi,Binek,Shine Bold,MPV,2021,İçten Yanmalı (Standart),2521 tl/yıl,C,Berlingo,Dizel,https://www.epey.com/araba/2021-citroen-berlingo-1-5-bluehdi-130-hp-eat8-shine-bold.html,,,,,,,116 g/km,4.1 lt,50 lt,Euro 6.2,4.0 lt,4.4 lt,,4 yıldız,2021 Citroen Berlingo 1.5 BlueHDi 130 HP EAT8 Shine Bold NCAP/ANCAP Web Sayfası,2018,Var,,,,,,,,Önden Çekişli,,,,,8 ileri,Otomatik,EAT8 (Otomatik)
1461 kg,10.80 mt.,2107 mm,4403 mm,1844 mm,1414 lt,775 lt,,2021 Citroen Berlingo 1.5 BlueHDi 130 HP EAT8 Shine,,,,,,,2021 Citroen Berlingo 1.5 BlueHDi 130 HP EAT8 Shine Ürün Kataloğu,"2 Yıl Boya
2 Yıl Sınırsız Km Mekanik
5 Yıl Paslanmazlık",Citroen Destek 0212 359 6363,Var,,,,,,Turbo,,4,1499 cc,Common Rail Direkt Enjeksiyon,11.0 saniye,184 km/s,300 nm,130 BG,Fransa,Kombi,Binek,Shine,MPV,2021,İçten Yanmalı (Standart),2521 tl/yıl,C,Berlingo,Dizel,https://www.epey.com/araba/2021-citroen-berlingo-1-5-bluehdi-130-hp-eat8-shine.html,,,,,,,116 g/km,4.1 lt,50 lt,Euro 6.2,4.0 lt,4.4 lt,,4 yıldız,2021 Citroen Berlingo 1.5 BlueHDi 130 HP EAT8 Shine NCAP/ANCAP Web Sayfası,2018,Var,,,,,,,,Önden Çekişli,,,,,8 ileri,Otomatik,EAT8 (Otomatik)
1467 kg,10.80 mt.,2107 mm,4403 mm,1844 mm,1414 lt,775 lt,,2021 Citroen Berlingo 1.5 BlueHDi 130 HP Shine,,,,,,,2021 Citroen Berlingo 1.5 BlueHDi 130 HP Shine Ürün Kataloğu,"2 Yıl Boya
2 Yıl Sınırsız Km Mekanik
5 Yıl Paslanmazlık",Citroen Destek 0212 359 6363,Var,,,,,,Turbo,,4,1499 cc,Common Rail Direkt Enjeksiyon,10.3 saniye,185 km/s,300 nm,130 BG,Fransa,Kombi,Binek,Shine,MPV,2021,İçten Yanmalı (Standart),2521 tl/yıl,C,Berlingo,Dizel,https://www.epey.com/araba/2021-citroen-berlingo-1-5-bluehdi-130-hp-shine.html,,,,,,,120 g/km,4.5 lt,50 lt,Euro 6.1,4.2 lt,5.1 lt,,4 yıldız,2021 Citroen Berlingo 1.5 BlueHDi 130 HP Shine NCAP/ANCAP Web Sayfası,2018,Var,,,,,,,,Önden Çekişli,,,,,6 ileri,Manuel,
980 kg,10.70 mt.,1748 mm,4416 mm,1477 mm,,506 lt,,2021 Citroen C-Elysee 1.6 BlueHDi 100 HP Shine,,,,,,2021 Citroen C-Elysee 1.6 BlueHDi 100 HP Shine Test Sürüşü Talep Sayfası,2021 Citroen C-Elysee 1.6 BlueHDi 100 HP Shine Ürün Kataloğu,"2 Yıl Sınırsız Km Mekanik
3 Yıl Boya
12 Yıl Paslanmazlık",Citroen Destek 0212 359 6363,Var,,,,,,Turbo,,4,1560 cc,Common Rail Direkt Enjeksiyon,10.8 saniye,183 km/s,254 nm,100 BG,Fransa,,Binek,Shine,Sedan,2021,İçten Yanmalı (Standart),2197 tl/yıl,B,C-Elysee,Dizel,https://www.epey.com/araba/2021-citroen-c-elysee-1-6-bluehdi-100-hp-shine.html,,,,,,,98 g/km,3.8 lt,50 lt,,3.3 lt,4.6 lt,,3 yıldız,2021 Citroen C-Elysee 1.6 BlueHDi 100 HP Shine NCAP/ANCAP Web Sayfası,2014,Var,,,,,,,,Önden Çekişli,,,,,5 ileri,Manuel,
,,1749 mm,3996 mm,1490 mm,,300 lt,,2021 Citroen C3 1.2 PureTech 110 HP S&S EAT6 Feel Bold,,,,,,,2021 Citroen C3 1.2 PureTech 110 HP S&S EAT6 Feel Bold Ürün Kataloğu,"2 Yıl Sınırsız Km Mekanik
3 Yıl Boya
12 Yıl Paslanmazlık",Citroen Destek 0212 359 6363,Var,,,,,,Turbo,,3,1199 cc,Direkt Enjeksiyon,10.0 saniye,193 km/s,205 nm,110 BG,Fransa,,Binek,Feel Bold,Hatchback,2021,İçten Yanmalı (Standart),1261 tl/yıl,B,C3,Benzin,https://www.epey.com/araba/2021-citroen-c3-1-2-puretech-110-hp-ss-eat6-feel-bold.html,,,,,,,109 g/km,4.8 lt,47 lt,,4.3 lt,5.7 lt,,4 yıldız,2021 Citroen C3 1.2 PureTech 110 HP S&S EAT6 Feel Bold NCAP/ANCAP Web Sayfası,2017,Var,,,,,,,,Önden Çekişli,,,,,6 ileri,Otomatik,EAT6 (Otomatik)
,,1749 mm,3996 mm,1490 mm,,300 lt,,2021 Citroen C3 1.2 PureTech 110 HP S&S EAT6 Shine,,,,,,,2021 Citroen C3 1.2 PureTech 110 HP S&S EAT6 Shine Ürün Kataloğu,"2 Yıl Sınırsız Km Mekanik
3 Yıl Boya
12 Yıl Paslanmazlık",Citroen Destek 0212 359 6363,Var,,,,,,Turbo,,3,1199 cc,Direkt Enjeksiyon,10.0 saniye,193 km/s,205 nm,110 BG,Fransa,,Binek,Shine,Hatchback,2021,İçten Yanmalı (Standart),1261 tl/yıl,B,C3,Benzin,https://www.epey.com/araba/2021-citroen-c3-1-2-puretech-110-hp-ss-eat6-shine.html,,,,,,,109 g/km,4.8 lt,47 lt,,4.3 lt,5.7 lt,,4 yıldız,2021 Citroen C3 1.2 PureTech 110 HP S&S EAT6 Shine NCAP/ANCAP Web Sayfası,2017,Var,,,,,,,,Önden Çekişli,,,,,6 ileri,Otomatik,EAT6 (Otomatik)
,,1749 mm,3996 mm,1490 mm,,300 lt,,2021 Citroen C3 1.2 PureTech 83 HP S&S Feel,,,,,,,2021 Citroen C3 1.2 PureTech 83 HP S&S Feel Ürün Kataloğu,"2 Yıl Sınırsız Km Mekanik
3 Yıl Boya
12 Yıl Paslanmazlık",Citroen Destek 0212 359 6363,Var,,,,,,Atmosferik,,3,1199 cc,Direkt Enjeksiyon,13.3 saniye,169 km/s,118 nm,83 BG,Fransa,,Binek,Feel,Hatchback,2021,İçten Yanmalı (Standart),1261 tl/yıl,B,C3,Benzin,https://www.epey.com/araba/2021-citroen-c3-1-2-puretech-83-hp-ss-feel.html,,,,,,,96 g/km,4.2 lt,47 lt,,3.8 lt,4.9 lt,,4 yıldız,2021 Citroen C3 1.2 PureTech 83 HP S&S Feel NCAP/ANCAP Web Sayfası,2017,Var,,,,,,,,Önden Çekişli,,,,,5 ileri,Manuel,
1280 kg,10.80 mt.,1765 mm,4155 mm,1597 mm,1289 lt,410 lt,,2021 Citroen C3 Aircross 1.2 130 HP EAT6 Shine (4x2),,,,,,2021 Citroen C3 Aircross 1.2 130 HP EAT6 Shine (4x2) Test Sürüşü Talep Sayfası,2021 Citroen C3 Aircross 1.2 130 HP EAT6 Shine (4x2) Ürün Kataloğu,"2 Yıl Sınırsız Km Mekanik
3 Yıl Boya
12 Yıl Paslanmazlık",Citroen Destek 0212 359 6363,Var,,,,,,Turbo,,3,1199 cc,Çok Noktadan Enjeksiyon,9.2 saniye,195 km/s,230 nm,130 BG,Fransa,,Binek,Shine,SUV,2021,İçten Yanmalı (Standart),1261 tl/yıl,B,C3 Aircross,Benzin,https://www.epey.com/araba/2021-citroen-c3-aircross-1-2-130-hp-eat6-shine-4x2.html,,,,,,,114 g/km,5.0 lt,45 lt,,4.5 lt,5.9 lt,,5 yıldız,2021 Citroen C3 Aircross 1.2 130 HP EAT6 Shine (4x2) NCAP/ANCAP Web Sayfası,2017,Var,,,,,,,,Önden Çekişli,,,,,6 ileri,Otomatik,EAT6 (Otomatik)
1280 kg,,1765 mm,4155 mm,1648 mm,520 lt,410 lt,,2021 Citroen C3 Aircross 1.2 PureTech 130 HP EAT6 Feel Bold (4x2),,,,,,,,,,,,,,,,Turbo,,3,1199 cc,Çok Noktadan Enjeksiyon,9.2 saniye,195 km/s,230 nm,130 BG,Fransa,,Binek,Feel Bold,SUV,2021,İçten Yanmalı (Standart),1261 tl/yıl,B,C3 Aircross,Benzin,https://www.epey.com/araba/2021-citroen-c3-aircross-1-2-puretech-130-hp-eat6-feel-bold-4x2.html,,,,,,,114 g/km,5.0 lt,45 lt,,4.5 lt,5.9 lt,,5 yıldız,2021 Citroen C3 Aircross 1.2 PureTech 130 HP EAT6 Feel Bold (4x2) NCAP/ANCAP Web Sayfası,2017,Var,,,,,,,,Önden Çekişli,,,,,6 ileri,Otomatik,EAT6 (Otomatik)
1280 kg,,1765 mm,4155 mm,1648 mm,520 lt,410 lt,,2021 Citroen C3 Aircross 1.2 PureTech 130 HP EAT6 Shine (4x2),,,,,,,,,,,,,,,,Turbo,,3,1199 cc,Çok Noktadan Enjeksiyon,9.2 saniye,195 km/s,230 nm,130 BG,Fransa,,Binek,Shine,SUV,2021,İçten Yanmalı (Standart),1261 tl/yıl,B,C3 Aircross,Benzin,https://www.epey.com/araba/2021-citroen-c3-aircross-1-2-puretech-130-hp-eat6-shine-4x2.html,,,,,,,114 g/km,5.0 lt,45 lt,,4.5 lt,5.9 lt,,5 yıldız,2021 Citroen C3 Aircross 1.2 PureTech 130 HP EAT6 Shine (4x2) NCAP/ANCAP Web Sayfası,2017,Var,,,,,,,,Önden Çekişli,,,,,6 ileri,Otomatik,EAT6 (Otomatik)
1208 kg,10.80 mt.,1765 mm,4155 mm,1597 mm,1289 lt,410 lt,,2021 Citroen C3 Aircross 1.5 BlueHDi 120 HP EAT6 Feel (4x2),,,,,,,2021 Citroen C3 Aircross 1.5 BlueHDi 120 HP EAT6 Feel (4x2) Ürün Kataloğu,"2 Yıl Sınırsız Km Mekanik
3 Yıl Boya
12 Yıl Paslanmazlık",Citroen Destek 0212 359 6363,Var,,,,,,Turbo,,4,1560 cc,Common Rail Direkt Enjeksiyon,9.8 saniye,183 km/s,300 nm,120 BG,Fransa,,Binek,Feel,SUV,2021,İçten Yanmalı (Standart),2197 tl/yıl,B,C3 Aircross,Dizel,https://www.epey.com/araba/2021-citroen-c3-aircross-1-5-bluehdi-120-hp-eat6-feel-4x2.html,,,,,,,105 g/km,4.0 lt,45 lt,,3.7 lt,4.6 lt,,5 yıldız,2021 Citroen C3 Aircross 1.5 BlueHDi 120 HP EAT6 Feel (4x2) NCAP/ANCAP Web Sayfası,2017,Var,,,,,,,,Önden Çekişli,,,,,6 ileri,Otomatik,EAT6 (Otomatik)
1335 kg,,1765 mm,4155 mm,1648 mm,520 lt,410 lt,,2021 Citroen C3 Aircross 1.5 BlueHDi 120 HP EAT6 Feel Bold (4x2),,,,,,,,,,,,,,,,Turbo,,4,1499 cc,Common Rail Direkt Enjeksiyon,9.6 saniye,179 km/s,300 nm,120 BG,Fransa,,Binek,Feel Bold,SUV,2021,İçten Yanmalı (Standart),2197 tl/yıl,B,C3 Aircross,Dizel,https://www.epey.com/araba/2021-citroen-c3-aircross-1-5-bluehdi-120-hp-eat6-feel-bold-4x2.html,,,,,,,106 g/km,4.0 lt,45 lt,,3.8 lt,4.4 lt,,5 yıldız,2021 Citroen C3 Aircross 1.5 BlueHDi 120 HP EAT6 Feel Bold (4x2) NCAP/ANCAP Web Sayfası,2017,Var,,,,,,,,Önden Çekişli,,,,,6 ileri,Otomatik,EAT6 (Otomatik)
1208 kg,10.80 mt.,1765 mm,4155 mm,1597 mm,1289 lt,410 lt,,2021 Citroen C3 Aircross 1.5 BlueHDi 120 HP EAT6 Shine (4x2),,,,,,2021 Citroen C3 Aircross 1.5 BlueHDi 120 HP EAT6 Shine (4x2) Test Sürüşü Talep Sayfası,2021 Citroen C3 Aircross 1.5 BlueHDi 120 HP EAT6 Shine (4x2) Ürün Kataloğu,"2 Yıl Sınırsız Km Mekanik
3 Yıl Boya
12 Yıl Paslanmazlık",Citroen Destek 0212 359 6363,Var,,,,,,Turbo,,4,1560 cc,Common Rail Direkt Enjeksiyon,9.8 saniye,183 km/s,300 nm,120 BG,Fransa,,Binek,Shine,SUV,2021,İçten Yanmalı (Standart),2197 tl/yıl,B,C3 Aircross,Dizel,https://www.epey.com/araba/2021-citroen-c3-aircross-1-5-bluehdi-120-hp-eat6-shine-4x2.html,,,,,,,105 g/km,4.0 lt,45 lt,,3.7 lt,4.6 lt,,5 yıldız,2021 Citroen C3 Aircross 1.5 BlueHDi 120 HP EAT6 Shine (4x2) NCAP/ANCAP Web Sayfası,2017,Var,,,,,,,,Önden Çekişli,,,,,6 ileri,Otomatik,EAT6 (Otomatik)
1335 kg,,1765 mm,4155 mm,1648 mm,520 lt,410 lt,,2021 Citroen C3 Aircross 1.5 BlueHDi 120 HP Shine EAT6 (4x2),,,,,,,,,,,,,,,,Turbo,,4,1499 cc,Common Rail Direkt Enjeksiyon,9.6 saniye,179 km/s,300 nm,120 BG,Fransa,,Binek,Shine,SUV,2021,İçten Yanmalı (Standart),2197 tl/yıl,B,C3 Aircross,Dizel,https://www.epey.com/araba/2021-citroen-c3-aircross-1-5-bluehdi-120-hp-shine-eat6-4x2.html,,,,,,,106 g/km,4.0 lt,45 lt,,3.8 lt,4.4 lt,,5 yıldız,2021 Citroen C3 Aircross 1.5 BlueHDi 120 HP Shine EAT6 (4x2) NCAP/ANCAP Web Sayfası,2017,Var,,,,,,,,Önden Çekişli,,,,,6 ileri,Otomatik,EAT6 (Otomatik)
1209 kg,10.90 mt.,1834 mm,4360 mm,1525 mm,,380 lt,,2021 Citroen C4 1.2 PureTech 100 HP Feel,,,,,,2021 Citroen C4 1.2 PureTech 100 HP Feel Test Sürüşü Talep Sayfası,,,,,,,,,,Turbo,,3,1199 cc,Direkt Enjeksiyon,12.0 saniye,184 km/s,205 nm,100 BG,Fransa,,Binek,Feel,SUV,2021,İçten Yanmalı (Standart),1156 tl/yıl,C,C4,Benzin,https://www.epey.com/araba/2021-citroen-c4-1-2-puretech-100-hp-feel.html,,,,,,,108 g/km,4.6 lt,50 lt,,4.0 lt,5.7 lt,,4 yıldız,2021 Citroen C4 1.2 PureTech 100 HP Feel NCAP/ANCAP Web Sayfası,2021,Var,,,,,,,,Önden Çekişli,,,,,6 ileri,Manuel,
1263 kg,10.90 mt.,1834 mm,4360 mm,1525 mm,,380 lt,,2021 Citroen C4 1.2 PureTech 130 HP EAT8 Feel Bold,,,,,,2021 Citroen C4 1.2 PureTech 130 HP EAT8 Feel Bold Test Sürüşü Talep Sayfası,,,,,,,,,,Turbo,,3,1199 cc,Direkt Enjeksiyon,10.2 saniye,200 km/s,230 nm,130 BG,Fransa,,Binek,Feel Bold,SUV,2021,İçten Yanmalı (Standart),1156 tl/yıl,C,C4,Benzin,https://www.epey.com/araba/2021-citroen-c4-1-2-puretech-130-hp-eat8-feel-bold.html,,,,,,,112 g/km,5.0 lt,50 lt,,4.6 lt,5.8 lt,,4 yıldız,2021 Citroen C4 1.2 PureTech 130 HP EAT8 Feel Bold NCAP/ANCAP Web Sayfası,2021,Var,,,,,,,,Önden Çekişli,,,,,8 ileri,Otomatik,EAT8 (Otomatik)
1263 kg,10.90 mt.,1834 mm,4360 mm,1525 mm,,380 lt,,2021 Citroen C4 1.2 PureTech 130 HP EAT8 Shine,,,,,,2021 Citroen C4 1.2 PureTech 130 HP EAT8 Shine Test Sürüşü Talep Sayfası,,,,,,,,,,Turbo,,3,1199 cc,Direkt Enjeksiyon,10.2 saniye,200 km/s,230 nm,130 BG,Fransa,,Binek,Shine,SUV,2021,İçten Yanmalı (Standart),1156 tl/yıl,C,C4,Benzin,https://www.epey.com/araba/2021-citroen-c4-1-2-puretech-130-hp-eat8-shine.html,,,,,,,112 g/km,5.0 lt,50 lt,,4.6 lt,5.8 lt,,4 yıldız,2021 Citroen C4 1.2 PureTech 130 HP EAT8 Shine NCAP/ANCAP Web Sayfası,2021,Var,,,,,,,,Önden Çekişli,,,,,8 ileri,Otomatik,EAT8 (Otomatik)
1271 kg,10.90 mt.,1834 mm,4360 mm,1525 mm,,380 lt,,2021 Citroen C4 1.2 PureTech 155 HP EAT8 Shine Bold,,,,,,2021 Citroen C4 1.2 PureTech 155 HP EAT8 Shine Bold Test Sürüşü Talep Sayfası,,,,,,,,,,Turbo,,3,1199 cc,Direkt Enjeksiyon,9.2 saniye,208 km/s,250 nm,155 BG,Fransa,,Binek,Shine,SUV,2021,İçten Yanmalı (Standart),1156 tl/yıl,C,C4,Benzin,https://www.epey.com/araba/2021-citroen-c4-1-2-puretech-155-hp-eat8-shine-bold.html,,,,,,,116 g/km,5.2 lt,50 lt,,4.6 lt,6.1 lt,,4 yıldız,2021 Citroen C4 1.2 PureTech 155 HP EAT8 Shine Bold NCAP/ANCAP Web Sayfası,2021,Var,,,,,,,,Önden Çekişli,,,,,8 ileri,Otomatik,EAT8 (Otomatik)
1314 kg,10.90 mt.,1834 mm,4360 mm,1525 mm,,380 lt,,2021 Citroen C4 1.5 BlueHDi 130 HP EAT8 Feel Bold,,,,,,2021 Citroen C4 1.5 BlueHDi 130 HP EAT8 Feel Bold Test Sürüşü Talep Sayfası,,,,,,,,,,Turbo,,4,1499 cc,Common Rail Direkt Enjeksiyon,10.6 saniye,206 km/s,300 nm,130 BG,Fransa,,Binek,Feel Bold,SUV,2021,İçten Yanmalı (Standart),2197 tl/yıl,C,C4,Dizel,https://www.epey.com/araba/2021-citroen-c4-1-5-bluehdi-130-hp-eat8-feel-bold.html,,,,,,,99 g/km,3.8 lt,50 lt,,3.6 lt,4.2 lt,,4 yıldız,2021 Citroen C4 1.5 BlueHDi 130 HP EAT8 Feel Bold NCAP/ANCAP Web Sayfası,2021,Var,,,,,,,,Önden Çekişli,,,,,8 ileri,Otomatik,EAT8 (Otomatik)
1314 kg,10.90 mt.,1834 mm,4360 mm,1525 mm,,380 lt,,2021 Citroen C4 1.5 BlueHDi 130 HP EAT8 Shine Bold,,,,,,2021 Citroen C4 1.5 BlueHDi 130 HP EAT8 Shine Bold Test Sürüşü Talep Sayfası,,,,,,,,,,Turbo,,4,1499 cc,Common Rail Direkt Enjeksiyon,10.6 saniye,206 km/s,300 nm,130 BG,Fransa,,Binek,Shine Bold,SUV,2021,İçten Yanmalı (Standart),2197 tl/yıl,C,C4,Dizel,https://www.epey.com/araba/2021-citroen-c4-1-5-bluehdi-130-hp-eat8-shine-bold.html,,,,,,,99 g/km,3.8 lt,50 lt,,3.6 lt,4.2 lt,,4 yıldız,2021 Citroen C4 1.5 BlueHDi 130 HP EAT8 Shine Bold NCAP/ANCAP Web Sayfası,2021,Var,,,,,,,,Önden Çekişli,,,,,8 ileri,Otomatik,EAT8 (Otomatik)
1314 kg,10.90 mt.,1834 mm,4360 mm,1525 mm,,380 lt,,2021 Citroen C4 1.5 BlueHDi 130 HP EAT8 Shine,,,,,,2021 Citroen C4 1.5 BlueHDi 130 HP EAT8 Shine Test Sürüşü Talep Sayfası,,,,,,,,,,Turbo,,4,1499 cc,Common Rail Direkt Enjeksiyon,10.6 saniye,206 km/s,300 nm,130 BG,Fransa,,Binek,Shine,SUV,2021,İçten Yanmalı (Standart),2197 tl/yıl,C,C4,Dizel,https://www.epey.com/araba/2021-citroen-c4-1-5-bluehdi-130-hp-eat8-shine.html,,,,,,,99 g/km,3.8 lt,50 lt,,3.6 lt,4.2 lt,,4 yıldız,2021 Citroen C4 1.5 BlueHDi 130 HP EAT8 Shine NCAP/ANCAP Web Sayfası,2021,Var,,,,,,,,Önden Çekişli,,,,,8 ileri,Otomatik,EAT8 (Otomatik)
1505 kg,,1859 mm,4500 mm,1695 mm,,580 lt,,2021 Citroen C5 Aircross 1.5 BlueHDi 130 HP EAT8 Shine (4x2),,,,,,2021 Citroen C5 Aircross 1.5 BlueHDi 130 HP EAT8 Shine (4x2) Test Sürüşü Talep Sayfası,2021 Citroen C5 Aircross 1.5 BlueHDi 130 HP EAT8 Shine (4x2) Ürün Kataloğu,,,,,,,,,Turbo,BlueHDi (Çevreci & Ekonomik Motor),4,1499 cc,Common Rail Direkt Enjeksiyon,10.6 saniye,188 km/s,300 nm,130 BG,Fransa,,Binek,Shine,SUV,2021,İçten Yanmalı (Standart),2197 tl/yıl,C,C5 Aircross,Dizel,https://www.epey.com/araba/2021-citroen-c5-aircross-1-5-bluehdi-130-hp-eat8-shine-4x2.html,,,,,,,108 g/km,4.1 lt,53 lt,Euro 6.2,3.9 lt,4.4 lt,,4 yıldız,2021 Citroen C5 Aircross 1.5 BlueHDi 130 HP EAT8 Shine (4x2) NCAP/ANCAP Web Sayfası,2019,Var,,,,,,,,Önden Çekişli,,,,,8 ileri,Otomatik,EAT8 (Otomatik)
1505 kg,,1859 mm,4500 mm,1695 mm,,580 lt,,2021 Citroen C5 Aircross 1.5 BlueHDi 130 HP EAT8 Shine Bold (4x2),,,,,,2021 Citroen C5 Aircross 1.5 BlueHDi 130 HP EAT8 Shine Bold (4x2) Test Sürüşü Talep Sayfası,2021 Citroen C5 Aircross 1.5 BlueHDi 130 HP EAT8 Shine Bold (4x2) Ürün Kataloğu,,,,,,,,,Turbo,BlueHDi (Çevreci & Ekonomik Motor),4,1499 cc,Common Rail Direkt Enjeksiyon,10.6 saniye,188 km/s,300 nm,130 BG,Fransa,,Binek,Shine Bold,SUV,2021,İçten Yanmalı (Standart),2197 tl/yıl,C,C5 Aircross,Dizel,https://www.epey.com/araba/2021-citroen-c5-aircross-1-5-bluehdi-130-hp-eat8-shine-bold-4x2.html,,,,,,,108 g/km,4.1 lt,53 lt,Euro 6.2,3.9 lt,4.4 lt,,4 yıldız,2021 Citroen C5 Aircross 1.5 BlueHDi 130 HP EAT8 Shine Bold (4x2) NCAP/ANCAP Web Sayfası,2019,Var,,,,,,,,Önden Çekişli,,,,,8 ileri,Otomatik,EAT8 (Otomatik)
1505 kg,,1859 mm,4500 mm,1695 mm,,580 lt,,2021 Citroen C5 Aircross 1.6 180 HP EAT8 Shine (4x2),,,,,,2021 Citroen C5 Aircross 1.6 180 HP EAT8 Shine (4x2) Test Sürüşü Talep Sayfası,2021 Citroen C5 Aircross 1.6 180 HP EAT8 Shine (4x2) Ürün Kataloğu,,,,,,,,,Turbo,PureTech (Yakıt Tasarrufu),4,1598 cc,Direkt Enjeksiyon,8.2 saniye,216 km/s,250 nm,180 BG,Fransa,,Binek,Shine,SUV,2021,İçten Yanmalı (Standart),2197 tl/yıl,C,C5 Aircross,Benzin,https://www.epey.com/araba/2021-citroen-c5-aircross-1-6-180-hp-eat8-shine-4x2.html,,,,,,,132 g/km,5.8 lt,53 lt,Euro 6.2,5.0 lt,7.2 lt,,4 yıldız,2021 Citroen C5 Aircross 1.6 180 HP EAT8 Shine (4x2) NCAP/ANCAP Web Sayfası,2019,Var,,,,,,,,Önden Çekişli,,,,,8 ileri,Otomatik,EAT8 (Otomatik)
1505 kg,,1859 mm,4500 mm,1695 mm,,580 lt,,2021 Citroen C5 Aircross 1.6 180 HP EAT8 Shine Bold (4x2),,,,,,2021 Citroen C5 Aircross 1.6 180 HP EAT8 Shine Bold (4x2) Test Sürüşü Talep Sayfası,2021 Citroen C5 Aircross 1.6 180 HP EAT8 Shine Bold (4x2) Ürün Kataloğu,,,,,,,,,Turbo,PureTech (Yakıt Tasarrufu),4,1598 cc,Direkt Enjeksiyon,8.2 saniye,216 km/s,250 nm,180 BG,Fransa,,Binek,Shine Bold,SUV,2021,İçten Yanmalı (Standart),2197 tl/yıl,C,C5 Aircross,Benzin,https://www.epey.com/araba/2021-citroen-c5-aircross-1-6-180-hp-eat8-shine-bold-4x2.html,,,,,,,132 g/km,5.8 lt,53 lt,Euro 6.2,5.0 lt,7.2 lt,,4 yıldız,2021 Citroen C5 Aircross 1.6 180 HP EAT8 Shine Bold (4x2) NCAP/ANCAP Web Sayfası,2019,Var,,,,,,,,Önden Çekişli,,,,,8 ileri,Otomatik,EAT8 (Otomatik)
1436 kg,11.60 mt.,1751 mm,4363 mm,1852 mm,3000 lt,800 lt,,2021 Dacia Dokker Combi 1.5 Blue dCi 95 BG Ambiance,,,,,,,2021 Dacia Dokker Combi 1.5 Blue dCi 95 BG Ambiance Ürün Kataloğu,"3 Yıl / 100 Bin Km Mekanik
3 Yıl Boya
6 Yıl Paslanmazlık",Dacia Yol Yardım 444 6247,Var,,,,,,Turbo,,4,1461 cc,Common Rail Direkt Enjeksiyon,12.6 saniye,168 km/s,220 nm,95 BG,Romanya > Fransa,Combi,Ticari,Ambiance,Kombi,2021,İçten Yanmalı (Standart),1675 tl/yıl,Hafif Ticari,Dokker,Dizel,https://www.epey.com/araba/2021-dacia-dokker-combi-1-5-blue-dci-95-bg-ambiance.html,,,,,,,116 g/km,4.4 lt,50 lt,,4.2 lt,4.7 lt,,,,,,,,,,,,,Önden Çekişli,,,,,6 ileri,Manuel,
1258 kg,11.60 mt.,1751 mm,4363 mm,1804 mm,3000 lt,800 lt,,2021 Dacia Dokker Combi 1.6 ECO-G 110 BG Ambiance,,,,,,,2021 Dacia Dokker Combi 1.6 ECO-G 110 BG Ambiance Ürün Kataloğu,"3 Yıl / 100 Bin Km Mekanik
3 Yıl Boya
6 Yıl Paslanmazlık",Dacia Yol Yardım 444 6247,Var,,,,,,Atmosferik,,4,1598 cc,Çok Noktadan Enjeksiyon,13.7 saniye,164 km/s,150 nm,110 BG,Romanya > Fransa,Combi,Ticari,Ambiance,Kombi,2021,İçten Yanmalı (Standart),1675 tl/yıl,Hafif Ticari,Dokker,Benzin & LPG,https://www.epey.com/araba/2021-dacia-dokker-combi-1-6-eco-g-110-bg-ambiance.html,Var,146 g/km,33.6 lt,8.6 lt,7.4 lt,9.9 lt,165 g/km,7.3 lt,50 lt,,6.0 lt,9.8 lt,,,,,,,,,,,,,Önden Çekişli,,,,,5 ileri,Manuel,
1312 kg,11.60 mt.,1751 mm,4363 mm,1804 mm,3300 lt,,,2021 Dacia Dokker Van 1.5 Blue dCi 95 BG Ambiance,,,,,,,,"3 Yıl / 100 Bin Km Mekanik
3 Yıl Boya
6 Yıl Paslanmazlık",Dacia Yol Yardım 444 6247,Var,,,,,,Turbo,,4,1461 cc,Common Rail Direkt Enjeksiyon,12.5 saniye,168 km/s,220 nm,95 BG,Romanya > Fransa,Panelvan,Ticari,Ambiance,Panelvan,2021,İçten Yanmalı (Standart),1675 tl/yıl,Hafif Ticari,Dokker,Dizel,https://www.epey.com/araba/2021-dacia-dokker-van-1-5-blue-dci-95-bg-ambiance.html,,,,,,,111 g/km,4.2 lt,50 lt,Euro 5,4.0 lt,4.6 lt,,,,,,,,,,,,,Önden Çekişli,,,,,6 ileri,Manuel,
1215 kg,11.60 mt.,1751 mm,4363 mm,1804 mm,3300 lt,,,2021 Dacia Dokker Van 1.6 ECO-G 110 BG Ambiance,,,,,,,2021 Dacia Dokker Van 1.6 ECO-G 110 BG Ambiance Ürün Kataloğu,"3 Yıl / 100 Bin Km Mekanik
3 Yıl Boya
6 Yıl Paslanmazlık",Dacia Yol Yardım 444 6247,Var,,,,,,Atmosferik,,4,1598 cc,Çok Noktadan Enjeksiyon,13.7 saniye,164 km/s,150 nm,110 BG,Romanya > Fransa,Panelvan,Ticari,Ambiance,Panelvan,2021,İçten Yanmalı (Standart),1675 tl/yıl,Hafif Ticari,Dokker,Benzin & LPG,https://www.epey.com/araba/2021-dacia-dokker-van-1-6-eco-g-110-bg-ambiance.html,Var,143 g/km,33.6 lt,8.4 lt,7.0 lt,10.8 lt,159 g/km,7.0 lt,50 lt,,5.8 lt,9.0 lt,,,,,,,,,,,,,Önden Çekişli,,,,,5 ileri,Manuel,
1309 kg,,1804 mm,4341 mm,1693 mm,,478 lt,,2021 Dacia Duster 1.3 TCe 130 BG Prestige (4x2),,,,,,2021 Dacia Duster 1.3 TCe 130 BG Prestige (4x2) Test Sürüşü Talep Sayfası,2021 Dacia Duster 1.3 TCe 130 BG Prestige (4x2) Ürün Kataloğu,"Garantiyi 4 Yıla Kadar Uzatabilme
3 Yıl / 100 Bin Km Mekanik",Dacia Yol Yardım 444 6247,Var,,,,,,Turbo,,4,1333 cc,Direkt Enjeksiyon,10.4 saniye,191 km/s,240 nm,130 BG,Romanya > Fransa,,Binek,Prestige,SUV,2021,İçten Yanmalı (Standart),2197 tl/yıl,C,Duster,Benzin,https://www.epey.com/araba/2021-dacia-duster-1-3-tce-130-bg-prestige-4x2.html,,,,,,,,,50 lt,Euro 6,,,,3 yıldız,2021 Dacia Duster 1.3 TCe 130 BG Prestige (4x2) NCAP/ANCAP Web Sayfası,2017,Var,,,,,,,,Önden Çekişli,,,,,6 ileri,Manuel,
1295 kg,11.10 mt.,1751 mm,4498 mm,1683 mm,,827 lt,,2021 Dacia Lodgy 1.3 Tce 130 BG Ambiance (7K),,,,,,2021 Dacia Lodgy 1.3 Tce 130 BG Ambiance (7K) Test Sürüşü Talep Sayfası,2021 Dacia Lodgy 1.3 Tce 130 BG Ambiance (7K) Ürün Kataloğu,"3 Yıl / 100 Bin Km Mekanik
3 Yıl Boya
6 Yıl Paslanmazlık",Dacia Yol Yardım 444 6247,Var,,,,,,Turbo,,4,1333 cc,Direkt Enjeksiyon,9.2 saniye,193 km/s,240 nm,130 BG,Romanya > Fransa,,Binek,Ambiance,MPV,2021,İçten Yanmalı (Standart),2197 tl/yıl,D,Lodgy,Benzin,https://www.epey.com/araba/2021-dacia-lodgy-1-3-tce-130-bg-ambiance-7k.html,,,,,,,129 g/km,5.7 lt,50 lt,Euro 6,4.9 lt,6.9 lt,,3 yıldız,2021 Dacia Lodgy 1.3 Tce 130 BG Ambiance (7K) NCAP/ANCAP Web Sayfası,2012,Var,,,,,,,,Önden Çekişli,,,,,6 ileri,Manuel,
1334 kg,11.10 mt.,1751 mm,4498 mm,1683 mm,,827 lt,,2021 Dacia Lodgy 1.3 Tce 130 BG Stepway (7K),,,,,,2021 Dacia Lodgy 1.3 Tce 130 BG Stepway (7K) Test Sürüşü Talep Sayfası,2021 Dacia Lodgy 1.3 Tce 130 BG Stepway (7K) Ürün Kataloğu,"3 Yıl / 100 Bin Km Mekanik
3 Yıl Boya
6 Yıl Paslanmazlık",Dacia Yol Yardım 444 6247,Var,,,,,,Turbo,,4,1333 cc,Direkt Enjeksiyon,9.2 saniye,193 km/s,240 nm,130 BG,Romanya > Fransa,,Binek,Stepway,MPV,2021,İçten Yanmalı (Standart),2197 tl/yıl,D,Lodgy,Benzin,https://www.epey.com/araba/2021-dacia-lodgy-1-3-tce-130-bg-stepway-7k.html,,,,,,,133 g/km,5.8 lt,50 lt,Euro 6,5.0 lt,7.0 lt,,3 yıldız,2021 Dacia Lodgy 1.3 Tce 130 BG Stepway (7K) NCAP/ANCAP Web Sayfası,2012,Var,,,,,,,,Önden Çekişli,,,,,6 ileri,Manuel,
1304 kg,11.10 mt.,1751 mm,4498 mm,1683 mm,,827 lt,,2021 Dacia Lodgy 1.5 Blue dCi 115 BG Stepway (7K),,,,,,2021 Dacia Lodgy 1.5 Blue dCi 115 BG Stepway (7K) Test Sürüşü Talep Sayfası,2021 Dacia Lodgy 1.5 Blue dCi 115 BG Stepway (7K) Ürün Kataloğu,"3 Yıl / 100 Bin Km Mekanik
3 Yıl Boya
6 Yıl Paslanmazlık",Dacia Yol Yardım 444 6247,Var,,,,,,Turbo,,4,1461 cc,Common Rail Direkt Enjeksiyon,10.9 saniye,185 km/s,260 nm,115 BG,Romanya > Fransa,,Binek,Stepway,MPV,2021,İçten Yanmalı (Standart),2197 tl/yıl,D,Lodgy,Dizel,https://www.epey.com/araba/2021-dacia-lodgy-1-5-blue-dci-115-bg-stepway-7k.html,,,,,,,109 g/km,4.1 lt,50 lt,Euro 6,3.7 lt,4.8 lt,,3 yıldız,2021 Dacia Lodgy 1.5 Blue dCi 115 BG Stepway (7K) NCAP/ANCAP Web Sayfası,2012,Var,,,,,,,,Önden Çekişli,,,,,6 ileri,Manuel,
1263 kg,11.10 mt.,1751 mm,4498 mm,1683 mm,,827 lt,,2021 Dacia Lodgy 1.5 Blue dCi 95 BG Ambiance (7K),,,,,,2021 Dacia Lodgy 1.5 Blue dCi 95 BG Ambiance (7K) Test Sürüşü Talep Sayfası,2021 Dacia Lodgy 1.5 Blue dCi 95 BG Ambiance (7K) Ürün Kataloğu,"3 Yıl / 100 Bin Km Mekanik
3 Yıl Boya
6 Yıl Paslanmazlık",Dacia Yol Yardım 444 6247,Var,,,,,,Turbo,,4,1461 cc,Common Rail Direkt Enjeksiyon,13.1 saniye,172 km/s,220 nm,95 BG,Romanya > Fransa,,Binek,Ambiance,MPV,2021,İçten Yanmalı (Standart),2197 tl/yıl,D,Lodgy,Dizel,https://www.epey.com/araba/2021-dacia-lodgy-1-5-blue-dci-95-bg-ambiance-7k.html,,,,,,,109 g/km,4.1 lt,50 lt,Euro 6,4.0 lt,4.4 lt,,3 yıldız,2021 Dacia Lodgy 1.5 Blue dCi 95 BG Ambiance (7K) NCAP/ANCAP Web Sayfası,2012,Var,,,,,,,,Önden Çekişli,,,,,6 ileri,Manuel,
1263 kg,11.10 mt.,1751 mm,4498 mm,1683 mm,,827 lt,,2021 Dacia Lodgy 1.5 Blue dCi 95 BG Laureate (7K),,,,,,2021 Dacia Lodgy 1.5 Blue dCi 95 BG Laureate (7K) Test Sürüşü Talep Sayfası,2021 Dacia Lodgy 1.5 Blue dCi 95 BG Laureate (7K) Ürün Kataloğu,"3 Yıl / 100 Bin Km Mekanik
3 Yıl Boya
6 Yıl Paslanmazlık",Dacia Yol Yardım 444 6247,Var,,,,,,Turbo,,4,1461 cc,Common Rail Direkt Enjeksiyon,13.1 saniye,172 km/s,220 nm,95 BG,Romanya > Fransa,,Binek,Laureate,MPV,2021,İçten Yanmalı (Standart),2197 tl/yıl,D,Lodgy,Dizel,https://www.epey.com/araba/2021-dacia-lodgy-1-5-blue-dci-95-bg-laureate-7k.html,,,,,,,109 g/km,4.1 lt,50 lt,Euro 6,4.0 lt,4.4 lt,,3 yıldız,2021 Dacia Lodgy 1.5 Blue dCi 95 BG Laureate (7K) NCAP/ANCAP Web Sayfası,2012,Var,,,,,,,,Önden Çekişli,,,,,6 ileri,Manuel,
1317 kg,11.10 mt.,1751 mm,4498 mm,1683 mm,,827 lt,,2021 Dacia Lodgy 1.6 ECO-G 110 BG Ambiance (7K),,,,,,2021 Dacia Lodgy 1.6 ECO-G 110 BG Ambiance (7K) Test Sürüşü Talep Sayfası,2021 Dacia Lodgy 1.6 ECO-G 110 BG Ambiance (7K) Ürün Kataloğu,"3 Yıl / 100 Bin Km Mekanik
3 Yıl Boya
6 Yıl Paslanmazlık",Dacia Yol Yardım 444 6247,Var,,,,,,Atmosferik,,4,1598 cc,Çok Noktadan Enjeksiyon,11.6 saniye,173 km/s,150 nm,110 BG,Romanya > Fransa,,Binek,Ambiance,MPV,2021,İçten Yanmalı (Standart),2197 tl/yıl,D,Lodgy,Benzin & LPG,https://www.epey.com/araba/2021-dacia-lodgy-1-6-eco-g-110-bg-ambiance-7k.html,Var,132 g/km,33.6 lt,7.7 lt,8.1 lt,11.6 lt,150 g/km,6.6 lt,50 lt,Euro 6,5.5 lt,8.4 lt,,3 yıldız,2021 Dacia Lodgy 1.6 ECO-G 110 BG Ambiance (7K) NCAP/ANCAP Web Sayfası,2012,Var,,,,,,,,Önden Çekişli,,,,,5 ileri,Manuel,
1111 kg,,1848 mm,4088 mm,1499 mm,1108 lt,410 lt,,2021 Dacia Sandero 1.0 Sce 65 BG Comfort,,,,,,2021 Dacia Sandero 1.0 Sce 65 BG Comfort Test Sürüşü Talep Sayfası,2021 Dacia Sandero 1.0 Sce 65 BG Comfort Ürün Kataloğu,"Garantiyi 4 Yıla Kadar Uzatabilme
3 Yıl / 100 Bin Km Mekanik",Dacia Yol Yardım 444 6247,Var,,,,,,Atmosferik,,3,999 cc,Direkt Enjeksiyon,16.7 saniye,158 km/s,95 nm,65 BG,Romanya > Fransa,,Binek,Comfort,Hatchback,2021,İçten Yanmalı (Standart),1261 tl/yıl,B,Sandero,Benzin,https://www.epey.com/araba/2021-dacia-sandero-1-0-sce-65-bg-comfort.html,Yok,,,,,,114 g/km,5.0 lt,50 lt,Euro 6,4.3 lt,6.0 lt,,,,,,,,,,,,,Önden Çekişli,,,,,5 ileri,Manuel,
1147 kg,,1848 mm,4088 mm,1499 mm,1108 lt,410 lt,,2021 Dacia Sandero 1.0 Turbo 90 BG Comfort,,,,,,2021 Dacia Sandero 1.0 Turbo 90 BG Comfort Test Sürüşü Talep Sayfası,2021 Dacia Sandero 1.0 Turbo 90 BG Comfort Ürün Kataloğu,"Garantiyi 4 Yıla Kadar Uzatabilme
3 Yıl / 100 Bin Km Mekanik",Dacia Yol Yardım 444 6247,Var,,,,,,Turbo,,3,999 cc,Direkt Enjeksiyon,11.7 saniye,178 km/s,160 nm,90 BG,Romanya > Fransa,,Binek,Comfort,Hatchback,2021,İçten Yanmalı (Standart),1261 tl/yıl,B,Sandero,Benzin,https://www.epey.com/araba/2021-dacia-sandero-1-0-turbo-90-bg-comfort.html,Yok,,,,,,111 g/km,4.8 lt,50 lt,Euro 6,4.1 lt,6.2 lt,,,,,,,,,,,,,Önden Çekişli,,,,,6 ileri,Manuel,
1174 kg,,1848 mm,4088 mm,1499 mm,1108 lt,410 lt,,2021 Dacia Sandero 1.0 Turbo 90 BG X-tronic Comfort,,,,,,2021 Dacia Sandero 1.0 Turbo 90 BG X-tronic Comfort Test Sürüşü Talep Sayfası,2021 Dacia Sandero 1.0 Turbo 90 BG X-tronic Comfort Ürün Kataloğu,"Garantiyi 4 Yıla Kadar Uzatabilme
3 Yıl / 100 Bin Km Mekanik",Dacia Yol Yardım 444 6247,Var,,,,,,Turbo,,3,999 cc,Direkt Enjeksiyon,13.4 saniye,169 km/s,142 nm,90 BG,Romanya > Fransa,,Binek,Comfort,Hatchback,2021,İçten Yanmalı (Standart),1261 tl/yıl,B,Sandero,Benzin,https://www.epey.com/araba/2021-dacia-sandero-1-0-turbo-90-bg-x-tronic-comfort.html,Yok,,,,,,114 g/km,5.0 lt,50 lt,Euro 6,4.5 lt,5.9 lt,,,,,,,,,,,,,Önden Çekişli,,,,,,Otomatik,X-Tronic (Değişken Oranlı)
1174 kg,,1848 mm,4088 mm,1499 mm,1108 lt,410 lt,,2021 Dacia Sandero 1.0 Turbo 90 BG X-tronic Prestige,,,,,,2021 Dacia Sandero 1.0 Turbo 90 BG X-tronic Prestige Test Sürüşü Talep Sayfası,2021 Dacia Sandero 1.0 Turbo 90 BG X-tronic Prestige Ürün Kataloğu,"Garantiyi 4 Yıla Kadar Uzatabilme
3 Yıl / 100 Bin Km Mekanik",Dacia Yol Yardım 444 6247,Var,,,,,,Turbo,,3,999 cc,Direkt Enjeksiyon,13.4 saniye,169 km/s,142 nm,90 BG,Romanya > Fransa,,Binek,Prestige,Hatchback,2021,İçten Yanmalı (Standart),1261 tl/yıl,B,Sandero,Benzin,https://www.epey.com/araba/2021-dacia-sandero-1-0-turbo-90-bg-x-tronic-prestige.html,Yok,,,,,,114 g/km,5.0 lt,50 lt,Euro 6,4.5 lt,5.9 lt,,,,,,,,,,,,,Önden Çekişli,,,,,,Otomatik,X-Tronic (Değişken Oranlı)
1205 kg,,1848 mm,4088 mm,1499 mm,1108 lt,410 lt,,2021 Dacia Sandero 1.0 Turbo ECO-G 100 BG Comfort,,,,,,2021 Dacia Sandero 1.0 Turbo ECO-G 100 BG Comfort Test Sürüşü Talep Sayfası,2021 Dacia Sandero 1.0 Turbo ECO-G 100 BG Comfort Ürün Kataloğu,"Garantiyi 4 Yıla Kadar Uzatabilme
3 Yıl / 100 Bin Km Mekanik",Dacia Yol Yardım 444 6247,Var,,,,,,Turbo,,3,999 cc,Direkt Enjeksiyon,11.6 saniye,183 km/s,170 nm,100 BG,Romanya > Fransa,,Binek,Comfort,Hatchback,2021,İçten Yanmalı (Standart),1261 tl/yıl,B,Sandero,Benzin & LPG,https://www.epey.com/araba/2021-dacia-sandero-1-0-turbo-eco-g-100-bg-comfort.html,Var,103 g/km,40 lt,6.5 lt,5.6 lt,8.4 lt,117 g/km,5.1 lt,50 lt,Euro 6,4.4 lt,6.5 lt,,,,,,,,,,,,,Önden Çekişli,,,,,6 ileri,Manuel,
1171 kg,,1848 mm,4099 mm,1587 mm,1108 lt,410 lt,,2021 Dacia Sandero Stepway 1.0 Turbo 90 BG Comfort,,,,,,2021 Dacia Sandero Stepway 1.0 Turbo 90 BG Comfort Test Sürüşü Talep Sayfası,2021 Dacia Sandero Stepway 1.0 Turbo 90 BG Comfort Ürün Kataloğu,"Garantiyi 4 Yıla Kadar Uzatabilme
3 Yıl / 100 Bin Km Mekanik",Dacia Yol Yardım 444 6247,Var,,,,,,Turbo,,3,999 cc,Direkt Enjeksiyon,12.0 saniye,172 km/s,160 nm,90 BG,Romanya > Fransa,,Binek,Comfort,SUV,2021,İçten Yanmalı (Standart),1261 tl/yıl,B,Sandero Stepway,Benzin,https://www.epey.com/araba/2021-dacia-sandero-stepway-1-0-turbo-90-bg-comfort.html,Yok,,,,,,115 g/km,5.0 lt,50 lt,Euro 6,4.4 lt,6.1 lt,,2 yıldız,2021 Dacia Sandero Stepway 1.0 Turbo 90 BG Comfort NCAP/ANCAP Web Sayfası,2021,Var,,,,,,,,Önden Çekişli,,,,,6 ileri,Manuel,
1171 kg,,1848 mm,4099 mm,1587 mm,1108 lt,410 lt,,2021 Dacia Sandero Stepway 1.0 Turbo 90 BG Prestige,,,,,,2021 Dacia Sandero Stepway 1.0 Turbo 90 BG Prestige Test Sürüşü Talep Sayfası,2021 Dacia Sandero Stepway 1.0 Turbo 90 BG Prestige Ürün Kataloğu,"Garantiyi 4 Yıla Kadar Uzatabilme
3 Yıl / 100 Bin Km Mekanik",Dacia Yol Yardım 444 6247,Var,,,,,,Turbo,,3,999 cc,Direkt Enjeksiyon,12.0 saniye,172 km/s,160 nm,90 BG,Romanya > Fransa,,Binek,Prestige,SUV,2021,İçten Yanmalı (Standart),1261 tl/yıl,B,Sandero Stepway,Benzin,https://www.epey.com/araba/2021-dacia-sandero-stepway-1-0-turbo-90-bg-prestige.html,Yok,,,,,,115 g/km,5.0 lt,50 lt,Euro 6,4.4 lt,6.1 lt,,2 yıldız,2021 Dacia Sandero Stepway 1.0 Turbo 90 BG Prestige NCAP/ANCAP Web Sayfası,2021,Var,,,,,,,,Önden Çekişli,,,,,6 ileri,Manuel,
1197 kg,,1848 mm,4099 mm,1587 mm,1108 lt,410 lt,,2021 Dacia Sandero Stepway 1.0 Turbo 90 BG X-tronic Comfort,,,,,,2021 Dacia Sandero Stepway 1.0 Turbo 90 BG X-tronic Comfort Test Sürüşü Talep Sayfası,2021 Dacia Sandero Stepway 1.0 Turbo 90 BG X-tronic Comfort Ürün Kataloğu,"Garantiyi 4 Yıla Kadar Uzatabilme
3 Yıl / 100 Bin Km Mekanik",Dacia Yol Yardım 444 6247,Var,,,,,,Turbo,,3,999 cc,Direkt Enjeksiyon,14.2 saniye,163 km/s,142 nm,90 BG,Romanya > Fransa,,Binek,Comfort,SUV,2021,İçten Yanmalı (Standart),1261 tl/yıl,B,Sandero Stepway,Benzin,https://www.epey.com/araba/2021-dacia-sandero-stepway-1-0-turbo-90-bg-x-tronic-comfort.html,,,,,,,119 g/km,5.2 lt,50 lt,Euro 6,4.7 lt,6.0 lt,,2 yıldız,2021 Dacia Sandero Stepway 1.0 Turbo 90 BG X-tronic Comfort NCAP/ANCAP Web Sayfası,2021,Var,,,,,,,,Önden Çekişli,,,,,,Otomatik,X-Tronic (Değişken Oranlı)
1197 kg,,1848 mm,4099 mm,1587 mm,1108 lt,410 lt,,2021 Dacia Sandero Stepway 1.0 Turbo 90 BG X-tronic Prestige,,,,,,2021 Dacia Sandero Stepway 1.0 Turbo 90 BG X-tronic Prestige Test Sürüşü Talep Sayfası,2021 Dacia Sandero Stepway 1.0 Turbo 90 BG X-tronic Prestige Ürün Kataloğu,"Garantiyi 4 Yıla Kadar Uzatabilme
3 Yıl / 100 Bin Km Mekanik",Dacia Yol Yardım 444 6247,Var,,,,,,Turbo,,3,999 cc,Direkt Enjeksiyon,14.2 saniye,163 km/s,142 nm,90 BG,Romanya > Fransa,,Binek,Prestige,SUV,2021,İçten Yanmalı (Standart),1261 tl/yıl,B,Sandero Stepway,Benzin,https://www.epey.com/araba/2021-dacia-sandero-stepway-1-0-turbo-90-bg-x-tronic-prestige.html,,,,,,,119 g/km,5.2 lt,50 lt,Euro 6,4.7 lt,6.0 lt,,2 yıldız,2021 Dacia Sandero Stepway 1.0 Turbo 90 BG X-tronic Prestige NCAP/ANCAP Web Sayfası,2021,Var,,,,,,,,Önden Çekişli,,,,,,Otomatik,X-Tronic (Değişken Oranlı)
1229 kg,,1848 mm,4099 mm,1587 mm,1108 lt,410 lt,,2021 Dacia Sandero Stepway 1.0 Turbo ECO-G 100 BG Comfort,,,,,,2021 Dacia Sandero Stepway 1.0 Turbo ECO-G 100 BG Comfort Test Sürüşü Talep Sayfası,2021 Dacia Sandero Stepway 1.0 Turbo ECO-G 100 BG Comfort Ürün Kataloğu,"Garantiyi 4 Yıla Kadar Uzatabilme
3 Yıl / 100 Bin Km Mekanik",Dacia Yol Yardım 444 6247,Var,,,,,,Turbo,,3,999 cc,Direkt Enjeksiyon,11.9 saniye,177 km/s,170 nm,100 BG,Romanya > Fransa,,Binek,Comfort,SUV,2021,İçten Yanmalı (Standart),1261 tl/yıl,B,Sandero Stepway,Benzin & LPG,https://www.epey.com/araba/2021-dacia-sandero-stepway-1-0-turbo-eco-g-100-bg-comfort.html,Var,105 g/km,40 lt,6.7 lt,6.0 lt,7.8 lt,119 g/km,5.2 lt,50 lt,Euro 6,4.6 lt,6.4 lt,,2 yıldız,2021 Dacia Sandero Stepway 1.0 Turbo ECO-G 100 BG Comfort NCAP/ANCAP Web Sayfası,2021,Var,,,,,,,,Önden Çekişli,,,,,6 ileri,Manuel,
1229 kg,,1848 mm,4099 mm,1587 mm,1108 lt,410 lt,,2021 Dacia Sandero Stepway 1.0 Turbo ECO-G 100 BG Prestige,,,,,,2021 Dacia Sandero Stepway 1.0 Turbo ECO-G 100 BG Prestige Test Sürüşü Talep Sayfası,2021 Dacia Sandero Stepway 1.0 Turbo ECO-G 100 BG Prestige Ürün Kataloğu,"Garantiyi 4 Yıla Kadar Uzatabilme
3 Yıl / 100 Bin Km Mekanik",Dacia Yol Yardım 444 6247,Var,,,,,,Turbo,,3,999 cc,Direkt Enjeksiyon,11.9 saniye,177 km/s,170 nm,100 BG,Romanya > Fransa,,Binek,Prestige,SUV,2021,İçten Yanmalı (Standart),1261 tl/yıl,B,Sandero Stepway,Benzin & LPG,https://www.epey.com/araba/2021-dacia-sandero-stepway-1-0-turbo-eco-g-100-bg-prestige.html,Var,105 g/km,40 lt,6.7 lt,6.0 lt,7.8 lt,119 g/km,5.2 lt,50 lt,Euro 6,4.6 lt,6.4 lt,,2 yıldız,2021 Dacia Sandero Stepway 1.0 Turbo ECO-G 100 BG Prestige NCAP/ANCAP Web Sayfası,2021,Var,,,,,,,,Önden Çekişli,,,,,6 ileri,Manuel,
1420 kg,11.20 mt.,1832 mm,4406 mm,1845 mm,3200 lt,790 lt,,2021 Fiat Doblo Kombi 1.3 MultiJet 95 HP Easy,,,,,,2021 Fiat Doblo Kombi 1.3 MultiJet 95 HP Easy Test Sürüşü Talep Sayfası,2021 Fiat Doblo Kombi 1.3 MultiJet 95 HP Easy Ürün Kataloğu,"3 Yıl / 150 Bin Km Mekanik
3 Yıl Boya
8 Yıl Paslanmazlık",Fiat Acil Servis 444 2255,Var,,,,,,Turbo,,4,1248 cc,Common Rail Direkt Enjeksiyon,14.9 saniye,156 km/s,200 nm,95 BG,İtalya,Combi,Ticari,Easy,Kombi,2021,İçten Yanmalı (Standart),1675 tl/yıl,Hafif Ticari,Doblo,Dizel,https://www.epey.com/araba/2021-fiat-doblo-kombi-1-3-multijet-95-hp-easy.html,,,,,,,136 g/km,5.1 lt,60 lt,Euro 6,4.3 lt,6.6 lt,,3 yıldız,2021 Fiat Doblo Kombi 1.3 MultiJet 95 HP Easy NCAP/ANCAP Web Sayfası,2017,Var,,710 kg,2090 kg,,,,,Önden Çekişli,,,,,5 ileri,Manuel,
1420 kg,11.20 mt.,1832 mm,4406 mm,1845 mm,3200 lt,790 lt,,2021 Fiat Doblo Kombi 1.3 MultiJet 95 HP Premio Plus,,,,,,2021 Fiat Doblo Kombi 1.3 MultiJet 95 HP Premio Plus Test Sürüşü Talep Sayfası,2021 Fiat Doblo Kombi 1.3 MultiJet 95 HP Premio Plus Ürün Kataloğu,"3 Yıl / 150 Bin Km Mekanik
3 Yıl Boya
8 Yıl Paslanmazlık",Fiat Acil Servis 444 2255,Var,,,,,,Turbo,,4,1248 cc,Common Rail Direkt Enjeksiyon,14.9 saniye,156 km/s,200 nm,95 BG,İtalya,Combi,Ticari,Premio Plus,Kombi,2021,İçten Yanmalı (Standart),1675 tl/yıl,Hafif Ticari,Doblo,Dizel,https://www.epey.com/araba/2021-fiat-doblo-kombi-1-3-multijet-95-hp-premio-plus.html,,,,,,,136 g/km,5.1 lt,60 lt,Euro 6,4.3 lt,6.6 lt,,3 yıldız,2021 Fiat Doblo Kombi 1.3 MultiJet 95 HP Premio Plus NCAP/ANCAP Web Sayfası,2017,Var,,710 kg,2090 kg,,,,,Önden Çekişli,,,,,5 ileri,Manuel,
1420 kg,11.20 mt.,1832 mm,4406 mm,1845 mm,3200 lt,790 lt,,2021 Fiat Doblo Kombi 1.3 MultiJet 95 HP Safeline,,,,,,2021 Fiat Doblo Kombi 1.3 MultiJet 95 HP Safeline Test Sürüşü Talep Sayfası,2021 Fiat Doblo Kombi 1.3 MultiJet 95 HP Safeline Ürün Kataloğu,"3 Yıl / 150 Bin Km Mekanik
3 Yıl Boya
8 Yıl Paslanmazlık",Fiat Acil Servis 444 2255,Var,,,,,,Turbo,,4,1248 cc,Common Rail Direkt Enjeksiyon,14.9 saniye,156 km/s,200 nm,95 BG,İtalya,Combi,Ticari,Safeline,Kombi,2021,İçten Yanmalı (Standart),1675 tl/yıl,Hafif Ticari,Doblo,Dizel,https://www.epey.com/araba/2021-fiat-doblo-kombi-1-3-multijet-95-hp-safeline.html,,,,,,,136 g/km,5.1 lt,60 lt,Euro 6,4.3 lt,6.6 lt,,3 yıldız,2021 Fiat Doblo Kombi 1.3 MultiJet 95 HP Safeline NCAP/ANCAP Web Sayfası,2017,Var,,710 kg,2090 kg,,,,,Önden Çekişli,,,,,5 ileri,Manuel,
1420 kg,11.20 mt.,1832 mm,4406 mm,1845 mm,3200 lt,790 lt,,2021 Fiat Doblo Kombi 1.3 MultiJet 95 HP Urban,,,,,,2021 Fiat Doblo Kombi 1.3 MultiJet 95 HP Urban Test Sürüşü Talep Sayfası,2021 Fiat Doblo Kombi 1.3 MultiJet 95 HP Urban Ürün Kataloğu,"3 Yıl / 150 Bin Km Mekanik
3 Yıl Boya
8 Yıl Paslanmazlık",Fiat Acil Servis 444 2255,Var,,,,,,Turbo,,4,1248 cc,Common Rail Direkt Enjeksiyon,14.9 saniye,156 km/s,200 nm,95 BG,İtalya,Combi,Ticari,Premio,Kombi,2021,İçten Yanmalı (Standart),1675 tl/yıl,Hafif Ticari,Doblo,Dizel,https://www.epey.com/araba/2021-fiat-doblo-kombi-1-3-multijet-95-hp-urban.html,,,,,,,136 g/km,5.1 lt,60 lt,Euro 6,4.3 lt,6.6 lt,,3 yıldız,2021 Fiat Doblo Kombi 1.3 MultiJet 95 HP Urban NCAP/ANCAP Web Sayfası,2017,Var,,710 kg,2090 kg,,,,,Önden Çekişli,,,,,5 ileri,Manuel,
1535 kg,,1832 mm,4406 mm,1845 mm,3200 lt,790 lt,,2021 Fiat Doblo Kombi 1.6 MultiJet 105 HP Easy,,,,,,2021 Fiat Doblo Kombi 1.6 MultiJet 105 HP Easy Test Sürüşü Talep Sayfası,2021 Fiat Doblo Kombi 1.6 MultiJet 105 HP Easy Ürün Kataloğu,"3 Yıl / 150 Bin Km Mekanik
3 Yıl Boya
8 Yıl Paslanmazlık",Fiat Acil Servis 444 2255,Var,,,,,,Turbo,,4,1598 cc,Common Rail Direkt Enjeksiyon,13.4 saniye,164 km/s,290 nm,105 BG,İtalya,Combi,Ticari,Easy,Kombi,2021,İçten Yanmalı (Standart),1675 tl/yıl,Hafif Ticari,Doblo,Dizel,https://www.epey.com/araba/2021-fiat-doblo-kombi-1-6-multijet-105-hp-easy.html,,,,,,,138 g/km,5.2 lt,60 lt,Euro 6,4.7 lt,6.1 lt,,3 yıldız,2021 Fiat Doblo Kombi 1.6 MultiJet 105 HP Easy NCAP/ANCAP Web Sayfası,2017,Var,,710 kg,2090 kg,,,,,Önden Çekişli,,,,,6 ileri,Manuel,
1535 kg,,1832 mm,4406 mm,1845 mm,3200 lt,790 lt,,2021 Fiat Doblo Kombi 1.6 MultiJet 105 HP Safeline,,,,,,2021 Fiat Doblo Kombi 1.6 MultiJet 105 HP Safeline Test Sürüşü Talep Sayfası,2021 Fiat Doblo Kombi 1.6 MultiJet 105 HP Safeline Ürün Kataloğu,"3 Yıl / 150 Bin Km Mekanik
3 Yıl Boya
8 Yıl Paslanmazlık",Fiat Acil Servis 444 2255,Var,,,,,,Turbo,,4,1598 cc,Common Rail Direkt Enjeksiyon,13.4 saniye,164 km/s,290 nm,105 BG,İtalya,Combi,Ticari,Safeline,Kombi,2021,İçten Yanmalı (Standart),1675 tl/yıl,Hafif Ticari,Doblo,Dizel,https://www.epey.com/araba/2021-fiat-doblo-kombi-1-6-multijet-105-hp-safeline.html,,,,,,,138 g/km,5.2 lt,60 lt,Euro 6,4.7 lt,6.1 lt,,3 yıldız,2021 Fiat Doblo Kombi 1.6 MultiJet 105 HP Safeline NCAP/ANCAP Web Sayfası,2017,Var,,710 kg,2090 kg,,,,,Önden Çekişli,,,,,6 ileri,Manuel,
1420 kg,,1832 mm,4406 mm,1845 mm,3200 lt,790 lt,,2021 Fiat Doblo Kombi 1.6 MultiJet 120 HP Premio Plus,,,,,,2021 Fiat Doblo Kombi 1.6 MultiJet 120 HP Premio Plus Test Sürüşü Talep Sayfası,2021 Fiat Doblo Kombi 1.6 MultiJet 120 HP Premio Plus Ürün Kataloğu,"3 Yıl / 150 Bin Km Mekanik
3 Yıl Boya
8 Yıl Paslanmazlık",Fiat Acil Servis 444 2255,Var,,,,,,Turbo,,4,1598 cc,Common Rail Direkt Enjeksiyon,13.4 saniye,164 km/s,320 nm,120 BG,İtalya,Combi,Ticari,Premio Plus,Kombi,2021,İçten Yanmalı (Standart),1675 tl/yıl,Hafif Ticari,Doblo,Dizel,https://www.epey.com/araba/2021-fiat-doblo-kombi-1-6-multijet-120-hp-premio-plus.html,,,,,,,139 g/km,5.2 lt,60 lt,Euro 6,4.5 lt,6.4 lt,,3 yıldız,2021 Fiat Doblo Kombi 1.6 MultiJet 120 HP Premio Plus NCAP/ANCAP Web Sayfası,2017,Var,,710 kg,2090 kg,,,,,Önden Çekişli,,,,,6 ileri,Manuel,
1420 kg,,1832 mm,4406 mm,1845 mm,3200 lt,790 lt,,2021 Fiat Doblo Kombi 1.6 MultiJet 120 HP Urban,,,,,,2021 Fiat Doblo Kombi 1.6 MultiJet 120 HP Urban Test Sürüşü Talep Sayfası,2021 Fiat Doblo Kombi 1.6 MultiJet 120 HP Urban Ürün Kataloğu,"3 Yıl / 150 Bin Km Mekanik
3 Yıl Boya
8 Yıl Paslanmazlık",Fiat Acil Servis 444 2255,Var,,,,,,Turbo,,4,1598 cc,Common Rail Direkt Enjeksiyon,13.4 saniye,164 km/s,320 nm,120 BG,İtalya,Combi,Ticari,Premio,Kombi,2021,İçten Yanmalı (Standart),1675 tl/yıl,Hafif Ticari,Doblo,Dizel,https://www.epey.com/araba/2021-fiat-doblo-kombi-1-6-multijet-120-hp-urban.html,,,,,,,139 g/km,5.2 lt,60 lt,Euro 6,4.5 lt,6.4 lt,,3 yıldız,2021 Fiat Doblo Kombi 1.6 MultiJet 120 HP Urban NCAP/ANCAP Web Sayfası,2017,Var,,710 kg,2090 kg,,,,,Önden Çekişli,,,,,6 ileri,Manuel,
1190 kg,10.90 mt.,1792 mm,4532 mm,1497 mm,,520 lt,,2021 Fiat Egea 1.0 Firefly 100 HP Lounge,,,,,,2021 Fiat Egea 1.0 Firefly 100 HP Lounge Test Sürüşü Talep Sayfası,2021 Fiat Egea 1.0 Firefly 100 HP Lounge Ürün Kataloğu,"3 Yıl Boya
5 Yıl / 100 Bin Km Mekanik
8 Yıl Paslanmazlık",Fiat Acil Servis 444 2255,Var,,,,,,Turbo,,3,999 cc,Direkt Enjeksiyon,11.5 saniye,195 km/s,190 nm,100 BG,İtalya,Sedan,Binek,Lounge,Sedan,2021,İçten Yanmalı (Standart),1261 tl/yıl,C,Egea,Benzin,https://www.epey.com/araba/2021-fiat-egea-1-0-firefly-100-hp-lounge.html,,,,,,,125 g/km,5.4 lt,50 lt,Euro 6d-FINAL,,,,3 yıldız,2021 Fiat Egea 1.0 Firefly 100 HP Lounge NCAP/ANCAP Web Sayfası,2016,Var,,,,,,,,Önden Çekişli,,,,,5 ileri,Manuel,
1190 kg,10.90 mt.,1792 mm,4532 mm,1497 mm,,520 lt,,2021 Fiat Egea 1.0 Firefly 100 HP Urban,,,,,,2021 Fiat Egea 1.0 Firefly 100 HP Urban Test Sürüşü Talep Sayfası,2021 Fiat Egea 1.0 Firefly 100 HP Urban Ürün Kataloğu,"3 Yıl Boya
5 Yıl / 100 Bin Km Mekanik
8 Yıl Paslanmazlık",Fiat Acil Servis 444 2255,Var,,,,,,Turbo,,3,999 cc,Direkt Enjeksiyon,11.5 saniye,195 km/s,190 nm,100 BG,İtalya,Sedan,Binek,Urban,Sedan,2021,İçten Yanmalı (Standart),1261 tl/yıl,C,Egea,Benzin,https://www.epey.com/araba/2021-fiat-egea-1-0-firefly-100-hp-urban.html,,,,,,,125 g/km,5.4 lt,50 lt,Euro 6d-FINAL,,,,3 yıldız,2021 Fiat Egea 1.0 Firefly 100 HP Urban NCAP/ANCAP Web Sayfası,2016,Var,,,,,,,,Önden Çekişli,,,,,5 ileri,Manuel,
1240 kg,10.90 mt.,1792 mm,4532 mm,1497 mm,,520 lt,,2021 Fiat Egea 1.3 Multijet 95 HP Easy,,,,,,2021 Fiat Egea 1.3 Multijet 95 HP Easy Test Sürüşü Talep Sayfası,2021 Fiat Egea 1.3 Multijet 95 HP Easy Ürün Kataloğu,"3 Yıl Boya
5 Yıl / 100 Bin Km Mekanik
8 Yıl Paslanmazlık",Fiat Acil Servis 444 2255,Var,,,,,,Turbo,,4,1248 cc,Common Rail Direkt Enjeksiyon,12.8 saniye,184 km/s,200 nm,95 BG,İtalya,Sedan,Binek,Easy,Sedan,2021,İçten Yanmalı (Standart),1261 tl/yıl,C,Egea,Dizel,https://www.epey.com/araba/2021-fiat-egea-1-3-multijet-95-hp-easy.html,,,,,,,113 g/km,4.2 lt,50 lt,Euro 6d-FINAL,,,,3 yıldız,2021 Fiat Egea 1.3 Multijet 95 HP Easy NCAP/ANCAP Web Sayfası,2016,Var,,,,,,,,Önden Çekişli,,,,,5 ileri,Manuel,
1240 kg,10.90 mt.,1792 mm,4532 mm,1497 mm,,520 lt,,2021 Fiat Egea 1.3 Multijet 95 HP Lounge,,,,,,2021 Fiat Egea 1.3 Multijet 95 HP Lounge Test Sürüşü Talep Sayfası,2021 Fiat Egea 1.3 Multijet 95 HP Lounge Ürün Kataloğu,"3 Yıl Boya
5 Yıl / 100 Bin Km Mekanik
8 Yıl Paslanmazlık",Fiat Acil Servis 444 2255,Var,,,,,,Turbo,,4,1248 cc,Common Rail Direkt Enjeksiyon,12.8 saniye,184 km/s,200 nm,95 BG,İtalya,Sedan,Binek,Lounge,Sedan,2021,İçten Yanmalı (Standart),1261 tl/yıl,C,Egea,Dizel,https://www.epey.com/araba/2021-fiat-egea-1-3-multijet-95-hp-lounge.html,,,,,,,113 g/km,4.2 lt,50 lt,Euro 6d-FINAL,,,,3 yıldız,2021 Fiat Egea 1.3 Multijet 95 HP Lounge NCAP/ANCAP Web Sayfası,2016,Var,,,,,,,,Önden Çekişli,,,,,5 ileri,Manuel,
1240 kg,10.90 mt.,1792 mm,4532 mm,1497 mm,,520 lt,,2021 Fiat Egea 1.3 Multijet 95 HP Urban,,,,,,2021 Fiat Egea 1.3 Multijet 95 HP Urban Test Sürüşü Talep Sayfası,2021 Fiat Egea 1.3 Multijet 95 HP Urban Ürün Kataloğu,"3 Yıl Boya
5 Yıl / 100 Bin Km Mekanik
8 Yıl Paslanmazlık",Fiat Acil Servis 444 2255,Var,,,,,,Turbo,,4,1248 cc,Common Rail Direkt Enjeksiyon,12.8 saniye,184 km/s,200 nm,95 BG,İtalya,Sedan,Binek,Urban,Sedan,2021,İçten Yanmalı (Standart),1261 tl/yıl,C,Egea,Dizel,https://www.epey.com/araba/2021-fiat-egea-1-3-multijet-95-hp-urban.html,,,,,,,113 g/km,4.2 lt,50 lt,Euro 6d-FINAL,,,,3 yıldız,2021 Fiat Egea 1.3 Multijet 95 HP Urban NCAP/ANCAP Web Sayfası,2016,Var,,,,,,,,Önden Çekişli,,,,,5 ileri,Manuel,
1150 kg,10.90 mt.,1792 mm,4532 mm,1497 mm,,520 lt,,2021 Fiat Egea 1.4 Fire 95 HP Easy,,,,,,2021 Fiat Egea 1.4 Fire 95 HP Easy Test Sürüşü Talep Sayfası,2021 Fiat Egea 1.4 Fire 95 HP Easy Ürün Kataloğu,"3 Yıl Boya
5 Yıl / 100 Bin Km Mekanik
8 Yıl Paslanmazlık",Fiat Acil Servis 444 2255,Var,,,,,,Atmosferik,,4,1368 cc,Çok Noktadan Enjeksiyon,11.8 saniye,186 km/s,127 nm,95 BG,İtalya,Sedan,Binek,Easy,Sedan,2021,İçten Yanmalı (Standart),2197 tl/yıl,C,Egea,Benzin,https://www.epey.com/araba/2021-fiat-egea-1-4-fire-95-hp-easy.html,,,,,,,150 g/km,6.5 lt,50 lt,Euro 6d-FINAL,,,,3 yıldız,2021 Fiat Egea 1.4 Fire 95 HP Easy NCAP/ANCAP Web Sayfası,2016,Var,,,,,,,,Önden Çekişli,,,,,6 ileri,Manuel,
1150 kg,10.90 mt.,1792 mm,4532 mm,1497 mm,,520 lt,,2021 Fiat Egea 1.4 Fire 95 HP Lounge,,,,,,2021 Fiat Egea 1.4 Fire 95 HP Lounge Test Sürüşü Talep Sayfası,2021 Fiat Egea 1.4 Fire 95 HP Lounge Ürün Kataloğu,"3 Yıl Boya
5 Yıl / 100 Bin Km Mekanik
8 Yıl Paslanmazlık",Fiat Acil Servis 444 2255,Var,,,,,,Atmosferik,,4,1368 cc,Çok Noktadan Enjeksiyon,11.8 saniye,186 km/s,127 nm,95 BG,İtalya,Sedan,Binek,Lounge,Sedan,2021,İçten Yanmalı (Standart),2197 tl/yıl,C,Egea,Benzin,https://www.epey.com/araba/2021-fiat-egea-1-4-fire-95-hp-lounge.html,,,,,,,150 g/km,6.5 lt,50 lt,Euro 6d-FINAL,,,,3 yıldız,2021 Fiat Egea 1.4 Fire 95 HP Lounge NCAP/ANCAP Web Sayfası,2016,Var,,,,,,,,Önden Çekişli,,,,,6 ileri,Manuel,
1150 kg,10.90 mt.,1792 mm,4532 mm,1497 mm,,520 lt,,2021 Fiat Egea 1.4 Fire 95 HP Urban,,,,,,2021 Fiat Egea 1.4 Fire 95 HP Urban Test Sürüşü Talep Sayfası,2021 Fiat Egea 1.4 Fire 95 HP Urban Ürün Kataloğu,"3 Yıl Boya
5 Yıl / 100 Bin Km Mekanik
8 Yıl Paslanmazlık",Fiat Acil Servis 444 2255,Var,,,,,,Atmosferik,,4,1368 cc,Çok Noktadan Enjeksiyon,11.8 saniye,186 km/s,127 nm,95 BG,İtalya,Sedan,Binek,Urban,Sedan,2021,İçten Yanmalı (Standart),2197 tl/yıl,C,Egea,Benzin,https://www.epey.com/araba/2021-fiat-egea-1-4-fire-95-hp-urban.html,,,,,,,150 g/km,6.5 lt,50 lt,Euro 6d-FINAL,,,,3 yıldız,2021 Fiat Egea 1.4 Fire 95 HP Urban NCAP/ANCAP Web Sayfası,2016,Var,,,,,,,,Önden Çekişli,,,,,6 ileri,Manuel,
1300 kg,10.90 mt.,1792 mm,4532 mm,1497 mm,,520 lt,,2021 Fiat Egea 1.6 Multijet 130 HP Lounge,,,,,,2021 Fiat Egea 1.6 Multijet 130 HP Lounge Test Sürüşü Talep Sayfası,2021 Fiat Egea 1.6 Multijet 130 HP Lounge Ürün Kataloğu,"3 Yıl Boya
5 Yıl / 100 Bin Km Mekanik
8 Yıl Paslanmazlık",Fiat Acil Servis 444 2255,Var,,,,,,Turbo,,4,1598 cc,Common Rail Direkt Enjeksiyon,9.6 saniye,212 km/s,320 nm,130 BG,İtalya,Sedan,Binek,Lounge,Sedan,2021,İçten Yanmalı (Standart),2197 tl/yıl,C,Egea,Dizel,https://www.epey.com/araba/2021-fiat-egea-1-6-multijet-130-hp-lounge.html,,,,,,,118 g/km,4.5 lt,50 lt,Euro 6d-FINAL,,,,3 yıldız,2021 Fiat Egea 1.6 Multijet 130 HP Lounge NCAP/ANCAP Web Sayfası,2016,Var,,,,,,,,Önden Çekişli,,,,,6 ileri,Manuel,
1300 kg,10.90 mt.,1792 mm,4532 mm,1497 mm,,520 lt,,2021 Fiat Egea 1.6 Multijet 130 HP Urban,,,,,,2021 Fiat Egea 1.6 Multijet 130 HP Urban Test Sürüşü Talep Sayfası,2021 Fiat Egea 1.6 Multijet 130 HP Urban Ürün Kataloğu,"3 Yıl Boya
5 Yıl / 100 Bin Km Mekanik
8 Yıl Paslanmazlık",Fiat Acil Servis 444 2255,Var,,,,,,Turbo,,4,1598 cc,Common Rail Direkt Enjeksiyon,9.6 saniye,212 km/s,320 nm,130 BG,İtalya,Sedan,Binek,Urban,Sedan,2021,İçten Yanmalı (Standart),2197 tl/yıl,C,Egea,Dizel,https://www.epey.com/araba/2021-fiat-egea-1-6-multijet-130-hp-urban.html,,,,,,,118 g/km,4.5 lt,50 lt,Euro 6d-FINAL,,,,3 yıldız,2021 Fiat Egea 1.6 Multijet 130 HP Urban NCAP/ANCAP Web Sayfası,2016,Var,,,,,,,,Önden Çekişli,,,,,6 ileri,Manuel,
1260 kg,10.90 mt.,1802 mm,4386 mm,1556 mm,,440 lt,,2021 Fiat Egea Cross 1.0 Firefly 100 HP Lounge,,,,,,2021 Fiat Egea Cross 1.0 Firefly 100 HP Lounge Test Sürüşü Talep Sayfası,2021 Fiat Egea Cross 1.0 Firefly 100 HP Lounge Ürün Kataloğu,5 Yıl / 100 Bin Km Mekanik,Fiat Acil Servis 444 2255,Var,,,,,,Turbo,,3,999 cc,Direkt Enjeksiyon,12.2 saniye,183 km/s,190 nm,100 BG,İtalya,Cross,Binek,Lounge,SUV,2021,İçten Yanmalı (Standart),1261 tl/yıl,C,Egea,Benzin,https://www.epey.com/araba/2021-fiat-egea-cross-1-0-firefly-100-hp-lounge.html,,,,,,,131 g/km,5.7 lt,50 lt,Euro 6d-FINAL,,,,3 yıldız,2021 Fiat Egea Cross 1.0 Firefly 100 HP Lounge NCAP/ANCAP Web Sayfası,2016,Var,,,,,,,,Önden Çekişli,,,,,5 ileri,Manuel,
1260 kg,10.90 mt.,1802 mm,4386 mm,1556 mm,,440 lt,,2021 Fiat Egea Cross 1.0 Firefly 100 HP Street,,,,,,2021 Fiat Egea Cross 1.0 Firefly 100 HP Street Test Sürüşü Talep Sayfası,2021 Fiat Egea Cross 1.0 Firefly 100 HP Street Ürün Kataloğu,5 Yıl / 100 Bin Km Mekanik,Fiat Acil Servis 444 2255,Var,,,,,,Turbo,,3,999 cc,Direkt Enjeksiyon,12.2 saniye,183 km/s,190 nm,100 BG,İtalya,Cross,Binek,Street,SUV,2021,İçten Yanmalı (Standart),1261 tl/yıl,C,Egea,Benzin,https://www.epey.com/araba/2021-fiat-egea-cross-1-0-firefly-100-hp-street.html,,,,,,,131 g/km,5.7 lt,50 lt,Euro 6d-FINAL,,,,3 yıldız,2021 Fiat Egea Cross 1.0 Firefly 100 HP Street NCAP/ANCAP Web Sayfası,2016,Var,,,,,,,,Önden Çekişli,,,,,5 ileri,Manuel,
1260 kg,10.90 mt.,1802 mm,4386 mm,1556 mm,,440 lt,,2021 Fiat Egea Cross 1.0 Firefly 100 HP Urban,,,,,,2021 Fiat Egea Cross 1.0 Firefly 100 HP Urban Test Sürüşü Talep Sayfası,2021 Fiat Egea Cross 1.0 Firefly 100 HP Urban Ürün Kataloğu,5 Yıl / 100 Bin Km Mekanik,Fiat Acil Servis 444 2255,Var,,,,,,Turbo,,3,999 cc,Direkt Enjeksiyon,12.2 saniye,183 km/s,190 nm,100 BG,İtalya,Cross,Binek,Urban,SUV,2021,İçten Yanmalı (Standart),1261 tl/yıl,C,Egea,Benzin,https://www.epey.com/araba/2021-fiat-egea-cross-1-0-firefly-100-hp-urban.html,,,,,,,131 g/km,5.7 lt,50 lt,Euro 6d-FINAL,,,,3 yıldız,2021 Fiat Egea Cross 1.0 Firefly 100 HP Urban NCAP/ANCAP Web Sayfası,2016,Var,,,,,,,,Önden Çekişli,,,,,5 ileri,Manuel,
1315 kg,10.90 mt.,1802 mm,4386 mm,1556 mm,,440 lt,,2021 Fiat Egea Cross 1.3 Mjet 95 HP Street,,,,,,2021 Fiat Egea Cross 1.3 Mjet 95 HP Street Test Sürüşü Talep Sayfası,2021 Fiat Egea Cross 1.3 Mjet 95 HP Street Ürün Kataloğu,5 Yıl / 100 Bin Km Mekanik,Fiat Acil Servis 444 2255,Var,,,,,,Turbo,,4,1248 cc,Common Rail Direkt Enjeksiyon,13.8 saniye,173 km/s,200 nm,95 BG,İtalya,Cross,Binek,Street,SUV,2021,İçten Yanmalı (Standart),1261 tl/yıl,C,Egea,Dizel,https://www.epey.com/araba/2021-fiat-egea-cross-1-3-mjet-95-hp-street.html,,,,,,,118 g/km,4.5 lt,50 lt,Euro 6d-FINAL,,,,3 yıldız,2021 Fiat Egea Cross 1.3 Mjet 95 HP Street NCAP/ANCAP Web Sayfası,2016,Var,,,,,,,,Önden Çekişli,,,,,5 ileri,Manuel,
1315 kg,10.90 mt.,1802 mm,4386 mm,1556 mm,,440 lt,,2021 Fiat Egea Cross 1.3 Mjet 95 HP Urban,,,,,,2021 Fiat Egea Cross 1.3 Mjet 95 HP Urban Test Sürüşü Talep Sayfası,2021 Fiat Egea Cross 1.3 Mjet 95 HP Urban Ürün Kataloğu,5 Yıl / 100 Bin Km Mekanik,Fiat Acil Servis 444 2255,Var,,,,,,Turbo,,4,1248 cc,Common Rail Direkt Enjeksiyon,13.8 saniye,173 km/s,200 nm,95 BG,İtalya,Cross,Binek,Urban,SUV,2021,İçten Yanmalı (Standart),1261 tl/yıl,C,Egea,Dizel,https://www.epey.com/araba/2021-fiat-egea-cross-1-3-mjet-95-hp-urban.html,,,,,,,118 g/km,4.5 lt,50 lt,Euro 6d-FINAL,,,,3 yıldız,2021 Fiat Egea Cross 1.3 Mjet 95 HP Urban NCAP/ANCAP Web Sayfası,2016,Var,,,,,,,,Önden Çekişli,,,,,5 ileri,Manuel,
1220 kg,10.90 mt.,1802 mm,4386 mm,1556 mm,,440 lt,,2021 Fiat Egea Cross 1.4 Fire 95 HP Lounge,,,,,,2021 Fiat Egea Cross 1.4 Fire 95 HP Lounge Test Sürüşü Talep Sayfası,2021 Fiat Egea Cross 1.4 Fire 95 HP Lounge Ürün Kataloğu,5 Yıl / 100 Bin Km Mekanik,Fiat Acil Servis 444 2255,Var,,,,,,Atmosferik,,4,1368 cc,Çok Noktadan Enjeksiyon,12.9 saniye,174 km/s,127 nm,95 BG,İtalya,Cross,Binek,Lounge,SUV,2021,İçten Yanmalı (Standart),2197 tl/yıl,C,Egea,Benzin,https://www.epey.com/araba/2021-fiat-egea-cross-1-4-fire-95-hp-lounge.html,,,,,,,157 g/km,6.9 lt,50 lt,Euro 6d-FINAL,,,,3 yıldız,2021 Fiat Egea Cross 1.4 Fire 95 HP Lounge NCAP/ANCAP Web Sayfası,2016,Var,,,,,,,,Önden Çekişli,,,,,6 ileri,Manuel,
1220 kg,10.90 mt.,1802 mm,4386 mm,1556 mm,,440 lt,,2021 Fiat Egea Cross 1.4 Fire 95 HP Street,,,,,,2021 Fiat Egea Cross 1.4 Fire 95 HP Street Test Sürüşü Talep Sayfası,2021 Fiat Egea Cross 1.4 Fire 95 HP Street Ürün Kataloğu,5 Yıl / 100 Bin Km Mekanik,Fiat Acil Servis 444 2255,Var,,,,,,Atmosferik,,4,1368 cc,Çok Noktadan Enjeksiyon,12.9 saniye,174 km/s,127 nm,95 BG,İtalya,Cross,Binek,Street,SUV,2021,İçten Yanmalı (Standart),2197 tl/yıl,C,Egea,Benzin,https://www.epey.com/araba/2021-fiat-egea-cross-1-4-fire-95-hp-street.html,,,,,,,157 g/km,6.9 lt,50 lt,Euro 6d-FINAL,,,,3 yıldız,2021 Fiat Egea Cross 1.4 Fire 95 HP Street NCAP/ANCAP Web Sayfası,2016,Var,,,,,,,,Önden Çekişli,,,,,6 ileri,Manuel,
1220 kg,10.90 mt.,1802 mm,4386 mm,1556 mm,,440 lt,,2021 Fiat Egea Cross 1.4 Fire 95 HP Urban,,,,,,2021 Fiat Egea Cross 1.4 Fire 95 HP Urban Test Sürüşü Talep Sayfası,2021 Fiat Egea Cross 1.4 Fire 95 HP Urban Ürün Kataloğu,5 Yıl / 100 Bin Km Mekanik,Fiat Acil Servis 444 2255,Var,,,,,,Atmosferik,,4,1368 cc,Çok Noktadan Enjeksiyon,12.9 saniye,174 km/s,127 nm,95 BG,İtalya,Cross,Binek,Urban,SUV,2021,İçten Yanmalı (Standart),2197 tl/yıl,C,Egea,Benzin,https://www.epey.com/araba/2021-fiat-egea-cross-1-4-fire-95-hp-urban.html,,,,,,,157 g/km,6.9 lt,50 lt,Euro 6d-FINAL,,,,3 yıldız,2021 Fiat Egea Cross 1.4 Fire 95 HP Urban NCAP/ANCAP Web Sayfası,2016,Var,,,,,,,,Önden Çekişli,,,,,6 ileri,Manuel,
1360 kg,10.90 mt.,1802 mm,4386 mm,1556 mm,,440 lt,,2021 Fiat Egea Cross 1.6 Mjet 130 HP Lounge,,,,,,2021 Fiat Egea Cross 1.6 Mjet 130 HP Lounge Test Sürüşü Talep Sayfası,2021 Fiat Egea Cross 1.6 Mjet 130 HP Lounge Ürün Kataloğu,5 Yıl / 100 Bin Km Mekanik,Fiat Acil Servis 444 2255,Var,,,,,,Turbo,,4,1598 cc,Common Rail Direkt Enjeksiyon,10.5 saniye,200 km/s,320 nm,130 BG,İtalya,Cross,Binek,Lounge,SUV,2021,İçten Yanmalı (Standart),2197 tl/yıl,C,Egea,Dizel,https://www.epey.com/araba/2021-fiat-egea-cross-1-6-mjet-130-hp-lounge.html,,,,,,,123 g/km,4.7 lt,50 lt,Euro 6d-FINAL,,,,3 yıldız,2021 Fiat Egea Cross 1.6 Mjet 130 HP Lounge NCAP/ANCAP Web Sayfası,2016,Var,,,,,,,,Önden Çekişli,,,,,6 ileri,Manuel,
1360 kg,10.90 mt.,1802 mm,4386 mm,1556 mm,,440 lt,,2021 Fiat Egea Cross 1.6 Mjet 130 HP Urban,,,,,,2021 Fiat Egea Cross 1.6 Mjet 130 HP Urban Test Sürüşü Talep Sayfası,2021 Fiat Egea Cross 1.6 Mjet 130 HP Urban Ürün Kataloğu,5 Yıl / 100 Bin Km Mekanik,Fiat Acil Servis 444 2255,Var,,,,,,Turbo,,4,1598 cc,Common Rail Direkt Enjeksiyon,10.5 saniye,200 km/s,320 nm,130 BG,İtalya,Cross,Binek,Urban,SUV,2021,İçten Yanmalı (Standart),2197 tl/yıl,C,Egea,Dizel,https://www.epey.com/araba/2021-fiat-egea-cross-1-6-mjet-130-hp-urban.html,,,,,,,123 g/km,4.7 lt,50 lt,Euro 6d-FINAL,,,,3 yıldız,2021 Fiat Egea Cross 1.6 Mjet 130 HP Urban NCAP/ANCAP Web Sayfası,2016,Var,,,,,,,,Önden Çekişli,,,,,6 ileri,Manuel,
1240 kg,10.90 mt.,1792 mm,4368 mm,1495 mm,,,,2021 Fiat Egea HB 1.0 Firefly 100 HP Lounge,,,,,,2021 Fiat Egea HB 1.0 Firefly 100 HP Lounge Test Sürüşü Talep Sayfası,2021 Fiat Egea HB 1.0 Firefly 100 HP Lounge Ürün Kataloğu,5 Yıl / 100 Bin Km Mekanik,Fiat Acil Servis 444 2255,Var,,,,,,Turbo,,3,999 cc,Direkt Enjeksiyon,11.8 saniye,192 km/s,190 nm,100 BG,İtalya,Hatchback,Binek,Lounge,Hatchback,2021,İçten Yanmalı (Standart),1261 tl/yıl,C,Egea,Benzin,https://www.epey.com/araba/2021-fiat-egea-hb-1-0-firefly-100-hp-lounge.html,,,,,,,132 g/km,5.7 lt,50 lt,Euro 6d-FINAL,,,,3 yıldız,2021 Fiat Egea HB 1.0 Firefly 100 HP Lounge NCAP/ANCAP Web Sayfası,2016,Var,,,,,,,,Önden Çekişli,,,,,5 ileri,Manuel,
1240 kg,10.90 mt.,1792 mm,4368 mm,1495 mm,,,,2021 Fiat Egea HB 1.0 Firefly 100 HP Urban,,,,,,2021 Fiat Egea HB 1.0 Firefly 100 HP Urban Test Sürüşü Talep Sayfası,2021 Fiat Egea HB 1.0 Firefly 100 HP Urban Ürün Kataloğu,5 Yıl / 100 Bin Km Mekanik,Fiat Acil Servis 444 2255,Var,,,,,,Turbo,,3,999 cc,Direkt Enjeksiyon,11.8 saniye,192 km/s,190 nm,100 BG,İtalya,Hatchback,Binek,Urban,Hatchback,2021,İçten Yanmalı (Standart),1261 tl/yıl,C,Egea,Benzin,https://www.epey.com/araba/2021-fiat-egea-hb-1-0-firefly-100-hp-urban.html,,,,,,,132 g/km,5.7 lt,50 lt,Euro 6d-FINAL,,,,3 yıldız,2021 Fiat Egea HB 1.0 Firefly 100 HP Urban NCAP/ANCAP Web Sayfası,2016,Var,,,,,,,,Önden Çekişli,,,,,5 ileri,Manuel,
1295 kg,10.90 mt.,1792 mm,4368 mm,1495 mm,,,,2021 Fiat Egea HB 1.3 Mjet 95 HP Lounge,,,,,,2021 Fiat Egea HB 1.3 Mjet 95 HP Lounge Test Sürüşü Talep Sayfası,2021 Fiat Egea HB 1.3 Mjet 95 HP Lounge Ürün Kataloğu,5 Yıl / 100 Bin Km Mekanik,Fiat Acil Servis 444 2255,Var,,,,,,Turbo,,4,1248 cc,Common Rail Direkt Enjeksiyon,13.3 saniye,181 km/s,200 nm,95 BG,İtalya,Hatchback,Binek,Lounge,Hatchback,2021,İçten Yanmalı (Standart),1261 tl/yıl,C,Egea,Dizel,https://www.epey.com/araba/2021-fiat-egea-hb-1-3-mjet-95-hp-lounge.html,,,,,,,119 g/km,4.5 lt,50 lt,Euro 6d-FINAL,,,,3 yıldız,2021 Fiat Egea HB 1.3 Mjet 95 HP Lounge NCAP/ANCAP Web Sayfası,2016,Var,,,,,,,,Önden Çekişli,,,,,5 ileri,Manuel,
1295 kg,10.90 mt.,1792 mm,4368 mm,1495 mm,,,,2021 Fiat Egea HB 1.3 Mjet 95 HP Street,,,,,,2021 Fiat Egea HB 1.3 Mjet 95 HP Street Test Sürüşü Talep Sayfası,2021 Fiat Egea HB 1.3 Mjet 95 HP Street Ürün Kataloğu,5 Yıl / 100 Bin Km Mekanik,Fiat Acil Servis 444 2255,Var,,,,,,Turbo,,4,1248 cc,Common Rail Direkt Enjeksiyon,13.3 saniye,181 km/s,200 nm,95 BG,İtalya,Hatchback,Binek,Street,Hatchback,2021,İçten Yanmalı (Standart),1261 tl/yıl,C,Egea,Dizel,https://www.epey.com/araba/2021-fiat-egea-hb-1-3-mjet-95-hp-street.html,,,,,,,119 g/km,4.5 lt,50 lt,Euro 6d-FINAL,,,,3 yıldız,2021 Fiat Egea HB 1.3 Mjet 95 HP Street NCAP/ANCAP Web Sayfası,2016,Var,,,,,,,,Önden Çekişli,,,,,5 ileri,Manuel,
1295 kg,10.90 mt.,1792 mm,4368 mm,1495 mm,,,,2021 Fiat Egea HB 1.3 Mjet 95 HP Urban,,,,,,2021 Fiat Egea HB 1.3 Mjet 95 HP Urban Test Sürüşü Talep Sayfası,2021 Fiat Egea HB 1.3 Mjet 95 HP Urban Ürün Kataloğu,5 Yıl / 100 Bin Km Mekanik,Fiat Acil Servis 444 2255,Var,,,,,,Turbo,,4,1248 cc,Common Rail Direkt Enjeksiyon,13.3 saniye,181 km/s,200 nm,95 BG,İtalya,Hatchback,Binek,Urban,Hatchback,2021,İçten Yanmalı (Standart),1261 tl/yıl,C,Egea,Dizel,https://www.epey.com/araba/2021-fiat-egea-hb-1-3-mjet-95-hp-urban.html,,,,,,,119 g/km,4.5 lt,50 lt,Euro 6d-FINAL,,,,3 yıldız,2021 Fiat Egea HB 1.3 Mjet 95 HP Urban NCAP/ANCAP Web Sayfası,2016,Var,,,,,,,,Önden Çekişli,,,,,5 ileri,Manuel,
1200 kg,10.90 mt.,1792 mm,4368 mm,1495 mm,,,,2021 Fiat Egea HB 1.4 Fire 95 HP Lounge,,,,,,2021 Fiat Egea HB 1.4 Fire 95 HP Lounge Test Sürüşü Talep Sayfası,2021 Fiat Egea HB 1.4 Fire 95 HP Lounge Ürün Kataloğu,5 Yıl / 100 Bin Km Mekanik,Fiat Acil Servis 444 2255,Var,,,,,,Atmosferik,,4,1368 cc,Çok Noktadan Enjeksiyon,12.4 saniye,182 km/s,127 nm,95 BG,İtalya,Hatchback,Binek,Lounge,Hatchback,2021,İçten Yanmalı (Standart),2197 tl/yıl,C,Egea,Benzin,https://www.epey.com/araba/2021-fiat-egea-hb-1-4-fire-95-hp-lounge.html,,,,,,,158 g/km,6.8 lt,50 lt,Euro 6d-FINAL,,,,3 yıldız,2021 Fiat Egea HB 1.4 Fire 95 HP Lounge NCAP/ANCAP Web Sayfası,2016,Var,,,,,,,,Önden Çekişli,,,,,6 ileri,Manuel,
1200 kg,10.90 mt.,1792 mm,4368 mm,1495 mm,,,,2021 Fiat Egea HB 1.4 Fire 95 HP Street,,,,,,2021 Fiat Egea HB 1.4 Fire 95 HP Street Test Sürüşü Talep Sayfası,2021 Fiat Egea HB 1.4 Fire 95 HP Street Ürün Kataloğu,5 Yıl / 100 Bin Km Mekanik,Fiat Acil Servis 444 2255,Var,,,,,,Atmosferik,,4,1368 cc,Çok Noktadan Enjeksiyon,12.4 saniye,182 km/s,127 nm,95 BG,İtalya,Hatchback,Binek,Street,Hatchback,2021,İçten Yanmalı (Standart),2197 tl/yıl,C,Egea,Benzin,https://www.epey.com/araba/2021-fiat-egea-hb-1-4-fire-95-hp-street.html,,,,,,,158 g/km,6.8 lt,50 lt,Euro 6d-FINAL,,,,3 yıldız,2021 Fiat Egea HB 1.4 Fire 95 HP Street NCAP/ANCAP Web Sayfası,2016,Var,,,,,,,,Önden Çekişli,,,,,6 ileri,Manuel,
1200 kg,10.90 mt.,1792 mm,4368 mm,1495 mm,,,,2021 Fiat Egea HB 1.4 Fire 95 HP Urban,,,,,,2021 Fiat Egea HB 1.4 Fire 95 HP Urban Test Sürüşü Talep Sayfası,2021 Fiat Egea HB 1.4 Fire 95 HP Urban Ürün Kataloğu,5 Yıl / 100 Bin Km Mekanik,Fiat Acil Servis 444 2255,Var,,,,,,Atmosferik,,4,1368 cc,Çok Noktadan Enjeksiyon,12.4 saniye,182 km/s,127 nm,95 BG,İtalya,Hatchback,Binek,Urban,Hatchback,2021,İçten Yanmalı (Standart),2197 tl/yıl,C,Egea,Benzin,https://www.epey.com/araba/2021-fiat-egea-hb-1-4-fire-95-hp-urban.html,,,,,,,158 g/km,6.8 lt,50 lt,Euro 6d-FINAL,,,,3 yıldız,2021 Fiat Egea HB 1.4 Fire 95 HP Urban NCAP/ANCAP Web Sayfası,2016,Var,,,,,,,,Önden Çekişli,,,,,6 ileri,Manuel,
1340 kg,10.90 mt.,1792 mm,4368 mm,1495 mm,,,,2021 Fiat Egea HB 1.6 Mjet 130 HP Lounge,,,,,,2021 Fiat Egea HB 1.6 Mjet 130 HP Lounge Test Sürüşü Talep Sayfası,2021 Fiat Egea HB 1.6 Mjet 130 HP Lounge Ürün Kataloğu,5 Yıl / 100 Bin Km Mekanik,Fiat Acil Servis 444 2255,Var,,,,,,Turbo,,4,1598 cc,Common Rail Direkt Enjeksiyon,9.8 saniye,208 km/s,320 nm,130 BG,İtalya,Hatchback,Binek,Lounge,Hatchback,2021,İçten Yanmalı (Standart),2197 tl/yıl,C,Egea,Dizel,https://www.epey.com/araba/2021-fiat-egea-hb-1-6-mjet-130-hp-lounge.html,,,,,,,123 g/km,4.7 lt,50 lt,Euro 6d-FINAL,,,,3 yıldız,2021 Fiat Egea HB 1.6 Mjet 130 HP Lounge NCAP/ANCAP Web Sayfası,2016,Var,,,,,,,,Önden Çekişli,,,,,6 ileri,Manuel,
1340 kg,10.90 mt.,1792 mm,4368 mm,1495 mm,,,,2021 Fiat Egea HB 1.6 Mjet 130 HP Urban,,,,,,2021 Fiat Egea HB 1.6 Mjet 130 HP Urban Test Sürüşü Talep Sayfası,2021 Fiat Egea HB 1.6 Mjet 130 HP Urban Ürün Kataloğu,5 Yıl / 100 Bin Km Mekanik,Fiat Acil Servis 444 2255,Var,,,,,,Turbo,,4,1598 cc,Common Rail Direkt Enjeksiyon,9.8 saniye,208 km/s,320 nm,130 BG,İtalya,Hatchback,Binek,Urban,Hatchback,2021,İçten Yanmalı (Standart),2197 tl/yıl,C,Egea,Dizel,https://www.epey.com/araba/2021-fiat-egea-hb-1-6-mjet-130-hp-urban.html,,,,,,,123 g/km,4.7 lt,50 lt,Euro 6d-FINAL,,,,3 yıldız,2021 Fiat Egea HB 1.6 Mjet 130 HP Urban NCAP/ANCAP Web Sayfası,2016,Var,,,,,,,,Önden Çekişli,,,,,6 ileri,Manuel,
1257 kg,,1716 mm,3864 mm,1721 mm,2500 lt,356 lt,,2021 Fiat Fiorino Combi 1.3 Mjet 95 Pop,,,,,,2021 Fiat Fiorino Combi 1.3 Mjet 95 Pop Test Sürüşü Talep Sayfası,2021 Fiat Fiorino Combi 1.3 Mjet 95 Pop Ürün Kataloğu,"3 Yıl / 150 Bin Km Mekanik
3 Yıl Boya
8 Yıl Paslanmazlık","Fiat Acil Servis 444 2255
1 Yıl Ücretsiz (Garanti Süresi İçinde)",Var,,,,,,Turbo,,4,1248 cc,Common Rail Direkt Enjeksiyon,,167 km/s,200 nm,95 BG,İtalya,Combi,Binek,Pop,Kombi,2021,İçten Yanmalı (Standart),1675 tl/yıl,Mini Ticari,Fiorino,Dizel,https://www.epey.com/araba/2021-fiat-fiorino-combi-1-3-mjet-95-pop.html,,,,,,,125 g/km,4.7 lt,45 lt,,4.0 lt,6.0 lt,,3 yıldız,2021 Fiat Fiorino Combi 1.3 Mjet 95 Pop NCAP/ANCAP Web Sayfası,2010,Var,,,,,,,,Önden Çekişli,,,,,5 ileri,Manuel,
1257 kg,,1716 mm,3864 mm,1721 mm,2500 lt,356 lt,,2021 Fiat Fiorino Combi 1.3 Mjet 95 Premio,,,,,,2021 Fiat Fiorino Combi 1.3 Mjet 95 Premio Test Sürüşü Talep Sayfası,2021 Fiat Fiorino Combi 1.3 Mjet 95 Premio Ürün Kataloğu,"3 Yıl / 150 Bin Km Mekanik
3 Yıl Boya
8 Yıl Paslanmazlık","Fiat Acil Servis 444 2255
1 Yıl Ücretsiz (Garanti Süresi İçinde)",Var,,,,,,Turbo,,4,1248 cc,Common Rail Direkt Enjeksiyon,,167 km/s,200 nm,95 BG,İtalya,Combi,Binek,Premio,Kombi,2021,İçten Yanmalı (Standart),1675 tl/yıl,Mini Ticari,Fiorino,Dizel,https://www.epey.com/araba/2021-fiat-fiorino-combi-1-3-mjet-95-premio.html,,,,,,,125 g/km,4.7 lt,45 lt,,4.0 lt,6.0 lt,,3 yıldız,2021 Fiat Fiorino Combi 1.3 Mjet 95 Premio NCAP/ANCAP Web Sayfası,2010,Var,,,,,,,,Önden Çekişli,,,,,5 ileri,Manuel,
1257 kg,,1716 mm,3864 mm,1721 mm,2500 lt,356 lt,,2021 Fiat Fiorino Combi 1.3 Mjet 95 Safeline,,,,,,2021 Fiat Fiorino Combi 1.3 Mjet 95 Safeline Test Sürüşü Talep Sayfası,2021 Fiat Fiorino Combi 1.3 Mjet 95 Safeline Ürün Kataloğu,"3 Yıl / 150 Bin Km Mekanik
3 Yıl Boya
8 Yıl Paslanmazlık","Fiat Acil Servis 444 2255
1 Yıl Ücretsiz (Garanti Süresi İçinde)",Var,,,,,,Turbo,,4,1248 cc,Common Rail Direkt Enjeksiyon,,167 km/s,200 nm,95 BG,İtalya,Combi,Binek,Safeline,Kombi,2021,İçten Yanmalı (Standart),1675 tl/yıl,Mini Ticari,Fiorino,Dizel,https://www.epey.com/araba/2021-fiat-fiorino-combi-1-3-mjet-95-safeline.html,,,,,,,125 g/km,4.7 lt,45 lt,,4.0 lt,6.0 lt,,3 yıldız,2021 Fiat Fiorino Combi 1.3 Mjet 95 Safeline NCAP/ANCAP Web Sayfası,2010,Var,,,,,,,,Önden Çekişli,,,,,5 ileri,Manuel,
1257 kg,,1716 mm,3864 mm,1721 mm,2500 lt,356 lt,,2021 Fiat Fiorino Combi 1.3 Mjet 95 Urban,,,,,,2021 Fiat Fiorino Combi 1.3 Mjet 95 Urban Test Sürüşü Talep Sayfası,2021 Fiat Fiorino Combi 1.3 Mjet 95 Urban Ürün Kataloğu,"3 Yıl / 150 Bin Km Mekanik
3 Yıl Boya
8 Yıl Paslanmazlık","Fiat Acil Servis 444 2255
1 Yıl Ücretsiz (Garanti Süresi İçinde)",Var,,,,,,Turbo,,4,1248 cc,Common Rail Direkt Enjeksiyon,,167 km/s,200 nm,95 BG,İtalya,Combi,Binek,Urban,Kombi,2021,İçten Yanmalı (Standart),1675 tl/yıl,Mini Ticari,Fiorino,Dizel,https://www.epey.com/araba/2021-fiat-fiorino-combi-1-3-mjet-95-urban.html,,,,,,,125 g/km,4.7 lt,45 lt,,4.0 lt,6.0 lt,,3 yıldız,2021 Fiat Fiorino Combi 1.3 Mjet 95 Urban NCAP/ANCAP Web Sayfası,2010,Var,,,,,,,,Önden Çekişli,,,,,5 ileri,Manuel,
1257 kg,,1716 mm,3864 mm,1721 mm,2500 lt,356 lt,,2021 Fiat Fiorino Combi 1.4 EKO 77 HP Pop,,,,,,2021 Fiat Fiorino Combi 1.4 EKO 77 HP Pop Test Sürüşü Talep Sayfası,2021 Fiat Fiorino Combi 1.4 EKO 77 HP Pop Ürün Kataloğu,"3 Yıl / 150 Bin Km Mekanik
3 Yıl Boya
8 Yıl Paslanmazlık","Fiat Acil Servis 444 2255
1 Yıl Ücretsiz (Garanti Süresi İçinde)",Var,,,,,,Atmosferik,,4,1368 cc,Çok Noktadan Enjeksiyon,,155 km/s,110 nm,77 BG,İtalya,Combi,Binek,Pop,Kombi,2021,İçten Yanmalı (Standart),1675 tl/yıl,Mini Ticari,Fiorino,Benzin & LPG,https://www.epey.com/araba/2021-fiat-fiorino-combi-1-4-eko-77-hp-pop.html,Var,,30 lt,8.3 lt,7.0 lt,10.7 lt,143 g/km,7.3 lt,45 lt,,6.1 lt,9.4 lt,,3 yıldız,2021 Fiat Fiorino Combi 1.4 EKO 77 HP Pop NCAP/ANCAP Web Sayfası,2010,Var,,,,,,,,Önden Çekişli,,,,,5 ileri,Manuel,
1257 kg,,1716 mm,3864 mm,1721 mm,2500 lt,356 lt,,2021 Fiat Fiorino Combi 1.4 EKO 77 HP Premio,,,,,,2021 Fiat Fiorino Combi 1.4 EKO 77 HP Premio Test Sürüşü Talep Sayfası,2021 Fiat Fiorino Combi 1.4 EKO 77 HP Premio Ürün Kataloğu,"3 Yıl / 150 Bin Km Mekanik
3 Yıl Boya
8 Yıl Paslanmazlık","Fiat Acil Servis 444 2255
1 Yıl Ücretsiz (Garanti Süresi İçinde)",Var,,,,,,Atmosferik,,4,1368 cc,Çok Noktadan Enjeksiyon,,155 km/s,110 nm,77 BG,İtalya,Combi,Binek,Premio,Kombi,2021,İçten Yanmalı (Standart),1675 tl/yıl,Mini Ticari,Fiorino,Benzin & LPG,https://www.epey.com/araba/2021-fiat-fiorino-combi-1-4-eko-77-hp-premio.html,Var,,30 lt,8.3 lt,7.0 lt,10.7 lt,143 g/km,7.3 lt,45 lt,,6.1 lt,9.4 lt,,3 yıldız,2021 Fiat Fiorino Combi 1.4 EKO 77 HP Premio NCAP/ANCAP Web Sayfası,2010,Var,,,,,,,,Önden Çekişli,,,,,5 ileri,Manuel,
1257 kg,,1716 mm,3864 mm,1721 mm,2500 lt,356 lt,,2021 Fiat Fiorino Combi 1.4 EKO 77 HP Safeline,,,,,,2021 Fiat Fiorino Combi 1.4 EKO 77 HP Safeline Test Sürüşü Talep Sayfası,2021 Fiat Fiorino Combi 1.4 EKO 77 HP Safeline Ürün Kataloğu,"3 Yıl / 150 Bin Km Mekanik
3 Yıl Boya
8 Yıl Paslanmazlık","Fiat Acil Servis 444 2255
1 Yıl Ücretsiz (Garanti Süresi İçinde)",Var,,,,,,Atmosferik,,4,1368 cc,Çok Noktadan Enjeksiyon,,155 km/s,110 nm,77 BG,İtalya,Combi,Binek,Safeline,Kombi,2021,İçten Yanmalı (Standart),1675 tl/yıl,Mini Ticari,Fiorino,Benzin & LPG,https://www.epey.com/araba/2021-fiat-fiorino-combi-1-4-eko-77-hp-safeline.html,Var,,30 lt,8.3 lt,7.0 lt,10.7 lt,143 g/km,7.3 lt,45 lt,,6.1 lt,9.4 lt,,3 yıldız,2021 Fiat Fiorino Combi 1.4 EKO 77 HP Safeline NCAP/ANCAP Web Sayfası,2010,Var,,,,,,,,Önden Çekişli,,,,,5 ileri,Manuel,
1257 kg,,1716 mm,3864 mm,1721 mm,2500 lt,356 lt,,2021 Fiat Fiorino Combi 1.4 Fire 77 HP Pop,,,,,,2021 Fiat Fiorino Combi 1.4 Fire 77 HP Pop Test Sürüşü Talep Sayfası,2021 Fiat Fiorino Combi 1.4 Fire 77 HP Pop Ürün Kataloğu,"3 Yıl / 150 Bin Km Mekanik
3 Yıl Boya
8 Yıl Paslanmazlık","Fiat Acil Servis 444 2255
1 Yıl Ücretsiz (Garanti Süresi İçinde)",Var,,,,,,Atmosferik,,4,1368 cc,Çok Noktadan Enjeksiyon,,156 km/s,115 nm,77 BG,İtalya,Combi,Binek,Pop,Kombi,2021,İçten Yanmalı (Standart),1675 tl/yıl,Mini Ticari,Fiorino,Benzin,https://www.epey.com/araba/2021-fiat-fiorino-combi-1-4-fire-77-hp-pop.html,,,,,,,167 g/km,7.3 lt,45 lt,,6.1 lt,9.4 lt,,3 yıldız,2021 Fiat Fiorino Combi 1.4 Fire 77 HP Pop NCAP/ANCAP Web Sayfası,2010,Var,,,,,,,,Önden Çekişli,,,,,5 ileri,Manuel,
1257 kg,,1716 mm,3864 mm,1721 mm,2500 lt,356 lt,,2021 Fiat Fiorino Combi 1.4 Fire 77 HP Premio,,,,,,2021 Fiat Fiorino Combi 1.4 Fire 77 HP Premio Test Sürüşü Talep Sayfası,2021 Fiat Fiorino Combi 1.4 Fire 77 HP Premio Ürün Kataloğu,"3 Yıl / 150 Bin Km Mekanik
3 Yıl Boya
8 Yıl Paslanmazlık","Fiat Acil Servis 444 2255
1 Yıl Ücretsiz (Garanti Süresi İçinde)",Var,,,,,,Atmosferik,,4,1368 cc,Çok Noktadan Enjeksiyon,,156 km/s,115 nm,77 BG,İtalya,Combi,Binek,Premio,Kombi,2021,İçten Yanmalı (Standart),1675 tl/yıl,Mini Ticari,Fiorino,Benzin,https://www.epey.com/araba/2021-fiat-fiorino-combi-1-4-fire-77-hp-premio.html,,,,,,,167 g/km,7.3 lt,45 lt,,6.1 lt,9.4 lt,,3 yıldız,2021 Fiat Fiorino Combi 1.4 Fire 77 HP Premio NCAP/ANCAP Web Sayfası,2010,Var,,,,,,,,Önden Çekişli,,,,,5 ileri,Manuel,
1257 kg,,1716 mm,3864 mm,1721 mm,2500 lt,356 lt,,2021 Fiat Fiorino Combi 1.4 Fire 77 HP Safeline,,,,,,2021 Fiat Fiorino Combi 1.4 Fire 77 HP Safeline Test Sürüşü Talep Sayfası,2021 Fiat Fiorino Combi 1.4 Fire 77 HP Safeline Ürün Kataloğu,"3 Yıl / 150 Bin Km Mekanik
3 Yıl Boya
8 Yıl Paslanmazlık","Fiat Acil Servis 444 2255
1 Yıl Ücretsiz (Garanti Süresi İçinde)",Var,,,,,,Atmosferik,,4,1368 cc,Çok Noktadan Enjeksiyon,,156 km/s,115 nm,77 BG,İtalya,Combi,Binek,Safeline,Kombi,2021,İçten Yanmalı (Standart),1675 tl/yıl,Mini Ticari,Fiorino,Benzin,https://www.epey.com/araba/2021-fiat-fiorino-combi-1-4-fire-77-hp-safeline.html,,,,,,,167 g/km,7.3 lt,45 lt,,6.1 lt,9.4 lt,,3 yıldız,2021 Fiat Fiorino Combi 1.4 Fire 77 HP Safeline NCAP/ANCAP Web Sayfası,2010,Var,,,,,,,,Önden Çekişli,,,,,5 ileri,Manuel,
1398 kg,,1825 mm,4647 mm,1454 mm,,511 lt,,2021 Ford Focus 1.5 EcoBlue 120 PS Otomatik Trend X,,,,,,2021 Ford Focus 1.5 EcoBlue 120 PS Otomatik Trend X Test Sürüşü Talep Sayfası,2021 Ford Focus 1.5 EcoBlue 120 PS Otomatik Trend X Ürün Kataloğu,,Ford Euroservis-Acil Yol Yardımı 444 3673,Var,,,,,,Turbo,EcoBlue (Yakıt Verimliliği),,1500 cc,Common Rail Direkt Enjeksiyon,10.2 saniye,196 km/s,300 nm,120 BG,Amerika,Sedan,Binek,Trend X,Sedan,2021,İçten Yanmalı (Standart),2197 tl/yıl,C,Focus,Dizel,https://www.epey.com/araba/2021-ford-focus-1-5-ecoblue-120-ps-otomatik-trend-x.html,,,,,,,115 g/km,4.4 lt,47 lt,Euro 6.2,4.1 lt,4.9 lt,,5 yıldız,2021 Ford Focus 1.5 EcoBlue 120 PS Otomatik Trend X NCAP/ANCAP Web Sayfası,2018,Var,,,,,,,,Önden Çekişli,,,,,8 ileri,Otomatik,
1367 kg,,1825 mm,4647 mm,1454 mm,,511 lt,,2021 Ford Focus 1.5 EcoBlue 120 PS Trend X,,,,,,2021 Ford Focus 1.5 EcoBlue 120 PS Trend X Test Sürüşü Talep Sayfası,2021 Ford Focus 1.5 EcoBlue 120 PS Trend X Ürün Kataloğu,,Ford Euroservis-Acil Yol Yardımı 444 3673,Var,,,,,,Turbo,EcoBlue (Yakıt Verimliliği),,1500 cc,Common Rail Direkt Enjeksiyon,10.0 saniye,199 km/s,300 nm,120 BG,Amerika,Sedan,Binek,Trend X,Sedan,2021,İçten Yanmalı (Standart),2197 tl/yıl,C,Focus,Dizel,https://www.epey.com/araba/2021-ford-focus-1-5-ecoblue-120-ps-trend-x.html,,,,,,,90 g/km,3.4 lt,47 lt,Euro 6.2,3.2 lt,3.9 lt,,5 yıldız,2021 Ford Focus 1.5 EcoBlue 120 PS Trend X NCAP/ANCAP Web Sayfası,2018,Var,,,,,,,,Önden Çekişli,Var,,,,6 ileri,Manuel,
1312 kg,,1825 mm,4647 mm,1454 mm,,511 lt,,2021 Ford Focus 1.5 Ti-VCT 123 PS Otomatik Trend X,,,,,,2021 Ford Focus 1.5 Ti-VCT 123 PS Otomatik Trend X Test Sürüşü Talep Sayfası,2021 Ford Focus 1.5 Ti-VCT 123 PS Otomatik Trend X Ürün Kataloğu,,Ford Euroservis-Acil Yol Yardımı 444 3673,Var,,,,,,Atmosferik,Ti-VCT (İkiz Egzantrik Zamanlama),,1500 cc,,12.4 saniye,194 km/s,150 nm,123 BG,Amerika,Sedan,Binek,Trend X,Sedan,2021,İçten Yanmalı (Standart),2197 tl/yıl,C,Focus,Benzin,https://www.epey.com/araba/2021-ford-focus-1-5-ti-vct-123-ps-otomatik-trend-x.html,,,,,,,150 g/km,6.6 lt,52 lt,Euro 6.2,5.1 lt,9.1 lt,,5 yıldız,2021 Ford Focus 1.5 Ti-VCT 123 PS Otomatik Trend X NCAP/ANCAP Web Sayfası,2018,Var,,,,,,,,Önden Çekişli,,,,,6 ileri,Otomatik,
1312 kg,,1825 mm,4647 mm,1454 mm,,511 lt,,2021 Ford Focus 1.5 Ti-VCT 123 PS Trend X,,,,,,2021 Ford Focus 1.5 Ti-VCT 123 PS Trend X Test Sürüşü Talep Sayfası,2021 Ford Focus 1.5 Ti-VCT 123 PS Trend X Ürün Kataloğu,,Ford Euroservis-Acil Yol Yardımı 444 3673,Var,,,,,,Atmosferik,Ti-VCT (İkiz Egzantrik Zamanlama),,1500 cc,,11.2 saniye,196 km/s,150 nm,123 BG,Amerika,Sedan,Binek,Trend X,Sedan,2021,İçten Yanmalı (Standart),2197 tl/yıl,C,Focus,Benzin,https://www.epey.com/araba/2021-ford-focus-1-5-ti-vct-123-ps-trend-x.html,,,,,,,134 g/km,6.0 lt,52 lt,Euro 6.2,4.6 lt,8.1 lt,,5 yıldız,2021 Ford Focus 1.5 Ti-VCT 123 PS Trend X NCAP/ANCAP Web Sayfası,2018,Var,,,,,,,,Önden Çekişli,,,,,6 ileri,Manuel,
1394 kg,,1825 mm,4378 mm,1452 mm,1320 lt,341 lt,,2021 Ford Focus HB 1.5 EcoBlue 120 PS Otomatik Trend X,,,,,,2021 Ford Focus HB 1.5 EcoBlue 120 PS Otomatik Trend X Test Sürüşü Talep Sayfası,2021 Ford Focus HB 1.5 EcoBlue 120 PS Otomatik Trend X Ürün Kataloğu,,Ford Euroservis-Acil Yol Yardımı 444 3673,Var,,,,,,Turbo,EcoBlue (Yakıt Verimliliği),,1500 cc,Common Rail Direkt Enjeksiyon,10.2 saniye,196 km/s,300 nm,120 BG,Amerika,Hatchback,Binek,Trend X,Hatchback,2021,İçten Yanmalı (Standart),2197 tl/yıl,C,Focus,Dizel,https://www.epey.com/araba/2021-ford-focus-hb-1-5-ecoblue-120-ps-otomatik-trend-x.html,,,,,,,115 g/km,4.4 lt,47 lt,Euro 6.2,4.1 lt,4.9 lt,,5 yıldız,2021 Ford Focus HB 1.5 EcoBlue 120 PS Otomatik Trend X NCAP/ANCAP Web Sayfası,2018,Var,,,,,,,,Önden Çekişli,,,,,8 ileri,Otomatik,
1363 kg,,1825 mm,4378 mm,1452 mm,1320 lt,341 lt,,2021 Ford Focus HB 1.5 EcoBlue 120 PS Trend X,,,,,,2021 Ford Focus HB 1.5 EcoBlue 120 PS Trend X Test Sürüşü Talep Sayfası,2021 Ford Focus HB 1.5 EcoBlue 120 PS Trend X Ürün Kataloğu,,Ford Euroservis-Acil Yol Yardımı 444 3673,Var,,,,,,Turbo,EcoBlue (Yakıt Verimliliği),,1500 cc,Common Rail Direkt Enjeksiyon,10 saniye,199 km/s,300 nm,120 BG,Amerika,Hatchback,Binek,Trend X,Hatchback,2021,İçten Yanmalı (Standart),2197 tl/yıl,C,Focus,Dizel,https://www.epey.com/araba/2021-ford-focus-hb-1-5-ecoblue-120-ps-trend-x.html,,,,,,,90 g/km,3.4 lt,47 lt,Euro 6.2,3.2 lt,3.9 lt,,5 yıldız,2021 Ford Focus HB 1.5 EcoBlue 120 PS Trend X NCAP/ANCAP Web Sayfası,2018,Var,,,,,,,,Önden Çekişli,,,,,6 ileri,Manuel,
1336 kg,,1825 mm,4378 mm,1452 mm,1320 lt,341 lt,,2021 Ford Focus HB 1.5 Ti-VCT 123 PS Otomatik Trend X,,,,,,2021 Ford Focus HB 1.5 Ti-VCT 123 PS Otomatik Trend X Test Sürüşü Talep Sayfası,2021 Ford Focus HB 1.5 Ti-VCT 123 PS Otomatik Trend X Ürün Kataloğu,,Ford Euroservis-Acil Yol Yardımı 444 3673,Var,,,,,,Atmosferik,Ti-VCT (İkiz Egzantrik Zamanlama),,1500 cc,,12.4 saniye,194 km/s,150 nm,123 BG,Amerika,Hatchback,Binek,Trend X,Hatchback,2021,İçten Yanmalı (Standart),2197 tl/yıl,C,Focus,Benzin,https://www.epey.com/araba/2021-ford-focus-hb-1-5-ti-vct-123-ps-otomatik-trend-x.html,,,,,,,150 g/km,6.6 lt,52 lt,Euro 6.2,5.1 lt,9.1 lt,,5 yıldız,2021 Ford Focus HB 1.5 Ti-VCT 123 PS Otomatik Trend X NCAP/ANCAP Web Sayfası,2018,Var,,,,,,,,Önden Çekişli,,,,,6 ileri,Otomatik,
1308 kg,,1825 mm,4378 mm,1452 mm,1320 lt,341 lt,,2021 Ford Focus HB 1.5 Ti-VCT 123 PS Trend X,,,,,,2021 Ford Focus HB 1.5 Ti-VCT 123 PS Trend X Test Sürüşü Talep Sayfası,2021 Ford Focus HB 1.5 Ti-VCT 123 PS Trend X Ürün Kataloğu,,Ford Euroservis-Acil Yol Yardımı 444 3673,Var,,,,,,Atmosferik,Ti-VCT (İkiz Egzantrik Zamanlama),,1500 cc,,11.2 saniye,196 km/s,150 nm,123 BG,Amerika,Hatchback,Binek,Trend X,Hatchback,2021,İçten Yanmalı (Standart),2197 tl/yıl,C,Focus,Benzin,https://www.epey.com/araba/2021-ford-focus-hb-1-5-ti-vct-123-ps-trend-x.html,,,,,,,134 g/km,6.0 lt,52 lt,Euro 6.2,4.6 lt,8.1 lt,,5 yıldız,2021 Ford Focus HB 1.5 Ti-VCT 123 PS Trend X NCAP/ANCAP Web Sayfası,2018,Var,,,,,,,,Önden Çekişli,,,,,6 ileri,Manuel,
1599 kg,,2000 mm,4614 mm,1678 mm,1478 lt,511 lt,,2021 Ford Kuga 1.5 EcoBlue 120 PS Otomatik ST-Line (4x2),,,,,,2021 Ford Kuga 1.5 EcoBlue 120 PS Otomatik ST-Line (4x2) Test Sürüşü Talep Sayfası,2021 Ford Kuga 1.5 EcoBlue 120 PS Otomatik ST-Line (4x2) Ürün Kataloğu,,,,,,,,,Turbo,,4,1499 cc,Common Rail Direkt Enjeksiyon,12.0 saniye,177 km/s,300 nm,120 BG,Amerika,,Binek,ST-Line,SUV,2021,İçten Yanmalı (Standart),2197 tl/yıl,C,Kuga,Dizel,https://www.epey.com/araba/2021-ford-kuga-1-5-ecoblue-120-ps-otomatik-st-line-4x2.html,,,,,,,125 g/km,4.7 lt,54 lt,Eu 6d Temp,4.2 lt,5.1 lt,,5 yıldız,2021 Ford Kuga 1.5 EcoBlue 120 PS Otomatik ST-Line (4x2) NCAP/ANCAP Web Sayfası,2019,Var,,,,,,,,Önden Çekişli,,,,,8 ileri,Otomatik,
1599 kg,,2000 mm,4614 mm,1678 mm,1478 lt,511 lt,,2021 Ford Kuga 1.5 EcoBlue 120 PS Otomatik Style (4x2),,,,,,2021 Ford Kuga 1.5 EcoBlue 120 PS Otomatik Style (4x2) Test Sürüşü Talep Sayfası,2021 Ford Kuga 1.5 EcoBlue 120 PS Otomatik Style (4x2) Ürün Kataloğu,,,,,,,,,Turbo,,4,1499 cc,Common Rail Direkt Enjeksiyon,12.0 saniye,177 km/s,300 nm,120 BG,Amerika,,Binek,Style,SUV,2021,İçten Yanmalı (Standart),2197 tl/yıl,C,Kuga,Dizel,https://www.epey.com/araba/2021-ford-kuga-1-5-ecoblue-120-ps-otomatik-style-4x2.html,,,,,,,125 g/km,4.7 lt,54 lt,Eu 6d Temp,4.2 lt,5.1 lt,,5 yıldız,2021 Ford Kuga 1.5 EcoBlue 120 PS Otomatik Style (4x2) NCAP/ANCAP Web Sayfası,2019,Var,,,,,,,,Önden Çekişli,,,,,8 ileri,Otomatik,
1599 kg,,2000 mm,4614 mm,1678 mm,1478 lt,511 lt,,2021 Ford Kuga 1.5 EcoBlue 120 PS Otomatik Titanium (4x2),,,,,,2021 Ford Kuga 1.5 EcoBlue 120 PS Otomatik Titanium (4x2) Test Sürüşü Talep Sayfası,2021 Ford Kuga 1.5 EcoBlue 120 PS Otomatik Titanium (4x2) Ürün Kataloğu,,,,,,,,,Turbo,,4,1499 cc,Common Rail Direkt Enjeksiyon,12.0 saniye,177 km/s,300 nm,120 BG,Amerika,,Binek,Titanium,SUV,2021,İçten Yanmalı (Standart),2197 tl/yıl,C,Kuga,Dizel,https://www.epey.com/araba/2021-ford-kuga-1-5-ecoblue-120-ps-otomatik-titanium-4x2.html,,,,,,,125 g/km,4.7 lt,54 lt,Eu 6d Temp,4.2 lt,5.1 lt,,5 yıldız,2021 Ford Kuga 1.5 EcoBlue 120 PS Otomatik Titanium (4x2) NCAP/ANCAP Web Sayfası,2019,Var,,,,,,,,Önden Çekişli,,,,,8 ileri,Otomatik,
1576 kg,,2000 mm,4614 mm,1678 mm,1478 lt,511 lt,,2021 Ford Kuga 1.5 EcoBlue 120 PS Style (4x2),,,,,,2021 Ford Kuga 1.5 EcoBlue 120 PS Style (4x2) Test Sürüşü Talep Sayfası,2021 Ford Kuga 1.5 EcoBlue 120 PS Style (4x2) Ürün Kataloğu,,,,,,,,,Turbo,,4,1499 cc,Common Rail Direkt Enjeksiyon,11.7 saniye,180 km/s,300 nm,120 BG,Amerika,,Binek,Style,SUV,2021,İçten Yanmalı (Standart),2197 tl/yıl,C,Kuga,Dizel,https://www.epey.com/araba/2021-ford-kuga-1-5-ecoblue-120-ps-style-4x2.html,,,,,,,109 g/km,4.2 lt,54 lt,Eu 6d Temp,3.8 lt,4.7 lt,,5 yıldız,2021 Ford Kuga 1.5 EcoBlue 120 PS Style (4x2) NCAP/ANCAP Web Sayfası,2019,Var,,,,,,,,Önden Çekişli,,,,,6 ileri,Manuel,
1564 kg,,2000 mm,4614 mm,1678 mm,1478 lt,511 lt,,2021 Ford Kuga 1.5 EcoBoost 120 PS Style (4x2),,,,,,2021 Ford Kuga 1.5 EcoBoost 120 PS Style (4x2) Test Sürüşü Talep Sayfası,2021 Ford Kuga 1.5 EcoBoost 120 PS Style (4x2) Ürün Kataloğu,,,,,,,,,Turbo,,3,1497 cc,Direkt Enjeksiyon,11.6 saniye,184 km/s,240 nm,120 BG,Amerika,,Binek,Style,SUV,2021,İçten Yanmalı (Standart),2197 tl/yıl,C,Kuga,Benzin,https://www.epey.com/araba/2021-ford-kuga-1-5-ecoboost-120-ps-style-4x2.html,,,,,,,127 g/km,5.6 lt,54 lt,Eu 6d Temp,4.9 lt,6.8 lt,,5 yıldız,2021 Ford Kuga 1.5 EcoBoost 120 PS Style (4x2) NCAP/ANCAP Web Sayfası,2019,Var,,,,,,,,Önden Çekişli,,,,,6 ileri,Manuel,
1844 kg,,2000 mm,4614 mm,1678 mm,1478 lt,511 lt,,2021 Ford Kuga Plug-in Hibrit 2.5 225 PS CVT ST-Line (4x2),,,,,,2021 Ford Kuga Plug-in Hibrit 2.5 225 PS CVT ST-Line (4x2) Test Sürüşü Talep Sayfası,2021 Ford Kuga Plug-in Hibrit 2.5 225 PS CVT ST-Line (4x2) Ürün Kataloğu,,,,,14.4 kW/sa,,,56 km,Atmosferik,,4,2488 cc,Direkt Enjeksiyon,9.2 saniye,200 km/s,300 nm,225 BG,Amerika,,Binek,ST-Line,SUV,2021,PHEV (Prizden Şarjlı HEV),9170 tl/yıl,C,Kuga,Benzin & Elektrik,https://www.epey.com/araba/2021-ford-kuga-plug-in-hibrit-2-5-225-ps-cvt-st-line-4x2.html,,,,,,,26 g/km,1.2 lt,,Eu 6d Temp,,,,5 yıldız,2021 Ford Kuga Plug-in Hibrit 2.5 225 PS CVT ST-Line (4x2) NCAP/ANCAP Web Sayfası,2019,Var,,,,,,,,Önden Çekişli,,,,,8 ileri,Otomatik,CVT
1326 kg,,1805 mm,4186 mm,1536 mm,1216 lt,456 lt,,2021 Ford Puma 1.0 EcoBoost 125 PS Otomatik ST-Line (4x2),,,,,,2021 Ford Puma 1.0 EcoBoost 125 PS Otomatik ST-Line (4x2) Test Sürüşü Talep Sayfası,2021 Ford Puma 1.0 EcoBoost 125 PS Otomatik ST-Line (4x2) Ürün Kataloğu,,,,,,,,,Turbo,,3,999 cc,Direkt Enjeksiyon,10.2 saniye,190 km/s,200 nm,125 BG,Amerika,,Binek,ST-Line,SUV,2021,İçten Yanmalı (Standart),1261 tl/yıl,B,Puma,Benzin,https://www.epey.com/araba/2021-ford-puma-1-0-ecoboost-125-ps-otomatik-st-line-4x2.html,,,,,,,110 g/km,4.9 lt,42 lt,Euro 6.2,4.3 lt,5.8 lt,,5 yıldız,2021 Ford Puma 1.0 EcoBoost 125 PS Otomatik ST-Line (4x2) NCAP/ANCAP Web Sayfası,2019,Var,,,,,,,,Önden Çekişli,,,,,7 ileri,Otomatik,
1326 kg,,1805 mm,4186 mm,1536 mm,1216 lt,456 lt,,2021 Ford Puma 1.0 EcoBoost 125 PS Otomatik Style (4x2),,,,,,2021 Ford Puma 1.0 EcoBoost 125 PS Otomatik Style (4x2) Test Sürüşü Talep Sayfası,2021 Ford Puma 1.0 EcoBoost 125 PS Otomatik Style (4x2) Ürün Kataloğu,,,,,,,,,Turbo,,3,999 cc,Direkt Enjeksiyon,10.2 saniye,190 km/s,200 nm,125 BG,Amerika,,Binek,Style,SUV,2021,İçten Yanmalı (Standart),1261 tl/yıl,B,Puma,Benzin,https://www.epey.com/araba/2021-ford-puma-1-0-ecoboost-125-ps-otomatik-style-4x2.html,,,,,,,110 g/km,4.9 lt,42 lt,Euro 6.2,4.3 lt,5.8 lt,,5 yıldız,2021 Ford Puma 1.0 EcoBoost 125 PS Otomatik Style (4x2) NCAP/ANCAP Web Sayfası,2019,Var,,,,,,,,Önden Çekişli,,,,,7 ileri,Otomatik,
1269 kg,,1805 mm,4186 mm,1536 mm,1216 lt,456 lt,,2021 Ford Puma 1.0 EcoBoost 95 PS Style (4x2),,,,,,2021 Ford Puma 1.0 EcoBoost 95 PS Style (4x2) Test Sürüşü Talep Sayfası,2021 Ford Puma 1.0 EcoBoost 95 PS Style (4x2) Ürün Kataloğu,,,,,,,,,Turbo,,3,999 cc,Direkt Enjeksiyon,11.9 saniye,175 km/s,170 nm,95 BG,Amerika,,Binek,Style,SUV,2021,İçten Yanmalı (Standart),1261 tl/yıl,B,Puma,Benzin,https://www.epey.com/araba/2021-ford-puma-1-0-ecoboost-95-ps-style-4x2.html,,,,,,,140 g/km,4.5 lt,42 lt,Euro 6.2,4.0 lt,5.4 lt,,5 yıldız,2021 Ford Puma 1.0 EcoBoost 95 PS Style (4x2) NCAP/ANCAP Web Sayfası,2019,Var,,,,,,,,Önden Çekişli,,,,,6 ileri,Manuel,
1280 kg,,1805 mm,4207 mm,1536 mm,1161 lt,401 lt,,2021 Ford Puma Hibrit 1.0 EcoBoost 155 PS ST-Line (4x2),,,,,,2021 Ford Puma Hibrit 1.0 EcoBoost 155 PS ST-Line (4x2) Test Sürüşü Talep Sayfası,2021 Ford Puma Hibrit 1.0 EcoBoost 155 PS ST-Line (4x2) Ürün Kataloğu,,,,,,,,,Turbo,,3,999 cc,Direkt Enjeksiyon,9.0 saniye,205 km/s,240 nm,155 BG,Amerika,,Binek,ST-Line,SUV,2021,MHEV (Yarı Hibrit Sistem),1261 tl/yıl,B,Puma,Benzin & Elektrik,https://www.epey.com/araba/2021-ford-puma-hibrit-1-0-ecoboost-155-ps-st-line-4x2.html,,,,,,,99 g/km,4.4 lt,42 lt,Euro 6.2,3.9 lt,5.1 lt,,5 yıldız,2021 Ford Puma Hibrit 1.0 EcoBoost 155 PS ST-Line (4x2) NCAP/ANCAP Web Sayfası,2019,Var,,,,,,,,Önden Çekişli,,,,,6 ileri,Manuel,
1521 kg,,1835 mm,4418 mm,1854 mm,2761 lt,1529 lt,,2021 Ford Tourneo Connect 1.5 EcoBlue 100 PS Deluxe,,,,,,2021 Ford Tourneo Connect 1.5 EcoBlue 100 PS Deluxe Test Sürüşü Talep Sayfası,2021 Ford Tourneo Connect 1.5 EcoBlue 100 PS Deluxe Ürün Kataloğu,,,,,,,,,Turbo,,4,1499 cc,Common Rail Direkt Enjeksiyon,13.3 saniye,169 km/s,240 nm,100 BG,Amerika,Kombi,Binek,Deluxe,MPV,2021,İçten Yanmalı (Standart),2197 tl/yıl,B,Tourneo Connect,Dizel,https://www.epey.com/araba/2021-ford-tourneo-connect-1-5-ecoblue-100-ps-deluxe.html,,,,,,,120 g/km,4.5 lt,60 lt,Euro 6.2,4.3 lt,5.1 lt,,4 yıldız,2021 Ford Tourneo Connect 1.5 EcoBlue 100 PS Deluxe NCAP/ANCAP Web Sayfası,2018,Var,,749 kg,2270 kg,,,1245 mm,,Önden Çekişli,,,,,6 ileri,Manuel,
1574 kg,,1835 mm,4418 mm,1854 mm,2761 lt,1529 lt,,2021 Ford Tourneo Connect 1.5 EcoBlue 120 PS Otomatik Titanium,,,,,,2021 Ford Tourneo Connect 1.5 EcoBlue 120 PS Otomatik Titanium Test Sürüşü Talep Sayfası,2021 Ford Tourneo Connect 1.5 EcoBlue 120 PS Otomatik Titanium Ürün Kataloğu,,,,,,,,,Turbo,,4,1499 cc,Common Rail Direkt Enjeksiyon,12.9 saniye,170 km/s,270 nm,120 BG,Amerika,Kombi,Binek,Titanium,MPV,2021,İçten Yanmalı (Standart),2197 tl/yıl,B,Tourneo Connect,Dizel,https://www.epey.com/araba/2021-ford-tourneo-connect-1-5-ecoblue-120-ps-otomatik-titanium.html,,,,,,,142 g/km,5.4 lt,60 lt,Euro 6.2,4.9 lt,6.3 lt,,4 yıldız,2021 Ford Tourneo Connect 1.5 EcoBlue 120 PS Otomatik Titanium NCAP/ANCAP Web Sayfası,2018,Var,,726 kg,2300 kg,,,1245 mm,,Önden Çekişli,,,,,8 ileri,Otomatik,
1551 kg,,1835 mm,4418 mm,1854 mm,2761 lt,1529 lt,,2021 Ford Tourneo Connect 1.5 EcoBlue 120 PS Titanium,,,,,,2021 Ford Tourneo Connect 1.5 EcoBlue 120 PS Titanium Test Sürüşü Talep Sayfası,2021 Ford Tourneo Connect 1.5 EcoBlue 120 PS Titanium Ürün Kataloğu,,,,,,,,,Turbo,,4,1499 cc,Common Rail Direkt Enjeksiyon,12.6 saniye,170 km/s,270 nm,120 BG,Amerika,Kombi,Binek,Titanium,MPV,2021,İçten Yanmalı (Standart),2197 tl/yıl,B,Tourneo Connect,Dizel,https://www.epey.com/araba/2021-ford-tourneo-connect-1-5-ecoblue-120-ps-titanium.html,,,,,,,121 g/km,4.6 lt,60 lt,Euro 6.2,4.4 lt,5.0 lt,,4 yıldız,2021 Ford Tourneo Connect 1.5 EcoBlue 120 PS Titanium NCAP/ANCAP Web Sayfası,2018,Var,,724 kg,2275 kg,,,1245 mm,,Önden Çekişli,,,,,6 ileri,Manuel,
1411 kg,,1799 mm,4518 mm,1428 mm,,420 lt,,2021 Honda Civic HB 1.5 VTEC Turbo 182 PS CVT Sport+,,,,,,2021 Honda Civic HB 1.5 VTEC Turbo 182 PS CVT Sport+ Test Sürüşü Talep Sayfası,2021 Honda Civic HB 1.5 VTEC Turbo 182 PS CVT Sport+ Ürün Kataloğu,"Periyodik Bakım Şartı
Satarken Garantiyi Devredebilme
6 Yıl / 150 Bin Km Mekanik",Honda Aktif Acil Yol Yardım 0212 234 6632,Var,,,,,,Turbo,,4,1498 cc,PGM-FI (Direkt Enjeksiyon),8.2 saniye,200 km/s,220 nm,182 BG,Japonya,Hatchback,Binek,Sport+,Hatchback,2021,İçten Yanmalı (Standart),2197 tl/yıl,C,Civic,Benzin,https://www.epey.com/araba/2021-honda-civic-hb-1-5-vtec-turbo-182-ps-cvt-sport-plus.html,,,,,,,137 g/km,6.0 lt,46 lt,,5.0 lt,7.7 lt,,5 yıldız,2021 Honda Civic HB 1.5 VTEC Turbo 182 PS CVT Sport+ NCAP/ANCAP Web Sayfası,2017,Var,,,,,,,,Önden Çekişli,,,,,,Otomatik,CVT (Değişken Oranlı)
1388 kg,,1799 mm,4658 mm,1407 mm,,519 lt,,2021 Honda Civic Sedan 1.5 182 PS Otomatik Elegance,,,,,,2021 Honda Civic Sedan 1.5 182 PS Otomatik Elegance Test Sürüşü Talep Sayfası,2021 Honda Civic Sedan 1.5 182 PS Otomatik Elegance Ürün Kataloğu,"Periyodik Bakım Şartı
Satarken Garantiyi Devredebilme
6 Yıl / 150 Bin Km Mekanik",Honda Aktif Acil Yol Yardım 0212 234 6632,Var,,,,,,Turbo,,4,1498 cc,PGM-FI (Direkt Enjeksiyon),8.2 saniye,200 km/s,220 nm,182 BG,Japonya,Sedan,Binek,Elegance,Sedan,2021,İçten Yanmalı (Standart),2197 tl/yıl,C,Civic,Benzin,https://www.epey.com/araba/2021-honda-civic-sedan-1-5-182-ps-otomatik-elegance.html,,,,,,,130 g/km,5.7 lt,46 lt,,4.7 lt,7.5 lt,Yok,4 yıldız,2021 Honda Civic Sedan 1.5 182 PS Otomatik Elegance NCAP/ANCAP Web Sayfası,2017,Var,,,,,,,,Önden Çekişli,,,,,,Otomatik,CVT
1388 kg,,1799 mm,4658 mm,1407 mm,,519 lt,,2021 Honda Civic Sedan 1.5 182 PS Otomatik Executive+,,,,,,2021 Honda Civic Sedan 1.5 182 PS Otomatik Executive+ Test Sürüşü Talep Sayfası,2021 Honda Civic Sedan 1.5 182 PS Otomatik Executive+ Ürün Kataloğu,"Periyodik Bakım Şartı
Satarken Garantiyi Devredebilme
6 Yıl / 150 Bin Km Mekanik",Honda Aktif Acil Yol Yardım 0212 234 6632,Var,,,,,,Turbo,,4,1498 cc,PGM-FI (Direkt Enjeksiyon),8.2 saniye,200 km/s,220 nm,182 BG,Japonya,Sedan,Binek,Executive+,Sedan,2021,İçten Yanmalı (Standart),2197 tl/yıl,C,Civic,Benzin,https://www.epey.com/araba/2021-honda-civic-sedan-1-5-182-ps-otomatik-executive-plus.html,,,,,,,130 g/km,5.7 lt,46 lt,,4.7 lt,7.5 lt,Yok,4 yıldız,2021 Honda Civic Sedan 1.5 182 PS Otomatik Executive+ NCAP/ANCAP Web Sayfası,2017,Var,,,,,,,,Önden Çekişli,,,,,,Otomatik,CVT
1319 kg,,1799 mm,4658 mm,1407 mm,,519 lt,,2021 Honda Civic Sedan 1.6 125 PS Otomatik Elegance Eco,,,,,,2021 Honda Civic Sedan 1.6 125 PS Otomatik Elegance Eco Test Sürüşü Talep Sayfası,2021 Honda Civic Sedan 1.6 125 PS Otomatik Elegance Eco Ürün Kataloğu,"Periyodik Bakım Şartı
Satarken Garantiyi Devredebilme
6 Yıl / 150 Bin Km Mekanik",Honda Aktif Acil Yol Yardım 0212 234 6632,Var,,,,,,Atmosferik,,4,1597 cc,PGM-FI (Direkt Enjeksiyon),11.5 saniye,196 km/s,152 nm,125 BG,Japonya,Sedan,Binek,Elegance ECO,Sedan,2021,İçten Yanmalı (Standart),2197 tl/yıl,C,Civic,Benzin & LPG,https://www.epey.com/araba/2021-honda-civic-sedan-1-6-125-ps-otomatik-elegance-eco.html,Var,,,,,,144 g/km,6.3 lt,46 lt,,4.9 lt,8.7 lt,Yok,4 yıldız,2021 Honda Civic Sedan 1.6 125 PS Otomatik Elegance Eco NCAP/ANCAP Web Sayfası,2017,Var,,,,,,,,Önden Çekişli,,,,,,Otomatik,CVT
1319 kg,,1799 mm,4658 mm,1407 mm,,519 lt,,2021 Honda Civic Sedan 1.6 125 PS Otomatik Elegance,,,,,,2021 Honda Civic Sedan 1.6 125 PS Otomatik Elegance Test Sürüşü Talep Sayfası,2021 Honda Civic Sedan 1.6 125 PS Otomatik Elegance Ürün Kataloğu,"Periyodik Bakım Şartı
Satarken Garantiyi Devredebilme
6 Yıl / 150 Bin Km Mekanik",Honda Aktif Acil Yol Yardım 0212 234 6632,Var,,,,,,Atmosferik,,4,1597 cc,PGM-FI (Direkt Enjeksiyon),11.5 saniye,196 km/s,152 nm,125 BG,Japonya,Sedan,Binek,Elegance,Sedan,2021,İçten Yanmalı (Standart),2197 tl/yıl,C,Civic,Benzin,https://www.epey.com/araba/2021-honda-civic-sedan-1-6-125-ps-otomatik-elegance.html,,,,,,,144 g/km,6.3 lt,46 lt,,4.9 lt,8.7 lt,Yok,4 yıldız,2021 Honda Civic Sedan 1.6 125 PS Otomatik Elegance NCAP/ANCAP Web Sayfası,2017,Var,,,,,,,,Önden Çekişli,,,,,,Otomatik,CVT
1319 kg,,1799 mm,4658 mm,1407 mm,,519 lt,,2021 Honda Civic Sedan 1.6 125 PS Otomatik Executive Eco,,,,,,2021 Honda Civic Sedan 1.6 125 PS Otomatik Executive Eco Test Sürüşü Talep Sayfası,2021 Honda Civic Sedan 1.6 125 PS Otomatik Executive Eco Ürün Kataloğu,"Periyodik Bakım Şartı
Satarken Garantiyi Devredebilme
6 Yıl / 150 Bin Km Mekanik",Honda Aktif Acil Yol Yardım 0212 234 6632,Var,,,,,,Atmosferik,,4,1597 cc,PGM-FI (Direkt Enjeksiyon),11.5 saniye,196 km/s,152 nm,125 BG,Japonya,Sedan,Binek,Executive ECO,Sedan,2021,İçten Yanmalı (Standart),2197 tl/yıl,C,Civic,Benzin & LPG,https://www.epey.com/araba/2021-honda-civic-sedan-1-6-125-ps-otomatik-executive-eco.html,Var,,,,,,144 g/km,6.3 lt,46 lt,,4.9 lt,8.7 lt,Yok,4 yıldız,2021 Honda Civic Sedan 1.6 125 PS Otomatik Executive Eco NCAP/ANCAP Web Sayfası,2017,Var,,,,,,,,Önden Çekişli,,,,,,Otomatik,CVT
1669 kg,,1855 mm,4600 mm,1681 mm,,561 lt,,2021 Honda CR-V 1.5 VTEC 193 BG Otomatik Elegance (4x4),,,,,,2021 Honda CR-V 1.5 VTEC 193 BG Otomatik Elegance (4x4) Test Sürüşü Talep Sayfası,2021 Honda CR-V 1.5 VTEC 193 BG Otomatik Elegance (4x4) Ürün Kataloğu,"Periyodik Bakım Şartı
Satarken Garantiyi Devredebilme
6 Yıl / 150 Bin Km Mekanik","Garanti Süresi Boyunca Ücretsiz
Honda Aktif Acil Yol Yardım 0212 234 6632",Var,,,,,,Turbo,,4,1498 cc,PGM-FI (Direkt Enjeksiyon),10.0 saniye,200 km/s,243 nm,193 BG,Japonya,,Binek,Elegance,SUV,2021,İçten Yanmalı (Standart),2197 tl/yıl,C,CR-V,Benzin,https://www.epey.com/araba/2021-honda-cr-v-1-5-vtec-193-bg-otomatik-elegance-4x4.html,,,,,,,162 g/km,7.1 lt,57 lt,,6.2 lt,8.6 lt,,5 yıldız,2021 Honda CR-V 1.5 VTEC 193 BG Otomatik Elegance (4x4) NCAP/ANCAP Web Sayfası,2019,Var,,,,,,,,4x4 Çekişli,,,,,,Otomatik,CVT (Değişken Oranlı)
1669 kg,,1855 mm,4600 mm,1681 mm,,561 lt,,2021 Honda CR-V 1.5 VTEC 193 BG Otomatik Executive (4x4),,,,,,2021 Honda CR-V 1.5 VTEC 193 BG Otomatik Executive (4x4) Test Sürüşü Talep Sayfası,2021 Honda CR-V 1.5 VTEC 193 BG Otomatik Executive (4x4) Ürün Kataloğu,"Periyodik Bakım Şartı
Satarken Garantiyi Devredebilme
6 Yıl / 150 Bin Km Mekanik","Garanti Süresi Boyunca Ücretsiz
Honda Aktif Acil Yol Yardım 0212 234 6632",Var,,,,,,Turbo,,4,1498 cc,PGM-FI (Direkt Enjeksiyon),10.0 saniye,200 km/s,243 nm,193 BG,Japonya,,Binek,Executive,SUV,2021,İçten Yanmalı (Standart),2197 tl/yıl,C,CR-V,Benzin,https://www.epey.com/araba/2021-honda-cr-v-1-5-vtec-193-bg-otomatik-executive-4x4.html,,,,,,,162 g/km,7.1 lt,57 lt,,6.2 lt,8.6 lt,,5 yıldız,2021 Honda CR-V 1.5 VTEC 193 BG Otomatik Executive (4x4) NCAP/ANCAP Web Sayfası,2019,Var,,,,,,,,4x4 Çekişli,,,,,,Otomatik,CVT (Değişken Oranlı)
1669 kg,,1855 mm,4600 mm,1681 mm,,561 lt,,2021 Honda CR-V 1.5 VTEC 193 BG Otomatik Executive+ (4x4),,,,,,2021 Honda CR-V 1.5 VTEC 193 BG Otomatik Executive+ (4x4) Test Sürüşü Talep Sayfası,2021 Honda CR-V 1.5 VTEC 193 BG Otomatik Executive+ (4x4) Ürün Kataloğu,"Periyodik Bakım Şartı
Satarken Garantiyi Devredebilme
6 Yıl / 150 Bin Km Mekanik","Garanti Süresi Boyunca Ücretsiz
Honda Aktif Acil Yol Yardım 0212 234 6632",Var,,,,,,Turbo,,4,1498 cc,PGM-FI (Direkt Enjeksiyon),10.0 saniye,200 km/s,243 nm,193 BG,Japonya,,Binek,Executive+,SUV,2021,İçten Yanmalı (Standart),2197 tl/yıl,C,CR-V,Benzin,https://www.epey.com/araba/2021-honda-cr-v-1-5-vtec-193-bg-otomatik-executive-plus-4x4.html,,,,,,,162 g/km,7.1 lt,57 lt,,6.2 lt,8.6 lt,,5 yıldız,2021 Honda CR-V 1.5 VTEC 193 BG Otomatik Executive+ (4x4) NCAP/ANCAP Web Sayfası,2019,Var,,,,,,,,4x4 Çekişli,,,,,,Otomatik,CVT (Değişken Oranlı)
1743 kg,,1855 mm,4600 mm,1681 mm,,497 lt,,2021 Honda CR-V 2.0 i-MMD Hybrid 184 PS E-CVT Executive+ (4x4),,,,,,2021 Honda CR-V 2.0 i-MMD Hybrid 184 PS E-CVT Executive+ (4x4) Test Sürüşü Talep Sayfası,2021 Honda CR-V 2.0 i-MMD Hybrid 184 PS E-CVT Executive+ (4x4) Ürün Kataloğu,"Periyodik Bakım Şartı
Satarken Garantiyi Devredebilme
6 Yıl / 150 Bin Km Mekanik","Garanti Süresi Boyunca Ücretsiz
Honda Aktif Acil Yol Yardım 0212 234 6632",Var,,1.3 kW/sa,Lityum İyon,,,Atmosferik,,4,1993 cc,PGM-FI (Direkt Enjeksiyon),9.2 saniye,180 km/s,315 nm,184 BG,Japonya,,Binek,Executive+,SUV,2021,HEV (Benzinli & Elektrikli),6113 tl/yıl,C,CR-V,Benzin & Elektrik,https://www.epey.com/araba/2021-honda-cr-v-2-0-i-mmd-hybrid-184-ps-e-cvt-executive-plus-4x4.html,,,,,,,126 g/km,5.5 lt,57 lt,,5.1 lt,5.7 lt,,5 yıldız,2021 Honda CR-V 2.0 i-MMD Hybrid 184 PS E-CVT Executive+ (4x4) NCAP/ANCAP Web Sayfası,2019,Var,,,,,,,,4x4 Çekişli,,,,,,Otomatik,E-CVT (Elektronik Sabit Hızlı)
1327 kg,,1725 mm,4090 mm,1556 mm,,298 lt,,2021 Honda Jazz 1.5 i-MMD Hybrid 98 PS Otomatik Crosstar Executive,,,,,,,2021 Honda Jazz 1.5 i-MMD Hybrid 98 PS Otomatik Crosstar Executive Ürün Kataloğu,,,,253 nm,,,,,Atmosferik,,4,1498 cc,PGM-FI (Direkt Enjeksiyon),9.9 saniye,175 km/s,131 nm,98 BG,Japonya,,Binek,Crosstar Executive,Hatchback,2021,HEV (Benzinli & Elektrikli),2197 tl/yıl,B,Jazz,Benzin & Elektrik,https://www.epey.com/araba/2021-honda-jazz-1-5-i-mmd-hybrid-98-ps-otomatik-crosstar-executive.html,,,,,,,88 g/km,3.8 lt,40 lt,,4.5 lt,2.7 lt,,,,,,,,,,,,,Önden Çekişli,,,,,,Otomatik,E-CVT (Elektronik Sabit Hızlı)
1300 kg,,1694 mm,4044 mm,1526 mm,,304 lt,,2021 Honda Jazz 1.5 i-MMD Hybrid 98 PS Otomatik Executive,,,,,,,2021 Honda Jazz 1.5 i-MMD Hybrid 98 PS Otomatik Executive Ürün Kataloğu,,,,253 nm,,,,,Atmosferik,,4,1498 cc,PGM-FI (Direkt Enjeksiyon),9.5 saniye,175 km/s,131 nm,98 BG,Japonya,,Binek,Executive,Hatchback,2021,HEV (Benzinli & Elektrikli),2197 tl/yıl,B,Jazz,Benzin & Elektrik,https://www.epey.com/araba/2021-honda-jazz-1-5-i-mmd-hybrid-98-ps-otomatik-executive.html,,,,,,,84 g/km,3.7 lt,40 lt,,4.3 lt,2.5 lt,,,,,,,,,,,,,Önden Çekişli,,,,,,Otomatik,E-CVT (Elektronik Sabit Hızlı)
1355 kg,,1825 mm,4650 mm,1430 mm,474 lt,,,2021 Hyundai Elantra 1.6 MPI 123 PS CVT Elite Plus,,,,,,2021 Hyundai Elantra 1.6 MPI 123 PS CVT Elite Plus Test Sürüşü Talep Sayfası,2021 Hyundai Elantra 1.6 MPI 123 PS CVT Elite Plus Ürün Kataloğu,,,,,,,,,Atmosferik,,4,1598 cc,Çok Noktadan Enjeksiyon,10.7 saniye,197 km/s,154 nm,123 BG,Güney Kore,,Binek,Elite Plus,Sedan,2021,İçten Yanmalı (Standart),2197 tl/yıl,C,Elantra,Benzin,https://www.epey.com/araba/2021-hyundai-elantra-1-6-mpi-123-ps-cvt-elite-plus.html,,,,,,,141 g/km,6.2 lt,47 lt,Euro 6.2,6.3 lt,8.8 lt,,,,,,,,,,,,,Önden Çekişli,,,,,,Otomatik,CVT
1355 kg,,1825 mm,4650 mm,1430 mm,474 lt,,,2021 Hyundai Elantra 1.6 MPI 123 PS CVT Elite,,,,,,2021 Hyundai Elantra 1.6 MPI 123 PS CVT Elite Test Sürüşü Talep Sayfası,2021 Hyundai Elantra 1.6 MPI 123 PS CVT Elite Ürün Kataloğu,,,,,,,,,Atmosferik,,4,1598 cc,Çok Noktadan Enjeksiyon,10.7 saniye,197 km/s,154 nm,123 BG,Güney Kore,,Binek,Elite,Sedan,2021,İçten Yanmalı (Standart),2197 tl/yıl,C,Elantra,Benzin,https://www.epey.com/araba/2021-hyundai-elantra-1-6-mpi-123-ps-cvt-elite.html,,,,,,,141 g/km,6.2 lt,47 lt,Euro 6.2,6.3 lt,8.8 lt,,,,,,,,,,,,,Önden Çekişli,,,,,,Otomatik,CVT
1355 kg,,1825 mm,4650 mm,1430 mm,474 lt,,,2021 Hyundai Elantra 1.6 MPI 123 PS CVT Smart,,,,,,2021 Hyundai Elantra 1.6 MPI 123 PS CVT Smart Test Sürüşü Talep Sayfası,2021 Hyundai Elantra 1.6 MPI 123 PS CVT Smart Ürün Kataloğu,,,,,,,,,Atmosferik,,4,1598 cc,Çok Noktadan Enjeksiyon,10.7 saniye,197 km/s,154 nm,123 BG,Güney Kore,,Binek,Smart,Sedan,2021,İçten Yanmalı (Standart),2197 tl/yıl,C,Elantra,Benzin,https://www.epey.com/araba/2021-hyundai-elantra-1-6-mpi-123-ps-cvt-smart.html,,,,,,,141 g/km,6.2 lt,47 lt,Euro 6.2,6.3 lt,8.8 lt,,,,,,,,,,,,,Önden Çekişli,,,,,,Otomatik,CVT
1355 kg,,1825 mm,4650 mm,1430 mm,474 lt,,,2021 Hyundai Elantra 1.6 MPI 123 PS CVT Style Comfort,,,,,,2021 Hyundai Elantra 1.6 MPI 123 PS CVT Style Comfort Test Sürüşü Talep Sayfası,2021 Hyundai Elantra 1.6 MPI 123 PS CVT Style Comfort Ürün Kataloğu,,,,,,,,,Atmosferik,,4,1598 cc,Çok Noktadan Enjeksiyon,10.7 saniye,197 km/s,154 nm,123 BG,Güney Kore,,Binek,Style Comfort,Sedan,2021,İçten Yanmalı (Standart),2197 tl/yıl,C,Elantra,Benzin,https://www.epey.com/araba/2021-hyundai-elantra-1-6-mpi-123-ps-cvt-style-comfort.html,,,,,,,141 g/km,6.2 lt,47 lt,Euro 6.2,6.3 lt,8.8 lt,,,,,,,,,,,,,Önden Çekişli,,,,,,Otomatik,CVT
1335 kg,,1825 mm,4650 mm,1430 mm,474 lt,,,2021 Hyundai Elantra 1.6 MPI 123 PS Style,,,,,,2021 Hyundai Elantra 1.6 MPI 123 PS Style Test Sürüşü Talep Sayfası,2021 Hyundai Elantra 1.6 MPI 123 PS Style Ürün Kataloğu,,,,,,,,,Atmosferik,,4,1598 cc,Çok Noktadan Enjeksiyon,10.6 saniye,197 km/s,154 nm,123 BG,Güney Kore,,Binek,Style,Sedan,2021,İçten Yanmalı (Standart),2197 tl/yıl,C,Elantra,Benzin,https://www.epey.com/araba/2021-hyundai-elantra-1-6-mpi-123-ps-style.html,,,,,,,145 g/km,6.4 lt,47 lt,Euro 6.2,6.3 lt,8.8 lt,,,,,,,,,,,,,Önden Çekişli,,,,,6 ileri,Manuel,
1100 kg,,1775 mm,4040 mm,1450 mm,1165 lt,352 lt,,2021 Hyundai i20 1.4 MPI 100 PS Jump,,,,,,2021 Hyundai i20 1.4 MPI 100 PS Jump Test Sürüşü Talep Sayfası,2021 Hyundai i20 1.4 MPI 100 PS Jump Ürün Kataloğu,,,,,,,,,Atmosferik,,4,1368 cc,Çok Noktadan Enjeksiyon,12.2 saniye,176 km/s,134 nm,100 BG,Güney Kore,,Binek,Jump,Hatchback,2021,İçten Yanmalı (Standart),2197 tl/yıl,B,i20,Benzin,https://www.epey.com/araba/2021-hyundai-i20-1-4-mpi-100-ps-jump.html,,,,,,,131 g/km,5.7 lt,40 lt,Euro 6d,4.8 lt,7.2 lt,,4 yıldız,2021 Hyundai i20 1.4 MPI 100 PS Jump NCAP/ANCAP Web Sayfası,2015,Var,,,,,,,,Önden Çekişli,,,,,6 ileri,Manuel,
1130 kg,,1775 mm,4040 mm,1450 mm,1165 lt,352 lt,,2021 Hyundai i20 1.4 MPI 100 PS Otomatik Elite,,,,,,2021 Hyundai i20 1.4 MPI 100 PS Otomatik Elite Test Sürüşü Talep Sayfası,2021 Hyundai i20 1.4 MPI 100 PS Otomatik Elite Ürün Kataloğu,,,,,,,,,Atmosferik,,4,1368 cc,Çok Noktadan Enjeksiyon,12.9 saniye,176 km/s,134 nm,100 BG,Güney Kore,,Binek,Elite,Hatchback,2021,İçten Yanmalı (Standart),2197 tl/yıl,B,i20,Benzin,https://www.epey.com/araba/2021-hyundai-i20-1-4-mpi-100-ps-otomatik-elite.html,,,,,,,140 g/km,6.1 lt,40 lt,Euro 6d,5.1 lt,7.8 lt,,4 yıldız,2021 Hyundai i20 1.4 MPI 100 PS Otomatik Elite NCAP/ANCAP Web Sayfası,2015,Var,,,,,,,,Önden Çekişli,,,,,6 ileri,Otomatik,Standart Otomatik
1130 kg,,1775 mm,4040 mm,1450 mm,1165 lt,352 lt,,2021 Hyundai i20 1.4 MPI 100 PS Otomatik Style Plus,,,,,,2021 Hyundai i20 1.4 MPI 100 PS Otomatik Style Plus Test Sürüşü Talep Sayfası,2021 Hyundai i20 1.4 MPI 100 PS Otomatik Style Plus Ürün Kataloğu,,,,,,,,,Atmosferik,,4,1368 cc,Çok Noktadan Enjeksiyon,12.9 saniye,176 km/s,134 nm,100 BG,Güney Kore,,Binek,Style Plus,Hatchback,2021,İçten Yanmalı (Standart),2197 tl/yıl,B,i20,Benzin,https://www.epey.com/araba/2021-hyundai-i20-1-4-mpi-100-ps-otomatik-style-plus.html,,,,,,,140 g/km,6.1 lt,40 lt,Euro 6d,5.1 lt,7.8 lt,,4 yıldız,2021 Hyundai i20 1.4 MPI 100 PS Otomatik Style Plus NCAP/ANCAP Web Sayfası,2015,Var,,,,,,,,Önden Çekişli,,,,,6 ileri,Otomatik,Standart Otomatik
1130 kg,,1775 mm,4040 mm,1450 mm,1165 lt,352 lt,,2021 Hyundai i20 1.4 MPI 100 PS Otomatik Style,,,,,,2021 Hyundai i20 1.4 MPI 100 PS Otomatik Style Test Sürüşü Talep Sayfası,2021 Hyundai i20 1.4 MPI 100 PS Otomatik Style Ürün Kataloğu,,,,,,,,,Atmosferik,,4,1368 cc,Çok Noktadan Enjeksiyon,12.9 saniye,176 km/s,134 nm,100 BG,Güney Kore,,Binek,Style,Hatchback,2021,İçten Yanmalı (Standart),2197 tl/yıl,B,i20,Benzin,https://www.epey.com/araba/2021-hyundai-i20-1-4-mpi-100-ps-otomatik-style.html,,,,,,,140 g/km,6.1 lt,40 lt,Euro 6d,5.1 lt,7.8 lt,,4 yıldız,2021 Hyundai i20 1.4 MPI 100 PS Otomatik Style NCAP/ANCAP Web Sayfası,2015,Var,,,,,,,,Önden Çekişli,,,,,6 ileri,Otomatik,Standart Otomatik
1100 kg,,1775 mm,4040 mm,1450 mm,1165 lt,352 lt,,2021 Hyundai i20 1.4 MPI 100 PS Style,,,,,,2021 Hyundai i20 1.4 MPI 100 PS Style Test Sürüşü Talep Sayfası,2021 Hyundai i20 1.4 MPI 100 PS Style Ürün Kataloğu,,,,,,,,,Atmosferik,,4,1368 cc,Çok Noktadan Enjeksiyon,12.2 saniye,176 km/s,134 nm,100 BG,Güney Kore,,Binek,Style,Hatchback,2021,İçten Yanmalı (Standart),2197 tl/yıl,B,i20,Benzin,https://www.epey.com/araba/2021-hyundai-i20-1-4-mpi-100-ps-style.html,,,,,,,131 g/km,5.7 lt,40 lt,Euro 6d,4.8 lt,7.2 lt,,4 yıldız,2021 Hyundai i20 1.4 MPI 100 PS Style NCAP/ANCAP Web Sayfası,2015,Var,,,,,,,,Önden Çekişli,,,,,6 ileri,Manuel,
1342 kg,,1800 mm,4205 mm,1565 mm,1156 lt,374 lt,,2021 Hyundai Kona 1.0 T-GDI 120 PS DCT Style (4x2),,,,,,2021 Hyundai Kona 1.0 T-GDI 120 PS DCT Style (4x2) Test Sürüşü Talep Sayfası,2021 Hyundai Kona 1.0 T-GDI 120 PS DCT Style (4x2) Ürün Kataloğu,"2 Yıl / 60 Bin Km Boya
5 Yıl / 100 Bin Km Mekanik
5 Yıl / 160 Bin Km Paslanmazlık",Hyundai Yol Yardım 0212 233 3262,Var,,,,,,Turbo,,3,998 cc,GDI (Doğrudan Enjeksiyon),11.0 saniye,180 km/s,200 nm,120 BG,Güney Kore,,Binek,Style,SUV,2021,İçten Yanmalı (Standart),1261 tl/yıl,B,Kona,Benzin,https://www.epey.com/araba/2021-hyundai-kona-1-0-t-gdi-120-ps-dct-style-4x2.html,,,,,,,122 g/km,5.3 lt,50 lt,Euro 6d,4.9 lt,6.0 lt,,5 yıldız,2021 Hyundai Kona 1.0 T-GDI 120 PS DCT Style (4x2) NCAP/ANCAP Web Sayfası,2017,Var,,,,,,,,Önden Çekişli,,,,,7 ileri,Otomatik,DCT (Yarı Otm.)
1445 kg,,1800 mm,4205 mm,1565 mm,1156 lt,374 lt,,2021 Hyundai Kona 1.6 CRDI 48V MHEV 136 PS DCT Style (4x2),,,,,,2021 Hyundai Kona 1.6 CRDI 48V MHEV 136 PS DCT Style (4x2) Test Sürüşü Talep Sayfası,2021 Hyundai Kona 1.6 CRDI 48V MHEV 136 PS DCT Style (4x2) Ürün Kataloğu,"2 Yıl / 60 Bin Km Boya
5 Yıl / 100 Bin Km Mekanik
5 Yıl / 160 Bin Km Paslanmazlık",Hyundai Yol Yardım 0212 233 3262,Var,,,,,,Turbo,,4,1598 cc,Common Rail Direkt Enjeksiyon,9.9 saniye,190 km/s,320 nm,136 BG,Güney Kore,,Binek,Style,SUV,2021,MHEV (Yarı Hibrit Sistem),2197 tl/yıl,B,Kona,Dizel & Elektrik,https://www.epey.com/araba/2021-hyundai-kona-1-6-crdi-48v-mhev-136-ps-dct-style-4x2.html,,,,,,,108 g/km,4.1 lt,50 lt,Euro 6d,4.0 lt,4.3 lt,,5 yıldız,2021 Hyundai Kona 1.6 CRDI 48V MHEV 136 PS DCT Style (4x2) NCAP/ANCAP Web Sayfası,2017,Var,,,,,,,,Önden Çekişli,,,,,7 ileri,Otomatik,DCT (Yarı Otm.)
1395 kg,,1800 mm,4205 mm,1565 mm,1156 lt,374 lt,,2021 Hyundai Kona 1.6 T-GDI 198 PS DCT N Line (4x2),,,,,,2021 Hyundai Kona 1.6 T-GDI 198 PS DCT N Line (4x2) Test Sürüşü Talep Sayfası,2021 Hyundai Kona 1.6 T-GDI 198 PS DCT N Line (4x2) Ürün Kataloğu,"2 Yıl / 60 Bin Km Boya
5 Yıl / 100 Bin Km Mekanik
5 Yıl / 160 Bin Km Paslanmazlık",Hyundai Yol Yardım 0212 233 3262,Var,,,,,,Turbo,,4,1598 cc,GDI (Doğrudan Enjeksiyon),7.7 saniye,210 km/s,265 nm,198 BG,Güney Kore,,Binek,N-Line,SUV,2021,İçten Yanmalı (Standart),2197 tl/yıl,B,Kona,Benzin,https://www.epey.com/araba/2021-hyundai-kona-1-6-t-gdi-198-ps-dct-n-line-4x2.html,,,,,,,129 g/km,5.6 lt,50 lt,Euro 6d,5.2 lt,6.5 lt,,5 yıldız,2021 Hyundai Kona 1.6 T-GDI 198 PS DCT N Line (4x2) NCAP/ANCAP Web Sayfası,2017,Var,,,,,,,,Önden Çekişli,,,,,7 ileri,Otomatik,DCT (Yarı Otm.)
1395 kg,,1800 mm,4205 mm,1565 mm,1156 lt,374 lt,,2021 Hyundai Kona 1.6 T-GDI 198 PS DCT Smart (4x2),,,,,,2021 Hyundai Kona 1.6 T-GDI 198 PS DCT Smart (4x2) Test Sürüşü Talep Sayfası,2021 Hyundai Kona 1.6 T-GDI 198 PS DCT Smart (4x2) Ürün Kataloğu,"2 Yıl / 60 Bin Km Boya
5 Yıl / 100 Bin Km Mekanik
5 Yıl / 160 Bin Km Paslanmazlık",Hyundai Yol Yardım 0212 233 3262,Var,,,,,,Turbo,,4,1598 cc,GDI (Doğrudan Enjeksiyon),7.7 saniye,210 km/s,265 nm,198 BG,Güney Kore,,Binek,Smart,SUV,2021,İçten Yanmalı (Standart),2197 tl/yıl,B,Kona,Benzin,https://www.epey.com/araba/2021-hyundai-kona-1-6-t-gdi-198-ps-dct-smart-4x2.html,,,,,,,129 g/km,5.6 lt,50 lt,Euro 6d,5.2 lt,6.5 lt,,5 yıldız,2021 Hyundai Kona 1.6 T-GDI 198 PS DCT Smart (4x2) NCAP/ANCAP Web Sayfası,2017,Var,,,,,,,,Önden Çekişli,,,,,7 ileri,Otomatik,DCT (Yarı Otm.)
1731 kg,,1865 mm,4500 mm,1650 mm,1777 lt,598 lt,,2021 Hyundai Tucson 1.6 CRDI 136 PS DCT Elite (4X2),,,,,,2021 Hyundai Tucson 1.6 CRDI 136 PS DCT Elite (4X2) Test Sürüşü Talep Sayfası,2021 Hyundai Tucson 1.6 CRDI 136 PS DCT Elite (4X2) Ürün Kataloğu,,,,,,,,,Turbo,SCR (Seçimli Katalitik İndirgeme),4,1598 cc,Common Rail Direkt Enjeksiyon,11.4 saniye,180 km/s,320 nm,136 BG,Güney Kore,,Binek,Elite,SUV,2021,İçten Yanmalı (Standart),2197 tl/yıl,C,Tucson,Dizel,https://www.epey.com/araba/2021-hyundai-tucson-1-6-crdi-136-ps-dct-elite-4x2.html,,,,,,,151 g/km,5.7 lt,54 lt,Euro 6.2,,,,,,,,,,,,,,,Önden Çekişli,,,,,7 ileri,Otomatik,DCT (Yarı Otm.)
1731 kg,,1865 mm,4500 mm,1650 mm,1777 lt,598 lt,,2021 Hyundai Tucson 1.6 CRDI 136 PS DCT Elite Plus (4X4),,,,,,2021 Hyundai Tucson 1.6 CRDI 136 PS DCT Elite Plus (4X4) Test Sürüşü Talep Sayfası,2021 Hyundai Tucson 1.6 CRDI 136 PS DCT Elite Plus (4X4) Ürün Kataloğu,,,,,,,,,Turbo,SCR (Seçimli Katalitik İndirgeme),4,1598 cc,Common Rail Direkt Enjeksiyon,11.6 saniye,180 km/s,320 nm,136 BG,Güney Kore,,Binek,Elite Plus,SUV,2021,İçten Yanmalı (Standart),2197 tl/yıl,C,Tucson,Dizel,https://www.epey.com/araba/2021-hyundai-tucson-1-6-crdi-136-ps-dct-elite-plus-4x4.html,,,,,,,166 g/km,6.3 lt,54 lt,Euro 6.2,,,,,,,,,,,,,,,4x4 Çekişli,,,,,7 ileri,Otomatik,DCT (Yarı Otm.)
1731 kg,,1865 mm,4500 mm,1650 mm,1777 lt,598 lt,,2021 Hyundai Tucson 1.6 CRDI 136 PS DCT Prime (4X2),,,,,,2021 Hyundai Tucson 1.6 CRDI 136 PS DCT Prime (4X2) Test Sürüşü Talep Sayfası,2021 Hyundai Tucson 1.6 CRDI 136 PS DCT Prime (4X2) Ürün Kataloğu,,,,,,,,,Turbo,SCR (Seçimli Katalitik İndirgeme),4,1598 cc,Common Rail Direkt Enjeksiyon,11.4 saniye,180 km/s,320 nm,136 BG,Güney Kore,,Binek,Prime,SUV,2021,İçten Yanmalı (Standart),2197 tl/yıl,C,Tucson,Dizel,https://www.epey.com/araba/2021-hyundai-tucson-1-6-crdi-136-ps-dct-prime-4x2.html,,,,,,,151 g/km,5.7 lt,54 lt,Euro 6.2,,,,,,,,,,,,,,,Önden Çekişli,,,,,7 ileri,Otomatik,DCT (Yarı Otm.)
1697 kg,,1865 mm,4500 mm,1650 mm,1799 lt,620 lt,,2021 Hyundai Tucson 1.6 T-GDI 180 PS DCT Comfort (4X2),,,,,,2021 Hyundai Tucson 1.6 T-GDI 180 PS DCT Comfort (4X2) Test Sürüşü Talep Sayfası,,,,,,,,,,Turbo,,4,1598 cc,Direkt Enjeksiyon,8.8 saniye,201 km/s,265 nm,180 BG,Güney Kore,,Binek,Comfort,SUV,2021,İçten Yanmalı (Standart),2197 tl/yıl,C,Tucson,Benzin,https://www.epey.com/araba/2021-hyundai-tucson-1-6-t-gdi-180-ps-dct-comfort-4x2.html,,,,,,,167 g/km,7.3 lt,54 lt,Euro 6.2,,,,,,,,,,,,,,,Önden Çekişli,,,,,7 ileri,Otomatik,DCT (Yarı Otm.)
1045 kg,,1725 mm,4065 mm,1450 mm,1078 lt,300 lt,,2021 Kia Rio HB 1.25 84 PS Cool,,,,,,2021 Kia Rio HB 1.25 84 PS Cool Test Sürüşü Talep Sayfası,,,,,,,,,,Atmosferik,,,1197 cc,Çok Noktadan Enjeksiyon,13.1 saniye,173 km/s,117.7 nm,84 BG,Güney Kore,,Binek,Cool,Hatchback,2021,İçten Yanmalı (Standart),1261 tl/yıl,B,Rio,Benzin,https://www.epey.com/araba/2021-kia-rio-hb-1-25-84-ps-cool.html,,,,,,,116 g/km,5.1 lt,45 lt,,4.3 lt,6.4 lt,,3 yıldız,2021 Kia Rio HB 1.25 84 PS Cool NCAP/ANCAP Web Sayfası,2017,Var,,,,,,,,Önden Çekişli,,,,,5 ileri,Manuel,
1090 kg,,1725 mm,4065 mm,1450 mm,1078 lt,300 lt,,2021 Kia Rio HB 1.4 100 PS Otomatik Cool,,,,,,2021 Kia Rio HB 1.4 100 PS Otomatik Cool Test Sürüşü Talep Sayfası,,,,,,,,,,,,4,1368 cc,,12.9 saniye,183 km/s,133.4 nm,100 BG,Güney Kore,,Binek,Cool,Hatchback,2021,İçten Yanmalı (Standart),2197 tl/yıl,B,Rio,Benzin,https://www.epey.com/araba/2021-kia-rio-hb-1-4-100-ps-otomatik-cool.html,,,,,,,142 g/km,6.2 lt,45 lt,,5.0 lt,8.2 lt,,3 yıldız,2021 Kia Rio HB 1.4 100 PS Otomatik Cool NCAP/ANCAP Web Sayfası,2017,Var,,,,,,,,Önden Çekişli,,,,,6 ileri,Otomatik,
1090 kg,,1725 mm,4065 mm,1450 mm,1078 lt,300 lt,,2021 Kia Rio HB 1.4 100 PS Otomatik Elegance Konfor,,,,,,2021 Kia Rio HB 1.4 100 PS Otomatik Elegance Konfor Test Sürüşü Talep Sayfası,,,,,,,,,,,,4,1368 cc,,12.9 saniye,183 km/s,133.4 nm,100 BG,Güney Kore,,Binek,Elegance Konfor,Hatchback,2021,İçten Yanmalı (Standart),2197 tl/yıl,B,Rio,Benzin,https://www.epey.com/araba/2021-kia-rio-hb-1-4-100-ps-otomatik-elegance-konfor.html,,,,,,,142 g/km,6.2 lt,45 lt,,5.0 lt,8.2 lt,,3 yıldız,2021 Kia Rio HB 1.4 100 PS Otomatik Elegance Konfor NCAP/ANCAP Web Sayfası,2017,Var,,,,,,,,Önden Çekişli,,,,,6 ileri,Otomatik,
1090 kg,,1725 mm,4065 mm,1450 mm,1078 lt,300 lt,,2021 Kia Rio HB 1.4 100 PS Otomatik Prestige,,,,,,2021 Kia Rio HB 1.4 100 PS Otomatik Prestige Test Sürüşü Talep Sayfası,,,,,,,,,,,,4,1368 cc,,12.9 saniye,183 km/s,133.4 nm,100 BG,Güney Kore,,Binek,Prestige,Hatchback,2021,İçten Yanmalı (Standart),2197 tl/yıl,B,Rio,Benzin,https://www.epey.com/araba/2021-kia-rio-hb-1-4-100-ps-otomatik-prestige.html,,,,,,,142 g/km,6.2 lt,45 lt,,5.0 lt,8.2 lt,,3 yıldız,2021 Kia Rio HB 1.4 100 PS Otomatik Prestige NCAP/ANCAP Web Sayfası,2017,Var,,,,,,,,Önden Çekişli,,,,,6 ileri,Otomatik,
1415 kg,,1855 mm,4485 mm,1645 mm,1456 lt,467 lt,,2021 Kia Sportage 1.6 132 HP Cool (4x2),,,,,,2021 Kia Sportage 1.6 132 HP Cool (4x2) Test Sürüşü Talep Sayfası,,,Kia Yol Yardım 0212 234 0770,Var,,,,,,Atmosferik,,4,1591 cc,GDI (Doğrudan Enjeksiyon),11.5 saniye,182 km/s,161 nm,132 BG,Güney Kore,,Binek,Cool,SUV,2021,İçten Yanmalı (Standart),2197 tl/yıl,C,Sportage,Benzin,https://www.epey.com/araba/2021-kia-sportage-1-6-132-hp-cool-4x2.html,,,,,,,159 g/km,6.9 lt,62 lt,,6.2 lt,8.1 lt,,5 yıldız,2021 Kia Sportage 1.6 132 HP Cool (4x2) NCAP/ANCAP Web Sayfası,2015,Var,,,,,,,,Önden Çekişli,,,,,6 ileri,Manuel,
,10.40 mt.,1760 mm,4140 mm,1500 mm,1155 lt,352 lt,,2021 Kia Stonic 1.25 84 PS Cool (4x2),,,,,,2021 Kia Stonic 1.25 84 PS Cool (4x2) Test Sürüşü Talep Sayfası,2021 Kia Stonic 1.25 84 PS Cool (4x2) Ürün Kataloğu,,Kia Yol Yardım 0212 234 0770,Var,,,,,,Atmosferik,,,1248 cc,Çok Noktadan Enjeksiyon,13.2 saniye,165 km/s,121.6 nm,84 BG,Güney Kore,,Binek,Cool,SUV,2021,İçten Yanmalı (Standart),1261 tl/yıl,B,Stonic,Benzin,https://www.epey.com/araba/2021-kia-stonic-1-25-84-ps-cool-4x2.html,,,,,,,131 g/km,5.7 lt,45 lt,,5.2 lt,6.6 lt,,3 yıldız,2021 Kia Stonic 1.25 84 PS Cool (4x2) NCAP/ANCAP Web Sayfası,2017,Var,,,,,,,,Önden Çekişli,,,,,5 ileri,Manuel,
1183 kg,10.40 mt.,1760 mm,4140 mm,1500 mm,1155 lt,352 lt,,2021 Kia Stonic 1.4 100 PS Otomatik Cool (4x2),,,,,,2021 Kia Stonic 1.4 100 PS Otomatik Cool (4x2) Test Sürüşü Talep Sayfası,2021 Kia Stonic 1.4 100 PS Otomatik Cool (4x2) Ürün Kataloğu,,Kia Yol Yardım 0212 234 0770,Var,,,,,,Atmosferik,,4,1368 cc,Çok Noktadan Enjeksiyon,13.8 saniye,173 km/s,133 nm,100 BG,Güney Kore,,Binek,Cool,SUV,2021,İçten Yanmalı (Standart),2197 tl/yıl,B,Stonic,Benzin,https://www.epey.com/araba/2021-kia-stonic-1-4-100-ps-otomatik-cool-4x2.html,,,,,,,141 g/km,6.2 lt,45 lt,,5.2 lt,7.8 lt,,3 yıldız,2021 Kia Stonic 1.4 100 PS Otomatik Cool (4x2) NCAP/ANCAP Web Sayfası,2017,Var,,,,,,,,Önden Çekişli,,,,,6 ileri,Otomatik,
1183 kg,10.40 mt.,1760 mm,4140 mm,1500 mm,1155 lt,352 lt,,2021 Kia Stonic 1.4 100 PS Otomatik Elegance Design Paket (4x2),,,,,,2021 Kia Stonic 1.4 100 PS Otomatik Elegance Design Paket (4x2) Test Sürüşü Talep Sayfası,2021 Kia Stonic 1.4 100 PS Otomatik Elegance Design Paket (4x2) Ürün Kataloğu,,Kia Yol Yardım 0212 234 0770,Var,,,,,,Atmosferik,,4,1368 cc,Çok Noktadan Enjeksiyon,13.8 saniye,173 km/s,133 nm,100 BG,Güney Kore,,Binek,Elegance Design Paket,SUV,2021,İçten Yanmalı (Standart),2197 tl/yıl,B,Stonic,Benzin,https://www.epey.com/araba/2021-kia-stonic-1-4-100-ps-otomatik-elegance-design-paket-4x2.html,,,,,,,141 g/km,6.2 lt,45 lt,,5.2 lt,7.8 lt,,3 yıldız,2021 Kia Stonic 1.4 100 PS Otomatik Elegance Design Paket (4x2) NCAP/ANCAP Web Sayfası,2017,Var,,,,,,,,Önden Çekişli,,,,,6 ileri,Otomatik,
1183 kg,10.40 mt.,1760 mm,4140 mm,1500 mm,1155 lt,352 lt,,2021 Kia Stonic 1.4 100 PS Otomatik Elegance Konfor (4x2),,,,,,2021 Kia Stonic 1.4 100 PS Otomatik Elegance Konfor (4x2) Test Sürüşü Talep Sayfası,2021 Kia Stonic 1.4 100 PS Otomatik Elegance Konfor (4x2) Ürün Kataloğu,,Kia Yol Yardım 0212 234 0770,Var,,,,,,Atmosferik,,4,1368 cc,Çok Noktadan Enjeksiyon,13.8 saniye,173 km/s,133 nm,100 BG,Güney Kore,,Binek,Elegance Konfor,SUV,2021,İçten Yanmalı (Standart),2197 tl/yıl,B,Stonic,Benzin,https://www.epey.com/araba/2021-kia-stonic-1-4-100-ps-otomatik-elegance-konfor4x2.html,,,,,,,141 g/km,6.2 lt,45 lt,,5.2 lt,7.8 lt,,3 yıldız,2021 Kia Stonic 1.4 100 PS Otomatik Elegance Konfor (4x2) NCAP/ANCAP Web Sayfası,2017,Var,,,,,,,,Önden Çekişli,,,,,6 ileri,Otomatik,
1183 kg,10.40 mt.,1760 mm,4140 mm,1500 mm,1155 lt,352 lt,,2021 Kia Stonic 1.4 100 PS Otomatik Prestige (4x2),,,,,,2021 Kia Stonic 1.4 100 PS Otomatik Prestige (4x2) Test Sürüşü Talep Sayfası,2021 Kia Stonic 1.4 100 PS Otomatik Prestige (4x2) Ürün Kataloğu,,Kia Yol Yardım 0212 234 0770,Var,,,,,,Atmosferik,,4,1368 cc,Çok Noktadan Enjeksiyon,13.8 saniye,173 km/s,133 nm,100 BG,Güney Kore,,Binek,Prestige,SUV,2021,İçten Yanmalı (Standart),2197 tl/yıl,B,Stonic,Benzin,https://www.epey.com/araba/2021-kia-stonic-1-4-100-ps-otomatik-prestige-4x2.html,,,,,,,141 g/km,6.2 lt,45 lt,,5.2 lt,7.8 lt,,3 yıldız,2021 Kia Stonic 1.4 100 PS Otomatik Prestige (4x2) NCAP/ANCAP Web Sayfası,2017,Var,,,,,,,,Önden Çekişli,,,,,6 ileri,Otomatik,
1080 kg,10.00 mt.,1743 mm,3999 mm,1455 mm,1004 lt,300 lt,,2021 Nissan Micra 1.0 IG-T 100 PS CVT Platinum Premium,,,,,,2021 Nissan Micra 1.0 IG-T 100 PS CVT Platinum Premium Test Sürüşü Talep Sayfası,2021 Nissan Micra 1.0 IG-T 100 PS CVT Platinum Premium Ürün Kataloğu,,,,,,,,,Turbo,,3,999 cc,Çok Noktadan Enjeksiyon,13.0 saniye,177 km/s,144 nm,100 BG,Japonya,,Binek,Platinum Premium,Hatchback,2021,İçten Yanmalı (Standart),1261 tl/yıl,B,Micra,Benzin,https://www.epey.com/araba/2021-nissan-micra-1-0-ig-t-100-ps-cvt-platinum-premium.html,,,,,,,112 g/km,4.7 lt,41 lt,,4.5 lt,5.6 lt,,4 yıldız,2021 Nissan Micra 1.0 IG-T 100 PS CVT Platinum Premium NCAP/ANCAP Web Sayfası,2017,Var,,,,,,,,Önden Çekişli,,,,,,Otomatik,CVT
1080 kg,10.00 mt.,1743 mm,3999 mm,1455 mm,1004 lt,300 lt,,2021 Nissan Micra 1.0 IG-T 100 PS CVT Platinum,,,,,,2021 Nissan Micra 1.0 IG-T 100 PS CVT Platinum Test Sürüşü Talep Sayfası,2021 Nissan Micra 1.0 IG-T 100 PS CVT Platinum Ürün Kataloğu,,,,,,,,,Turbo,,3,999 cc,Çok Noktadan Enjeksiyon,13.0 saniye,177 km/s,144 nm,100 BG,Japonya,,Binek,Platinum,Hatchback,2021,İçten Yanmalı (Standart),1261 tl/yıl,B,Micra,Benzin,https://www.epey.com/araba/2021-nissan-micra-1-0-ig-t-100-ps-cvt-platinum.html,,,,,,,112 g/km,4.7 lt,41 lt,,4.5 lt,5.6 lt,,4 yıldız,2021 Nissan Micra 1.0 IG-T 100 PS CVT Platinum NCAP/ANCAP Web Sayfası,2017,Var,,,,,,,,Önden Çekişli,,,,,,Otomatik,CVT
1080 kg,10.00 mt.,1743 mm,3999 mm,1455 mm,1004 lt,300 lt,,2021 Nissan Micra 1.0 IG-T 100 PS CVT Tekna,,,,,,2021 Nissan Micra 1.0 IG-T 100 PS CVT Tekna Test Sürüşü Talep Sayfası,2021 Nissan Micra 1.0 IG-T 100 PS CVT Tekna Ürün Kataloğu,,,,,,,,,Turbo,,3,999 cc,Çok Noktadan Enjeksiyon,13.0 saniye,177 km/s,144 nm,100 BG,Japonya,,Binek,Tekna,Hatchback,2021,İçten Yanmalı (Standart),1261 tl/yıl,B,Micra,Benzin,https://www.epey.com/araba/2021-nissan-micra-1-0-ig-t-100-ps-cvt-tekna.html,,,,,,,112 g/km,4.7 lt,41 lt,,4.5 lt,5.6 lt,,4 yıldız,2021 Nissan Micra 1.0 IG-T 100 PS CVT Tekna NCAP/ANCAP Web Sayfası,2017,Var,,,,,,,,Önden Çekişli,,,,,,Otomatik,CVT
1080 kg,10.00 mt.,1743 mm,3999 mm,1455 mm,1004 lt,300 lt,,2021 Nissan Micra 1.0 IG-T 100 PS CVT Visia,,,,,,2021 Nissan Micra 1.0 IG-T 100 PS CVT Visia Test Sürüşü Talep Sayfası,2021 Nissan Micra 1.0 IG-T 100 PS CVT Visia Ürün Kataloğu,,,,,,,,,Turbo,,3,999 cc,Çok Noktadan Enjeksiyon,13.0 saniye,177 km/s,144 nm,100 BG,Japonya,,Binek,Visia,Hatchback,2021,İçten Yanmalı (Standart),1261 tl/yıl,B,Micra,Benzin,https://www.epey.com/araba/2021-nissan-micra-1-0-ig-t-100-ps-cvt-visia.html,,,,,,,112 g/km,4.7 lt,41 lt,,4.5 lt,5.6 lt,,4 yıldız,2021 Nissan Micra 1.0 IG-T 100 PS CVT Visia NCAP/ANCAP Web Sayfası,2017,Var,,,,,,,,Önden Çekişli,,,,,,Otomatik,CVT
1060 kg,10.00 mt.,1743 mm,3999 mm,1455 mm,1004 lt,300 lt,,2021 Nissan Micra 1.0 IG-T 100 PS Visia,,,,,,2021 Nissan Micra 1.0 IG-T 100 PS Visia Test Sürüşü Talep Sayfası,2021 Nissan Micra 1.0 IG-T 100 PS Visia Ürün Kataloğu,,,,,,,,,Turbo,,3,999 cc,Çok Noktadan Enjeksiyon,10.9 saniye,184 km/s,160 nm,100 BG,Japonya,,Binek,Visia,Hatchback,2021,İçten Yanmalı (Standart),1261 tl/yıl,B,Micra,Benzin,https://www.epey.com/araba/2021-nissan-micra-1-0-ig-t-100-ps-visia.html,,,,,,,105 g/km,4.6 lt,41 lt,,4.0 lt,5.6 lt,,4 yıldız,2021 Nissan Micra 1.0 IG-T 100 PS Visia NCAP/ANCAP Web Sayfası,2017,Var,,,,,,,,Önden Çekişli,,,,,5 ileri,Manuel,
1315 kg,10.72 mt.,1806 mm,4394 mm,1590 mm,1598 lt,401 lt,,2021 Nissan Qashqai 1.3 DIG-T 160 PS DCT Platinum (4x2),,,,,,2021 Nissan Qashqai 1.3 DIG-T 160 PS DCT Platinum (4x2) Test Sürüşü Talep Sayfası,2021 Nissan Qashqai 1.3 DIG-T 160 PS DCT Platinum (4x2) Ürün Kataloğu,,"Nissan Yol Yardımı 0800 211 6163
Nissan Yol Yardımı 0212 225 4959",Var,,,,,,Turbo,,4,1332 cc,Direkt Enjeksiyon,10.1 saniye,198 km/s,270 nm,160 BG,Japonya,,Binek,Platinum,SUV,2021,İçten Yanmalı (Standart),2197 tl/yıl,C,Qashqai,Benzin,https://www.epey.com/araba/2021-nissan-qashqai-1-3-dig-t-160-ps-dct-platinum-4x2.html,,,,,,,122 g/km,5.4 lt,55 lt,,4.6 lt,6.7 lt,,5 yıldız,2021 Nissan Qashqai 1.3 DIG-T 160 PS DCT Platinum (4x2) NCAP/ANCAP Web Sayfası,2014,Var,,,,,,,,Önden Çekişli,,,,,7 ileri,Otomatik,DCT (Yarı Otm.)
1315 kg,10.72 mt.,1806 mm,4394 mm,1590 mm,1598 lt,401 lt,,2021 Nissan Qashqai 1.3 DIG-T 160 PS DCT Sky Pack Plus (4x2),,,,,,2021 Nissan Qashqai 1.3 DIG-T 160 PS DCT Sky Pack Plus (4x2) Test Sürüşü Talep Sayfası,2021 Nissan Qashqai 1.3 DIG-T 160 PS DCT Sky Pack Plus (4x2) Ürün Kataloğu,,"Nissan Yol Yardımı 0800 211 6163
Nissan Yol Yardımı 0212 225 4959",Var,,,,,,Turbo,,4,1332 cc,Direkt Enjeksiyon,10.1 saniye,198 km/s,270 nm,160 BG,Japonya,,Binek,Sky Pack Plus,SUV,2021,İçten Yanmalı (Standart),2197 tl/yıl,C,Qashqai,Benzin,https://www.epey.com/araba/2021-nissan-qashqai-1-3-dig-t-160-ps-dct-sky-pack-plus-4x2.html,,,,,,,122 g/km,5.4 lt,55 lt,,4.6 lt,6.7 lt,,5 yıldız,2021 Nissan Qashqai 1.3 DIG-T 160 PS DCT Sky Pack Plus (4x2) NCAP/ANCAP Web Sayfası,2014,Var,,,,,,,,Önden Çekişli,,,,,7 ileri,Otomatik,DCT (Yarı Otm.)
1315 kg,10.72 mt.,1806 mm,4394 mm,1590 mm,1598 lt,401 lt,,2021 Nissan Qashqai 1.3 DIG-T 160 PS DCT Tekna (4x2),,,,,,2021 Nissan Qashqai 1.3 DIG-T 160 PS DCT Tekna (4x2) Test Sürüşü Talep Sayfası,2021 Nissan Qashqai 1.3 DIG-T 160 PS DCT Tekna (4x2) Ürün Kataloğu,,"Nissan Yol Yardımı 0800 211 6163
Nissan Yol Yardımı 0212 225 4959",Var,,,,,,Turbo,,4,1332 cc,Direkt Enjeksiyon,10.1 saniye,198 km/s,270 nm,160 BG,Japonya,,Binek,Tekna,SUV,2021,İçten Yanmalı (Standart),2197 tl/yıl,C,Qashqai,Benzin,https://www.epey.com/araba/2021-nissan-qashqai-1-3-dig-t-160-ps-dct-tekna-4x2.html,,,,,,,122 g/km,5.4 lt,55 lt,,4.6 lt,6.7 lt,,5 yıldız,2021 Nissan Qashqai 1.3 DIG-T 160 PS DCT Tekna (4x2) NCAP/ANCAP Web Sayfası,2014,Var,,,,,,,,Önden Çekişli,,,,,7 ileri,Otomatik,DCT (Yarı Otm.)
1545 kg,11.20 mt.,1830 mm,4690 mm,1710 mm,1996 lt,565 lt,,2021 Nissan X-Trail 1.3 DIG-T 158 BG DCT Platinum (4x2),,,,,,2021 Nissan X-Trail 1.3 DIG-T 158 BG DCT Platinum (4x2) Test Sürüşü Talep Sayfası,2021 Nissan X-Trail 1.3 DIG-T 158 BG DCT Platinum (4x2) Ürün Kataloğu,"3 Yıl / 100 Bin Km Mekanik
12 Yıl Paslanmazlık","Nissan Yol Yardımı 0800 211 6163
Nissan Yol Yardımı 0212 225 4959",Var,,,,,,Turbo,,4,1332 cc,Direkt Enjeksiyon,11.5 saniye,194 km/s,270 nm,158 BG,Japonya,,Binek,Platinum,SUV,2021,İçten Yanmalı (Standart),2197 tl/yıl,D,X-Trail,Benzin,https://www.epey.com/araba/2021-nissan-x-trail-1-3-dig-t-158-bg-dct-platinum-4x2.html,,,,,,,162 g/km,6.8 lt,60 lt,,6.2 lt,7.7 lt,,5 yıldız,2021 Nissan X-Trail 1.3 DIG-T 158 BG DCT Platinum (4x2) NCAP/ANCAP Web Sayfası,2014,Var,,,,,,,,Önden Çekişli,,,,,7 ileri,Otomatik,DCT (Yarı Otm.)
1205 kg,,1871 mm,4370 mm,1485 mm,1210 lt,370 lt,,2021 Opel Astra HB 1.2 145 HP Edition,,,,,,2021 Opel Astra HB 1.2 145 HP Edition Test Sürüşü Talep Sayfası,2021 Opel Astra HB 1.2 145 HP Edition Ürün Kataloğu,,"Opel Yol Yardım 0212 274 7447
Opel Yol Yardım 0800 211 4026",Var,,,,,,Turbo,,3,1199 cc,Direkt Enjeksiyon,10.3 saniye,220 km/s,225 nm,145 BG,Almanya,Hatchback,Binek,Edition,Hatchback,2021,İçten Yanmalı (Standart),1261 tl/yıl,C,Astra,Benzin,https://www.epey.com/araba/2021-opel-astra-hb-1-2-145-hp-edition.html,,,,,,,99 g/km,4.3 lt,48 lt,,3.8 lt,5.2 lt,,5 yıldız,2021 Opel Astra HB 1.2 145 HP Edition NCAP/ANCAP Web Sayfası,2015,Var,,,,,,,,Önden Çekişli,,,,,6 ileri,Manuel,
1270 kg,,1871 mm,4370 mm,1485 mm,1210 lt,370 lt,,2021 Opel Astra HB 1.4 145 HP CVT-7 GS Line,,,,,,2021 Opel Astra HB 1.4 145 HP CVT-7 GS Line Test Sürüşü Talep Sayfası,2021 Opel Astra HB 1.4 145 HP CVT-7 GS Line Ürün Kataloğu,,"Opel Yol Yardım 0212 274 7447
Opel Yol Yardım 0800 211 4026",Var,,,,,,Turbo,,4,1342 cc,Direkt Enjeksiyon,9.9 saniye,210 km/s,236 nm,145 BG,Almanya,Hatchback,Binek,GS Line,Hatchback,2021,İçten Yanmalı (Standart),2197 tl/yıl,C,Astra,Benzin,https://www.epey.com/araba/2021-opel-astra-hb-1-4-145-hp-cvt-7-gs-line.html,,,,,,,115 g/km,5.0 lt,48 lt,,4.3 lt,6.3 lt,,5 yıldız,2021 Opel Astra HB 1.4 145 HP CVT-7 GS Line NCAP/ANCAP Web Sayfası,2015,Var,,,,,,,,Önden Çekişli,,,,,7 ileri,Otomatik,CVT-7
1296 kg,,1871 mm,4370 mm,1485 mm,1210 lt,370 lt,,2021 Opel Astra HB 1.5 Dizel 122 HP AT-9 Edition,,,,,,2021 Opel Astra HB 1.5 Dizel 122 HP AT-9 Edition Test Sürüşü Talep Sayfası,2021 Opel Astra HB 1.5 Dizel 122 HP AT-9 Edition Ürün Kataloğu,,"Opel Yol Yardım 0212 274 7447
Opel Yol Yardım 0800 211 4026",Var,,,,,,Turbo,,4,1496 cc,Common Rail Direkt Enjeksiyon,10.9 saniye,205 km/s,285 nm,122 BG,Almanya,Hatchback,Binek,Edition,Hatchback,2021,İçten Yanmalı (Standart),2197 tl/yıl,C,Astra,Dizel,https://www.epey.com/araba/2021-opel-astra-hb-1-5-dizel-122-hp-at-9-edition.html,,,,,,,109 g/km,4.2 lt,48 lt,,3.5 lt,5.3 lt,,5 yıldız,2021 Opel Astra HB 1.5 Dizel 122 HP AT-9 Edition NCAP/ANCAP Web Sayfası,2015,Var,,,,,,,,Önden Çekişli,,,,,9 ileri,Otomatik,
1296 kg,,1871 mm,4370 mm,1485 mm,1210 lt,370 lt,,2021 Opel Astra HB 1.5 Dizel 122 HP AT-9 Elegance,,,,,,2021 Opel Astra HB 1.5 Dizel 122 HP AT-9 Elegance Test Sürüşü Talep Sayfası,2021 Opel Astra HB 1.5 Dizel 122 HP AT-9 Elegance Ürün Kataloğu,,"Opel Yol Yardım 0212 274 7447
Opel Yol Yardım 0800 211 4026",Var,,,,,,Turbo,,4,1496 cc,Common Rail Direkt Enjeksiyon,10.9 saniye,205 km/s,285 nm,122 BG,Almanya,Hatchback,Binek,Elegance,Hatchback,2021,İçten Yanmalı (Standart),2197 tl/yıl,C,Astra,Dizel,https://www.epey.com/araba/2021-opel-astra-hb-1-5-dizel-122-hp-at-9-elegance.html,,,,,,,109 g/km,4.2 lt,48 lt,,3.5 lt,5.3 lt,,5 yıldız,2021 Opel Astra HB 1.5 Dizel 122 HP AT-9 Elegance NCAP/ANCAP Web Sayfası,2015,Var,,,,,,,,Önden Çekişli,,,,,9 ileri,Otomatik,
1296 kg,,1871 mm,4370 mm,1485 mm,1210 lt,370 lt,,2021 Opel Astra HB 1.5 Dizel 122 HP AT-9 GS Line,,,,,,2021 Opel Astra HB 1.5 Dizel 122 HP AT-9 GS Line Test Sürüşü Talep Sayfası,2021 Opel Astra HB 1.5 Dizel 122 HP AT-9 GS Line Ürün Kataloğu,,"Opel Yol Yardım 0212 274 7447
Opel Yol Yardım 0800 211 4026",Var,,,,,,Turbo,,4,1496 cc,Common Rail Direkt Enjeksiyon,10.9 saniye,205 km/s,285 nm,122 BG,Almanya,Hatchback,Binek,GS Line,Hatchback,2021,İçten Yanmalı (Standart),2197 tl/yıl,C,Astra,Dizel,https://www.epey.com/araba/2021-opel-astra-hb-1-5-dizel-122-hp-at-9-gs-line.html,,,,,,,109 g/km,4.2 lt,48 lt,,3.5 lt,5.3 lt,,5 yıldız,2021 Opel Astra HB 1.5 Dizel 122 HP AT-9 GS Line NCAP/ANCAP Web Sayfası,2015,Var,,,,,,,,Önden Çekişli,,,,,9 ileri,Otomatik,
1165 kg,,1765 mm,4060 mm,1433 mm,1081 lt,309 lt,,2021 Opel Corsa 1.2 100 HP Otomatik Edition,,,,,,2021 Opel Corsa 1.2 100 HP Otomatik Edition Test Sürüşü Talep Sayfası,2021 Opel Corsa 1.2 100 HP Otomatik Edition Ürün Kataloğu,,,,,,,,,Turbo,,3,1199 cc,Direkt Enjeksiyon,10.8 saniye,192 km/s,205 nm,100 BG,Almanya,,Binek,Edition,Hatchback,2021,İçten Yanmalı (Standart),1261 tl/yıl,B,Corsa,Benzin,https://www.epey.com/araba/2021-opel-corsa-1-2-100-hp-otomatik-edition.html,,,,,,,99 g/km,4.3 lt,44 lt,,3.9 lt,5.1 lt,,4 yıldız,2021 Opel Corsa 1.2 100 HP Otomatik Edition NCAP/ANCAP Web Sayfası,2019,Var,,,,,,,,Önden Çekişli,,,,,8 ileri,Otomatik,
1165 kg,,1765 mm,4060 mm,1433 mm,1081 lt,309 lt,,2021 Opel Corsa 1.2 100 HP Otomatik Elegance,,,,,,2021 Opel Corsa 1.2 100 HP Otomatik Elegance Test Sürüşü Talep Sayfası,2021 Opel Corsa 1.2 100 HP Otomatik Elegance Ürün Kataloğu,,,,,,,,,Turbo,,3,1199 cc,Direkt Enjeksiyon,10.8 saniye,192 km/s,205 nm,100 BG,Almanya,,Binek,Elegance,Hatchback,2021,İçten Yanmalı (Standart),1261 tl/yıl,B,Corsa,Benzin,https://www.epey.com/araba/2021-opel-corsa-1-2-100-hp-otomatik-elegance.html,,,,,,,99 g/km,4.3 lt,44 lt,,3.9 lt,5.1 lt,,4 yıldız,2021 Opel Corsa 1.2 100 HP Otomatik Elegance NCAP/ANCAP Web Sayfası,2019,Var,,,,,,,,Önden Çekişli,,,,,8 ileri,Otomatik,
1233 kg,,1765 mm,4060 mm,1433 mm,1081 lt,309 lt,,2021 Opel Corsa 1.2 130 HP Otomatik Ultimate,,,,,,2021 Opel Corsa 1.2 130 HP Otomatik Ultimate Test Sürüşü Talep Sayfası,2021 Opel Corsa 1.2 130 HP Otomatik Ultimate Ürün Kataloğu,,,,,,,,,Turbo,,3,1199 cc,Direkt Enjeksiyon,8.7 saniye,208 km/s,230 nm,130 BG,Almanya,,Binek,Ultimate,Hatchback,2021,İçten Yanmalı (Standart),1261 tl/yıl,B,Corsa,Benzin,https://www.epey.com/araba/2021-opel-corsa-1-2-130-hp-otomatik-ultimate.html,,,,,,,103 g/km,4.5 lt,44 lt,,4.0 lt,5.4 lt,,4 yıldız,2021 Opel Corsa 1.2 130 HP Otomatik Ultimate NCAP/ANCAP Web Sayfası,2019,Var,,,,,,,,Önden Çekişli,,,,,8 ileri,Otomatik,
1055 kg,,1765 mm,4060 mm,1433 mm,1081 lt,309 lt,,2021 Opel Corsa 1.2 75 HP Elegance,,,,,,2021 Opel Corsa 1.2 75 HP Elegance Test Sürüşü Talep Sayfası,2021 Opel Corsa 1.2 75 HP Elegance Ürün Kataloğu,,,,,,,,,Atmosferik,,3,1199 cc,Direkt Enjeksiyon,13.2 saniye,174 km/s,113 nm,75 BG,Almanya,,Binek,Essential,Hatchback,2021,İçten Yanmalı (Standart),1261 tl/yıl,B,Corsa,Benzin,https://www.epey.com/araba/2021-opel-corsa-1-2-75-hp-elegance.html,,,,,,,93 g/km,4.1 lt,40 lt,,3.6 lt,4.8 lt,,4 yıldız,2021 Opel Corsa 1.2 75 HP Elegance NCAP/ANCAP Web Sayfası,2019,Var,,,,,,,,Önden Çekişli,,,,,5 ileri,Manuel,
1055 kg,,1765 mm,4060 mm,1433 mm,1081 lt,309 lt,,2021 Opel Corsa 1.2 75 HP Essential,,,,,,2021 Opel Corsa 1.2 75 HP Essential Test Sürüşü Talep Sayfası,2021 Opel Corsa 1.2 75 HP Essential Ürün Kataloğu,,,,,,,,,Atmosferik,,3,1199 cc,Direkt Enjeksiyon,13.2 saniye,174 km/s,113 nm,75 BG,Almanya,,Binek,Essential,Hatchback,2021,İçten Yanmalı (Standart),1261 tl/yıl,B,Corsa,Benzin,https://www.epey.com/araba/2021-opel-corsa-1-2-75-hp-essential.html,,,,,,,93 g/km,4.1 lt,40 lt,,3.6 lt,4.8 lt,,4 yıldız,2021 Opel Corsa 1.2 75 HP Essential NCAP/ANCAP Web Sayfası,2019,Var,,,,,,,,Önden Çekişli,,,,,5 ileri,Manuel,
1165 kg,,1765 mm,4060 mm,1433 mm,1081 lt,309 lt,,2021 Opel Corsa 1.5 Dizel 102 HP Edition,,,,,,2021 Opel Corsa 1.5 Dizel 102 HP Edition Test Sürüşü Talep Sayfası,2021 Opel Corsa 1.5 Dizel 102 HP Edition Ürün Kataloğu,,,,,,,,,Turbo,,4,1499 cc,Common Rail Direkt Enjeksiyon,10.2 saniye,188 km/s,250 nm,102 BG,Almanya,,Binek,Essential,Hatchback,2021,İçten Yanmalı (Standart),2197 tl/yıl,B,Corsa,Dizel,https://www.epey.com/araba/2021-opel-corsa-1-5-dizel-102-hp-edition.html,,,,,,,85 g/km,3.2 lt,41 lt,,2.9 lt,3.7 lt,,4 yıldız,2021 Opel Corsa 1.5 Dizel 102 HP Edition NCAP/ANCAP Web Sayfası,2019,Var,,,,,,,,Önden Çekişli,,,,,6 ileri,Manuel,
1192 kg,10.40 mt.,1815 mm,4300 mm,1530 mm,,434 lt,,2021 Peugeot 2008 1.2 100 HP Active (4x2),,,,,,2021 Peugeot 2008 1.2 100 HP Active (4x2) Test Sürüşü Talep Sayfası,2021 Peugeot 2008 1.2 100 HP Active (4x2) Ürün Kataloğu,,,,,,,,,Turbo,,3,1199 cc,Direkt Enjeksiyon,10.9 saniye,188 km/s,205 nm,100 BG,Fransa,,Binek,Active,SUV,2021,İçten Yanmalı (Standart),1261 tl/yıl,B,2008,Benzin,https://www.epey.com/araba/2021-peugeot-2008-1-2-100-hp-active-4x2.html,,,,,,,105 g/km,4.6 lt,44 lt,,4.0 lt,5.5 lt,,4 yıldız,2021 Peugeot 2008 1.2 100 HP Active (4x2) NCAP/ANCAP Web Sayfası,2019,Var,,,,,,,,Önden Çekişli,,,,,6 ileri,Manuel,
1192 kg,10.40 mt.,1815 mm,4300 mm,1530 mm,,434 lt,,2021 Peugeot 2008 1.2 130 HP Active (4x2),,,,,,2021 Peugeot 2008 1.2 130 HP Active (4x2) Test Sürüşü Talep Sayfası,2021 Peugeot 2008 1.2 130 HP Active (4x2) Ürün Kataloğu,,,,,,,,,Turbo,,3,1199 cc,Direkt Enjeksiyon,8.9 saniye,198 km/s,230 nm,130 BG,Fransa,,Binek,Active,SUV,2021,İçten Yanmalı (Standart),1261 tl/yıl,B,2008,Benzin,https://www.epey.com/araba/2021-peugeot-2008-1-2-130-hp-active-4x2.html,,,,,,,103 g/km,4.5 lt,44 lt,,4.0 lt,5.3 lt,,4 yıldız,2021 Peugeot 2008 1.2 130 HP Active (4x2) NCAP/ANCAP Web Sayfası,2019,Var,,,,,,,,Önden Çekişli,,,,,6 ileri,Manuel,
1205 kg,10.40 mt.,1815 mm,4300 mm,1530 mm,,434 lt,,2021 Peugeot 2008 1.2 130 HP EAT8 Active (4x2),,,,,,2021 Peugeot 2008 1.2 130 HP EAT8 Active (4x2) Test Sürüşü Talep Sayfası,2021 Peugeot 2008 1.2 130 HP EAT8 Active (4x2) Ürün Kataloğu,,,,,,,,,Turbo,,3,1199 cc,Direkt Enjeksiyon,9.1 saniye,198 km/s,230 nm,130 BG,Fransa,,Binek,Active,SUV,2021,İçten Yanmalı (Standart),1261 tl/yıl,B,2008,Benzin,https://www.epey.com/araba/2021-peugeot-2008-1-2-130-hp-eat8-active-4x2.html,,,,,,,109 g/km,4.8 lt,44 lt,,4.2 lt,5.8 lt,,4 yıldız,2021 Peugeot 2008 1.2 130 HP EAT8 Active (4x2) NCAP/ANCAP Web Sayfası,2019,Var,,,,,,,,Önden Çekişli,,,,,8 ileri,Otomatik,EAT8 (Otomatik)
1205 kg,10.40 mt.,1815 mm,4300 mm,1530 mm,,434 lt,,2021 Peugeot 2008 1.2 130 HP EAT8 Active Sky Pack (4x2),,,,,,2021 Peugeot 2008 1.2 130 HP EAT8 Active Sky Pack (4x2) Test Sürüşü Talep Sayfası,2021 Peugeot 2008 1.2 130 HP EAT8 Active Sky Pack (4x2) Ürün Kataloğu,,,,,,,,,Turbo,,3,1199 cc,Direkt Enjeksiyon,9.1 saniye,198 km/s,230 nm,130 BG,Fransa,,Binek,Active Sky Pack,SUV,2021,İçten Yanmalı (Standart),1261 tl/yıl,B,2008,Benzin,https://www.epey.com/araba/2021-peugeot-2008-1-2-130-hp-eat8-active-sky-pack-4x2.html,,,,,,,109 g/km,4.8 lt,44 lt,,4.2 lt,5.8 lt,,4 yıldız,2021 Peugeot 2008 1.2 130 HP EAT8 Active Sky Pack (4x2) NCAP/ANCAP Web Sayfası,2019,Var,,,,,,,,Önden Çekişli,,,,,8 ileri,Otomatik,EAT8 (Otomatik)
1205 kg,10.40 mt.,1815 mm,4300 mm,1530 mm,,434 lt,,2021 Peugeot 2008 1.2 130 HP EAT8 Allure (4x2),,,,,,2021 Peugeot 2008 1.2 130 HP EAT8 Allure (4x2) Test Sürüşü Talep Sayfası,2021 Peugeot 2008 1.2 130 HP EAT8 Allure (4x2) Ürün Kataloğu,,,,,,,,,Turbo,,3,1199 cc,Direkt Enjeksiyon,9.1 saniye,198 km/s,230 nm,130 BG,Fransa,,Binek,Allure,SUV,2021,İçten Yanmalı (Standart),1261 tl/yıl,B,2008,Benzin,https://www.epey.com/araba/2021-peugeot-2008-1-2-130-hp-eat8-allure-4x2.html,,,,,,,109 g/km,4.8 lt,44 lt,,4.2 lt,5.8 lt,,4 yıldız,2021 Peugeot 2008 1.2 130 HP EAT8 Allure (4x2) NCAP/ANCAP Web Sayfası,2019,Var,,,,,,,,Önden Çekişli,,,,,8 ileri,Otomatik,EAT8 (Otomatik)
1205 kg,10.40 mt.,1815 mm,4300 mm,1530 mm,,434 lt,,2021 Peugeot 2008 1.2 130 HP EAT8 GT (4x2),,,,,,2021 Peugeot 2008 1.2 130 HP EAT8 GT (4x2) Test Sürüşü Talep Sayfası,2021 Peugeot 2008 1.2 130 HP EAT8 GT (4x2) Ürün Kataloğu,,,,,,,,,Turbo,,3,1199 cc,Direkt Enjeksiyon,9.1 saniye,198 km/s,230 nm,130 BG,Fransa,,Binek,GT,SUV,2021,İçten Yanmalı (Standart),1261 tl/yıl,B,2008,Benzin,https://www.epey.com/araba/2021-peugeot-2008-1-2-130-hp-eat8-gt-4x2.html,,,,,,,109 g/km,4.8 lt,44 lt,,4.2 lt,5.8 lt,,4 yıldız,2021 Peugeot 2008 1.2 130 HP EAT8 GT (4x2) NCAP/ANCAP Web Sayfası,2019,Var,,,,,,,,Önden Çekişli,,,,,8 ileri,Otomatik,EAT8 (Otomatik)
1205 kg,10.40 mt.,1815 mm,4300 mm,1530 mm,,434 lt,,2021 Peugeot 2008 1.2 130 HP EAT8 GT-Line (4x2),,,,,,2021 Peugeot 2008 1.2 130 HP EAT8 GT-Line (4x2) Test Sürüşü Talep Sayfası,2021 Peugeot 2008 1.2 130 HP EAT8 GT-Line (4x2) Ürün Kataloğu,,,,,,,,,Turbo,,3,1199 cc,Direkt Enjeksiyon,9.1 saniye,198 km/s,230 nm,130 BG,Fransa,,Binek,GT-Line,SUV,2021,İçten Yanmalı (Standart),1261 tl/yıl,B,2008,Benzin,https://www.epey.com/araba/2021-peugeot-2008-1-2-130-hp-eat8-gt-line-4x2.html,,,,,,,109 g/km,4.8 lt,44 lt,,4.2 lt,5.8 lt,,4 yıldız,2021 Peugeot 2008 1.2 130 HP EAT8 GT-Line (4x2) NCAP/ANCAP Web Sayfası,2019,Var,,,,,,,,Önden Çekişli,,,,,8 ileri,Otomatik,EAT8 (Otomatik)
1265 kg,10.40 mt.,1815 mm,4300 mm,1530 mm,,434 lt,,2021 Peugeot 2008 1.5 BlueHDi 100 HP Active (4x2),,,,,,2021 Peugeot 2008 1.5 BlueHDi 100 HP Active (4x2) Test Sürüşü Talep Sayfası,2021 Peugeot 2008 1.5 BlueHDi 100 HP Active (4x2) Ürün Kataloğu,,,,,,,,,Turbo,,4,1499 cc,Common Rail Direkt Enjeksiyon,11.4 saniye,180 km/s,250 nm,100 BG,Fransa,,Binek,Active,SUV,2021,İçten Yanmalı (Standart),2197 tl/yıl,B,2008,Dizel,https://www.epey.com/araba/2021-peugeot-2008-1-5-bluehdi-100-hp-active-4x2.html,,,,,,,96 g/km,3.6 lt,41 lt,,3.3 lt,4.2 lt,,4 yıldız,2021 Peugeot 2008 1.5 BlueHDi 100 HP Active (4x2) NCAP/ANCAP Web Sayfası,2019,Var,,,,,,,,Önden Çekişli,,,,,6 ileri,Manuel,
1303 kg,10.40 mt.,1815 mm,4300 mm,1530 mm,,434 lt,,2021 Peugeot 2008 1.5 BlueHDi 130 HP EAT8 Active (4x2),,,,,,2021 Peugeot 2008 1.5 BlueHDi 130 HP EAT8 Active (4x2) Test Sürüşü Talep Sayfası,2021 Peugeot 2008 1.5 BlueHDi 130 HP EAT8 Active (4x2) Ürün Kataloğu,,,,,,,,,Turbo,,4,1499 cc,Common Rail Direkt Enjeksiyon,9.3 saniye,195 km/s,300 nm,130 BG,Fransa,,Binek,Active,SUV,2021,İçten Yanmalı (Standart),2197 tl/yıl,B,2008,Dizel,https://www.epey.com/araba/2021-peugeot-2008-1-5-bluehdi-130-hp-eat8-active-4x2.html,,,,,,,100 g/km,3.8 lt,41 lt,,3.5 lt,4.2 lt,,4 yıldız,2021 Peugeot 2008 1.5 BlueHDi 130 HP EAT8 Active (4x2) NCAP/ANCAP Web Sayfası,2019,Var,,,,,,,,Önden Çekişli,,,,,8 ileri,Otomatik,EAT8 (Otomatik)
1303 kg,10.40 mt.,1815 mm,4300 mm,1530 mm,,434 lt,,2021 Peugeot 2008 1.5 BlueHDi 130 HP EAT8 Active Sky Pack (4x2),,,,,,2021 Peugeot 2008 1.5 BlueHDi 130 HP EAT8 Active Sky Pack (4x2) Test Sürüşü Talep Sayfası,2021 Peugeot 2008 1.5 BlueHDi 130 HP EAT8 Active Sky Pack (4x2) Ürün Kataloğu,,,,,,,,,Turbo,,4,1499 cc,Common Rail Direkt Enjeksiyon,9.3 saniye,195 km/s,300 nm,130 BG,Fransa,,Binek,Active Sky Pack,SUV,2021,İçten Yanmalı (Standart),2197 tl/yıl,B,2008,Dizel,https://www.epey.com/araba/2021-peugeot-2008-1-5-bluehdi-130-hp-eat8-active-sky-pack-4x2.html,,,,,,,100 g/km,3.8 lt,41 lt,,3.5 lt,4.2 lt,,4 yıldız,2021 Peugeot 2008 1.5 BlueHDi 130 HP EAT8 Active Sky Pack (4x2) NCAP/ANCAP Web Sayfası,2019,Var,,,,,,,,Önden Çekişli,,,,,8 ileri,Otomatik,EAT8 (Otomatik)
1303 kg,10.40 mt.,1815 mm,4300 mm,1530 mm,,434 lt,,2021 Peugeot 2008 1.5 BlueHDi 130 HP EAT8 Allure (4x2),,,,,,2021 Peugeot 2008 1.5 BlueHDi 130 HP EAT8 Allure (4x2) Test Sürüşü Talep Sayfası,2021 Peugeot 2008 1.5 BlueHDi 130 HP EAT8 Allure (4x2) Ürün Kataloğu,,,,,,,,,Turbo,,4,1499 cc,Common Rail Direkt Enjeksiyon,9.3 saniye,195 km/s,300 nm,130 BG,Fransa,,Binek,Allure,SUV,2021,İçten Yanmalı (Standart),2197 tl/yıl,B,2008,Dizel,https://www.epey.com/araba/2021-peugeot-2008-1-5-bluehdi-130-hp-eat8-allure-4x2.html,,,,,,,100 g/km,3.8 lt,41 lt,,3.5 lt,4.2 lt,,4 yıldız,2021 Peugeot 2008 1.5 BlueHDi 130 HP EAT8 Allure (4x2) NCAP/ANCAP Web Sayfası,2019,Var,,,,,,,,Önden Çekişli,,,,,8 ileri,Otomatik,EAT8 (Otomatik)
1303 kg,10.40 mt.,1815 mm,4300 mm,1530 mm,,434 lt,,2021 Peugeot 2008 1.5 BlueHDi 130 HP EAT8 GT (4x2),,,,,,2021 Peugeot 2008 1.5 BlueHDi 130 HP EAT8 GT (4x2) Test Sürüşü Talep Sayfası,2021 Peugeot 2008 1.5 BlueHDi 130 HP EAT8 GT (4x2) Ürün Kataloğu,,,,,,,,,Turbo,,4,1499 cc,Common Rail Direkt Enjeksiyon,9.3 saniye,195 km/s,300 nm,130 BG,Fransa,,Binek,GT,SUV,2021,İçten Yanmalı (Standart),2197 tl/yıl,B,2008,Dizel,https://www.epey.com/araba/2021-peugeot-2008-1-5-bluehdi-130-hp-eat8-gt-4x2.html,,,,,,,100 g/km,3.8 lt,41 lt,,3.5 lt,4.2 lt,,4 yıldız,2021 Peugeot 2008 1.5 BlueHDi 130 HP EAT8 GT (4x2) NCAP/ANCAP Web Sayfası,2019,Var,,,,,,,,Önden Çekişli,,,,,8 ileri,Otomatik,EAT8 (Otomatik)
1303 kg,10.40 mt.,1815 mm,4300 mm,1530 mm,,434 lt,,2021 Peugeot 2008 1.5 BlueHDi 130 HP EAT8 GT-Line (4x2),,,,,,2021 Peugeot 2008 1.5 BlueHDi 130 HP EAT8 GT-Line (4x2) Test Sürüşü Talep Sayfası,2021 Peugeot 2008 1.5 BlueHDi 130 HP EAT8 GT-Line (4x2) Ürün Kataloğu,,,,,,,,,Turbo,,4,1499 cc,Common Rail Direkt Enjeksiyon,9.3 saniye,195 km/s,300 nm,130 BG,Fransa,,Binek,GT-Line,SUV,2021,İçten Yanmalı (Standart),2197 tl/yıl,B,2008,Dizel,https://www.epey.com/araba/2021-peugeot-2008-1-5-bluehdi-130-hp-eat8-gt-line-4x2.html,,,,,,,100 g/km,3.8 lt,41 lt,,3.5 lt,4.2 lt,,4 yıldız,2021 Peugeot 2008 1.5 BlueHDi 130 HP EAT8 GT-Line (4x2) NCAP/ANCAP Web Sayfası,2019,Var,,,,,,,,Önden Çekişli,,,,,8 ileri,Otomatik,EAT8 (Otomatik)
1090 kg,10.40 mt.,1745 mm,4055 mm,1430 mm,,311 lt,,2021 Peugeot 208 1.2 Puretech 100 HP EAT8 Active,,,,,,2021 Peugeot 208 1.2 Puretech 100 HP EAT8 Active Test Sürüşü Talep Sayfası,2021 Peugeot 208 1.2 Puretech 100 HP EAT8 Active Ürün Kataloğu,,,,,,,,,Turbo,,3,1199 cc,Direkt Enjeksiyon,10.8 saniye,188 km/s,205 nm,100 BG,Fransa,,Binek,Active,Hatchback,2021,İçten Yanmalı (Standart),1261 tl/yıl,B,208,Benzin,https://www.epey.com/araba/2021-peugeot-208-1-2-puretech-100-hp-eat8-active.html,,,,,,,99 g/km,4.3 lt,44 lt,,3.9 lt,5.1 lt,,4 yıldız,2021 Peugeot 208 1.2 Puretech 100 HP EAT8 Active NCAP/ANCAP Web Sayfası,2019,Var,,,,,,,,Önden Çekişli,,,,,8 ileri,Otomatik,EAT8 (Otomatik)
1158 kg,10.40 mt.,1745 mm,4055 mm,1430 mm,,311 lt,,2021 Peugeot 208 1.2 Puretech 130 HP EAT8 Allure,,,,,,2021 Peugeot 208 1.2 Puretech 130 HP EAT8 Allure Test Sürüşü Talep Sayfası,2021 Peugeot 208 1.2 Puretech 130 HP EAT8 Allure Ürün Kataloğu,,,,,,,,,Turbo,,3,1199 cc,Direkt Enjeksiyon,8.7 saniye,208 km/s,230 nm,130 BG,Fransa,,Binek,Allure,Hatchback,2021,İçten Yanmalı (Standart),1261 tl/yıl,B,208,Benzin,https://www.epey.com/araba/2021-peugeot-208-1-2-puretech-130-hp-eat8-allure.html,,,,,,,103 g/km,4.5 lt,44 lt,,4.0 lt,5.4 lt,,4 yıldız,2021 Peugeot 208 1.2 Puretech 130 HP EAT8 Allure NCAP/ANCAP Web Sayfası,2019,Var,,,,,,,,Önden Çekişli,,,,,8 ileri,Otomatik,EAT8 (Otomatik)
1158 kg,10.40 mt.,1745 mm,4055 mm,1430 mm,,311 lt,,2021 Peugeot 208 1.2 Puretech 130 HP EAT8 GT,,,,,,2021 Peugeot 208 1.2 Puretech 130 HP EAT8 GT Test Sürüşü Talep Sayfası,2021 Peugeot 208 1.2 Puretech 130 HP EAT8 GT Ürün Kataloğu,,,,,,,,,Turbo,,3,1199 cc,Direkt Enjeksiyon,8.7 saniye,208 km/s,230 nm,130 BG,Fransa,,Binek,GT,Hatchback,2021,İçten Yanmalı (Standart),1261 tl/yıl,B,208,Benzin,https://www.epey.com/araba/2021-peugeot-208-1-2-puretech-130-hp-eat8-gt.html,,,,,,,103 g/km,4.5 lt,44 lt,,4.0 lt,5.4 lt,,4 yıldız,2021 Peugeot 208 1.2 Puretech 130 HP EAT8 GT NCAP/ANCAP Web Sayfası,2019,Var,,,,,,,,Önden Çekişli,,,,,8 ileri,Otomatik,EAT8 (Otomatik)
980 kg,10.40 mt.,1745 mm,4055 mm,1430 mm,,311 lt,,2021 Peugeot 208 1.2 Puretech 75 HP Active,,,,,,2021 Peugeot 208 1.2 Puretech 75 HP Active Test Sürüşü Talep Sayfası,2021 Peugeot 208 1.2 Puretech 75 HP Active Ürün Kataloğu,,,,,,,,,Atmosferik,,3,1199 cc,Direkt Enjeksiyon,13.2 saniye,164 km/s,118 nm,75 BG,Fransa,,Binek,Active,Hatchback,2021,İçten Yanmalı (Standart),1261 tl/yıl,B,208,Benzin,https://www.epey.com/araba/2021-peugeot-208-1-2-puretech-75-hp-active.html,,,,,,,94 g/km,4.1 lt,44 lt,,3.7 lt,4.8 lt,,4 yıldız,2021 Peugeot 208 1.2 Puretech 75 HP Active NCAP/ANCAP Web Sayfası,2019,Var,,,,,,,,Önden Çekişli,,,,,5 ileri,Manuel,
1173 kg,10.40 mt.,1745 mm,4055 mm,1430 mm,,311 lt,,2021 Peugeot 208 1.5 BlueHDi 130 HP EAT8 Active,,,,,,2021 Peugeot 208 1.5 BlueHDi 130 HP EAT8 Active Test Sürüşü Talep Sayfası,2021 Peugeot 208 1.5 BlueHDi 130 HP EAT8 Active Ürün Kataloğu,,,,,,,,,Turbo,,4,1499 cc,Common Rail Direkt Enjeksiyon,8.9 saniye,207 km/s,300 nm,130 BG,Fransa,,Binek,Active,Hatchback,2021,İçten Yanmalı (Standart),2197 tl/yıl,B,208,Dizel,https://www.epey.com/araba/2021-peugeot-208-1-5-bluehdi-130-hp-eat8-active.html,,,,,,,99 g/km,3.7 lt,41 lt,,3.4 lt,4.3 lt,,4 yıldız,2021 Peugeot 208 1.5 BlueHDi 130 HP EAT8 Active NCAP/ANCAP Web Sayfası,2019,Var,,,,,,,,Önden Çekişli,,,,,8 ileri,Otomatik,EAT8 (Otomatik)
1320 kg,,1841 mm,4447 mm,1624 mm,1482 lt,520 lt,,2021 Peugeot 3008 1.2 130 HP EAT8 Active Prime (4x2),,,,,,2021 Peugeot 3008 1.2 130 HP EAT8 Active Prime (4x2) Test Sürüşü Talep Sayfası,2021 Peugeot 3008 1.2 130 HP EAT8 Active Prime (4x2) Ürün Kataloğu,"2 Yıl Sınırsız Km Mekanik
12 Yıl Paslanmazlık",Peugeot Assistance 0212 292 2626,Var,,,,,,Turbo,PureTech (Yakıt Tasarrufu),3,1199 cc,Çok Noktadan Enjeksiyon,9.7 saniye,188 km/s,230 nm,130 BG,Fransa,,Binek,Active Prime,SUV,2021,İçten Yanmalı (Standart),1261 tl/yıl,C,3008,Benzin,https://www.epey.com/araba/2021-peugeot-3008-1-2-130-hp-eat8-active-prime-4x2.html,,,,,,,122 g/km,5.4 lt,53 lt,Euro 6,4.9 lt,6.1 lt,,5 yıldız,2021 Peugeot 3008 1.2 130 HP EAT8 Active Prime (4x2) NCAP/ANCAP Web Sayfası,2016,Var,,,,,,,,Önden Çekişli,,,,,8 ileri,Otomatik,EAT8 (Otomatik)
1429 kg,,1841 mm,4447 mm,1624 mm,1482 lt,520 lt,,2021 Peugeot 3008 1.5 BlueHDi 130 HP EAT8 Active Prime (4x2),,,,,,2021 Peugeot 3008 1.5 BlueHDi 130 HP EAT8 Active Prime (4x2) Test Sürüşü Talep Sayfası,2021 Peugeot 3008 1.5 BlueHDi 130 HP EAT8 Active Prime (4x2) Ürün Kataloğu,"2 Yıl Sınırsız Km Mekanik
12 Yıl Paslanmazlık",Peugeot Assistance 0212 292 2626,Var,,,,,,Turbo,,4,1499 cc,Common Rail Direkt Enjeksiyon,11.5 saniye,189 km/s,300 nm,130 BG,Fransa,,Binek,Active Prime,SUV,2021,İçten Yanmalı (Standart),2197 tl/yıl,C,3008,Dizel,https://www.epey.com/araba/2021-peugeot-3008-1-5-bluehdi-130-hp-eat8-active-prime-4x2.html,,,,,,,104 g/km,4.0 lt,53 lt,Euro 6,3.7 lt,4.4 lt,,5 yıldız,2021 Peugeot 3008 1.5 BlueHDi 130 HP EAT8 Active Prime (4x2) NCAP/ANCAP Web Sayfası,2016,Var,,,,,,,,Önden Çekişli,,,,,8 ileri,Otomatik,EAT8 (Otomatik)
1429 kg,,1841 mm,4447 mm,1624 mm,1482 lt,520 lt,,2021 Peugeot 3008 1.5 BlueHDi 130 HP EAT8 Allure (4x2),,,,,,2021 Peugeot 3008 1.5 BlueHDi 130 HP EAT8 Allure (4x2) Test Sürüşü Talep Sayfası,2021 Peugeot 3008 1.5 BlueHDi 130 HP EAT8 Allure (4x2) Ürün Kataloğu,"2 Yıl Sınırsız Km Mekanik
12 Yıl Paslanmazlık",Peugeot Assistance 0212 292 2626,Var,,,,,,Turbo,,4,1499 cc,Common Rail Direkt Enjeksiyon,11.5 saniye,189 km/s,300 nm,130 BG,Fransa,,Binek,Allure,SUV,2021,İçten Yanmalı (Standart),2197 tl/yıl,C,3008,Dizel,https://www.epey.com/araba/2021-peugeot-3008-1-5-bluehdi-130-hp-eat8-allure-4x2.html,,,,,,,104 g/km,4.0 lt,53 lt,Euro 6,3.7 lt,4.4 lt,,5 yıldız,2021 Peugeot 3008 1.5 BlueHDi 130 HP EAT8 Allure (4x2) NCAP/ANCAP Web Sayfası,2016,Var,,,,,,,,Önden Çekişli,,,,,8 ileri,Otomatik,EAT8 (Otomatik)
1429 kg,,1841 mm,4447 mm,1624 mm,1482 lt,520 lt,,2021 Peugeot 3008 1.5 BlueHDi 130 HP EAT8 GT (4x2),,,,,,2021 Peugeot 3008 1.5 BlueHDi 130 HP EAT8 GT (4x2) Test Sürüşü Talep Sayfası,2021 Peugeot 3008 1.5 BlueHDi 130 HP EAT8 GT (4x2) Ürün Kataloğu,"2 Yıl Sınırsız Km Mekanik
12 Yıl Paslanmazlık",Peugeot Assistance 0212 292 2626,Var,,,,,,Turbo,,4,1499 cc,Common Rail Direkt Enjeksiyon,11.5 saniye,189 km/s,300 nm,130 BG,Fransa,,Binek,GT,SUV,2021,İçten Yanmalı (Standart),2197 tl/yıl,C,3008,Dizel,https://www.epey.com/araba/2021-peugeot-3008-1-5-bluehdi-130-hp-eat8-gt-4x2.html,,,,,,,104 g/km,4.0 lt,53 lt,Euro 6,3.7 lt,4.4 lt,,5 yıldız,2021 Peugeot 3008 1.5 BlueHDi 130 HP EAT8 GT (4x2) NCAP/ANCAP Web Sayfası,2016,Var,,,,,,,,Önden Çekişli,,,,,8 ileri,Otomatik,EAT8 (Otomatik)
1429 kg,,1841 mm,4447 mm,1624 mm,1482 lt,520 lt,,2021 Peugeot 3008 1.5 BlueHDi 130 HP EAT8 GT Selection (4x2),,,,,,2021 Peugeot 3008 1.5 BlueHDi 130 HP EAT8 GT Selection (4x2) Test Sürüşü Talep Sayfası,2021 Peugeot 3008 1.5 BlueHDi 130 HP EAT8 GT Selection (4x2) Ürün Kataloğu,"2 Yıl Sınırsız Km Mekanik
12 Yıl Paslanmazlık",Peugeot Assistance 0212 292 2626,Var,,,,,,Turbo,,4,1499 cc,Common Rail Direkt Enjeksiyon,11.5 saniye,189 km/s,300 nm,130 BG,Fransa,,Binek,GT Selection,SUV,2021,İçten Yanmalı (Standart),2197 tl/yıl,C,3008,Dizel,https://www.epey.com/araba/2021-peugeot-3008-1-5-bluehdi-130-hp-eat8-gt-selection-4x2.html,,,,,,,104 g/km,4.0 lt,53 lt,Euro 6,3.7 lt,4.4 lt,,5 yıldız,2021 Peugeot 3008 1.5 BlueHDi 130 HP EAT8 GT Selection (4x2) NCAP/ANCAP Web Sayfası,2016,Var,,,,,,,,Önden Çekişli,,,,,8 ileri,Otomatik,EAT8 (Otomatik)
1429 kg,,1841 mm,4447 mm,1624 mm,1482 lt,520 lt,,2021 Peugeot 3008 1.6 180 HP EAT8 Allure (4x2),,,,,,2021 Peugeot 3008 1.6 180 HP EAT8 Allure (4x2) Test Sürüşü Talep Sayfası,2021 Peugeot 3008 1.6 180 HP EAT8 Allure (4x2) Ürün Kataloğu,"2 Yıl Sınırsız Km Mekanik
12 Yıl Paslanmazlık",Peugeot Assistance 0212 292 2626,Var,,,,,,Turbo,PureTech (Yakıt Tasarrufu),4,1598 cc,Çok Noktadan Enjeksiyon,8.0 saniye,222 km/s,250 nm,180 BG,Fransa,,Binek,Allure,SUV,2021,İçten Yanmalı (Standart),2197 tl/yıl,C,3008,Benzin,https://www.epey.com/araba/2021-peugeot-3008-1-6-180-hp-eat8-allure-4x2.html,,,,,,,126 g/km,5.5 lt,53 lt,Euro 6,5.0 lt,6.5 lt,,5 yıldız,2021 Peugeot 3008 1.6 180 HP EAT8 Allure (4x2) NCAP/ANCAP Web Sayfası,2016,Var,,,,,,,,Önden Çekişli,,,,,8 ileri,Otomatik,EAT8 (Otomatik)
1429 kg,,1841 mm,4447 mm,1624 mm,1482 lt,520 lt,,2021 Peugeot 3008 1.6 180 HP EAT8 GT (4x2),,,,,,2021 Peugeot 3008 1.6 180 HP EAT8 GT (4x2) Test Sürüşü Talep Sayfası,2021 Peugeot 3008 1.6 180 HP EAT8 GT (4x2) Ürün Kataloğu,"2 Yıl Sınırsız Km Mekanik
12 Yıl Paslanmazlık",Peugeot Assistance 0212 292 2626,Var,,,,,,Turbo,PureTech (Yakıt Tasarrufu),4,1598 cc,Çok Noktadan Enjeksiyon,8.0 saniye,222 km/s,250 nm,180 BG,Fransa,,Binek,GT,SUV,2021,İçten Yanmalı (Standart),2197 tl/yıl,C,3008,Benzin,https://www.epey.com/araba/2021-peugeot-3008-1-6-180-hp-eat8-gt-4x2.html,,,,,,,126 g/km,5.5 lt,53 lt,Euro 6,5.0 lt,6.5 lt,,5 yıldız,2021 Peugeot 3008 1.6 180 HP EAT8 GT (4x2) NCAP/ANCAP Web Sayfası,2016,Var,,,,,,,,Önden Çekişli,,,,,8 ileri,Otomatik,EAT8 (Otomatik)
1429 kg,,1841 mm,4447 mm,1624 mm,1482 lt,520 lt,,2021 Peugeot 3008 1.6 180 HP EAT8 GT Selection (4x2),,,,,,2021 Peugeot 3008 1.6 180 HP EAT8 GT Selection (4x2) Test Sürüşü Talep Sayfası,2021 Peugeot 3008 1.6 180 HP EAT8 GT Selection (4x2) Ürün Kataloğu,"2 Yıl Sınırsız Km Mekanik
12 Yıl Paslanmazlık",Peugeot Assistance 0212 292 2626,Var,,,,,,Turbo,PureTech (Yakıt Tasarrufu),4,1598 cc,Çok Noktadan Enjeksiyon,8.0 saniye,222 km/s,250 nm,180 BG,Fransa,,Binek,GT Selection,SUV,2021,İçten Yanmalı (Standart),2197 tl/yıl,C,3008,Benzin,https://www.epey.com/araba/2021-peugeot-3008-1-6-180-hp-eat8-gt-selection-4x2.html,,,,,,,126 g/km,5.5 lt,53 lt,Euro 6,5.0 lt,6.5 lt,,5 yıldız,2021 Peugeot 3008 1.6 180 HP EAT8 GT Selection (4x2) NCAP/ANCAP Web Sayfası,2016,Var,,,,,,,,Önden Çekişli,,,,,8 ileri,Otomatik,EAT8 (Otomatik)
1090 kg,10.90 mt.,1748 mm,4445 mm,1466 mm,640 lt,506 lt,,2021 Peugeot 301 1.5 BlueHDi 100 HP Active,,,,,,2021 Peugeot 301 1.5 BlueHDi 100 HP Active Test Sürüşü Talep Sayfası,2021 Peugeot 301 1.5 BlueHDi 100 HP Active Ürün Kataloğu,"2 Yıl Sınırsız Km Mekanik
3 Yıl Boya
12 Yıl Paslanmazlık",Peugeot Assistance 0212 292 2626,Var,,,,,,Turbo,,4,1499 cc,Common Rail Direkt Enjeksiyon,10.1 saniye,190 km/s,250 nm,100 BG,Fransa,,Binek,Active,Sedan,2021,İçten Yanmalı (Standart),2197 tl/yıl,B,301,Dizel,https://www.epey.com/araba/2021-peugeot-301-1-5-bluehdi-100-hp-active.html,,,,,,,104 g/km,3.9 lt,50 lt,Euro 6,3.4 lt,4.8 lt,,3 yıldız,2021 Peugeot 301 1.5 BlueHDi 100 HP Active NCAP/ANCAP Web Sayfası,2014,Var,,,,,,,,Önden Çekişli,,,,,6 ileri,Manuel,
1090 kg,10.90 mt.,1748 mm,4445 mm,1466 mm,640 lt,506 lt,,2021 Peugeot 301 1.5 BlueHDi 100 HP Allure,,,,,,2021 Peugeot 301 1.5 BlueHDi 100 HP Allure Test Sürüşü Talep Sayfası,2021 Peugeot 301 1.5 BlueHDi 100 HP Allure Ürün Kataloğu,"2 Yıl Sınırsız Km Mekanik
3 Yıl Boya
12 Yıl Paslanmazlık",Peugeot Assistance 0212 292 2626,Var,,,,,,Turbo,,4,1499 cc,Common Rail Direkt Enjeksiyon,10.1 saniye,190 km/s,250 nm,100 BG,Fransa,,Binek,Allure,Sedan,2021,İçten Yanmalı (Standart),2197 tl/yıl,B,301,Dizel,https://www.epey.com/araba/2021-peugeot-301-1-5-bluehdi-100-hp-allure.html,,,,,,,104 g/km,3.9 lt,50 lt,Euro 6,3.4 lt,4.8 lt,,3 yıldız,2021 Peugeot 301 1.5 BlueHDi 100 HP Allure NCAP/ANCAP Web Sayfası,2014,Var,,,,,,,,Önden Çekişli,,,,,6 ileri,Manuel,
1205 kg,10.40 mt.,1804 mm,4253 mm,1457 mm,1228 lt,420 lt,,2021 Peugeot 308 1.2 130 HP EAT8 Allure Sport,,,,,,2021 Peugeot 308 1.2 130 HP EAT8 Allure Sport Test Sürüşü Talep Sayfası,2021 Peugeot 308 1.2 130 HP EAT8 Allure Sport Ürün Kataloğu,"2 Yıl Sınırsız Km Mekanik
3 Yıl Boya
12 Yıl Paslanmazlık",Peugeot Assistance 0212 292 2626,Var,,,,,,Turbo,,3,1199 cc,Çok Noktadan Enjeksiyon,9.4 saniye,204 km/s,230 nm,130 BG,Fransa,,Binek,Allure Sport,Hatchback,2021,İçten Yanmalı (Standart),1261 tl/yıl,C,308,Benzin,https://www.epey.com/araba/2021-peugeot-308-1-2-130-hp-eat8-allure-sport.html,,,,,,,108 g/km,4.2 lt,53 lt,,4.8 lt,5.7 lt,,5 yıldız,2021 Peugeot 308 1.2 130 HP EAT8 Allure Sport NCAP/ANCAP Web Sayfası,2013,Var,,,,,,,,Önden Çekişli,,,,,8 ileri,Otomatik,EAT8 (Otomatik)
1205 kg,10.40 mt.,1804 mm,4253 mm,1457 mm,1228 lt,420 lt,,2021 Peugeot 308 1.2 130 HP EAT8 Style Tech,,,,,,2021 Peugeot 308 1.2 130 HP EAT8 Style Tech Test Sürüşü Talep Sayfası,2021 Peugeot 308 1.2 130 HP EAT8 Style Tech Ürün Kataloğu,"2 Yıl Sınırsız Km Mekanik
3 Yıl Boya
12 Yıl Paslanmazlık",Peugeot Assistance 0212 292 2626,Var,,,,,,Turbo,,3,1199 cc,Çok Noktadan Enjeksiyon,9.4 saniye,204 km/s,230 nm,130 BG,Fransa,,Binek,Style Tech,Hatchback,2021,İçten Yanmalı (Standart),1261 tl/yıl,C,308,Benzin,https://www.epey.com/araba/2021-peugeot-308-1-2-130-hp-eat8-style-tech.html,,,,,,,108 g/km,4.2 lt,53 lt,,4.8 lt,5.7 lt,,5 yıldız,2021 Peugeot 308 1.2 130 HP EAT8 Style Tech NCAP/ANCAP Web Sayfası,2013,Var,,,,,,,,Önden Çekişli,,,,,8 ileri,Otomatik,EAT8 (Otomatik)
1205 kg,10.40 mt.,1804 mm,4253 mm,1457 mm,1228 lt,420 lt,,2021 Peugeot 308 1.5 BlueHDi 130 HP S&S EAT6 Style Tech,,,,,,2021 Peugeot 308 1.5 BlueHDi 130 HP S&S EAT6 Style Tech Test Sürüşü Talep Sayfası,2021 Peugeot 308 1.5 BlueHDi 130 HP S&S EAT6 Style Tech Ürün Kataloğu,"2 Yıl Sınırsız Km Mekanik
3 Yıl Boya
12 Yıl Paslanmazlık",Peugeot Assistance 0212 292 2626,Var,,,,,,Turbo,,4,1499 cc,Common Rail Direkt Enjeksiyon,9.0 saniye,206 km/s,300 nm,130 BG,Fransa,,Binek,Style Tech,Hatchback,2021,İçten Yanmalı (Standart),2197 tl/yıl,C,308,Dizel,https://www.epey.com/araba/2021-peugeot-308-1-5-bluehdi-130-hp-ss-eat6-style-tech.html,,,,,,,102 g/km,3.9 lt,53 lt,,3.7 lt,4.4 lt,,5 yıldız,2021 Peugeot 308 1.5 BlueHDi 130 HP S&S EAT6 Style Tech NCAP/ANCAP Web Sayfası,2013,Var,,,,,,,,Önden Çekişli,,,,,6 ileri,Otomatik,EAT6 (Otomatik)
1353 kg,,1797 mm,4227 mm,1576 mm,1275 lt,422 lt,,2021 Renault Captur 1.3 TCe 140 BG EDC Joy (4x2),,,,,,2021 Renault Captur 1.3 TCe 140 BG EDC Joy (4x2) Test Sürüşü Talep Sayfası,2021 Renault Captur 1.3 TCe 140 BG EDC Joy (4x2) Ürün Kataloğu,,,,,,,,,Turbo,,4,1333 cc,Direkt Enjeksiyon,9.2 saniye,196 km/s,260 nm,140 BG,Fransa,,Binek,Joy,SUV,2021,İçten Yanmalı (Standart),2197 tl/yıl,B,Captur,Benzin,https://www.epey.com/araba/2021-renault-captur-1-3-tce-140-bg-edc-joy-4x2.html,,,,,,,122 g/km,5.4 lt,48 lt,Euro 6,4.7 lt,6.5 lt,,5 yıldız,2021 Renault Captur 1.3 TCe 140 BG EDC Joy (4x2) NCAP/ANCAP Web Sayfası,2019,Var,,,,,,,,Önden Çekişli,,,,,7 ileri,Otomatik,EDC (Çift Kavramalı Otm.)
1353 kg,,1797 mm,4227 mm,1576 mm,1275 lt,422 lt,,2021 Renault Captur 1.3 TCe 140 BG EDC Touch (4x2),,,,,,2021 Renault Captur 1.3 TCe 140 BG EDC Touch (4x2) Test Sürüşü Talep Sayfası,2021 Renault Captur 1.3 TCe 140 BG EDC Touch (4x2) Ürün Kataloğu,,,,,,,,,Turbo,,4,1333 cc,Direkt Enjeksiyon,9.2 saniye,196 km/s,260 nm,140 BG,Fransa,,Binek,Touch,SUV,2021,İçten Yanmalı (Standart),2197 tl/yıl,B,Captur,Benzin,https://www.epey.com/araba/2021-renault-captur-1-3-tce-140-bg-edc-touch-4x2.html,,,,,,,122 g/km,5.4 lt,48 lt,Euro 6,4.7 lt,6.5 lt,,5 yıldız,2021 Renault Captur 1.3 TCe 140 BG EDC Touch (4x2) NCAP/ANCAP Web Sayfası,2019,Var,,,,,,,,Önden Çekişli,,,,,7 ileri,Otomatik,EDC (Çift Kavramalı Otm.)
,,1798 mm,4050 mm,1440 mm,1069 lt,391 lt,,2021 Renault Clio 1.0 SCe 65 BG Joy,,,,,,2021 Renault Clio 1.0 SCe 65 BG Joy Test Sürüşü Talep Sayfası,2021 Renault Clio 1.0 SCe 65 BG Joy Ürün Kataloğu,,,,,,,,,Atmosferik,,3,999 cc,,,,,65 BG,Fransa,Hatchback,Binek,Joy,Hatchback,2021,İçten Yanmalı (Standart),1261 tl/yıl,B,Clio,Benzin,https://www.epey.com/araba/2021-renault-clio-1-0-sce-65-bg-joy.html,,,,,,,,,,,,,,5 yıldız,2021 Renault Clio 1.0 SCe 65 BG Joy NCAP/ANCAP Web Sayfası,2019,Var,,,,,,,,Önden Çekişli,,,,,5 ileri,Manuel,
,,1798 mm,4050 mm,1440 mm,1069 lt,391 lt,,2021 Renault Clio 1.0 TCe 90 BG Joy,,,,,,2021 Renault Clio 1.0 TCe 90 BG Joy Test Sürüşü Talep Sayfası,2021 Renault Clio 1.0 TCe 90 BG Joy Ürün Kataloğu,,,,,,,,,Turbo,,3,999 cc,Çok Noktadan Enjeksiyon,,,,90 BG,Fransa,Hatchback,Binek,Joy,Hatchback,2021,İçten Yanmalı (Standart),1261 tl/yıl,B,Clio,Benzin,https://www.epey.com/araba/2021-renault-clio-1-0-tce-90-bg-joy.html,,,,,,,,,,,,,,5 yıldız,2021 Renault Clio 1.0 TCe 90 BG Joy NCAP/ANCAP Web Sayfası,2019,Var,,,,,,,,Önden Çekişli,,,,,,Manuel,
,,1798 mm,4050 mm,1440 mm,1069 lt,391 lt,,2021 Renault Clio 1.0 TCe 90 BG Touch,,,,,,2021 Renault Clio 1.0 TCe 90 BG Touch Test Sürüşü Talep Sayfası,2021 Renault Clio 1.0 TCe 90 BG Touch Ürün Kataloğu,,,,,,,,,Turbo,,3,999 cc,Çok Noktadan Enjeksiyon,,,,90 BG,Fransa,Hatchback,Binek,Touch,Hatchback,2021,İçten Yanmalı (Standart),1261 tl/yıl,B,Clio,Benzin,https://www.epey.com/araba/2021-renault-clio-1-0-tce-90-bg-touch.html,,,,,,,,,,,,,,5 yıldız,2021 Renault Clio 1.0 TCe 90 BG Touch NCAP/ANCAP Web Sayfası,2019,Var,,,,,,,,Önden Çekişli,,,,,,Manuel,
1201 kg,,1798 mm,4050 mm,1440 mm,1069 lt,391 lt,,2021 Renault Clio 1.0 TCe 90 BG X-Tronic Icon,,,,,,2021 Renault Clio 1.0 TCe 90 BG X-Tronic Icon Test Sürüşü Talep Sayfası,2021 Renault Clio 1.0 TCe 90 BG X-Tronic Icon Ürün Kataloğu,,,,,,,,,Turbo,,3,999 cc,Çok Noktadan Enjeksiyon,11.5 saniye,182 km/s,,90 BG,Fransa,Hatchback,Binek,Icon,Hatchback,2021,İçten Yanmalı (Standart),1261 tl/yıl,B,Clio,Benzin,https://www.epey.com/araba/2021-renault-clio-1-0-tce-90-bg-x-tronic-icon.html,,,,,,,131 g/km,5.8 lt,,,,,,5 yıldız,2021 Renault Clio 1.0 TCe 90 BG X-Tronic Icon NCAP/ANCAP Web Sayfası,2019,Var,,,,,,,,Önden Çekişli,,,,,,Otomatik,X-Tronic (Değişken Oranlı)
1201 kg,,1798 mm,4050 mm,1440 mm,1069 lt,391 lt,,2021 Renault Clio 1.0 TCe 90 BG X-Tronic Joy,,,,,,2021 Renault Clio 1.0 TCe 90 BG X-Tronic Joy Test Sürüşü Talep Sayfası,2021 Renault Clio 1.0 TCe 90 BG X-Tronic Joy Ürün Kataloğu,,,,,,,,,Turbo,,3,999 cc,Çok Noktadan Enjeksiyon,11.5 saniye,182 km/s,,90 BG,Fransa,Hatchback,Binek,Joy,Hatchback,2021,İçten Yanmalı (Standart),1261 tl/yıl,B,Clio,Benzin,https://www.epey.com/araba/2021-renault-clio-1-0-tce-90-bg-x-tronic-joy.html,,,,,,,131 g/km,5.8 lt,,,,,,5 yıldız,2021 Renault Clio 1.0 TCe 90 BG X-Tronic Joy NCAP/ANCAP Web Sayfası,2019,Var,,,,,,,,Önden Çekişli,,,,,,Otomatik,X-Tronic (Değişken Oranlı)
1201 kg,,1798 mm,4050 mm,1440 mm,1069 lt,391 lt,,2021 Renault Clio 1.0 TCe 90 BG X-Tronic Touch,,,,,,2021 Renault Clio 1.0 TCe 90 BG X-Tronic Touch Test Sürüşü Talep Sayfası,2021 Renault Clio 1.0 TCe 90 BG X-Tronic Touch Ürün Kataloğu,,,,,,,,,Turbo,,3,999 cc,Çok Noktadan Enjeksiyon,11.5 saniye,182 km/s,,90 BG,Fransa,Hatchback,Binek,Touch,Hatchback,2021,İçten Yanmalı (Standart),1261 tl/yıl,B,Clio,Benzin,https://www.epey.com/araba/2021-renault-clio-1-0-tce-90-bg-x-tronic-touch.html,,,,,,,131 g/km,5.8 lt,,,,,,5 yıldız,2021 Renault Clio 1.0 TCe 90 BG X-Tronic Touch NCAP/ANCAP Web Sayfası,2019,Var,,,,,,,,Önden Çekişli,,,,,,Otomatik,X-Tronic (Değişken Oranlı)
1137 kg,,1798 mm,4050 mm,1440 mm,1069 lt,391 lt,,2021 Renault Clio 1.0 TCe ECO 100 BG Joy,,,,,,2021 Renault Clio 1.0 TCe ECO 100 BG Joy Test Sürüşü Talep Sayfası,2021 Renault Clio 1.0 TCe ECO 100 BG Joy Ürün Kataloğu,,,,,,,,,Turbo,,3,999 cc,Çok Noktadan Enjeksiyon,12.5 saniye,188 km/s,160 nm,100 BG,Fransa,Hatchback,Binek,Joy,Hatchback,2021,İçten Yanmalı (Standart),1261 tl/yıl,B,Clio,Benzin & LPG,https://www.epey.com/araba/2021-renault-clio-1-0-tce-eco-100-bg-joy.html,Var,100 g/km,32 lt,6.1 lt,5.3 lt,7.5 lt,110 g/km,4.8 lt,39 lt,Euro 6,4.0 lt,6.2 lt,,5 yıldız,2021 Renault Clio 1.0 TCe ECO 100 BG Joy NCAP/ANCAP Web Sayfası,2019,Var,,,,,,,,Önden Çekişli,,,,,5 ileri,Manuel,
1137 kg,,1798 mm,4050 mm,1440 mm,1069 lt,391 lt,,2021 Renault Clio 1.0 TCe ECO 100 BG Touch,,,,,,2021 Renault Clio 1.0 TCe ECO 100 BG Touch Test Sürüşü Talep Sayfası,2021 Renault Clio 1.0 TCe ECO 100 BG Touch Ürün Kataloğu,,,,,,,,,Turbo,,3,999 cc,Çok Noktadan Enjeksiyon,12.5 saniye,188 km/s,160 nm,100 BG,Fransa,Hatchback,Binek,Touch,Hatchback,2021,İçten Yanmalı (Standart),1261 tl/yıl,B,Clio,Benzin & LPG,https://www.epey.com/araba/2021-renault-clio-1-0-tce-eco-100-bg-touch.html,Var,100 g/km,32 lt,6.1 lt,5.3 lt,7.5 lt,110 g/km,4.8 lt,39 lt,Euro 6,4.0 lt,6.2 lt,,5 yıldız,2021 Renault Clio 1.0 TCe ECO 100 BG Touch NCAP/ANCAP Web Sayfası,2019,Var,,,,,,,,Önden Çekişli,,,,,5 ileri,Manuel,
,,1814 mm,4632 mm,1443 mm,987 lt,503 lt,,2021 Renault Megane Sedan 1.0 TCe 115 BG Joy,,,,,,2021 Renault Megane Sedan 1.0 TCe 115 BG Joy Test Sürüşü Talep Sayfası,2021 Renault Megane Sedan 1.0 TCe 115 BG Joy Ürün Kataloğu,"3 Yıl / 100 Bin Km Mekanik
3 Yıl Boya
12 Yıl Paslanmazlık",Renault Yardım 444 6247,Var,,,,,,Turbo,,3,999 cc,Direkt Enjeksiyon,,,,115 BG,Fransa,Sedan,Binek,Joy,Sedan,2021,İçten Yanmalı (Standart),2197 tl/yıl,C,Megane,Benzin,https://www.epey.com/araba/2021-renault-megane-sedan-1-0-tce-115-bg-joy.html,,,,,,,,,49.7 lt,,,,,5 yıldız,2021 Renault Megane Sedan 1.0 TCe 115 BG Joy NCAP/ANCAP Web Sayfası,2015,Var,,,,,,,,Önden Çekişli,,,,,6 ileri,Manuel,
1313 kg,,1814 mm,4632 mm,1443 mm,1367 lt,473 lt,,2021 Renault Megane Sedan 1.0 TCe 115 BG,,,,,,2021 Renault Megane Sedan 1.0 TCe 115 BG Test Sürüşü Talep Sayfası,2021 Renault Megane Sedan 1.0 TCe 115 BG Ürün Kataloğu,,,,,,,,,Turbo,,3,999 cc,Direkt Enjeksiyon,11.2 saniye,190 km/s,200 nm,115 BG,Fransa,Sedan,Binek,,Sedan,2021,İçten Yanmalı (Standart),1261 tl/yıl,C,Megane,Benzin,https://www.epey.com/araba/2021-renault-megane-sedan-1-0-tce-115-bg.html,,,,,,,,,50 lt,,,,,,,,Var,,,,,,,,Önden Çekişli,,,,,6 ileri,Manuel,
1382 kg,,1814 mm,4632 mm,1443 mm,987 lt,503 lt,,2021 Renault Megane Sedan 1.3 TCe 140 BG EDC Icon,,,,,,2021 Renault Megane Sedan 1.3 TCe 140 BG EDC Icon Test Sürüşü Talep Sayfası,2021 Renault Megane Sedan 1.3 TCe 140 BG EDC Icon Ürün Kataloğu,"3 Yıl / 100 Bin Km Mekanik
3 Yıl Boya
12 Yıl Paslanmazlık",Renault Yardım 444 6247,Var,,,,,,Turbo,,4,1332 cc,Direkt Enjeksiyon,9.0 saniye,205 km/s,240 nm,140 BG,Fransa,Sedan,Binek,Icon,Sedan,2021,İçten Yanmalı (Standart),2197 tl/yıl,C,Megane,Benzin,https://www.epey.com/araba/2021-renault-megane-sedan-1-3-tce-140-bg-edc-icon.html,,,,,,,130 g/km,5.7 lt,49.7 lt,Euro 6,5.1 lt,7.0 lt,,5 yıldız,2021 Renault Megane Sedan 1.3 TCe 140 BG EDC Icon NCAP/ANCAP Web Sayfası,2015,Var,,,,,,,,Önden Çekişli,,,,,7 ileri,Otomatik,EDC (Çift Kavramalı Otm.)
1382 kg,,1814 mm,4632 mm,1443 mm,987 lt,503 lt,,2021 Renault Megane Sedan 1.3 TCe 140 BG EDC Joy,,,,,,2021 Renault Megane Sedan 1.3 TCe 140 BG EDC Joy Test Sürüşü Talep Sayfası,2021 Renault Megane Sedan 1.3 TCe 140 BG EDC Joy Ürün Kataloğu,"3 Yıl / 100 Bin Km Mekanik
3 Yıl Boya
12 Yıl Paslanmazlık",Renault Yardım 444 6247,Var,,,,,,Turbo,,4,1332 cc,Direkt Enjeksiyon,9.0 saniye,205 km/s,240 nm,140 BG,Fransa,Sedan,Binek,Joy,Sedan,2021,İçten Yanmalı (Standart),2197 tl/yıl,C,Megane,Benzin,https://www.epey.com/araba/2021-renault-megane-sedan-1-3-tce-140-bg-edc-joy.html,,,,,,,130 g/km,5.7 lt,49.7 lt,Euro 6,5.1 lt,7.0 lt,,5 yıldız,2021 Renault Megane Sedan 1.3 TCe 140 BG EDC Joy NCAP/ANCAP Web Sayfası,2015,Var,,,,,,,,Önden Çekişli,,,,,7 ileri,Otomatik,EDC (Çift Kavramalı Otm.)
1381 kg,,1814 mm,4632 mm,1443 mm,1367 lt,473 lt,,2021 Renault Megane Sedan 1.3 TCe 140 BG EDC,,,,,,2021 Renault Megane Sedan 1.3 TCe 140 BG EDC Test Sürüşü Talep Sayfası,2021 Renault Megane Sedan 1.3 TCe 140 BG EDC Ürün Kataloğu,,,,,,,,,Turbo,,4,1332 cc,Direkt Enjeksiyon,9.8 saniye,205 km/s,240 nm,140 BG,Fransa,Sedan,Binek,,Sedan,2021,İçten Yanmalı (Standart),2197 tl/yıl,C,Megane,Benzin,https://www.epey.com/araba/2021-renault-megane-sedan-1-3-tce-140-bg-edc.html,,,,,,,121 g/km,5.3 lt,50 lt,,4.7 lt,6.4 lt,,,,,Var,,,,,,,,Önden Çekişli,,,,,7 ileri,Otomatik,EDC (Çift Kavramalı Otm.)
1355 kg,,1814 mm,4632 mm,1443 mm,987 lt,503 lt,,2021 Renault Megane Sedan 1.3 TCe 140 BG Joy,,,,,,2021 Renault Megane Sedan 1.3 TCe 140 BG Joy Test Sürüşü Talep Sayfası,2021 Renault Megane Sedan 1.3 TCe 140 BG Joy Ürün Kataloğu,"3 Yıl / 100 Bin Km Mekanik
3 Yıl Boya
12 Yıl Paslanmazlık",Renault Yardım 444 6247,Var,,,,,,Turbo,,4,1332 cc,Direkt Enjeksiyon,9.7 saniye,205 km/s,240 nm,140 BG,Fransa,Sedan,Binek,Joy,Sedan,2021,İçten Yanmalı (Standart),2197 tl/yıl,C,Megane,Benzin,https://www.epey.com/araba/2021-renault-megane-sedan-1-3-tce-140-bg-joy.html,,,,,,,126 g/km,5.5 lt,49.7 lt,Euro 6,4.8 lt,7.0 lt,,5 yıldız,2021 Renault Megane Sedan 1.3 TCe 140 BG Joy NCAP/ANCAP Web Sayfası,2015,Var,,,,,,,,Önden Çekişli,,,,,6 ileri,Manuel,
1353 kg,,1814 mm,4632 mm,1443 mm,1367 lt,473 lt,,2021 Renault Megane Sedan 1.3 TCe 140 BG,,,,,,2021 Renault Megane Sedan 1.3 TCe 140 BG Test Sürüşü Talep Sayfası,2021 Renault Megane Sedan 1.3 TCe 140 BG Ürün Kataloğu,,,,,,,,,Turbo,,4,1332 cc,Direkt Enjeksiyon,9.6 saniye,205 km/s,260 nm,140 BG,Fransa,Sedan,Binek,,Sedan,2021,İçten Yanmalı (Standart),2197 tl/yıl,C,Megane,Benzin,https://www.epey.com/araba/2021-renault-megane-sedan-1-3-tce-140-bg.html,,,,,,,129 g/km,5.7 lt,50 lt,Euro 6,5.0 lt,7.4 lt,,,,,Var,,,,,,,,Önden Çekişli,,,,,6 ileri,Manuel,
1478 kg,,1814 mm,4632 mm,1443 mm,987 lt,503 lt,,2021 Renault Megane Sedan 1.5 Blue dCi 115 BG EDC Icon,,,,,,2021 Renault Megane Sedan 1.5 Blue dCi 115 BG EDC Icon Test Sürüşü Talep Sayfası,2021 Renault Megane Sedan 1.5 Blue dCi 115 BG EDC Icon Ürün Kataloğu,"3 Yıl / 100 Bin Km Mekanik
3 Yıl Boya
12 Yıl Paslanmazlık",Renault Yardım 444 6247,Var,,,,,,Turbo,,4,1461 cc,Common Rail Direkt Enjeksiyon,10.8 saniye,197 km/s,260 nm,115 BG,Fransa,Sedan,Binek,Icon,Sedan,2021,İçten Yanmalı (Standart),2197 tl/yıl,C,Megane,Dizel,https://www.epey.com/araba/2021-renault-megane-sedan-1-5-blue-dci-115-bg-edc-icon.html,,,,,,,112 g/km,4.2 lt,49 lt,Euro 6,3.9 lt,4.9 lt,,5 yıldız,2021 Renault Megane Sedan 1.5 Blue dCi 115 BG EDC Icon NCAP/ANCAP Web Sayfası,2015,Var,,,,,,,,Önden Çekişli,,,,,7 ileri,Otomatik,EDC (Çift Kavramalı Otm.)
1478 kg,,1814 mm,4632 mm,1443 mm,987 lt,503 lt,,2021 Renault Megane Sedan 1.5 Blue dCi 115 BG EDC Joy,,,,,,2021 Renault Megane Sedan 1.5 Blue dCi 115 BG EDC Joy Test Sürüşü Talep Sayfası,,"3 Yıl / 100 Bin Km Mekanik
3 Yıl Boya
12 Yıl Paslanmazlık",Renault Yardım 444 6247,Var,,,,,,Turbo,,4,1461 cc,Common Rail Direkt Enjeksiyon,10.8 saniye,197 km/s,260 nm,115 BG,Fransa,Sedan,Binek,Joy,Sedan,2021,İçten Yanmalı (Standart),2197 tl/yıl,C,Megane,Dizel,https://www.epey.com/araba/2021-renault-megane-sedan-1-5-blue-dci-115-bg-edc-joy.html,,,,,,,112 g/km,4.2 lt,49 lt,Euro 6,3.9 lt,4.9 lt,,5 yıldız,2021 Renault Megane Sedan 1.5 Blue dCi 115 BG EDC Joy NCAP/ANCAP Web Sayfası,2015,Var,,,,,,,,Önden Çekişli,,,,,7 ileri,Otomatik,EDC (Çift Kavramalı Otm.)
1478 kg,,1814 mm,4632 mm,1443 mm,987 lt,503 lt,,2021 Renault Megane Sedan 1.5 Blue dCi 115 BG EDC Touch,,,,,,2021 Renault Megane Sedan 1.5 Blue dCi 115 BG EDC Touch Test Sürüşü Talep Sayfası,,"3 Yıl / 100 Bin Km Mekanik
3 Yıl Boya
12 Yıl Paslanmazlık",Renault Yardım 444 6247,Var,,,,,,Turbo,,4,1461 cc,Common Rail Direkt Enjeksiyon,10.8 saniye,197 km/s,260 nm,115 BG,Fransa,Sedan,Binek,Touch,Sedan,2021,İçten Yanmalı (Standart),2197 tl/yıl,C,Megane,Dizel,https://www.epey.com/araba/2021-renault-megane-sedan-1-5-blue-dci-115-bg-edc-touch.html,,,,,,,112 g/km,4.2 lt,49 lt,Euro 6,3.9 lt,4.9 lt,,5 yıldız,2021 Renault Megane Sedan 1.5 Blue dCi 115 BG EDC Touch NCAP/ANCAP Web Sayfası,2015,Var,,,,,,,,Önden Çekişli,,,,,7 ileri,Otomatik,EDC (Çift Kavramalı Otm.)
1469 kg,,1814 mm,4632 mm,1443 mm,1367 lt,473 lt,,2021 Renault Megane Sedan 1.5 Blue dCi 115 BG EDC,,,,,,2021 Renault Megane Sedan 1.5 Blue dCi 115 BG EDC Test Sürüşü Talep Sayfası,2021 Renault Megane Sedan 1.5 Blue dCi 115 BG EDC Ürün Kataloğu,,,,,,,,,Turbo,,4,1461 cc,Common Rail Direkt Enjeksiyon,11.2 saniye,190 km/s,270 nm,115 BG,Fransa,Sedan,Binek,,Sedan,2021,İçten Yanmalı (Standart),2197 tl/yıl,C,Megane,Dizel,https://www.epey.com/araba/2021-renault-megane-sedan-1-5-blue-dci-115-bg-edc.html,,,,,,,108 g/km,4.1 lt,49 lt,,3.8 lt,4.7 lt,,,,,Var,,,,,,,,Önden Çekişli,,,,,7 ileri,Otomatik,EDC (Çift Kavramalı Otm.)
1442 kg,,1814 mm,4632 mm,1443 mm,1367 lt,473 lt,,2021 Renault Megane Sedan 1.5 Blue dCi 115 BG,,,,,,2021 Renault Megane Sedan 1.5 Blue dCi 115 BG Test Sürüşü Talep Sayfası,2021 Renault Megane Sedan 1.5 Blue dCi 115 BG Ürün Kataloğu,,,,,,,,,Turbo,,4,1461 cc,Common Rail Direkt Enjeksiyon,11.3 saniye,190 km/s,270 nm,115 BG,Fransa,Sedan,Binek,,Sedan,2021,İçten Yanmalı (Standart),2197 tl/yıl,C,Megane,Dizel,https://www.epey.com/araba/2021-renault-megane-sedan-1-5-blue-dci-115-bg.html,,,,,,,113 g/km,4.3 lt,49 lt,,3.8 lt,5.1 lt,,,,,Var,,,,,,,,Önden Çekişli,,,,,6 ileri,Manuel,
1109 kg,,1848 mm,4396 mm,1501 mm,1666 lt,628 lt,,2021 Renault Taliant 1.0 Sce 65 BG Joy,,,,,,2021 Renault Taliant 1.0 Sce 65 BG Joy Test Sürüşü Talep Sayfası,,,,,,,,,,Atmosferik,,3,999 cc,Çok Noktadan Enjeksiyon,17.0 saniye,157 km/s,95 nm,65 BG,Fransa,,Binek,Joy,Sedan,2021,İçten Yanmalı (Standart),1261 tl/yıl,B,Taliant,Benzin,https://www.epey.com/araba/2021-renault-taliant-1-0-sce-65-bg-joy.html,,,,,,,127 g/km,5.6 lt,50 lt,,4.9 lt,6.2 lt,,,,,,,,,,,,,Önden Çekişli,,,,,5 ileri,Manuel,
1186 kg,,1848 mm,4396 mm,1501 mm,1666 lt,628 lt,,2021 Renault Taliant 1.0 Turbo 90 BG Joy,,,,,,2021 Renault Taliant 1.0 Turbo 90 BG Joy Test Sürüşü Talep Sayfası,,,,,,,,,,Turbo,,3,999 cc,Çok Noktadan Enjeksiyon,11.7 saniye,179 km/s,160 nm,90 BG,Fransa,,Binek,Joy,Sedan,2021,İçten Yanmalı (Standart),1261 tl/yıl,B,Taliant,Benzin,https://www.epey.com/araba/2021-renault-taliant-1-0-turbo-90-bg-joy.html,,,,,,,127 g/km,5.6 lt,50 lt,,4.8 lt,6.1 lt,,,,,,,,,,,,,Önden Çekişli,,,,,7 ileri,Manuel,
1202 kg,,1848 mm,4396 mm,1501 mm,1666 lt,628 lt,,2021 Renault Taliant 1.0 Turbo ECO 100 BG Joy,,,,,,2021 Renault Taliant 1.0 Turbo ECO 100 BG Joy Test Sürüşü Talep Sayfası,,,,,,,,,,Turbo,,3,999 cc,Çok Noktadan Enjeksiyon,11.7 saniye,184 km/s,160 nm,100 BG,Fransa,,Binek,Joy,Sedan,2021,İçten Yanmalı (Standart),1261 tl/yıl,B,Taliant,Benzin & LPG,https://www.epey.com/araba/2021-renault-taliant-1-0-turbo-eco-100-bg-joy.html,Var,,,,,,116 g/km,7.5 lt,50 lt,,6.6 lt,8.1 lt,,,,,,,,,,,,,Önden Çekişli,,,,,,Manuel,
1497 kg,11.60 mt.,1869 mm,4853 mm,1463 mm,1022 lt,608 lt,,2021 Renault Talisman 1.3 TCe 160 HP EDC Icon,,,,,,2021 Renault Talisman 1.3 TCe 160 HP EDC Icon Test Sürüşü Talep Sayfası,2021 Renault Talisman 1.3 TCe 160 HP EDC Icon Ürün Kataloğu,"3 Yıl / 150 Bin Km Mekanik
3 Yıl Boya
12 Yıl Paslanmazlık",Renault Yardım 444 6247,Var,,,,,,Turbo,,4,1332 cc,Direkt Enjeksiyon,9.6 saniye,207 km/s,270 nm,160 BG,Fransa,,Binek,Icon,Sedan,2021,İçten Yanmalı (Standart),2197 tl/yıl,D,Talisman,Benzin,https://www.epey.com/araba/2021-renault-talisman-1-3-tce-160-hp-edc-icon.html,,,,,,,125 g/km,5.5 lt,50 lt,Euro 6,4.8 lt,6.7 lt,,5 yıldız,2021 Renault Talisman 1.3 TCe 160 HP EDC Icon NCAP/ANCAP Web Sayfası,2015,Var,,,,,,,,Önden Çekişli,,,,,7 ileri,Otomatik,EDC (Çift Kavramalı Otm.)
1160 kg,9.80 mt.,1732 mm,3997 mm,1482 mm,1125 lt,305 lt,,2021 Skoda Fabia 1.0 95 PS DSG Premium Colour Concept,,,,,,2021 Skoda Fabia 1.0 95 PS DSG Premium Colour Concept Test Sürüşü Talep Sayfası,2021 Skoda Fabia 1.0 95 PS DSG Premium Colour Concept Ürün Kataloğu,"2 Yıl Sınırsız Km Mekanik
3 Yıl Boya
12 Yıl Paslanmazlık","Skoda Yol Yardımı 0212 216 4228
Skoda Yol Yardımı 0212 275 0121
Skoda Yol Yardımı 0800 211 4106",Var,,,,,,Turbo,,3,999 cc,Direkt Enjeksiyon,11.1 saniye,186 km/s,160 nm,95 BG,Çek Cumhuriyeti > Almanya,,Binek,Premium Colour Concept,Hatchback,2021,İçten Yanmalı (Standart),1261 tl/yıl,B,Fabia,Benzin,https://www.epey.com/araba/2021-skoda-fabia-1-0-95-ps-dsg-premium-colour-concept.html,,,,,,,111 g/km,4.8 lt,45 lt,,4.2 lt,5.9 lt,,5 yıldız,2021 Skoda Fabia 1.0 95 PS DSG Premium Colour Concept NCAP/ANCAP Web Sayfası,2014,Var,,,,,,,,Önden Çekişli,,,,,7 ileri,Otomatik,DSG (Yarı Otm.)
1160 kg,9.80 mt.,1732 mm,3997 mm,1482 mm,1125 lt,305 lt,,2021 Skoda Fabia 1.0 95 PS DSG Premium,,,,,,2021 Skoda Fabia 1.0 95 PS DSG Premium Test Sürüşü Talep Sayfası,2021 Skoda Fabia 1.0 95 PS DSG Premium Ürün Kataloğu,"2 Yıl Sınırsız Km Mekanik
3 Yıl Boya
12 Yıl Paslanmazlık","Skoda Yol Yardımı 0212 216 4228
Skoda Yol Yardımı 0212 275 0121
Skoda Yol Yardımı 0800 211 4106",Var,,,,,,Turbo,,3,999 cc,Direkt Enjeksiyon,11.1 saniye,186 km/s,160 nm,95 BG,Çek Cumhuriyeti > Almanya,,Binek,Premium,Hatchback,2021,İçten Yanmalı (Standart),1261 tl/yıl,B,Fabia,Benzin,https://www.epey.com/araba/2021-skoda-fabia-1-0-95-ps-dsg-premium.html,,,,,,,111 g/km,4.8 lt,45 lt,,4.2 lt,5.9 lt,,5 yıldız,2021 Skoda Fabia 1.0 95 PS DSG Premium NCAP/ANCAP Web Sayfası,2014,Var,,,,,,,,Önden Çekişli,,,,,7 ileri,Otomatik,DSG (Yarı Otm.)
1256 kg,,1793 mm,4241 mm,1531 mm,1395 lt,400 lt,,2021 Skoda Kamiq 1.0 TSI 110 PS DSG Elite (4x2),,,,,,2021 Skoda Kamiq 1.0 TSI 110 PS DSG Elite (4x2) Test Sürüşü Talep Sayfası,2021 Skoda Kamiq 1.0 TSI 110 PS DSG Elite (4x2) Ürün Kataloğu,,,,,,,,,Turbo,,3,999 cc,Direkt Enjeksiyon,10.2 saniye,193 km/s,200 nm,110 BG,Çek Cumhuriyeti > Almanya,,Binek,Elite,SUV,2021,İçten Yanmalı (Standart),1261 tl/yıl,B,Kamiq,Benzin,https://www.epey.com/araba/2021-skoda-kamiq-1-0-tsi-110-ps-dsg-elite-4x2.html,,,,,,,108 g/km,4.7 lt,50 lt,,4.1 lt,5.8 lt,,5 yıldız,2021 Skoda Kamiq 1.0 TSI 110 PS DSG Elite (4x2) NCAP/ANCAP Web Sayfası,2019,Var,,,,,,,,Önden Çekişli,,,,,7 ileri,Otomatik,DSG (Yarı Otm.)
1256 kg,,1793 mm,4241 mm,1531 mm,1395 lt,400 lt,,2021 Skoda Kamiq 1.0 TSI 110 PS DSG Premium (4x2),,,,,,2021 Skoda Kamiq 1.0 TSI 110 PS DSG Premium (4x2) Test Sürüşü Talep Sayfası,2021 Skoda Kamiq 1.0 TSI 110 PS DSG Premium (4x2) Ürün Kataloğu,,,,,,,,,Turbo,,3,999 cc,Direkt Enjeksiyon,10.2 saniye,193 km/s,200 nm,110 BG,Çek Cumhuriyeti > Almanya,,Binek,Premium,SUV,2021,İçten Yanmalı (Standart),1261 tl/yıl,B,Kamiq,Benzin,https://www.epey.com/araba/2021-skoda-kamiq-1-0-tsi-110-ps-dsg-premium-4x2.html,,,,,,,108 g/km,4.7 lt,50 lt,,4.1 lt,5.8 lt,,5 yıldız,2021 Skoda Kamiq 1.0 TSI 110 PS DSG Premium (4x2) NCAP/ANCAP Web Sayfası,2019,Var,,,,,,,,Önden Çekişli,,,,,7 ileri,Otomatik,DSG (Yarı Otm.)
1277 kg,10.80 mt.,1793 mm,4241 mm,1531 mm,1395 lt,400 lt,,2021 Skoda Kamiq 1.5 TSI ACT 150 PS DSG Premium (4x2),,,,,,2021 Skoda Kamiq 1.5 TSI ACT 150 PS DSG Premium (4x2) Test Sürüşü Talep Sayfası,2021 Skoda Kamiq 1.5 TSI ACT 150 PS DSG Premium (4x2) Ürün Kataloğu,,,,,,,,,Turbo,,4,1498 cc,Direkt Enjeksiyon,8.4 saniye,212 km/s,250 nm,150 BG,Çek Cumhuriyeti > Almanya,,Binek,Premium,SUV,2021,İçten Yanmalı (Standart),2197 tl/yıl,B,Kamiq,Benzin,https://www.epey.com/araba/2021-skoda-kamiq-1-5-tsi-act-150-ps-dsg-premium-4x2.html,,,,,,,115 g/km,5.0 lt,50 lt,,4.3 lt,6.4 lt,,5 yıldız,2021 Skoda Kamiq 1.5 TSI ACT 150 PS DSG Premium (4x2) NCAP/ANCAP Web Sayfası,2019,Var,,,,,,,,Önden Çekişli,,,,,7 ileri,Otomatik,DSG (Yarı Otm.)
1393 kg,10.90 mt.,1841 mm,4382 mm,1603 mm,1630 lt,521 lt,,2021 Skoda Karoq 1.5 TSI 150 PS ACT DSG Premium (4x2),,,,,,2021 Skoda Karoq 1.5 TSI 150 PS ACT DSG Premium (4x2) Test Sürüşü Talep Sayfası,2021 Skoda Karoq 1.5 TSI 150 PS ACT DSG Premium (4x2) Ürün Kataloğu,"2 Yıl Sınırsız Km Mekanik
3 Yıl Boya
12 Yıl Paslanmazlık","Skoda Yol Yardımı 0212 216 4228
Skoda Yol Yardımı 0212 275 0121
Skoda Yol Yardımı 0800 211 4106",Var,,,,,,Turbo,ACT (Aktif Silindir Yönetimi),4,1498 cc,TSI - Doğrudan Enjeksiyon,8.6 saniye,203 km/s,250 nm,150 BG,Çek Cumhuriyeti > Almanya,,Binek,Premium,SUV,2021,İçten Yanmalı (Standart),2197 tl/yıl,C,Karoq,Benzin,https://www.epey.com/araba/2021-skoda-karoq-1-5-tsi-150-ps-act-dsg-premium-4x2.html,,,,,,,127 g/km,5.6 lt,50 lt,Euro 6,5.0 lt,6.8 lt,,5 yıldız,2021 Skoda Karoq 1.5 TSI 150 PS ACT DSG Premium (4x2) NCAP/ANCAP Web Sayfası,2017,Var,,,,,,,,Önden Çekişli,,,,,7 ileri,Otomatik,DSG (Yarı Otm.)
1393 kg,10.90 mt.,1841 mm,4382 mm,1603 mm,1630 lt,521 lt,,2021 Skoda Karoq 1.5 TSI 150 PS ACT DSG Prestige (4x2),,,,,,2021 Skoda Karoq 1.5 TSI 150 PS ACT DSG Prestige (4x2) Test Sürüşü Talep Sayfası,2021 Skoda Karoq 1.5 TSI 150 PS ACT DSG Prestige (4x2) Ürün Kataloğu,"2 Yıl Sınırsız Km Mekanik
3 Yıl Boya
12 Yıl Paslanmazlık","Skoda Yol Yardımı 0212 216 4228
Skoda Yol Yardımı 0212 275 0121
Skoda Yol Yardımı 0800 211 4106",Var,,,,,,Turbo,ACT (Aktif Silindir Yönetimi),4,1498 cc,TSI - Doğrudan Enjeksiyon,8.6 saniye,203 km/s,250 nm,150 BG,Çek Cumhuriyeti > Almanya,,Binek,Prestige,SUV,2021,İçten Yanmalı (Standart),2197 tl/yıl,C,Karoq,Benzin,https://www.epey.com/araba/2021-skoda-karoq-1-5-tsi-150-ps-act-dsg-prestige-4x2.html,,,,,,,127 g/km,5.6 lt,50 lt,Euro 6,5.0 lt,6.8 lt,,5 yıldız,2021 Skoda Karoq 1.5 TSI 150 PS ACT DSG Prestige (4x2) NCAP/ANCAP Web Sayfası,2017,Var,,,,,,,,Önden Çekişli,,,,,7 ileri,Otomatik,DSG (Yarı Otm.)
1582 kg,,1882 mm,4697 mm,1676 mm,2065 lt,720 lt,,2021 Skoda Kodiaq 1.5 TSI 150 PS ACT DSG Elite (4x2),,,,,,2021 Skoda Kodiaq 1.5 TSI 150 PS ACT DSG Elite (4x2) Test Sürüşü Talep Sayfası,2021 Skoda Kodiaq 1.5 TSI 150 PS ACT DSG Elite (4x2) Ürün Kataloğu,"2 Yıl Sınırsız Km Mekanik
3 Yıl Boya
12 Yıl Paslanmazlık","Skoda Yol Yardımı 0212 216 4228
Skoda Yol Yardımı 0212 275 0121
Skoda Yol Yardımı 0800 211 4106",Var,,,,,,Turbo,,4,1498 cc,TSI - Doğrudan Enjeksiyon,9.8 saniye,198 km/s,250 nm,150 BG,Çek Cumhuriyeti > Almanya,,Binek,Elite,SUV,2021,İçten Yanmalı (Standart),2197 tl/yıl,D,Kodiaq,Benzin,https://www.epey.com/araba/2021-skoda-kodiaq-1-5-tsi-150-ps-act-dsg-elite-4x2.html,,,,,,,136 g/km,6.0 lt,58 lt,,5.4 lt,7.2 lt,,5 yıldız,2021 Skoda Kodiaq 1.5 TSI 150 PS ACT DSG Elite (4x2) NCAP/ANCAP Web Sayfası,2017,Var,,,,,,,,Önden Çekişli,,,,,7 ileri,Otomatik,DSG (Yarı Otm.)
1582 kg,,1882 mm,4697 mm,1676 mm,2065 lt,720 lt,,2021 Skoda Kodiaq 1.5 TSI 150 PS ACT DSG L&K Crystal (4x2),,,,,,2021 Skoda Kodiaq 1.5 TSI 150 PS ACT DSG L&K Crystal (4x2) Test Sürüşü Talep Sayfası,2021 Skoda Kodiaq 1.5 TSI 150 PS ACT DSG L&K Crystal (4x2) Ürün Kataloğu,"2 Yıl Sınırsız Km Mekanik
3 Yıl Boya
12 Yıl Paslanmazlık","Skoda Yol Yardımı 0212 216 4228
Skoda Yol Yardımı 0212 275 0121
Skoda Yol Yardımı 0800 211 4106",Var,,,,,,Turbo,,4,1498 cc,TSI - Doğrudan Enjeksiyon,9.8 saniye,198 km/s,250 nm,150 BG,Çek Cumhuriyeti > Almanya,,Binek,L&K Crystal,SUV,2021,İçten Yanmalı (Standart),2197 tl/yıl,D,Kodiaq,Benzin,https://www.epey.com/araba/2021-skoda-kodiaq-1-5-tsi-150-ps-act-dsg-lk-crystal-4x2.html,,,,,,,136 g/km,6.0 lt,58 lt,,5.4 lt,7.2 lt,,5 yıldız,2021 Skoda Kodiaq 1.5 TSI 150 PS ACT DSG L&K Crystal (4x2) NCAP/ANCAP Web Sayfası,2017,Var,,,,,,,,Önden Çekişli,,,,,7 ileri,Otomatik,DSG (Yarı Otm.)
1582 kg,,1882 mm,4697 mm,1676 mm,2065 lt,720 lt,,2021 Skoda Kodiaq 1.5 TSI 150 PS ACT DSG Premium (4x2),,,,,,2021 Skoda Kodiaq 1.5 TSI 150 PS ACT DSG Premium (4x2) Test Sürüşü Talep Sayfası,2021 Skoda Kodiaq 1.5 TSI 150 PS ACT DSG Premium (4x2) Ürün Kataloğu,"2 Yıl Sınırsız Km Mekanik
3 Yıl Boya
12 Yıl Paslanmazlık","Skoda Yol Yardımı 0212 216 4228
Skoda Yol Yardımı 0212 275 0121
Skoda Yol Yardımı 0800 211 4106",Var,,,,,,Turbo,,4,1498 cc,TSI - Doğrudan Enjeksiyon,9.8 saniye,198 km/s,250 nm,150 BG,Çek Cumhuriyeti > Almanya,,Binek,Premium,SUV,2021,İçten Yanmalı (Standart),2197 tl/yıl,D,Kodiaq,Benzin,https://www.epey.com/araba/2021-skoda-kodiaq-1-5-tsi-150-ps-act-dsg-premium-4x2.html,,,,,,,136 g/km,6.0 lt,58 lt,,5.4 lt,7.2 lt,,5 yıldız,2021 Skoda Kodiaq 1.5 TSI 150 PS ACT DSG Premium (4x2) NCAP/ANCAP Web Sayfası,2017,Var,,,,,,,,Önden Çekişli,,,,,7 ileri,Otomatik,DSG (Yarı Otm.)
1582 kg,,1882 mm,4697 mm,1676 mm,2065 lt,720 lt,,2021 Skoda Kodiaq 1.5 TSI 150 PS ACT DSG Prestige (4x2),,,,,,2021 Skoda Kodiaq 1.5 TSI 150 PS ACT DSG Prestige (4x2) Test Sürüşü Talep Sayfası,2021 Skoda Kodiaq 1.5 TSI 150 PS ACT DSG Prestige (4x2) Ürün Kataloğu,"2 Yıl Sınırsız Km Mekanik
3 Yıl Boya
12 Yıl Paslanmazlık","Skoda Yol Yardımı 0212 216 4228
Skoda Yol Yardımı 0212 275 0121
Skoda Yol Yardımı 0800 211 4106",Var,,,,,,Turbo,,4,1498 cc,TSI - Doğrudan Enjeksiyon,9.8 saniye,198 km/s,250 nm,150 BG,Çek Cumhuriyeti > Almanya,,Binek,Prestige,SUV,2021,İçten Yanmalı (Standart),2197 tl/yıl,D,Kodiaq,Benzin,https://www.epey.com/araba/2021-skoda-kodiaq-1-5-tsi-150-ps-act-dsg-prestige-4x2.html,,,,,,,136 g/km,6.0 lt,58 lt,,5.4 lt,7.2 lt,,5 yıldız,2021 Skoda Kodiaq 1.5 TSI 150 PS ACT DSG Prestige (4x2) NCAP/ANCAP Web Sayfası,2017,Var,,,,,,,,Önden Çekişli,,,,,7 ileri,Otomatik,DSG (Yarı Otm.)
1602 kg,12.20 mt.,1882 mm,4697 mm,1681 mm,2065 lt,835 lt,,2021 Skoda Kodiaq 1.5 TSI 150 PS DSG Elite (4x2),,,,,,2021 Skoda Kodiaq 1.5 TSI 150 PS DSG Elite (4x2) Test Sürüşü Talep Sayfası,2021 Skoda Kodiaq 1.5 TSI 150 PS DSG Elite (4x2) Ürün Kataloğu,"2 Yıl Sınırsız Km Mekanik
3 Yıl Boya
12 Yıl Paslanmazlık","Skoda Yol Yardımı 0212 216 4228
Skoda Yol Yardımı 0212 275 0121
Skoda Yol Yardımı 0800 211 4106",Var,,,,,,Turbo,,4,1498 cc,TSI - Doğrudan Enjeksiyon,9.7 saniye,205 km/s,250 nm,150 BG,Çek Cumhuriyeti > Almanya,,Binek,Elite,SUV,2021,İçten Yanmalı (Standart),2197 tl/yıl,D,Kodiaq,Benzin,https://www.epey.com/araba/2021-skoda-kodiaq-1-5-tsi-150-ps-dsg-elite-4x2.html,,,,,,,135 g/km,5.9 lt,58 lt,,5.2 lt,7.2 lt,,5 yıldız,2021 Skoda Kodiaq 1.5 TSI 150 PS DSG Elite (4x2) NCAP/ANCAP Web Sayfası,2017,Var,,,,,,,,Önden Çekişli,,,,,7 ileri,Otomatik,DSG (Yarı Otm.)
1602 kg,12.20 mt.,1882 mm,4697 mm,1681 mm,2065 lt,835 lt,,2021 Skoda Kodiaq 1.5 TSI 150 PS DSG L&K Crystal (4x2),,,,,,2021 Skoda Kodiaq 1.5 TSI 150 PS DSG L&K Crystal (4x2) Test Sürüşü Talep Sayfası,2021 Skoda Kodiaq 1.5 TSI 150 PS DSG L&K Crystal (4x2) Ürün Kataloğu,"2 Yıl Sınırsız Km Mekanik
3 Yıl Boya
12 Yıl Paslanmazlık","Skoda Yol Yardımı 0212 216 4228
Skoda Yol Yardımı 0212 275 0121
Skoda Yol Yardımı 0800 211 4106",Var,,,,,,Turbo,,4,1498 cc,TSI - Doğrudan Enjeksiyon,9.7 saniye,205 km/s,250 nm,150 BG,Çek Cumhuriyeti > Almanya,,Binek,L&K Crystal,SUV,2021,İçten Yanmalı (Standart),2197 tl/yıl,D,Kodiaq,Benzin,https://www.epey.com/araba/2021-skoda-kodiaq-1-5-tsi-150-ps-dsg-lk-crystal-4x2.html,,,,,,,135 g/km,5.9 lt,58 lt,,5.2 lt,7.2 lt,,5 yıldız,2021 Skoda Kodiaq 1.5 TSI 150 PS DSG L&K Crystal (4x2) NCAP/ANCAP Web Sayfası,2017,Var,,,,,,,,Önden Çekişli,,,,,7 ileri,Otomatik,DSG (Yarı Otm.)
1602 kg,12.20 mt.,1882 mm,4697 mm,1681 mm,2065 lt,835 lt,,2021 Skoda Kodiaq 1.5 TSI 150 PS DSG Premium (4x2),,,,,,2021 Skoda Kodiaq 1.5 TSI 150 PS DSG Premium (4x2) Test Sürüşü Talep Sayfası,2021 Skoda Kodiaq 1.5 TSI 150 PS DSG Premium (4x2) Ürün Kataloğu,"2 Yıl Sınırsız Km Mekanik
3 Yıl Boya
12 Yıl Paslanmazlık","Skoda Yol Yardımı 0212 216 4228
Skoda Yol Yardımı 0212 275 0121
Skoda Yol Yardımı 0800 211 4106",Var,,,,,,Turbo,,4,1498 cc,TSI - Doğrudan Enjeksiyon,9.7 saniye,205 km/s,250 nm,150 BG,Çek Cumhuriyeti > Almanya,,Binek,Premium,SUV,2021,İçten Yanmalı (Standart),2197 tl/yıl,D,Kodiaq,Benzin,https://www.epey.com/araba/2021-skoda-kodiaq-1-5-tsi-150-ps-dsg-premium-4x2.html,,,,,,,135 g/km,5.9 lt,58 lt,,5.2 lt,7.2 lt,,5 yıldız,2021 Skoda Kodiaq 1.5 TSI 150 PS DSG Premium (4x2) NCAP/ANCAP Web Sayfası,2017,Var,,,,,,,,Önden Çekişli,,,,,7 ileri,Otomatik,DSG (Yarı Otm.)
1602 kg,12.20 mt.,1882 mm,4697 mm,1681 mm,2065 lt,835 lt,,2021 Skoda Kodiaq 1.5 TSI 150 PS DSG Prestige (4x2),,,,,,2021 Skoda Kodiaq 1.5 TSI 150 PS DSG Prestige (4x2) Test Sürüşü Talep Sayfası,2021 Skoda Kodiaq 1.5 TSI 150 PS DSG Prestige (4x2) Ürün Kataloğu,"2 Yıl Sınırsız Km Mekanik
3 Yıl Boya
12 Yıl Paslanmazlık","Skoda Yol Yardımı 0212 216 4228
Skoda Yol Yardımı 0212 275 0121
Skoda Yol Yardımı 0800 211 4106",Var,,,,,,Turbo,,4,1498 cc,TSI - Doğrudan Enjeksiyon,9.7 saniye,205 km/s,250 nm,150 BG,Çek Cumhuriyeti > Almanya,,Binek,Prestige,SUV,2021,İçten Yanmalı (Standart),2197 tl/yıl,D,Kodiaq,Benzin,https://www.epey.com/araba/2021-skoda-kodiaq-1-5-tsi-150-ps-dsg-prestige-4x2.html,,,,,,,135 g/km,5.9 lt,58 lt,,5.2 lt,7.2 lt,,5 yıldız,2021 Skoda Kodiaq 1.5 TSI 150 PS DSG Prestige (4x2) NCAP/ANCAP Web Sayfası,2017,Var,,,,,,,,Önden Çekişli,,,,,7 ileri,Otomatik,DSG (Yarı Otm.)
1602 kg,12.20 mt.,1882 mm,4697 mm,1681 mm,2065 lt,835 lt,,2021 Skoda Kodiaq 1.5 TSI 150 PS DSG Sportline (4x2),,,,,,2021 Skoda Kodiaq 1.5 TSI 150 PS DSG Sportline (4x2) Test Sürüşü Talep Sayfası,2021 Skoda Kodiaq 1.5 TSI 150 PS DSG Sportline (4x2) Ürün Kataloğu,"2 Yıl Sınırsız Km Mekanik
3 Yıl Boya
12 Yıl Paslanmazlık","Skoda Yol Yardımı 0212 216 4228
Skoda Yol Yardımı 0212 275 0121
Skoda Yol Yardımı 0800 211 4106",Var,,,,,,Turbo,,4,1498 cc,TSI - Doğrudan Enjeksiyon,9.7 saniye,205 km/s,250 nm,150 BG,Çek Cumhuriyeti > Almanya,,Binek,Sportline,SUV,2021,İçten Yanmalı (Standart),2197 tl/yıl,D,Kodiaq,Benzin,https://www.epey.com/araba/2021-skoda-kodiaq-1-5-tsi-150-ps-dsg-sportline-4x2.html,,,,,,,135 g/km,5.9 lt,58 lt,,5.2 lt,7.2 lt,,5 yıldız,2021 Skoda Kodiaq 1.5 TSI 150 PS DSG Sportline (4x2) NCAP/ANCAP Web Sayfası,2017,Var,,,,,,,,Önden Çekişli,,,,,7 ileri,Otomatik,DSG (Yarı Otm.)
1775 kg,,1882 mm,4697 mm,1676 mm,2065 lt,720 lt,,2021 Skoda Kodiaq 2.0 TDI 190 PS DSG L&K Crystal (4x4),,,,,,2021 Skoda Kodiaq 2.0 TDI 190 PS DSG L&K Crystal (4x4) Test Sürüşü Talep Sayfası,2021 Skoda Kodiaq 2.0 TDI 190 PS DSG L&K Crystal (4x4) Ürün Kataloğu,"2 Yıl Sınırsız Km Mekanik
3 Yıl Boya
12 Yıl Paslanmazlık","Skoda Yol Yardımı 0212 216 4228
Skoda Yol Yardımı 0212 275 0121
Skoda Yol Yardımı 0800 211 4106",Var,,,,,,Turbo,,4,1968 cc,Common Rail Direkt Enjeksiyon,8.4 saniye,210 km/s,400 nm,190 BG,Çek Cumhuriyeti > Almanya,,Binek,L&K Crystal,SUV,2021,İçten Yanmalı (Standart),6113 tl/yıl,D,Kodiaq,Dizel,https://www.epey.com/araba/2021-skoda-kodiaq-2-0-tdi-190-ps-dsg-lk-crystal-4x4.html,,,,,,,149 g/km,5.6 lt,58 lt,,5.1 lt,6.6 lt,,5 yıldız,2021 Skoda Kodiaq 2.0 TDI 190 PS DSG L&K Crystal (4x4) NCAP/ANCAP Web Sayfası,2017,Var,,,,,,,,4x4 Çekişli,,,,,7 ileri,Otomatik,DSG (Yarı Otm.)
1843 kg,12.20 mt.,1882 mm,4697 mm,1681 mm,2065 lt,835 lt,,2021 Skoda Kodiaq 2.0 TDI SCR 200 PS DSG L&K Crystal (4x4),,,,,,2021 Skoda Kodiaq 2.0 TDI SCR 200 PS DSG L&K Crystal (4x4) Test Sürüşü Talep Sayfası,2021 Skoda Kodiaq 2.0 TDI SCR 200 PS DSG L&K Crystal (4x4) Ürün Kataloğu,"2 Yıl Sınırsız Km Mekanik
3 Yıl Boya
12 Yıl Paslanmazlık","Skoda Yol Yardımı 0212 216 4228
Skoda Yol Yardımı 0212 275 0121
Skoda Yol Yardımı 0800 211 4106",Var,,,,,,Turbo,,4,1968 cc,Common Rail Direkt Enjeksiyon,7.7 saniye,218 km/s,400 nm,200 BG,Çek Cumhuriyeti > Almanya,,Binek,L&K Crystal,SUV,2021,İçten Yanmalı (Standart),6113 tl/yıl,D,Kodiaq,Dizel,https://www.epey.com/araba/2021-skoda-kodiaq-2-0-tdi-scr-200-ps-dsg-lk-crystal-4x4.html,,,,,,,143 g/km,5.4 lt,58 lt,,4.8 lt,6.5 lt,,5 yıldız,2021 Skoda Kodiaq 2.0 TDI SCR 200 PS DSG L&K Crystal (4x4) NCAP/ANCAP Web Sayfası,2017,Var,,,,,,,,4x4 Çekişli,,,,,7 ileri,Otomatik,DSG (Yarı Otm.)
1833 kg,12.20 mt.,1882 mm,4697 mm,1681 mm,2065 lt,835 lt,,2021 Skoda Kodiaq 2.0 TSI 245 PS DSG RS (4x4),,,,,,2021 Skoda Kodiaq 2.0 TSI 245 PS DSG RS (4x4) Test Sürüşü Talep Sayfası,2021 Skoda Kodiaq 2.0 TSI 245 PS DSG RS (4x4) Ürün Kataloğu,"2 Yıl Sınırsız Km Mekanik
3 Yıl Boya
12 Yıl Paslanmazlık","Skoda Yol Yardımı 0212 216 4228
Skoda Yol Yardımı 0212 275 0121
Skoda Yol Yardımı 0800 211 4106",Var,,,,,,Turbo,,4,1984 cc,Direkt Enjeksiyon,6.5 saniye,234 km/s,370 nm,245 BG,Çek Cumhuriyeti > Almanya,,Binek,RS,SUV,2021,İçten Yanmalı (Standart),6113 tl/yıl,D,Kodiaq,Benzin,https://www.epey.com/araba/2021-skoda-kodiaq-2-0-tsi-245-ps-dsg-rs-4x4.html,,,,,,,170 g/km,7.4 lt,58 lt,,6.2 lt,9.5 lt,,5 yıldız,2021 Skoda Kodiaq 2.0 TSI 245 PS DSG RS (4x4) NCAP/ANCAP Web Sayfası,2017,Var,,,,,,,,4x4 Çekişli,,,,,7 ileri,Otomatik,DSG (Yarı Otm.)
1341 kg,10.40 mt.,1829 mm,4689 mm,1486 mm,1555 lt,600 lt,,2021 Skoda Octavia 1.0 TSI E-Tec 110 PS DSG Elite,,,,,,2021 Skoda Octavia 1.0 TSI E-Tec 110 PS DSG Elite Test Sürüşü Talep Sayfası,2021 Skoda Octavia 1.0 TSI E-Tec 110 PS DSG Elite Ürün Kataloğu,,,,,,Lityum İyon,48 V Elektrik Motoru,,Turbo,,3,999 cc,,10.5 saniye,208 km/s,200 nm,110 BG,Çek Cumhuriyeti > Almanya,,Binek,Elite,Sedan,2021,MHEV (Yarı Hibrit Sistem),1261 tl/yıl,C,Octavia,Benzin & Elektrik,https://www.epey.com/araba/2021-skoda-octavia-1-0-tsi-e-tec-110-ps-dsg-elite.html,,,,,,,98 g/km,4.3 lt,47.8 lt,,3.8 lt,5.1 lt,,5 yıldız,2021 Skoda Octavia 1.0 TSI E-Tec 110 PS DSG Elite NCAP/ANCAP Web Sayfası,2019,Var,,,,,,,,Önden Çekişli,,,,,7 ileri,Otomatik,DSG (Yarı Otm.)
1341 kg,10.40 mt.,1829 mm,4689 mm,1486 mm,1555 lt,600 lt,,2021 Skoda Octavia 1.0 TSI E-Tec 110 PS DSG Premium,,,,,,2021 Skoda Octavia 1.0 TSI E-Tec 110 PS DSG Premium Test Sürüşü Talep Sayfası,2021 Skoda Octavia 1.0 TSI E-Tec 110 PS DSG Premium Ürün Kataloğu,,,,,,Lityum İyon,48 V Elektrik Motoru,,Turbo,,3,999 cc,,10.5 saniye,208 km/s,200 nm,110 BG,Çek Cumhuriyeti > Almanya,,Binek,Premium,Sedan,2021,MHEV (Yarı Hibrit Sistem),1261 tl/yıl,C,Octavia,Benzin & Elektrik,https://www.epey.com/araba/2021-skoda-octavia-1-0-tsi-e-tec-110-ps-dsg-premium.html,,,,,,,98 g/km,4.3 lt,47.8 lt,,3.8 lt,5.1 lt,,5 yıldız,2021 Skoda Octavia 1.0 TSI E-Tec 110 PS DSG Premium NCAP/ANCAP Web Sayfası,2019,Var,,,,,,,,Önden Çekişli,,,,,7 ileri,Otomatik,DSG (Yarı Otm.)
1371 kg,10.40 mt.,1829 mm,4689 mm,1486 mm,1555 lt,600 lt,,2021 Skoda Octavia 1.5 TSI E-Tec 150 PS ACT DSG Elite,,,,,,2021 Skoda Octavia 1.5 TSI E-Tec 150 PS ACT DSG Elite Test Sürüşü Talep Sayfası,2021 Skoda Octavia 1.5 TSI E-Tec 150 PS ACT DSG Elite Ürün Kataloğu,,,,,,Lityum İyon,48 V Elektrik Motoru,,Turbo,,4,1498 cc,,8.5 saniye,230 km/s,250 nm,150 BG,Çek Cumhuriyeti > Almanya,,Binek,Elite,Sedan,2021,MHEV (Yarı Hibrit Sistem),2197 tl/yıl,C,Octavia,Benzin & Elektrik,https://www.epey.com/araba/2021-skoda-octavia-1-5-tsi-e-tec-150-ps-act-dsg-elite.html,,,,,,,107 g/km,4.7 lt,47.8 lt,,4.0 lt,5.9 lt,,5 yıldız,2021 Skoda Octavia 1.5 TSI E-Tec 150 PS ACT DSG Elite NCAP/ANCAP Web Sayfası,2019,Var,,,,,,,,Önden Çekişli,,,,,7 ileri,Otomatik,DSG (Yarı Otm.)
1371 kg,10.40 mt.,1829 mm,4689 mm,1486 mm,1555 lt,600 lt,,2021 Skoda Octavia 1.5 TSI E-Tec 150 PS ACT DSG Premium,,,,,,2021 Skoda Octavia 1.5 TSI E-Tec 150 PS ACT DSG Premium Test Sürüşü Talep Sayfası,2021 Skoda Octavia 1.5 TSI E-Tec 150 PS ACT DSG Premium Ürün Kataloğu,,,,,,Lityum İyon,48 V Elektrik Motoru,,Turbo,,4,1498 cc,,8.5 saniye,230 km/s,250 nm,150 BG,Çek Cumhuriyeti > Almanya,,Binek,Premium,Sedan,2021,MHEV (Yarı Hibrit Sistem),2197 tl/yıl,C,Octavia,Benzin & Elektrik,https://www.epey.com/araba/2021-skoda-octavia-1-5-tsi-e-tec-150-ps-act-dsg-premium.html,,,,,,,107 g/km,4.7 lt,47.8 lt,,4.0 lt,5.9 lt,,5 yıldız,2021 Skoda Octavia 1.5 TSI E-Tec 150 PS ACT DSG Premium NCAP/ANCAP Web Sayfası,2019,Var,,,,,,,,Önden Çekişli,,,,,7 ileri,Otomatik,DSG (Yarı Otm.)
1242 kg,10.20 mt.,1793 mm,4362 mm,1499 mm,1410 lt,467 lt,,2021 Skoda Scala 1.0 TSI 110 PS DSG Elite,,,,,,2021 Skoda Scala 1.0 TSI 110 PS DSG Elite Test Sürüşü Talep Sayfası,2021 Skoda Scala 1.0 TSI 110 PS DSG Elite Ürün Kataloğu,,,,,,,,,Turbo,,3,999 cc,Direkt Enjeksiyon,13.0 saniye,198 km/s,200 nm,110 BG,Çek Cumhuriyeti > Almanya,,Binek,Elite,Hatchback,2021,İçten Yanmalı (Standart),1261 tl/yıl,C,Scala,Benzin,https://www.epey.com/araba/2021-skoda-scala-1-0-tsi-110-ps-dsg-elite.html,,,,,,,108 g/km,4.7 lt,50 lt,,4.0 lt,5.9 lt,,5 yıldız,2021 Skoda Scala 1.0 TSI 110 PS DSG Elite NCAP/ANCAP Web Sayfası,2019,Var,,,,,,,,Önden Çekişli,,,,,7 ileri,Otomatik,DSG (Yarı Otm.)
1242 kg,10.20 mt.,1793 mm,4362 mm,1499 mm,1410 lt,467 lt,,2021 Skoda Scala 1.0 TSI 110 PS DSG Premium,,,,,,2021 Skoda Scala 1.0 TSI 110 PS DSG Premium Test Sürüşü Talep Sayfası,2021 Skoda Scala 1.0 TSI 110 PS DSG Premium Ürün Kataloğu,,,,,,,,,Turbo,,3,999 cc,Direkt Enjeksiyon,13.0 saniye,198 km/s,200 nm,110 BG,Çek Cumhuriyeti > Almanya,,Binek,Premium,Hatchback,2021,İçten Yanmalı (Standart),1261 tl/yıl,C,Scala,Benzin,https://www.epey.com/araba/2021-skoda-scala-1-0-tsi-110-ps-dsg-premium.html,,,,,,,108 g/km,4.7 lt,50 lt,,4.0 lt,5.9 lt,,5 yıldız,2021 Skoda Scala 1.0 TSI 110 PS DSG Premium NCAP/ANCAP Web Sayfası,2019,Var,,,,,,,,Önden Çekişli,,,,,7 ileri,Otomatik,DSG (Yarı Otm.)
1255 kg,10.20 mt.,1793 mm,4362 mm,1499 mm,1410 lt,467 lt,,2021 Skoda Scala 1.5 TSI ACT 150 PS DSG Premium,,,,,,2021 Skoda Scala 1.5 TSI ACT 150 PS DSG Premium Test Sürüşü Talep Sayfası,2021 Skoda Scala 1.5 TSI ACT 150 PS DSG Premium Ürün Kataloğu,,,,,,,,,Turbo,,4,1498 cc,Direkt Enjeksiyon,8.2 saniye,219 km/s,250 nm,150 BG,Çek Cumhuriyeti > Almanya,,Binek,Premium,Hatchback,2021,İçten Yanmalı (Standart),2197 tl/yıl,C,Scala,Benzin,https://www.epey.com/araba/2021-skoda-scala-1-5-tsi-act-150-ps-dsg-premium.html,,,,,,,115 g/km,5.0 lt,50 lt,,4.2 lt,6.3 lt,,5 yıldız,2021 Skoda Scala 1.5 TSI ACT 150 PS DSG Premium NCAP/ANCAP Web Sayfası,2019,Var,,,,,,,,Önden Çekişli,,,,,7 ileri,Otomatik,DSG (Yarı Otm.)
1470 kg,11.70 mt.,1864 mm,4869 mm,1503 mm,1730 lt,595 lt,,2021 Skoda Superb 1.5 TSI 150 HP DSG Elite,,,,,,2021 Skoda Superb 1.5 TSI 150 HP DSG Elite Test Sürüşü Talep Sayfası,2021 Skoda Superb 1.5 TSI 150 HP DSG Elite Ürün Kataloğu,"2 Yıl Sınırsız Km Mekanik
3 Yıl Boya
12 Yıl Paslanmazlık","Skoda Yol Yardımı 0212 216 4228
Skoda Yol Yardımı 0212 275 0121
Skoda Yol Yardımı 0800 211 4106",Var,,,,,,Turbo,,4,1498 cc,TSI - Doğrudan Enjeksiyon,9.2 saniye,219 km/s,250 nm,150 BG,Çek Cumhuriyeti > Almanya,,Binek,Elite,Sedan,2021,İçten Yanmalı (Standart),2197 tl/yıl,D,Superb,Benzin,https://www.epey.com/araba/2021-skoda-superb-1-5-tsi-150-hp-dsg-elite.html,,,,,,,123 g/km,5.4 lt,66 lt,Euro 6,4.6 lt,6.8 lt,,5 yıldız,2021 Skoda Superb 1.5 TSI 150 HP DSG Elite NCAP/ANCAP Web Sayfası,2015,Var,,,,,,,,Önden Çekişli,,,,,7 ileri,Otomatik,DSG (Yarı Otm.)
1470 kg,11.70 mt.,1864 mm,4869 mm,1503 mm,1730 lt,595 lt,,2021 Skoda Superb 1.5 TSI 150 HP DSG L&K Crystal,,,,,,2021 Skoda Superb 1.5 TSI 150 HP DSG L&K Crystal Test Sürüşü Talep Sayfası,,"2 Yıl Sınırsız Km Mekanik
3 Yıl Boya
12 Yıl Paslanmazlık","Skoda Yol Yardımı 0212 216 4228
Skoda Yol Yardımı 0212 275 0121
Skoda Yol Yardımı 0800 211 4106",Var,,,,,,Turbo,,4,1498 cc,TSI - Doğrudan Enjeksiyon,9.2 saniye,219 km/s,250 nm,150 BG,Çek Cumhuriyeti > Almanya,,Binek,L&K Crystal,Sedan,2021,İçten Yanmalı (Standart),2197 tl/yıl,D,Superb,Benzin,https://www.epey.com/araba/2021-skoda-superb-1-5-tsi-150-hp-dsg-lk-crystal.html,,,,,,,123 g/km,5.4 lt,66 lt,Euro 6,4.6 lt,6.8 lt,,5 yıldız,2021 Skoda Superb 1.5 TSI 150 HP DSG L&K Crystal NCAP/ANCAP Web Sayfası,2015,Var,,,,,,,,Önden Çekişli,,,,,7 ileri,Otomatik,DSG (Yarı Otm.)
1470 kg,11.70 mt.,1864 mm,4869 mm,1503 mm,1730 lt,595 lt,,2021 Skoda Superb 1.5 TSI 150 HP DSG Premium,,,,,,2021 Skoda Superb 1.5 TSI 150 HP DSG Premium Test Sürüşü Talep Sayfası,,"2 Yıl Sınırsız Km Mekanik
3 Yıl Boya
12 Yıl Paslanmazlık","Skoda Yol Yardımı 0212 216 4228
Skoda Yol Yardımı 0212 275 0121
Skoda Yol Yardımı 0800 211 4106",Var,,,,,,Turbo,,4,1498 cc,TSI - Doğrudan Enjeksiyon,9.2 saniye,219 km/s,250 nm,150 BG,Çek Cumhuriyeti > Almanya,,Binek,Premium,Sedan,2021,İçten Yanmalı (Standart),2197 tl/yıl,D,Superb,Benzin,https://www.epey.com/araba/2021-skoda-superb-1-5-tsi-150-hp-dsg-premium.html,,,,,,,123 g/km,5.4 lt,66 lt,Euro 6,4.6 lt,6.8 lt,,5 yıldız,2021 Skoda Superb 1.5 TSI 150 HP DSG Premium NCAP/ANCAP Web Sayfası,2015,Var,,,,,,,,Önden Çekişli,,,,,7 ileri,Otomatik,DSG (Yarı Otm.)
1470 kg,11.70 mt.,1864 mm,4869 mm,1503 mm,1730 lt,595 lt,,2021 Skoda Superb 1.5 TSI 150 HP DSG Prestige,,,,,,2021 Skoda Superb 1.5 TSI 150 HP DSG Prestige Test Sürüşü Talep Sayfası,,"2 Yıl Sınırsız Km Mekanik
3 Yıl Boya
12 Yıl Paslanmazlık","Skoda Yol Yardımı 0212 216 4228
Skoda Yol Yardımı 0212 275 0121
Skoda Yol Yardımı 0800 211 4106",Var,,,,,,Turbo,,4,1498 cc,TSI - Doğrudan Enjeksiyon,9.2 saniye,219 km/s,250 nm,150 BG,Çek Cumhuriyeti > Almanya,,Binek,Prestige,Sedan,2021,İçten Yanmalı (Standart),2197 tl/yıl,D,Superb,Benzin,https://www.epey.com/araba/2021-skoda-superb-1-5-tsi-150-hp-dsg-prestige.html,,,,,,,123 g/km,5.4 lt,66 lt,Euro 6,4.6 lt,6.8 lt,,5 yıldız,2021 Skoda Superb 1.5 TSI 150 HP DSG Prestige NCAP/ANCAP Web Sayfası,2015,Var,,,,,,,,Önden Çekişli,,,,,7 ileri,Otomatik,DSG (Yarı Otm.)
1665 kg,11.70 mt.,1864 mm,4869 mm,1503 mm,1730 lt,595 lt,,2021 Skoda Superb 2.0 TDI 190 HP DSG L&K Crystal (4x4),,,,,,2021 Skoda Superb 2.0 TDI 190 HP DSG L&K Crystal (4x4) Test Sürüşü Talep Sayfası,,"2 Yıl Sınırsız Km Mekanik
3 Yıl Boya
12 Yıl Paslanmazlık","Skoda Yol Yardımı 0212 216 4228
Skoda Yol Yardımı 0212 275 0121
Skoda Yol Yardımı 0800 211 4106",Var,,,,,,Turbo,,4,1968 cc,Common Rail Direkt Enjeksiyon,8.0 saniye,232 km/s,400 nm,190 BG,Çek Cumhuriyeti > Almanya,,Binek,L&K Crystal,Sedan,2021,İçten Yanmalı (Standart),6113 tl/yıl,D,Superb,Dizel,https://www.epey.com/araba/2021-skoda-superb-2-0-tdi-190-hp-dsg-lk-crystal-4x4.html,,,,,,,129 g/km,4.9 lt,66 lt,Euro 6,4.4 lt,5.8 lt,,5 yıldız,2021 Skoda Superb 2.0 TDI 190 HP DSG L&K Crystal (4x4) NCAP/ANCAP Web Sayfası,2015,Var,,,,,,,,4x4 Çekişli,,,,,7 ileri,Otomatik,DSG (Yarı Otm.)
1495 kg,,1795 mm,4390 mm,1555 mm,,297 lt,,2021 Toyota C-HR 1.8 Hybrid 122 PS e-CVT Flame (4x2),,,,,,2021 Toyota C-HR 1.8 Hybrid 122 PS e-CVT Flame (4x2) Test Sürüşü Talep Sayfası,2021 Toyota C-HR 1.8 Hybrid 122 PS e-CVT Flame (4x2) Ürün Kataloğu,"3 Yıl / 100 Bin Km Mekanik
3 Yıl Boya
12 Yıl Paslanmazlık","Toyota Asistanım 0212 233 3145
Toyota Asistanım 0800 211 6166
Toyota İletişim Merkezi 0212 354 0354",Var,163 nm,,Lityum İyon,,,Atmosferik,,4,1798 cc,EFI (Elektronik Yakıt Püskürtme),11.0 saniye,170 km/s,142 nm,122 BG,Japonya,,Binek,Flame,SUV,2021,HEV (Benzinli & Elektrikli),3881 tl/yıl,B,C-HR,Benzin & Elektrik,https://www.epey.com/araba/2021-toyota-c-hr-1-8-hybrid-122-ps-e-cvt-flame-4x2.html,,,,,,,86 g/km,3.8 lt,43 lt,Euro 6,3.2 lt,4.2 lt,,5 yıldız,2021 Toyota C-HR 1.8 Hybrid 122 PS e-CVT Flame (4x2) NCAP/ANCAP Web Sayfası,2017,Var,,,,,,,,Önden Çekişli,,,,,,Otomatik,e-CVT (Elk.Kont.Sürekli Değişken)
1495 kg,,1795 mm,4390 mm,1555 mm,,297 lt,,2021 Toyota C-HR 1.8 Hybrid 122 PS e-CVT Passion (4x2),,,,,,2021 Toyota C-HR 1.8 Hybrid 122 PS e-CVT Passion (4x2) Test Sürüşü Talep Sayfası,2021 Toyota C-HR 1.8 Hybrid 122 PS e-CVT Passion (4x2) Ürün Kataloğu,"3 Yıl / 100 Bin Km Mekanik
3 Yıl Boya
12 Yıl Paslanmazlık","Toyota Asistanım 0212 233 3145
Toyota Asistanım 0800 211 6166
Toyota İletişim Merkezi 0212 354 0354",Var,163 nm,,Lityum İyon,,,Atmosferik,,4,1798 cc,EFI (Elektronik Yakıt Püskürtme),11.0 saniye,170 km/s,142 nm,122 BG,Japonya,,Binek,Passion,SUV,2021,HEV (Benzinli & Elektrikli),3881 tl/yıl,B,C-HR,Benzin & Elektrik,https://www.epey.com/araba/2021-toyota-c-hr-1-8-hybrid-122-ps-e-cvt-passion-4x2.html,,,,,,,86 g/km,3.8 lt,43 lt,Euro 6,3.2 lt,4.2 lt,,5 yıldız,2021 Toyota C-HR 1.8 Hybrid 122 PS e-CVT Passion (4x2) NCAP/ANCAP Web Sayfası,2017,Var,,,,,,,,Önden Çekişli,,,,,,Otomatik,e-CVT (Elk.Kont.Sürekli Değişken)
1495 kg,,1795 mm,4390 mm,1555 mm,,297 lt,,2021 Toyota C-HR 1.8 Hybrid 122 PS e-CVT Passion X-Pack (4x2),,,,,,2021 Toyota C-HR 1.8 Hybrid 122 PS e-CVT Passion X-Pack (4x2) Test Sürüşü Talep Sayfası,2021 Toyota C-HR 1.8 Hybrid 122 PS e-CVT Passion X-Pack (4x2) Ürün Kataloğu,"3 Yıl / 100 Bin Km Mekanik
3 Yıl Boya
12 Yıl Paslanmazlık","Toyota Asistanım 0212 233 3145
Toyota Asistanım 0800 211 6166
Toyota İletişim Merkezi 0212 354 0354",Var,163 nm,,Lityum İyon,,,Atmosferik,,4,1798 cc,EFI (Elektronik Yakıt Püskürtme),11.0 saniye,170 km/s,142 nm,122 BG,Japonya,,Binek,Passion X-Pack,SUV,2021,HEV (Benzinli & Elektrikli),3881 tl/yıl,B,C-HR,Benzin & Elektrik,https://www.epey.com/araba/2021-toyota-c-hr-1-8-hybrid-122-ps-e-cvt-passion-x-pack-4x2.html,,,,,,,86 g/km,3.8 lt,43 lt,Euro 6,3.2 lt,4.2 lt,,5 yıldız,2021 Toyota C-HR 1.8 Hybrid 122 PS e-CVT Passion X-Pack (4x2) NCAP/ANCAP Web Sayfası,2017,Var,,,,,,,,Önden Çekişli,,,,,,Otomatik,e-CVT (Elk.Kont.Sürekli Değişken)
1280 kg,,1780 mm,4630 mm,1435 mm,,471 lt,,2021 Toyota Corolla 1.5 125 PS Dream,,,,,,2021 Toyota Corolla 1.5 125 PS Dream Test Sürüşü Talep Sayfası,2021 Toyota Corolla 1.5 125 PS Dream Ürün Kataloğu,"3 Yıl / 100 Bin Km Mekanik
3 Yıl Boya
12 Yıl Paslanmazlık","Toyota Asistanım 0212 233 3145
Toyota Asistanım 0800 211 6166
Toyota İletişim Merkezi 0212 354 0354",Var,,,,,,,,3,,EFI (Elektronik Yakıt Püskürtme),12.1 saniye,190 km/s,153 nm,125 BG,Japonya,Sedan,Binek,Dream,Sedan,2021,İçten Yanmalı (Standart),2197 tl/yıl,C,Corolla,Benzin,https://www.epey.com/araba/2021-toyota-corolla-1-5-125-ps-dream.html,,,,,,,126 g/km,5.5 lt,50 lt,,4.6 lt,7.2 lt,,5 yıldız,2021 Toyota Corolla 1.5 125 PS Dream NCAP/ANCAP Web Sayfası,2013,Var,,,,,,,,Önden Çekişli,,,,,6 ileri,Manuel,
1280 kg,,1780 mm,4630 mm,1435 mm,,471 lt,,2021 Toyota Corolla 1.5 125 PS Flame,,,,,,2021 Toyota Corolla 1.5 125 PS Flame Test Sürüşü Talep Sayfası,2021 Toyota Corolla 1.5 125 PS Flame Ürün Kataloğu,"3 Yıl / 100 Bin Km Mekanik
3 Yıl Boya
12 Yıl Paslanmazlık","Toyota Asistanım 0212 233 3145
Toyota Asistanım 0800 211 6166
Toyota İletişim Merkezi 0212 354 0354",Var,,,,,,,,3,,EFI (Elektronik Yakıt Püskürtme),12.1 saniye,190 km/s,153 nm,125 BG,Japonya,Sedan,Binek,Flame,Sedan,2021,İçten Yanmalı (Standart),2197 tl/yıl,C,Corolla,Benzin,https://www.epey.com/araba/2021-toyota-corolla-1-5-125-ps-flame.html,,,,,,,126 g/km,5.5 lt,50 lt,,4.6 lt,7.2 lt,,5 yıldız,2021 Toyota Corolla 1.5 125 PS Flame NCAP/ANCAP Web Sayfası,2013,Var,,,,,,,,Önden Çekişli,,,,,6 ileri,Manuel,
1300 kg,,1780 mm,4630 mm,1435 mm,,471 lt,,2021 Toyota Corolla 1.5 125 PS Multidrive S Dream,,,,,,2021 Toyota Corolla 1.5 125 PS Multidrive S Dream Test Sürüşü Talep Sayfası,2021 Toyota Corolla 1.5 125 PS Multidrive S Dream Ürün Kataloğu,"3 Yıl / 100 Bin Km Mekanik
3 Yıl Boya
12 Yıl Paslanmazlık","Toyota Asistanım 0212 233 3145
Toyota Asistanım 0800 211 6166
Toyota İletişim Merkezi 0212 354 0354",Var,,,,,,,,3,,EFI (Elektronik Yakıt Püskürtme),12.1 saniye,190 km/s,153 nm,125 BG,Japonya,Sedan,Binek,Dream,Sedan,2021,İçten Yanmalı (Standart),2197 tl/yıl,C,Corolla,Benzin,https://www.epey.com/araba/2021-toyota-corolla-1-5-125-ps-multidrive-s-dream.html,,,,,,,125 g/km,5.5 lt,50 lt,,4.7 lt,6.9 lt,,5 yıldız,2021 Toyota Corolla 1.5 125 PS Multidrive S Dream NCAP/ANCAP Web Sayfası,2013,Var,,,,,,,,Önden Çekişli,,,,,,Otomatik,Multidrive S (Otomatik)
1300 kg,,1780 mm,4630 mm,1435 mm,,471 lt,,2021 Toyota Corolla 1.5 125 PS Multidrive S Flame X-Pack,,,,,,2021 Toyota Corolla 1.5 125 PS Multidrive S Flame X-Pack Test Sürüşü Talep Sayfası,2021 Toyota Corolla 1.5 125 PS Multidrive S Flame X-Pack Ürün Kataloğu,"3 Yıl / 100 Bin Km Mekanik
3 Yıl Boya
12 Yıl Paslanmazlık","Toyota Asistanım 0212 233 3145
Toyota Asistanım 0800 211 6166
Toyota İletişim Merkezi 0212 354 0354",Var,,,,,,,,3,,EFI (Elektronik Yakıt Püskürtme),12.1 saniye,190 km/s,153 nm,125 BG,Japonya,Sedan,Binek,Flame X-Pack,Sedan,2021,İçten Yanmalı (Standart),2197 tl/yıl,C,Corolla,Benzin,https://www.epey.com/araba/2021-toyota-corolla-1-5-125-ps-multidrive-s-flame-x-pack.html,,,,,,,125 g/km,5.5 lt,50 lt,,4.7 lt,6.9 lt,,5 yıldız,2021 Toyota Corolla 1.5 125 PS Multidrive S Flame X-Pack NCAP/ANCAP Web Sayfası,2013,Var,,,,,,,,Önden Çekişli,,,,,,Otomatik,Multidrive S (Otomatik)
1300 kg,,1780 mm,4630 mm,1435 mm,,471 lt,,2021 Toyota Corolla 1.5 125 PS Multidrive S Flame,,,,,,2021 Toyota Corolla 1.5 125 PS Multidrive S Flame Test Sürüşü Talep Sayfası,2021 Toyota Corolla 1.5 125 PS Multidrive S Flame Ürün Kataloğu,"3 Yıl / 100 Bin Km Mekanik
3 Yıl Boya
12 Yıl Paslanmazlık","Toyota Asistanım 0212 233 3145
Toyota Asistanım 0800 211 6166
Toyota İletişim Merkezi 0212 354 0354",Var,,,,,,,,3,,EFI (Elektronik Yakıt Püskürtme),12.1 saniye,190 km/s,153 nm,125 BG,Japonya,Sedan,Binek,Flame,Sedan,2021,İçten Yanmalı (Standart),2197 tl/yıl,C,Corolla,Benzin,https://www.epey.com/araba/2021-toyota-corolla-1-5-125-ps-multidrive-s-flame.html,,,,,,,125 g/km,5.5 lt,50 lt,,4.7 lt,6.9 lt,,5 yıldız,2021 Toyota Corolla 1.5 125 PS Multidrive S Flame NCAP/ANCAP Web Sayfası,2013,Var,,,,,,,,Önden Çekişli,,,,,,Otomatik,Multidrive S (Otomatik)
1300 kg,,1780 mm,4630 mm,1435 mm,,471 lt,,2021 Toyota Corolla 1.5 125 PS Multidrive S Passion X-Pack,,,,,,2021 Toyota Corolla 1.5 125 PS Multidrive S Passion X-Pack Test Sürüşü Talep Sayfası,2021 Toyota Corolla 1.5 125 PS Multidrive S Passion X-Pack Ürün Kataloğu,"3 Yıl / 100 Bin Km Mekanik
3 Yıl Boya
12 Yıl Paslanmazlık","Toyota Asistanım 0212 233 3145
Toyota Asistanım 0800 211 6166
Toyota İletişim Merkezi 0212 354 0354",Var,,,,,,,,3,,EFI (Elektronik Yakıt Püskürtme),12.1 saniye,190 km/s,153 nm,125 BG,Japonya,Sedan,Binek,Passion X-Pack,Sedan,2021,İçten Yanmalı (Standart),2197 tl/yıl,C,Corolla,Benzin,https://www.epey.com/araba/2021-toyota-corolla-1-5-125-ps-multidrive-s-passion-x-pack.html,,,,,,,125 g/km,5.5 lt,50 lt,,4.7 lt,6.9 lt,,5 yıldız,2021 Toyota Corolla 1.5 125 PS Multidrive S Passion X-Pack NCAP/ANCAP Web Sayfası,2013,Var,,,,,,,,Önden Çekişli,,,,,,Otomatik,Multidrive S (Otomatik)
1300 kg,,1780 mm,4630 mm,1435 mm,,471 lt,,2021 Toyota Corolla 1.5 125 PS Multidrive S Vision,,,,,,2021 Toyota Corolla 1.5 125 PS Multidrive S Vision Test Sürüşü Talep Sayfası,2021 Toyota Corolla 1.5 125 PS Multidrive S Vision Ürün Kataloğu,"3 Yıl / 100 Bin Km Mekanik
3 Yıl Boya
12 Yıl Paslanmazlık","Toyota Asistanım 0212 233 3145
Toyota Asistanım 0800 211 6166
Toyota İletişim Merkezi 0212 354 0354",Var,,,,,,,,3,,EFI (Elektronik Yakıt Püskürtme),12.1 saniye,190 km/s,153 nm,125 BG,Japonya,Sedan,Binek,Vision,Sedan,2021,İçten Yanmalı (Standart),2197 tl/yıl,C,Corolla,Benzin,https://www.epey.com/araba/2021-toyota-corolla-1-5-125-ps-multidrive-s-vision.html,,,,,,,125 g/km,5.5 lt,50 lt,,4.7 lt,6.9 lt,,5 yıldız,2021 Toyota Corolla 1.5 125 PS Multidrive S Vision NCAP/ANCAP Web Sayfası,2013,Var,,,,,,,,Önden Çekişli,,,,,,Otomatik,Multidrive S (Otomatik)
1280 kg,,1780 mm,4630 mm,1435 mm,,471 lt,,2021 Toyota Corolla 1.5 125 PS Vision,,,,,,2021 Toyota Corolla 1.5 125 PS Vision Test Sürüşü Talep Sayfası,2021 Toyota Corolla 1.5 125 PS Vision Ürün Kataloğu,"3 Yıl / 100 Bin Km Mekanik
3 Yıl Boya
12 Yıl Paslanmazlık","Toyota Asistanım 0212 233 3145
Toyota Asistanım 0800 211 6166
Toyota İletişim Merkezi 0212 354 0354",Var,,,,,,,,3,,EFI (Elektronik Yakıt Püskürtme),12.1 saniye,190 km/s,153 nm,125 BG,Japonya,Sedan,Binek,Vision,Sedan,2021,İçten Yanmalı (Standart),2197 tl/yıl,C,Corolla,Benzin,https://www.epey.com/araba/2021-toyota-corolla-1-5-125-ps-vision.html,,,,,,,126 g/km,5.5 lt,50 lt,,4.6 lt,7.2 lt,,5 yıldız,2021 Toyota Corolla 1.5 125 PS Vision NCAP/ANCAP Web Sayfası,2013,Var,,,,,,,,Önden Çekişli,,,,,6 ileri,Manuel,
1385 kg,,1780 mm,4630 mm,1435 mm,,471 lt,,2021 Toyota Corolla 1.8 Hybrid 122 PS e-CVT Dream,,,,,,2021 Toyota Corolla 1.8 Hybrid 122 PS e-CVT Dream Test Sürüşü Talep Sayfası,2021 Toyota Corolla 1.8 Hybrid 122 PS e-CVT Dream Ürün Kataloğu,"3 Yıl / 100 Bin Km Mekanik
3 Yıl Boya
12 Yıl Paslanmazlık","Toyota Asistanım 0212 233 3145
Toyota Asistanım 0800 211 6166
Toyota İletişim Merkezi 0212 354 0354",Var,163 nm,,Nikel-Metal Hidrid (NiMH),,,Atmosferik,,4,1798 cc,EFI (Elektronik Yakıt Püskürtme),11.0 saniye,180 km/s,142 nm,122 BG,Japonya,Sedan,Binek,Dream,Sedan,2021,HEV (Benzinli & Elektrikli),3881 tl/yıl,C,Corolla,Benzin & Elektrik,https://www.epey.com/araba/2021-toyota-corolla-1-8-hybrid-122-ps-e-cvt-dream.html,,,,,,,87 g/km,3.8 lt,43 lt,,3.9 lt,3.6 lt,,5 yıldız,2021 Toyota Corolla 1.8 Hybrid 122 PS e-CVT Dream NCAP/ANCAP Web Sayfası,2013,Var,,,,,,,,Önden Çekişli,,,,,,Otomatik,e-CVT (Elk.Kont.Sürekli Değişken)
1385 kg,,1780 mm,4630 mm,1435 mm,,471 lt,,2021 Toyota Corolla 1.8 Hybrid 122 PS e-CVT Flame X-Pack,,,,,,2021 Toyota Corolla 1.8 Hybrid 122 PS e-CVT Flame X-Pack Test Sürüşü Talep Sayfası,2021 Toyota Corolla 1.8 Hybrid 122 PS e-CVT Flame X-Pack Ürün Kataloğu,"3 Yıl / 100 Bin Km Mekanik
3 Yıl Boya
12 Yıl Paslanmazlık","Toyota Asistanım 0212 233 3145
Toyota Asistanım 0800 211 6166
Toyota İletişim Merkezi 0212 354 0354",Var,163 nm,,Nikel-Metal Hidrid (NiMH),,,Atmosferik,,4,1798 cc,EFI (Elektronik Yakıt Püskürtme),11.0 saniye,180 km/s,142 nm,122 BG,Japonya,Sedan,Binek,Flame X-Pack,Sedan,2021,HEV (Benzinli & Elektrikli),3881 tl/yıl,C,Corolla,Benzin & Elektrik,https://www.epey.com/araba/2021-toyota-corolla-1-8-hybrid-122-ps-e-cvt-flame-x-pack.html,,,,,,,87 g/km,3.8 lt,43 lt,,3.9 lt,3.6 lt,,5 yıldız,2021 Toyota Corolla 1.8 Hybrid 122 PS e-CVT Flame X-Pack NCAP/ANCAP Web Sayfası,2013,Var,,,,,,,,Önden Çekişli,,,,,,Otomatik,e-CVT (Elk.Kont.Sürekli Değişken)
1385 kg,,1780 mm,4630 mm,1435 mm,,471 lt,,2021 Toyota Corolla 1.8 Hybrid 122 PS e-CVT Flame,,,,,,2021 Toyota Corolla 1.8 Hybrid 122 PS e-CVT Flame Test Sürüşü Talep Sayfası,2021 Toyota Corolla 1.8 Hybrid 122 PS e-CVT Flame Ürün Kataloğu,"3 Yıl / 100 Bin Km Mekanik
3 Yıl Boya
12 Yıl Paslanmazlık","Toyota Asistanım 0212 233 3145
Toyota Asistanım 0800 211 6166
Toyota İletişim Merkezi 0212 354 0354",Var,163 nm,,Nikel-Metal Hidrid (NiMH),,,Atmosferik,,4,1798 cc,EFI (Elektronik Yakıt Püskürtme),11.0 saniye,180 km/s,142 nm,122 BG,Japonya,Sedan,Binek,Flame,Sedan,2021,HEV (Benzinli & Elektrikli),3881 tl/yıl,C,Corolla,Benzin & Elektrik,https://www.epey.com/araba/2021-toyota-corolla-1-8-hybrid-122-ps-e-cvt-flame.html,,,,,,,87 g/km,3.8 lt,43 lt,,3.9 lt,3.6 lt,,5 yıldız,2021 Toyota Corolla 1.8 Hybrid 122 PS e-CVT Flame NCAP/ANCAP Web Sayfası,2013,Var,,,,,,,,Önden Çekişli,,,,,,Otomatik,e-CVT (Elk.Kont.Sürekli Değişken)
1385 kg,,1780 mm,4630 mm,1435 mm,,471 lt,,2021 Toyota Corolla 1.8 Hybrid 122 PS e-CVT Passion X-Pack,,,,,,2021 Toyota Corolla 1.8 Hybrid 122 PS e-CVT Passion X-Pack Test Sürüşü Talep Sayfası,2021 Toyota Corolla 1.8 Hybrid 122 PS e-CVT Passion X-Pack Ürün Kataloğu,"3 Yıl / 100 Bin Km Mekanik
3 Yıl Boya
12 Yıl Paslanmazlık","Toyota Asistanım 0212 233 3145
Toyota Asistanım 0800 211 6166
Toyota İletişim Merkezi 0212 354 0354",Var,163 nm,,Nikel-Metal Hidrid (NiMH),,,Atmosferik,,4,1798 cc,EFI (Elektronik Yakıt Püskürtme),11.0 saniye,180 km/s,142 nm,122 BG,Japonya,Sedan,Binek,Passion X-Pack,Sedan,2021,HEV (Benzinli & Elektrikli),3881 tl/yıl,C,Corolla,Benzin & Elektrik,https://www.epey.com/araba/2021-toyota-corolla-1-8-hybrid-122-ps-e-cvt-passion-x-pack.html,,,,,,,87 g/km,3.8 lt,43 lt,,3.9 lt,3.6 lt,,5 yıldız,2021 Toyota Corolla 1.8 Hybrid 122 PS e-CVT Passion X-Pack NCAP/ANCAP Web Sayfası,2013,Var,,,,,,,,Önden Çekişli,,,,,,Otomatik,e-CVT (Elk.Kont.Sürekli Değişken)
1200 kg,,1745 mm,3940 mm,1500 mm,,286 lt,,2021 Toyota Yaris 1.5 125 PS Multidrive S Dream X-Pack,,,,,,2021 Toyota Yaris 1.5 125 PS Multidrive S Dream X-Pack Test Sürüşü Talep Sayfası,2021 Toyota Yaris 1.5 125 PS Multidrive S Dream X-Pack Ürün Kataloğu,,,,,,,,,,,3,1490 cc,Çok Noktalı Direkt Enjeksiyon,10.2 saniye,180 km/s,153 nm,125 BG,Japonya,,Binek,Dream X-Pack,Hatchback,2021,İçten Yanmalı (Standart),2197 tl/yıl,B,Yaris,Benzin,https://www.epey.com/araba/2021-toyota-yaris-1-5-125-ps-multidrive-s-dream-x-pack.html,,,,,,,112 g/km,4.9 lt,42 lt,,4.3 lt,6.0 lt,,5 yıldız,2021 Toyota Yaris 1.5 125 PS Multidrive S Dream X-Pack NCAP/ANCAP Web Sayfası,2020,Var,,,,,,,,Önden Çekişli,,,,,,Otomatik,Multidrive S (Otomatik)
1200 kg,,1745 mm,3940 mm,1500 mm,,286 lt,,2021 Toyota Yaris 1.5 125 PS Multidrive S Dream,,,,,,2021 Toyota Yaris 1.5 125 PS Multidrive S Dream Test Sürüşü Talep Sayfası,2021 Toyota Yaris 1.5 125 PS Multidrive S Dream Ürün Kataloğu,,,,,,,,,,,3,1490 cc,Çok Noktalı Direkt Enjeksiyon,10.2 saniye,180 km/s,153 nm,125 BG,Japonya,,Binek,Dream,Hatchback,2021,İçten Yanmalı (Standart),2197 tl/yıl,B,Yaris,Benzin,https://www.epey.com/araba/2021-toyota-yaris-1-5-125-ps-multidrive-s-dream.html,,,,,,,112 g/km,4.9 lt,42 lt,,4.3 lt,6.0 lt,,5 yıldız,2021 Toyota Yaris 1.5 125 PS Multidrive S Dream NCAP/ANCAP Web Sayfası,2020,Var,,,,,,,,Önden Çekişli,,,,,,Otomatik,Multidrive S (Otomatik)
1200 kg,,1745 mm,3940 mm,1500 mm,,286 lt,,2021 Toyota Yaris 1.5 125 PS Multidrive S Flame X-Pack,,,,,,2021 Toyota Yaris 1.5 125 PS Multidrive S Flame X-Pack Test Sürüşü Talep Sayfası,2021 Toyota Yaris 1.5 125 PS Multidrive S Flame X-Pack Ürün Kataloğu,,,,,,,,,,,3,1490 cc,Çok Noktalı Direkt Enjeksiyon,10.2 saniye,180 km/s,153 nm,125 BG,Japonya,,Binek,Flame X-Pack,Hatchback,2021,İçten Yanmalı (Standart),2197 tl/yıl,B,Yaris,Benzin,https://www.epey.com/araba/2021-toyota-yaris-1-5-125-ps-multidrive-s-flame-x-pack.html,,,,,,,112 g/km,4.9 lt,42 lt,,4.3 lt,6.0 lt,,5 yıldız,2021 Toyota Yaris 1.5 125 PS Multidrive S Flame X-Pack NCAP/ANCAP Web Sayfası,2020,Var,,,,,,,,Önden Çekişli,,,,,,Otomatik,Multidrive S (Otomatik)
1200 kg,,1745 mm,3940 mm,1500 mm,,286 lt,,2021 Toyota Yaris 1.5 125 PS Multidrive S Flame,,,,,,2021 Toyota Yaris 1.5 125 PS Multidrive S Flame Test Sürüşü Talep Sayfası,2021 Toyota Yaris 1.5 125 PS Multidrive S Flame Ürün Kataloğu,,,,,,,,,,,3,1490 cc,Çok Noktalı Direkt Enjeksiyon,10.2 saniye,180 km/s,153 nm,125 BG,Japonya,,Binek,Flame,Hatchback,2021,İçten Yanmalı (Standart),2197 tl/yıl,B,Yaris,Benzin,https://www.epey.com/araba/2021-toyota-yaris-1-5-125-ps-multidrive-s-flame.html,,,,,,,112 g/km,4.9 lt,42 lt,,4.3 lt,6.0 lt,,5 yıldız,2021 Toyota Yaris 1.5 125 PS Multidrive S Flame NCAP/ANCAP Web Sayfası,2020,Var,,,,,,,,Önden Çekişli,,,,,,Otomatik,Multidrive S (Otomatik)
1235 kg,,1745 mm,3940 mm,1500 mm,,286 lt,,2021 Toyota Yaris 1.5 Hybrid 116 PS e-CVT Dream,,,,,,2021 Toyota Yaris 1.5 Hybrid 116 PS e-CVT Dream Test Sürüşü Talep Sayfası,2021 Toyota Yaris 1.5 Hybrid 116 PS e-CVT Dream Ürün Kataloğu,,,,141 nm,,Lityum İyon,,,,,3,1490 cc,Çok Noktalı Direkt Enjeksiyon,9.7 saniye,175 km/s,120 nm,116 BG,Japonya,,Binek,Dream,Hatchback,2021,HEV (Benzinli & Elektrikli),2197 tl/yıl,B,Yaris,Benzin & Elektrik,https://www.epey.com/araba/2021-toyota-yaris-1-5-hybrid-116-ps-e-cvt-dream.html,,,,,,,73 g/km,3.2 lt,36 lt,,3.6 lt,2.7 lt,,5 yıldız,2021 Toyota Yaris 1.5 Hybrid 116 PS e-CVT Dream NCAP/ANCAP Web Sayfası,2020,Var,,,,,,,,Önden Çekişli,,,,,,Otomatik,e-CVT
1235 kg,,1745 mm,3940 mm,1500 mm,,286 lt,,2021 Toyota Yaris 1.5 Hybrid 116 PS e-CVT Flame,,,,,,2021 Toyota Yaris 1.5 Hybrid 116 PS e-CVT Flame Test Sürüşü Talep Sayfası,2021 Toyota Yaris 1.5 Hybrid 116 PS e-CVT Flame Ürün Kataloğu,,,,141 nm,,Lityum İyon,,,,,3,1490 cc,Çok Noktalı Direkt Enjeksiyon,9.7 saniye,175 km/s,120 nm,116 BG,Japonya,,Binek,Flame,Hatchback,2021,HEV (Benzinli & Elektrikli),2197 tl/yıl,B,Yaris,Benzin & Elektrik,https://www.epey.com/araba/2021-toyota-yaris-1-5-hybrid-116-ps-e-cvt-flame.html,,,,,,,73 g/km,3.2 lt,36 lt,,3.6 lt,2.7 lt,,5 yıldız,2021 Toyota Yaris 1.5 Hybrid 116 PS e-CVT Flame NCAP/ANCAP Web Sayfası,2020,Var,,,,,,,,Önden Çekişli,,,,,,Otomatik,e-CVT
1235 kg,,1745 mm,3940 mm,1500 mm,,286 lt,,2021 Toyota Yaris 1.5 Hybrid 116 PS e-CVT Passion,,,,,,2021 Toyota Yaris 1.5 Hybrid 116 PS e-CVT Passion Test Sürüşü Talep Sayfası,2021 Toyota Yaris 1.5 Hybrid 116 PS e-CVT Passion Ürün Kataloğu,,,,141 nm,,Lityum İyon,,,,,3,1490 cc,Çok Noktalı Direkt Enjeksiyon,9.7 saniye,175 km/s,120 nm,116 BG,Japonya,,Binek,Passion,Hatchback,2021,HEV (Benzinli & Elektrikli),2197 tl/yıl,B,Yaris,Benzin & Elektrik,https://www.epey.com/araba/2021-toyota-yaris-1-5-hybrid-116-ps-e-cvt-passion.html,,,,,,,73 g/km,3.2 lt,36 lt,,3.6 lt,2.7 lt,,5 yıldız,2021 Toyota Yaris 1.5 Hybrid 116 PS e-CVT Passion NCAP/ANCAP Web Sayfası,2020,Var,,,,,,,,Önden Çekişli,,,,,,Otomatik,e-CVT
1576 kg,11.40 mt.,1855 mm,4500 mm,1832 mm,,1213 lt,,2021 Volkswagen Caddy 2.0 TDI 122 PS DSG Impression,,,,,,,2021 Volkswagen Caddy 2.0 TDI 122 PS DSG Impression Ürün Kataloğu,,,,,,,,,Turbo,,4,1968 cc,Common Rail Direkt Enjeksiyon,11.4 saniye,186 km/s,320 nm,122 BG,Almanya,Combi,Ticari,Impression,Kombi,2021,İçten Yanmalı (Standart),2521 tl/yıl,Hafif Ticari,Caddy,Dizel,https://www.epey.com/araba/2021-volkswagen-caddy-2-0-tdi-122-ps-dsg-impression.html,,,,,,,129 g/km,4.9 lt,50 lt,,4.4 lt,5.7 lt,,4 yıldız,2021 Volkswagen Caddy 2.0 TDI 122 PS DSG Impression NCAP/ANCAP Web Sayfası,2015,Var,,,,,,,,Önden Çekişli,,,,,7 ileri,Otomatik,DSG (Yarı Otm.)
1576 kg,11.40 mt.,1855 mm,4500 mm,1832 mm,,1213 lt,,2021 Volkswagen Caddy 2.0 TDI 122 PS DSG Life,,,,,,,2021 Volkswagen Caddy 2.0 TDI 122 PS DSG Life Ürün Kataloğu,,,,,,,,,Turbo,,4,1968 cc,Common Rail Direkt Enjeksiyon,11.4 saniye,186 km/s,320 nm,122 BG,Almanya,Combi,Ticari,Life,Kombi,2021,İçten Yanmalı (Standart),2521 tl/yıl,Hafif Ticari,Caddy,Dizel,https://www.epey.com/araba/2021-volkswagen-caddy-2-0-tdi-122-ps-dsg-life.html,,,,,,,129 g/km,4.9 lt,50 lt,,4.4 lt,5.7 lt,,4 yıldız,2021 Volkswagen Caddy 2.0 TDI 122 PS DSG Life NCAP/ANCAP Web Sayfası,2015,Var,,,,,,,,Önden Çekişli,,,,,7 ileri,Otomatik,DSG (Yarı Otm.)
1576 kg,11.40 mt.,1855 mm,4500 mm,1832 mm,,1213 lt,,2021 Volkswagen Caddy 2.0 TDI 122 PS DSG Style,,,,,,,2021 Volkswagen Caddy 2.0 TDI 122 PS DSG Style Ürün Kataloğu,,,,,,,,,Turbo,,4,1968 cc,Common Rail Direkt Enjeksiyon,11.4 saniye,186 km/s,320 nm,122 BG,Almanya,Combi,Ticari,Style,Kombi,2021,İçten Yanmalı (Standart),2521 tl/yıl,Hafif Ticari,Caddy,Dizel,https://www.epey.com/araba/2021-volkswagen-caddy-2-0-tdi-122-ps-dsg-style.html,,,,,,,129 g/km,4.9 lt,50 lt,,4.4 lt,5.7 lt,,4 yıldız,2021 Volkswagen Caddy 2.0 TDI 122 PS DSG Style NCAP/ANCAP Web Sayfası,2015,Var,,,,,,,,Önden Çekişli,,,,,7 ileri,Otomatik,DSG (Yarı Otm.)
1546 kg,11.40 mt.,1855 mm,4500 mm,1832 mm,,1213 lt,,2021 Volkswagen Caddy 2.0 TDI 122 PS Impression,,,,,,,2021 Volkswagen Caddy 2.0 TDI 122 PS Impression Ürün Kataloğu,,,,,,,,,Turbo,,4,1968 cc,Common Rail Direkt Enjeksiyon,11.2 saniye,187 km/s,320 nm,122 BG,Almanya,Combi,Ticari,Impression,Kombi,2021,İçten Yanmalı (Standart),2521 tl/yıl,Hafif Ticari,Caddy,Dizel,https://www.epey.com/araba/2021-volkswagen-caddy-2-0-tdi-122-ps-impression.html,,,,,,,129 g/km,4.9 lt,50 lt,,4.2 lt,6.1 lt,,4 yıldız,2021 Volkswagen Caddy 2.0 TDI 122 PS Impression NCAP/ANCAP Web Sayfası,2015,Var,,,,,,,,Önden Çekişli,,,,,6 ileri,Manuel,
1546 kg,11.40 mt.,1855 mm,4500 mm,1832 mm,,1213 lt,,2021 Volkswagen Caddy 2.0 TDI 122 PS Life,,,,,,,2021 Volkswagen Caddy 2.0 TDI 122 PS Life Ürün Kataloğu,,,,,,,,,Turbo,,4,1968 cc,Common Rail Direkt Enjeksiyon,11.2 saniye,187 km/s,320 nm,122 BG,Almanya,Combi,Ticari,Life,Kombi,2021,İçten Yanmalı (Standart),2521 tl/yıl,Hafif Ticari,Caddy,Dizel,https://www.epey.com/araba/2021-volkswagen-caddy-2-0-tdi-122-ps-life.html,,,,,,,129 g/km,4.9 lt,50 lt,,4.2 lt,6.1 lt,,4 yıldız,2021 Volkswagen Caddy 2.0 TDI 122 PS Life NCAP/ANCAP Web Sayfası,2015,Var,,,,,,,,Önden Çekişli,,,,,6 ileri,Manuel,
1302 kg,10.90 mt.,1789 mm,4286 mm,1491 mm,,380 lt,,2021 Volkswagen Golf 1.0 eTSI 110 PS DSG Life,,,,,,2021 Volkswagen Golf 1.0 eTSI 110 PS DSG Life Test Sürüşü Talep Sayfası,2021 Volkswagen Golf 1.0 eTSI 110 PS DSG Life Ürün Kataloğu,,,,,,,,,Turbo,,3,999 cc,Direkt Enjeksiyon,10.2 saniye,202 km/s,200 nm,110 BG,Almanya,,Binek,Life,Hatchback,2021,MHEV (Yarı Hibrit Sistem),1261 tl/yıl,C,Golf,Benzin & Elektrik,https://www.epey.com/araba/2021-volkswagen-golf-1-0-etsi-110-ps-dsg-life.html,,,,,,,112 g/km,4.9 lt,50 lt,,4.6 lt,5.4 lt,,5 yıldız,2021 Volkswagen Golf 1.0 eTSI 110 PS DSG Life NCAP/ANCAP Web Sayfası,2019,Var,,,,,,,,Önden Çekişli,,,,,7 ileri,Otomatik,DSG (Yarı Otm.)
1302 kg,10.90 mt.,1789 mm,4286 mm,1491 mm,,380 lt,,2021 Volkswagen Golf 1.0 eTSI 110 PS DSG R-Line,,,,,,2021 Volkswagen Golf 1.0 eTSI 110 PS DSG R-Line Test Sürüşü Talep Sayfası,2021 Volkswagen Golf 1.0 eTSI 110 PS DSG R-Line Ürün Kataloğu,,,,,,,,,Turbo,,3,999 cc,Direkt Enjeksiyon,10.2 saniye,202 km/s,200 nm,110 BG,Almanya,,Binek,R-Line,Hatchback,2021,MHEV (Yarı Hibrit Sistem),1261 tl/yıl,C,Golf,Benzin & Elektrik,https://www.epey.com/araba/2021-volkswagen-golf-1-0-etsi-110-ps-dsg-r-line.html,,,,,,,112 g/km,4.9 lt,50 lt,,4.6 lt,5.4 lt,,5 yıldız,2021 Volkswagen Golf 1.0 eTSI 110 PS DSG R-Line NCAP/ANCAP Web Sayfası,2019,Var,,,,,,,,Önden Çekişli,,,,,7 ileri,Otomatik,DSG (Yarı Otm.)
1302 kg,10.90 mt.,1789 mm,4286 mm,1491 mm,,380 lt,,2021 Volkswagen Golf 1.0 eTSI 110 PS DSG Style,,,,,,2021 Volkswagen Golf 1.0 eTSI 110 PS DSG Style Test Sürüşü Talep Sayfası,2021 Volkswagen Golf 1.0 eTSI 110 PS DSG Style Ürün Kataloğu,,,,,,,,,Turbo,,3,999 cc,Direkt Enjeksiyon,10.2 saniye,202 km/s,200 nm,110 BG,Almanya,,Binek,Style,Hatchback,2021,MHEV (Yarı Hibrit Sistem),1261 tl/yıl,C,Golf,Benzin & Elektrik,https://www.epey.com/araba/2021-volkswagen-golf-1-0-etsi-110-ps-dsg-style.html,,,,,,,112 g/km,4.9 lt,50 lt,,4.6 lt,5.4 lt,,5 yıldız,2021 Volkswagen Golf 1.0 eTSI 110 PS DSG Style NCAP/ANCAP Web Sayfası,2019,Var,,,,,,,,Önden Çekişli,,,,,7 ileri,Otomatik,DSG (Yarı Otm.)
1366 kg,10.90 mt.,1789 mm,4286 mm,1491 mm,,380 lt,,2021 Volkswagen Golf 1.0 eTSI 150 PS DSG R-Line,,,,,,2021 Volkswagen Golf 1.0 eTSI 150 PS DSG R-Line Test Sürüşü Talep Sayfası,2021 Volkswagen Golf 1.0 eTSI 150 PS DSG R-Line Ürün Kataloğu,,,,,,,,,Turbo,,4,1498 cc,Direkt Enjeksiyon,8.5 saniye,224 km/s,250 nm,150 BG,Almanya,,Binek,R-Line,Hatchback,2021,MHEV (Yarı Hibrit Sistem),2197 tl/yıl,C,Golf,Benzin & Elektrik,https://www.epey.com/araba/2021-volkswagen-golf-1-0-etsi-150-ps-dsg-r-line.html,,,,,,,122 g/km,5.3 lt,50 lt,,4.7 lt,6.3 lt,,5 yıldız,2021 Volkswagen Golf 1.0 eTSI 150 PS DSG R-Line NCAP/ANCAP Web Sayfası,2019,Var,,,,,,,,Önden Çekişli,,,,,7 ileri,Otomatik,DSG (Yarı Otm.)
1366 kg,10.90 mt.,1789 mm,4286 mm,1491 mm,,380 lt,,2021 Volkswagen Golf 1.0 eTSI 150 PS DSG Style,,,,,,2021 Volkswagen Golf 1.0 eTSI 150 PS DSG Style Test Sürüşü Talep Sayfası,2021 Volkswagen Golf 1.0 eTSI 150 PS DSG Style Ürün Kataloğu,,,,,,,,,Turbo,,4,1498 cc,Direkt Enjeksiyon,8.5 saniye,224 km/s,250 nm,150 BG,Almanya,,Binek,Style,Hatchback,2021,MHEV (Yarı Hibrit Sistem),2197 tl/yıl,C,Golf,Benzin & Elektrik,https://www.epey.com/araba/2021-volkswagen-golf-1-0-etsi-150-ps-dsg-style.html,,,,,,,122 g/km,5.3 lt,50 lt,,4.7 lt,6.3 lt,,5 yıldız,2021 Volkswagen Golf 1.0 eTSI 150 PS DSG Style NCAP/ANCAP Web Sayfası,2019,Var,,,,,,,,Önden Çekişli,,,,,7 ileri,Otomatik,DSG (Yarı Otm.)
1264 kg,10.90 mt.,1789 mm,4286 mm,1491 mm,,380 lt,,2021 Volkswagen Golf 1.0 TSI 110 PS Impression,,,,,,2021 Volkswagen Golf 1.0 TSI 110 PS Impression Test Sürüşü Talep Sayfası,2021 Volkswagen Golf 1.0 TSI 110 PS Impression Ürün Kataloğu,,,,,,,,,Turbo,,3,999 cc,Direkt Enjeksiyon,10.2 saniye,202 km/s,200 nm,110 BG,Almanya,,Binek,Impression,Hatchback,2021,İçten Yanmalı (Standart),1261 tl/yıl,C,Golf,Benzin,https://www.epey.com/araba/2021-volkswagen-golf-1-0-tsi-110-ps-impression.html,,,,,,,120 g/km,5.3 lt,50 lt,,4.9 lt,6.0 lt,,5 yıldız,2021 Volkswagen Golf 1.0 TSI 110 PS Impression NCAP/ANCAP Web Sayfası,2019,Var,,,,,,,,Önden Çekişli,,,,,6 ileri,Manuel,
1435 kg,11.70 mt.,1832 mm,4775 mm,1442 mm,,586 lt,,2021 Volkswagen Passat 1.5 TSI ACT 150 PS DSG Business,,,,,,2021 Volkswagen Passat 1.5 TSI ACT 150 PS DSG Business Test Sürüşü Talep Sayfası,2021 Volkswagen Passat 1.5 TSI ACT 150 PS DSG Business Ürün Kataloğu,"2 Yıl Mekanik
3 Yıl Boya
12 Yıl Paslanmazlık","Volkswagen Çağrı24 0212 335 0404
Volkswagen Çağrı24 0800 211 0870",Var,,,,,,Turbo,,4,1498 cc,Direkt Enjeksiyon,8.7 saniye,220 km/s,250 nm,150 BG,Almanya,Passat Sedan,Binek,Business,Sedan,2021,İçten Yanmalı (Standart),2197 tl/yıl,D,Passat,Benzin,https://www.epey.com/araba/2021-volkswagen-passat-1-5-tsi-act-150-ps-dsg-business.html,,,,,,,117 g/km,5.1 lt,59 lt,,4.3 lt,6.6 lt,,5 yıldız,2021 Volkswagen Passat 1.5 TSI ACT 150 PS DSG Business NCAP/ANCAP Web Sayfası,2014,Var,,,,,,,,Önden Çekişli,,,,,7 ileri,Otomatik,DSG (Yarı Otm.)
1435 kg,11.70 mt.,1832 mm,4775 mm,1442 mm,,586 lt,,2021 Volkswagen Passat 1.5 TSI ACT 150 PS DSG Elegance,,,,,,2021 Volkswagen Passat 1.5 TSI ACT 150 PS DSG Elegance Test Sürüşü Talep Sayfası,2021 Volkswagen Passat 1.5 TSI ACT 150 PS DSG Elegance Ürün Kataloğu,"2 Yıl Mekanik
3 Yıl Boya
12 Yıl Paslanmazlık","Volkswagen Çağrı24 0212 335 0404
Volkswagen Çağrı24 0800 211 0870",Var,,,,,,Turbo,,4,1498 cc,Direkt Enjeksiyon,8.7 saniye,220 km/s,250 nm,150 BG,Almanya,Passat Sedan,Binek,Elegance,Sedan,2021,İçten Yanmalı (Standart),2197 tl/yıl,D,Passat,Benzin,https://www.epey.com/araba/2021-volkswagen-passat-1-5-tsi-act-150-ps-dsg-elegance.html,,,,,,,117 g/km,5.1 lt,59 lt,,4.3 lt,6.6 lt,,5 yıldız,2021 Volkswagen Passat 1.5 TSI ACT 150 PS DSG Elegance NCAP/ANCAP Web Sayfası,2014,Var,,,,,,,,Önden Çekişli,,,,,7 ileri,Otomatik,DSG (Yarı Otm.)
1435 kg,11.70 mt.,1832 mm,4775 mm,1442 mm,,586 lt,,2021 Volkswagen Passat 1.5 TSI ACT 150 PS DSG Impression,,,,,,2021 Volkswagen Passat 1.5 TSI ACT 150 PS DSG Impression Test Sürüşü Talep Sayfası,2021 Volkswagen Passat 1.5 TSI ACT 150 PS DSG Impression Ürün Kataloğu,"2 Yıl Mekanik
3 Yıl Boya
12 Yıl Paslanmazlık","Volkswagen Çağrı24 0212 335 0404
Volkswagen Çağrı24 0800 211 0870",Var,,,,,,Turbo,,4,1498 cc,Direkt Enjeksiyon,8.7 saniye,220 km/s,250 nm,150 BG,Almanya,Passat Sedan,Binek,Impression,Sedan,2021,İçten Yanmalı (Standart),2197 tl/yıl,D,Passat,Benzin,https://www.epey.com/araba/2021-volkswagen-passat-1-5-tsi-act-150-ps-dsg-impression.html,,,,,,,117 g/km,5.1 lt,59 lt,,4.3 lt,6.6 lt,,5 yıldız,2021 Volkswagen Passat 1.5 TSI ACT 150 PS DSG Impression NCAP/ANCAP Web Sayfası,2014,Var,,,,,,,,Önden Çekişli,,,,,7 ileri,Otomatik,DSG (Yarı Otm.)
1550 kg,11.70 mt.,1832 mm,4775 mm,1442 mm,,586 lt,,2021 Volkswagen Passat 2.0 TDI 150 PS DSG Business,,,,,,2021 Volkswagen Passat 2.0 TDI 150 PS DSG Business Test Sürüşü Talep Sayfası,2021 Volkswagen Passat 2.0 TDI 150 PS DSG Business Ürün Kataloğu,"2 Yıl Mekanik
3 Yıl Boya
12 Yıl Paslanmazlık","Volkswagen Çağrı24 0212 335 0404
Volkswagen Çağrı24 0800 211 0870",Var,,,,,,Turbo,,4,1968 cc,Common Rail Direkt Enjeksiyon,8.7 saniye,220 km/s,340 nm,150 BG,Almanya,Passat Sedan,Binek,Business,Sedan,2021,İçten Yanmalı (Standart),6113 tl/yıl,D,Passat,Dizel,https://www.epey.com/araba/2021-volkswagen-passat-2-0-tdi-150-ps-dsg-business.html,,,,,,,109 g/km,4.1 lt,59 lt,,3.9 lt,4.6 lt,,5 yıldız,2021 Volkswagen Passat 2.0 TDI 150 PS DSG Business NCAP/ANCAP Web Sayfası,2014,Var,,,,,,,,Önden Çekişli,,,,,7 ileri,Otomatik,DSG (Yarı Otm.)
1550 kg,11.70 mt.,1832 mm,4775 mm,1442 mm,,586 lt,,2021 Volkswagen Passat 2.0 TDI 150 PS DSG Elegance,,,,,,2021 Volkswagen Passat 2.0 TDI 150 PS DSG Elegance Test Sürüşü Talep Sayfası,2021 Volkswagen Passat 2.0 TDI 150 PS DSG Elegance Ürün Kataloğu,"2 Yıl Mekanik
3 Yıl Boya
12 Yıl Paslanmazlık","Volkswagen Çağrı24 0212 335 0404
Volkswagen Çağrı24 0800 211 0870",Var,,,,,,Turbo,,4,1968 cc,Common Rail Direkt Enjeksiyon,8.7 saniye,220 km/s,340 nm,150 BG,Almanya,Passat Sedan,Binek,Business,Sedan,2021,İçten Yanmalı (Standart),6113 tl/yıl,D,Passat,Dizel,https://www.epey.com/araba/2021-volkswagen-passat-2-0-tdi-150-ps-dsg-elegance.html,,,,,,,109 g/km,4.1 lt,59 lt,,3.9 lt,4.6 lt,,5 yıldız,2021 Volkswagen Passat 2.0 TDI 150 PS DSG Elegance NCAP/ANCAP Web Sayfası,2014,Var,,,,,,,,Önden Çekişli,,,,,7 ileri,Otomatik,DSG (Yarı Otm.)
1132 kg,,1751 mm,4074 mm,1451 mm,,351 lt,,2021 Volkswagen Polo 1.0 80 PS Impression,,,,,,2021 Volkswagen Polo 1.0 80 PS Impression Test Sürüşü Talep Sayfası,2021 Volkswagen Polo 1.0 80 PS Impression Ürün Kataloğu,2 Yıl Sınırsız Km Mekanik,"Volkswagen Çağrı24 0212 335 0404
Volkswagen Çağrı24 0800 211 0870",Var,,,,,,Atmosferik,,3,999 cc,Çok Noktadan Enjeksiyon,15.5 saniye,171 km/s,93 nm,80 BG,Almanya,,Binek,Impression,Hatchback,2021,İçten Yanmalı (Standart),1261 tl/yıl,B,Polo,Benzin,https://www.epey.com/araba/2021-volkswagen-polo-1-0-80-ps-impression.html,,,,,,,117 g/km,5.1 lt,40 lt,,4.6 lt,6.0 lt,,5 yıldız,2021 Volkswagen Polo 1.0 80 PS Impression NCAP/ANCAP Web Sayfası,2017,Var,,,,,,,,Önden Çekişli,,,,,5 ileri,Manuel,
1050 kg,10.60 mt.,1751 mm,4053 mm,1446 mm,,351 lt,,2021 Volkswagen Polo 1.0 80 PS Trendline,,,,,,2021 Volkswagen Polo 1.0 80 PS Trendline Test Sürüşü Talep Sayfası,2021 Volkswagen Polo 1.0 80 PS Trendline Ürün Kataloğu,2 Yıl Sınırsız Km Mekanik,"Volkswagen Çağrı24 0212 335 0404
Volkswagen Çağrı24 0800 211 0870",Var,,,,,,Turbo,,3,999 cc,Çok Noktadan Enjeksiyon,15.4 saniye,171 km/s,95 nm,80 BG,Almanya,,Binek,Trendline,Hatchback,2021,İçten Yanmalı (Standart),1261 tl/yıl,B,Polo,Benzin,https://www.epey.com/araba/2021-volkswagen-polo-1-0-80-ps-trendline.html,,,,,,,110 g/km,4.8 lt,40 lt,Euro 6,4.1 lt,6.1 lt,,5 yıldız,2021 Volkswagen Polo 1.0 80 PS Trendline NCAP/ANCAP Web Sayfası,2017,Var,,,,,,,,Önden Çekişli,,,,,5 ileri,Manuel,
1145 kg,10.60 mt.,1751 mm,4053 mm,1446 mm,,351 lt,,2021 Volkswagen Polo 1.0 TSI 95 PS Comfortline,,,,,,2021 Volkswagen Polo 1.0 TSI 95 PS Comfortline Test Sürüşü Talep Sayfası,2021 Volkswagen Polo 1.0 TSI 95 PS Comfortline Ürün Kataloğu,2 Yıl Sınırsız Km Mekanik,"Volkswagen Çağrı24 0212 335 0404
Volkswagen Çağrı24 0800 211 0870",Var,,,,,,Turbo,,3,999 cc,Çok Noktadan Enjeksiyon,10.8 saniye,187 km/s,175 nm,95 BG,Almanya,,Binek,Comfortline,Hatchback,2021,İçten Yanmalı (Standart),1261 tl/yıl,B,Polo,Benzin,https://www.epey.com/araba/2021-volkswagen-polo-1-0-tsi-95-ps-comfortline.html,,,,,,,103 g/km,4.5 lt,40 lt,,3.9 lt,5.6 lt,,5 yıldız,2021 Volkswagen Polo 1.0 TSI 95 PS Comfortline NCAP/ANCAP Web Sayfası,2017,Var,,,,,,,,Önden Çekişli,,,,,5 ileri,Manuel,
1180 kg,10.60 mt.,1751 mm,4053 mm,1446 mm,,351 lt,,2021 Volkswagen Polo 1.0 TSI 95 PS DSG Comfortline,,,,,,2021 Volkswagen Polo 1.0 TSI 95 PS DSG Comfortline Test Sürüşü Talep Sayfası,2021 Volkswagen Polo 1.0 TSI 95 PS DSG Comfortline Ürün Kataloğu,2 Yıl Sınırsız Km Mekanik,"Volkswagen Çağrı24 0212 335 0404
Volkswagen Çağrı24 0800 211 0870",Var,,,,,,Turbo,,3,999 cc,Çok Noktadan Enjeksiyon,10.8 saniye,187 km/s,175 nm,95 BG,Almanya,,Binek,Comfortline,Hatchback,2021,İçten Yanmalı (Standart),1261 tl/yıl,B,Polo,Benzin,https://www.epey.com/araba/2021-volkswagen-polo-1-0-tsi-95-ps-dsg-comfortline.html,,,,,,,107 g/km,4.7 lt,40 lt,,4.1 lt,5.8 lt,,5 yıldız,2021 Volkswagen Polo 1.0 TSI 95 PS DSG Comfortline NCAP/ANCAP Web Sayfası,2017,Var,,,,,,,,Önden Çekişli,,,,,7 ileri,Otomatik,DSG (Yarı Otm.)
1180 kg,10.60 mt.,1751 mm,4053 mm,1446 mm,,351 lt,,2021 Volkswagen Polo 1.0 TSI 95 PS DSG Highline,,,,,,2021 Volkswagen Polo 1.0 TSI 95 PS DSG Highline Test Sürüşü Talep Sayfası,2021 Volkswagen Polo 1.0 TSI 95 PS DSG Highline Ürün Kataloğu,2 Yıl Sınırsız Km Mekanik,"Volkswagen Çağrı24 0212 335 0404
Volkswagen Çağrı24 0800 211 0870",Var,,,,,,Turbo,,3,999 cc,Çok Noktadan Enjeksiyon,10.8 saniye,187 km/s,175 nm,95 BG,Almanya,,Binek,Highline,Hatchback,2021,İçten Yanmalı (Standart),1261 tl/yıl,B,Polo,Benzin,https://www.epey.com/araba/2021-volkswagen-polo-1-0-tsi-95-ps-dsg-highline.html,,,,,,,107 g/km,4.7 lt,40 lt,,4.1 lt,5.8 lt,,5 yıldız,2021 Volkswagen Polo 1.0 TSI 95 PS DSG Highline NCAP/ANCAP Web Sayfası,2017,Var,,,,,,,,Önden Çekişli,,,,,7 ileri,Otomatik,DSG (Yarı Otm.)
1204 kg,,1751 mm,4074 mm,1451 mm,,351 lt,,2021 Volkswagen Polo 1.0 TSI 95 PS DSG Life,,,,,,2021 Volkswagen Polo 1.0 TSI 95 PS DSG Life Test Sürüşü Talep Sayfası,2021 Volkswagen Polo 1.0 TSI 95 PS DSG Life Ürün Kataloğu,2 Yıl Sınırsız Km Mekanik,"Volkswagen Çağrı24 0212 335 0404
Volkswagen Çağrı24 0800 211 0870",Var,,,,,,Turbo,,3,999 cc,Çok Noktadan Enjeksiyon,10.8 saniye,187 km/s,175 nm,95 BG,Almanya,,Binek,Life,Hatchback,2021,İçten Yanmalı (Standart),1261 tl/yıl,B,Polo,Benzin,https://www.epey.com/araba/2021-volkswagen-polo-1-0-tsi-95-ps-dsg-life.html,,,,,,,115 g/km,5.0 lt,40 lt,,4.8 lt,5.8 lt,,5 yıldız,2021 Volkswagen Polo 1.0 TSI 95 PS DSG Life NCAP/ANCAP Web Sayfası,2017,Var,,,,,,,,Önden Çekişli,,,,,7 ileri,Otomatik,DSG (Yarı Otm.)
1204 kg,,1751 mm,4074 mm,1451 mm,,351 lt,,2021 Volkswagen Polo 1.0 TSI 95 PS DSG Style,,,,,,2021 Volkswagen Polo 1.0 TSI 95 PS DSG Style Test Sürüşü Talep Sayfası,2021 Volkswagen Polo 1.0 TSI 95 PS DSG Style Ürün Kataloğu,2 Yıl Sınırsız Km Mekanik,"Volkswagen Çağrı24 0212 335 0404
Volkswagen Çağrı24 0800 211 0870",Var,,,,,,Turbo,,3,999 cc,Çok Noktadan Enjeksiyon,10.8 saniye,187 km/s,175 nm,95 BG,Almanya,,Binek,Style,Hatchback,2021,İçten Yanmalı (Standart),1261 tl/yıl,B,Polo,Benzin,https://www.epey.com/araba/2021-volkswagen-polo-1-0-tsi-95-ps-dsg-style.html,,,,,,,115 g/km,5.0 lt,40 lt,,4.8 lt,5.8 lt,,5 yıldız,2021 Volkswagen Polo 1.0 TSI 95 PS DSG Style NCAP/ANCAP Web Sayfası,2017,Var,,,,,,,,Önden Çekişli,,,,,7 ileri,Otomatik,DSG (Yarı Otm.)
1172 kg,,1751 mm,4074 mm,1451 mm,,351 lt,,2021 Volkswagen Polo 1.0 TSI 95 PS Life,,,,,,2021 Volkswagen Polo 1.0 TSI 95 PS Life Test Sürüşü Talep Sayfası,2021 Volkswagen Polo 1.0 TSI 95 PS Life Ürün Kataloğu,2 Yıl Sınırsız Km Mekanik,"Volkswagen Çağrı24 0212 335 0404
Volkswagen Çağrı24 0800 211 0870",Var,,,,,,Turbo,,3,999 cc,Çok Noktadan Enjeksiyon,10.8 saniye,187 km/s,175 nm,95 BG,Almanya,,Binek,Life,Hatchback,2021,İçten Yanmalı (Standart),1261 tl/yıl,B,Polo,Benzin,https://www.epey.com/araba/2021-volkswagen-polo-1-0-tsi-95-ps-life.html,,,,,,,117 g/km,5.1 lt,40 lt,,4.5 lt,6.1 lt,,5 yıldız,2021 Volkswagen Polo 1.0 TSI 95 PS Life NCAP/ANCAP Web Sayfası,2017,Var,,,,,,,,Önden Çekişli,,,,,5 ileri,Manuel,
1350 kg,11.10 mt.,1819 mm,4234 mm,1573 mm,,445 lt,,2021 Volkswagen T-Roc 1.5 TSI ACT 150 PS DSG Highline (4x2),,,,,,2021 Volkswagen T-Roc 1.5 TSI ACT 150 PS DSG Highline (4x2) Test Sürüşü Talep Sayfası,2021 Volkswagen T-Roc 1.5 TSI ACT 150 PS DSG Highline (4x2) Ürün Kataloğu,"2 Yıl Mekanik
3 Yıl Boya
12 Yıl Paslanmazlık","Volkswagen Çağrı24 0212 335 0404
Volkswagen Çağrı24 0800 211 0870",Var,,,,,,Turbo,ACT (Aktif Silindir Yönetimi),4,1498 cc,Elektronik Doğrudan Enjeksiyon,8.4 saniye,205 km/s,250 nm,150 BG,Almanya,,Binek,Highline,SUV,2021,İçten Yanmalı (Standart),2197 tl/yıl,B,T-Roc,Benzin,https://www.epey.com/araba/2021-volkswagen-t-roc-1-5-tsi-act-150-ps-dsg-highline-4x2.html,,,,,,,127 g/km,5.6 lt,50 lt,Euro 6,4.9 lt,6.8 lt,,5 yıldız,2021 Volkswagen T-Roc 1.5 TSI ACT 150 PS DSG Highline (4x2) NCAP/ANCAP Web Sayfası,2017,Var,,,,,,,,Önden Çekişli,,,,,7 ileri,Otomatik,DSG (Yarı Otm.)
1541 kg,,1839 mm,4509 mm,1675 mm,,615 lt,,2021 Volkswagen Tiguan 1.5 TSI ACT 150 PS DSG Elegance (4x2),,,,,,2021 Volkswagen Tiguan 1.5 TSI ACT 150 PS DSG Elegance (4x2) Test Sürüşü Talep Sayfası,2021 Volkswagen Tiguan 1.5 TSI ACT 150 PS DSG Elegance (4x2) Ürün Kataloğu,"2 Yıl Mekanik
3 Yıl Boya
12 Yıl Paslanmazlık","Volkswagen Çağrı24 0212 335 0404
Volkswagen Çağrı24 0800 211 0870",Var,,,,,,Turbo,,4,1498 cc,Direkt Enjeksiyon,,202 km/s,250 nm,150 BG,Almanya,,Binek,Elegance,SUV,2021,İçten Yanmalı (Standart),2197 tl/yıl,C,Tiguan,Benzin,https://www.epey.com/araba/2021-volkswagen-tiguan-1-5-tsi-act-150-ps-dsg-elegance-4x2.html,,,,,,,128 g/km,5.6 lt,60 lt,,5.2 lt,6.5 lt,,5 yıldız,2021 Volkswagen Tiguan 1.5 TSI ACT 150 PS DSG Elegance (4x2) NCAP/ANCAP Web Sayfası,2016,Var,,,,,,,,Önden Çekişli,,,,,7 ileri,Otomatik,DSG (Yarı Otm.)
1541 kg,,1839 mm,4509 mm,1675 mm,,615 lt,,2021 Volkswagen Tiguan 1.5 TSI ACT 150 PS DSG Life (4x2),,,,,,2021 Volkswagen Tiguan 1.5 TSI ACT 150 PS DSG Life (4x2) Test Sürüşü Talep Sayfası,2021 Volkswagen Tiguan 1.5 TSI ACT 150 PS DSG Life (4x2) Ürün Kataloğu,"2 Yıl Mekanik
3 Yıl Boya
12 Yıl Paslanmazlık","Volkswagen Çağrı24 0212 335 0404
Volkswagen Çağrı24 0800 211 0870",Var,,,,,,Turbo,,4,1498 cc,Direkt Enjeksiyon,,202 km/s,250 nm,150 BG,Almanya,,Binek,Life,SUV,2021,İçten Yanmalı (Standart),2197 tl/yıl,C,Tiguan,Benzin,https://www.epey.com/araba/2021-volkswagen-tiguan-1-5-tsi-act-150-ps-dsg-life-4x2.html,,,,,,,128 g/km,5.6 lt,60 lt,,5.2 lt,6.5 lt,,5 yıldız,2021 Volkswagen Tiguan 1.5 TSI ACT 150 PS DSG Life (4x2) NCAP/ANCAP Web Sayfası,2016,Var,,,,,,,,Önden Çekişli,,,,,7 ileri,Otomatik,DSG (Yarı Otm.)
1541 kg,,1839 mm,4509 mm,1675 mm,,615 lt,,2021 Volkswagen Tiguan 1.5 TSI ACT 150 PS DSG R-Line (4x2),,,,,,2021 Volkswagen Tiguan 1.5 TSI ACT 150 PS DSG R-Line (4x2) Test Sürüşü Talep Sayfası,2021 Volkswagen Tiguan 1.5 TSI ACT 150 PS DSG R-Line (4x2) Ürün Kataloğu,"2 Yıl Mekanik
3 Yıl Boya
12 Yıl Paslanmazlık","Volkswagen Çağrı24 0212 335 0404
Volkswagen Çağrı24 0800 211 0870",Var,,,,,,Turbo,,4,1498 cc,Direkt Enjeksiyon,,202 km/s,250 nm,150 BG,Almanya,,Binek,R-Line,SUV,2021,İçten Yanmalı (Standart),2197 tl/yıl,C,Tiguan,Benzin,https://www.epey.com/araba/2021-volkswagen-tiguan-1-5-tsi-act-150-ps-dsg-r-line-4x2.html,,,,,,,128 g/km,5.6 lt,60 lt,,5.2 lt,6.5 lt,,5 yıldız,2021 Volkswagen Tiguan 1.5 TSI ACT 150 PS DSG R-Line (4x2) NCAP/ANCAP Web Sayfası,2016,Var,,,,,,,,Önden Çekişli,,,,,7 ileri,Otomatik,DSG (Yarı Otm.)
1715 kg,,1839 mm,4509 mm,1675 mm,,615 lt,,2021 Volkswagen Tiguan 2.0 TDI 150 PS 4MOTION DSG Elegance (4x4),,,,,,2021 Volkswagen Tiguan 2.0 TDI 150 PS 4MOTION DSG Elegance (4x4) Test Sürüşü Talep Sayfası,2021 Volkswagen Tiguan 2.0 TDI 150 PS 4MOTION DSG Elegance (4x4) Ürün Kataloğu,"2 Yıl Mekanik
3 Yıl Boya
12 Yıl Paslanmazlık","Volkswagen Çağrı24 0212 335 0404
Volkswagen Çağrı24 0800 211 0870",Var,,,,,,Turbo,,4,1968 cc,Common Rail Direkt Enjeksiyon,,198 km/s,360 nm,150 BG,Almanya,,Binek,Elegance,SUV,2021,İçten Yanmalı (Standart),6113 tl/yıl,C,Tiguan,Dizel,https://www.epey.com/araba/2021-volkswagen-tiguan-2-0-tdi-150-ps-4motion-dsg-elegance-4x4.html,,,,,,,125 g/km,4.8 lt,63 lt,,4.3 lt,5.6 lt,,5 yıldız,2021 Volkswagen Tiguan 2.0 TDI 150 PS 4MOTION DSG Elegance (4x4) NCAP/ANCAP Web Sayfası,2016,Var,,,,,,,,4x4 Çekişli,,,,,7 ileri,Otomatik,DSG (Yarı Otm.)
1715 kg,,1839 mm,4509 mm,1675 mm,,615 lt,,2021 Volkswagen Tiguan 2.0 TDI 150 PS 4MOTION DSG R-Line (4x4),,,,,,2021 Volkswagen Tiguan 2.0 TDI 150 PS 4MOTION DSG R-Line (4x4) Test Sürüşü Talep Sayfası,2021 Volkswagen Tiguan 2.0 TDI 150 PS 4MOTION DSG R-Line (4x4) Ürün Kataloğu,"2 Yıl Mekanik
3 Yıl Boya
12 Yıl Paslanmazlık","Volkswagen Çağrı24 0212 335 0404
Volkswagen Çağrı24 0800 211 0870",Var,,,,,,Turbo,,4,1968 cc,Common Rail Direkt Enjeksiyon,,198 km/s,360 nm,150 BG,Almanya,,Binek,R-Line,SUV,2021,İçten Yanmalı (Standart),6113 tl/yıl,C,Tiguan,Dizel,https://www.epey.com/araba/2021-volkswagen-tiguan-2-0-tdi-150-ps-4motion-dsg-r-line-4x4.html,,,,,,,125 g/km,4.8 lt,63 lt,,4.3 lt,5.6 lt,,5 yıldız,2021 Volkswagen Tiguan 2.0 TDI 150 PS 4MOTION DSG R-Line (4x4) NCAP/ANCAP Web Sayfası,2016,Var,,,,,,,,4x4 Çekişli,,,,,7 ileri,Otomatik,DSG (Yarı Otm.)
1590 kg,11.90 mt.,1839 mm,4701 mm,1674 mm,1775 lt,700 lt,230 lt,2021 Volkswagen Tiguan Allspace 1.5 TSI 150 PS DSG Comfortline (4x2),,,,,,2021 Volkswagen Tiguan Allspace 1.5 TSI 150 PS DSG Comfortline (4x2) Test Sürüşü Talep Sayfası,2021 Volkswagen Tiguan Allspace 1.5 TSI 150 PS DSG Comfortline (4x2) Ürün Kataloğu,"2 Yıl Mekanik
3 Yıl Boya
12 Yıl Paslanmazlık","Volkswagen Çağrı24 0212 335 0404
Volkswagen Çağrı24 0800 211 0870",Var,,,,,,Turbo,,4,1498 cc,TSI - Doğrudan Enjeksiyon,9.5 saniye,198 km/s,250 nm,150 BG,Almanya,,Binek,Comfortline,SUV,2021,İçten Yanmalı (Standart),2197 tl/yıl,C,Tiguan Allspace,Benzin,https://www.epey.com/araba/2021-volkswagen-tiguan-allspace-1-5-tsi-150-ps-dsg-comfortline-4x2.html,,,,,,,145 g/km,6.4 lt,58 lt,,5.7 lt,7.6 lt,,5 yıldız,2021 Volkswagen Tiguan Allspace 1.5 TSI 150 PS DSG Comfortline (4x2) NCAP/ANCAP Web Sayfası,2016,Var,,,,,,,,Önden Çekişli,,,,,6 ileri,Otomatik,DSG (Yarı Otm.)
1590 kg,11.90 mt.,1839 mm,4701 mm,1674 mm,1775 lt,700 lt,230 lt,2021 Volkswagen Tiguan Allspace 1.5 TSI 150 PS DSG Highline (4x2),,,,,,2021 Volkswagen Tiguan Allspace 1.5 TSI 150 PS DSG Highline (4x2) Test Sürüşü Talep Sayfası,2021 Volkswagen Tiguan Allspace 1.5 TSI 150 PS DSG Highline (4x2) Ürün Kataloğu,"2 Yıl Mekanik
3 Yıl Boya
12 Yıl Paslanmazlık","Volkswagen Çağrı24 0212 335 0404
Volkswagen Çağrı24 0800 211 0870",Var,,,,,,Turbo,,4,1498 cc,TSI - Doğrudan Enjeksiyon,9.5 saniye,198 km/s,250 nm,150 BG,Almanya,,Binek,Highline,SUV,2021,İçten Yanmalı (Standart),2197 tl/yıl,C,Tiguan Allspace,Benzin,https://www.epey.com/araba/2021-volkswagen-tiguan-allspace-1-5-tsi-150-ps-dsg-highline-4x2.html,,,,,,,145 g/km,6.4 lt,58 lt,,5.7 lt,7.6 lt,,5 yıldız,2021 Volkswagen Tiguan Allspace 1.5 TSI 150 PS DSG Highline (4x2) NCAP/ANCAP Web Sayfası,2016,Var,,,,,,,,Önden Çekişli,,,,,6 ileri,Otomatik,DSG (Yarı Otm.)
,13.20 mt.,1904 mm,5304 mm,1990 mm,,,,2021 Volkswagen Transporter Camlı Van 2.0 TDI 150 PS (4+1 Uzun),,,,,Uzun,,2021 Volkswagen Transporter Camlı Van 2.0 TDI 150 PS (4+1 Uzun) Ürün Kataloğu,"2 Yıl Sınırsız Km Mekanik
3 Yıl Boya
8 Yıl Paslanmazlık","Volkswagen Çağrı24 0212 335 0404
Volkswagen Çağrı24 0800 211 0870",Var,,,,,,Değişken Geometrili Turbo,,4,1968 cc,Common Rail Direkt Enjeksiyon,12.0 saniye,181 km/s,340 nm,150 BG,Almanya,Camlı Van,Ticari,Standart,Kombi,2021,İçten Yanmalı (Standart),2521 tl/yıl,Hafif Ticari,Transporter,Dizel,https://www.epey.com/araba/2021-volkswagen-transporter-camli-van-2-0-tdi-150-ps-4-plus1-uzun.html,,,,,,,,7.8 lt,70 lt,,7.4 lt,8.4 lt,,,,,,6.7 m³,,3000 kg,1627 mm,,1397 mm,1244 mm,Önden Çekişli,,,2500 kg,750 kg,6 ileri,Manuel,
,11.90 mt.,1904 mm,4904 mm,1990 mm,,,,2021 Volkswagen Transporter Camlı Van 2.0 TDI 150 PS (4+1),,,,,Standart,,2021 Volkswagen Transporter Camlı Van 2.0 TDI 150 PS (4+1) Ürün Kataloğu,"2 Yıl Sınırsız Km Mekanik
3 Yıl Boya
8 Yıl Paslanmazlık","Volkswagen Çağrı24 0212 335 0404
Volkswagen Çağrı24 0800 211 0870",Var,,,,,,Değişken Geometrili Turbo,,4,1968 cc,Common Rail Direkt Enjeksiyon,12.0 saniye,181 km/s,340 nm,150 BG,Almanya,Camlı Van,Ticari,Standart,Kombi,2021,İçten Yanmalı (Standart),2521 tl/yıl,Hafif Ticari,Transporter,Dizel,https://www.epey.com/araba/2021-volkswagen-transporter-camli-van-2-0-tdi-150-ps-4-plus1.html,,,,,,,,7.8 lt,70 lt,,7.4 lt,8.4 lt,,,,,,5.8 m³,,3000 kg,1627 mm,,1397 mm,1244 mm,Önden Çekişli,,,2500 kg,750 kg,6 ileri,Manuel,
2190 kg,13.20 mt.,1904 mm,5304 mm,1990 mm,,,,2021 Volkswagen Transporter Panel Van 2.0 TDI 110 PS (2+1 Uzun),Yukarı Açılır,Tek,4,Var,Uzun,,2021 Volkswagen Transporter Panel Van 2.0 TDI 110 PS (2+1 Uzun) Ürün Kataloğu,"2 Yıl Sınırsız Km Mekanik
3 Yıl Boya
8 Yıl Paslanmazlık","Volkswagen Çağrı24 0212 335 0404
Volkswagen Çağrı24 0800 211 0870",Var,,,,,,Değişken Geometrili Turbo,,4,1968 cc,Common Rail Direkt Enjeksiyon,14.8 saniye,164 km/s,250 nm,110 BG,Almanya,Panelvan,Ticari,Standart,Panelvan,2021,İçten Yanmalı (Standart),2281 tl/yıl,Hafif Ticari,Transporter,Dizel,https://www.epey.com/araba/2021-volkswagen-transporter-panel-van-2-0-tdi-110-ps-2-plus1-uzun.html,Yok,,,,,,,7.9 lt,70 lt,,7.5 lt,8.5 lt,,,,,,6.7 m³,1221 kg,3000 kg,1700 mm,2975 mm,1410 mm,1244 mm,Önden Çekişli,,,2200 kg,750 kg,5 ileri,Manuel,
2133 kg,11.90 mt.,1904 mm,4904 mm,1990 mm,,,,2021 Volkswagen Transporter Panel Van 2.0 TDI 110 PS (2+1),Yukarı Açılır,Tek,4,Var,Standart,,2021 Volkswagen Transporter Panel Van 2.0 TDI 110 PS (2+1) Ürün Kataloğu,"2 Yıl Sınırsız Km Mekanik
3 Yıl Boya
8 Yıl Paslanmazlık","Volkswagen Çağrı24 0212 335 0404
Volkswagen Çağrı24 0800 211 0870",Var,,,,,,Değişken Geometrili Turbo,,4,1968 cc,Common Rail Direkt Enjeksiyon,14.8 saniye,164 km/s,250 nm,110 BG,Almanya,Panelvan,Ticari,Standart,Panelvan,2021,İçten Yanmalı (Standart),2281 tl/yıl,Hafif Ticari,Transporter,Dizel,https://www.epey.com/araba/2021-volkswagen-transporter-panel-van-2-0-tdi-110-ps-2-plus1.html,Yok,,,,,,,7.9 lt,70 lt,,7.5 lt,8.5 lt,,,,,,5.8 m³,1278 kg,3000 kg,1700 mm,2572 mm,1410 mm,1244 mm,Önden Çekişli,,,2200 kg,750 kg,5 ileri,Manuel,
2220 kg,13.20 mt.,1904 mm,5304 mm,1990 mm,,,,2021 Volkswagen Transporter Panel Van 2.0 TDI 150 PS (2+1 Uzun),Yukarı Açılır,Tek,4,Var,Uzun,,2021 Volkswagen Transporter Panel Van 2.0 TDI 150 PS (2+1 Uzun) Ürün Kataloğu,"2 Yıl Sınırsız Km Mekanik
3 Yıl Boya
8 Yıl Paslanmazlık","Volkswagen Çağrı24 0212 335 0404
Volkswagen Çağrı24 0800 211 0870",Var,,,,,,Değişken Geometrili Turbo,,4,1968 cc,Common Rail Direkt Enjeksiyon,11.1 saniye,182 km/s,340 nm,150 BG,Almanya,Panelvan,Ticari,Standart,Panelvan,2021,İçten Yanmalı (Standart),2281 tl/yıl,Hafif Ticari,Transporter,Dizel,https://www.epey.com/araba/2021-volkswagen-transporter-panel-van-2-0-tdi-150-ps-2-plus1-uzun.html,Yok,,,,,,,7.8 lt,70 lt,,7.4 lt,8.4 lt,,,,,,6.7 m³,1221 kg,3000 kg,1700 mm,2975 mm,1410 mm,1244 mm,Önden Çekişli,,,2500 kg,750 kg,6 ileri,Manuel,
1385 kg,,1799 mm,4319 mm,1434 mm,1200 lt,380 lt,,2022 BMW 1 116d 1.5 116 BG Otomatik M Sport,,,,,,2022 BMW 1 116d 1.5 116 BG Otomatik M Sport Test Sürüşü Talep Sayfası,2022 BMW 1 116d 1.5 116 BG Otomatik M Sport Ürün Kataloğu,,,,,,,,,Turbo,,3,1496 cc,,10.1 saniye,198 km/s,270 nm,116 BG,Almanya,,Binek,M Sport,Hatchback,2022,İçten Yanmalı (Standart),2746 tl/yıl,Premium C,1 Serisi,Dizel,https://www.epey.com/araba/2022-bmw-1-116d-1-5-116-bg-otomatik-m-sport.html,,,,,,,120 g/km,4.6 lt,42 lt,,4.3 lt,5.0 lt,,5 yıldız,2022 BMW 1 116d 1.5 116 BG Otomatik M Sport NCAP/ANCAP Web Sayfası,2019,Var,,,,,,,,Önden Çekişli,,,,,7 ileri,Otomatik,
1385 kg,,1799 mm,4319 mm,1434 mm,1200 lt,380 lt,,2022 BMW 116d 1.5 116 BG Otomatik Sport Line,,,,,,2022 BMW 116d 1.5 116 BG Otomatik Sport Line Test Sürüşü Talep Sayfası,2022 BMW 116d 1.5 116 BG Otomatik Sport Line Ürün Kataloğu,,,,,,,,,Turbo,,3,1496 cc,,10.1 saniye,198 km/s,270 nm,116 BG,Almanya,,Binek,Sport Line,Hatchback,2022,İçten Yanmalı (Standart),2746 tl/yıl,Premium C,1 Serisi,Dizel,https://www.epey.com/araba/2022-bmw-116d-1-5-116-bg-otomatik-sport-line.html,,,,,,,120 g/km,4.6 lt,42 lt,,4.3 lt,5.0 lt,,5 yıldız,2022 BMW 116d 1.5 116 BG Otomatik Sport Line NCAP/ANCAP Web Sayfası,2019,Var,,,,,,,,Önden Çekişli,,,,,7 ileri,Otomatik,
1320 kg,,1799 mm,4319 mm,1434 mm,1200 lt,380 lt,,2022 BMW 118i 1.5 140 BG Otomatik M Sport,,,,,,2022 BMW 118i 1.5 140 BG Otomatik M Sport Test Sürüşü Talep Sayfası,2022 BMW 118i 1.5 140 BG Otomatik M Sport Ürün Kataloğu,,,,,,,,,Turbo,,3,1499 cc,,8.5 saniye,211 km/s,220 nm,140 BG,Almanya,,Binek,M Sport,Hatchback,2022,İçten Yanmalı (Standart),2746 tl/yıl,Premium C,1 Serisi,Benzin,https://www.epey.com/araba/2022-bmw-118i-1-5-140-bg-otomatik-m-sport.html,,,,,,,135 g/km,5.9 lt,42 lt,,5.3 lt,7.0 lt,,5 yıldız,2022 BMW 118i 1.5 140 BG Otomatik M Sport NCAP/ANCAP Web Sayfası,2019,Var,,,,,,,,Önden Çekişli,,,,,7 ileri,Otomatik,
1320 kg,,1799 mm,4319 mm,1434 mm,1200 lt,380 lt,,2022 BMW 118i 1.5 140 BG Otomatik Sport Line,,,,,,2022 BMW 118i 1.5 140 BG Otomatik Sport Line Test Sürüşü Talep Sayfası,2022 BMW 118i 1.5 140 BG Otomatik Sport Line Ürün Kataloğu,,,,,,,,,Turbo,,3,1499 cc,,8.5 saniye,211 km/s,220 nm,140 BG,Almanya,,Binek,Sport Line,Hatchback,2022,İçten Yanmalı (Standart),2746 tl/yıl,Premium C,1 Serisi,Benzin,https://www.epey.com/araba/2022-bmw-118i-1-5-140-bg-otomatik-sport-line-2.html,,,,,,,135 g/km,5.9 lt,42 lt,,5.3 lt,7.0 lt,,5 yıldız,2022 BMW 118i 1.5 140 BG Otomatik Sport Line NCAP/ANCAP Web Sayfası,2019,Var,,,,,,,,Önden Çekişli,,,,,7 ileri,Otomatik,
1590 kg,,1827 mm,4713 mm,1440 mm,,480 lt,,2022 BMW 320i 1.6 170 BG Otomatik M Sport,,,,,,2022 BMW 320i 1.6 170 BG Otomatik M Sport Test Sürüşü Talep Sayfası,2022 BMW 320i 1.6 170 BG Otomatik M Sport Ürün Kataloğu,"2 Yıl Sınırsız Km Mekanik
12 Yıl Paslanmazlık",BMW Acil Yardım 444 2299,Var,,,,,,,,4,1597 cc,,8.1 saniye,228 km/s,250 nm,170 BG,Almanya,,Binek,M Sport,Sedan,2022,İçten Yanmalı (Standart),2746 tl/yıl,Premium D,3 Serisi,Benzin,https://www.epey.com/araba/2022-bmw-320i-1-6-170-bg-otomatik-m-sport.html,,,,,,,184 g/km,8.2 lt,59 lt,,,,,5 yıldız,2022 BMW 320i 1.6 170 BG Otomatik M Sport NCAP/ANCAP Web Sayfası,2019,Var,,,,,,,,Arkadan İtişli,,,,,,Otomatik,
1525 kg,,1827 mm,4709 mm,1435 mm,,480 lt,,2022 BMW 320i 1.6 170 BG Steptronic Luxury Line,,,,,,2022 BMW 320i 1.6 170 BG Steptronic Luxury Line Test Sürüşü Talep Sayfası,2022 BMW 320i 1.6 170 BG Steptronic Luxury Line Ürün Kataloğu,"2 Yıl Sınırsız Km Mekanik
12 Yıl Paslanmazlık",BMW Acil Yardım 444 2299,Var,,,,,,Çift Turbo,BMW TwinPower Turbo (İkiz Turbo),4,1597 cc,Direkt Enjeksiyon,7.7 saniye,232 km/s,250 nm,170 BG,Almanya,,Binek,Luxury Line,Sedan,2022,İçten Yanmalı (Standart),2746 tl/yıl,Premium D,3 Serisi,Benzin,https://www.epey.com/araba/2022-bmw-320i-1-6-170-bg-steptronic-luxury-line.html,,,,,,,,6.4 lt,59 lt,EU6d-temp,5.6 lt,7.7 lt,,5 yıldız,2022 BMW 320i 1.6 170 BG Steptronic Luxury Line NCAP/ANCAP Web Sayfası,2019,Var,,,,,,,,Arkadan İtişli,,,,,8 ileri,Otomatik,Steptronic
1525 kg,,1827 mm,4709 mm,1435 mm,,480 lt,,2022 BMW 320i 1.6 170 BG Steptronic M Sport,,,,,,2022 BMW 320i 1.6 170 BG Steptronic M Sport Test Sürüşü Talep Sayfası,2022 BMW 320i 1.6 170 BG Steptronic M Sport Ürün Kataloğu,"2 Yıl Sınırsız Km Mekanik
12 Yıl Paslanmazlık",BMW Acil Yardım 444 2299,Var,,,,,,Çift Turbo,BMW TwinPower Turbo (İkiz Turbo),4,1597 cc,Direkt Enjeksiyon,7.7 saniye,232 km/s,250 nm,170 BG,Almanya,,Binek,M Sport,Sedan,2022,İçten Yanmalı (Standart),2746 tl/yıl,Premium D,3 Serisi,Benzin,https://www.epey.com/araba/2022-bmw-320i-1-6-170-bg-steptronic-m-sport.html,,,,,,,,6.4 lt,59 lt,EU6d-temp,5.6 lt,7.7 lt,,5 yıldız,2022 BMW 320i 1.6 170 BG Steptronic M Sport NCAP/ANCAP Web Sayfası,2019,Var,,,,,,,,Arkadan İtişli,,,,,8 ileri,Otomatik,Steptronic
1525 kg,,1827 mm,4709 mm,1435 mm,,480 lt,,2022 BMW 320i 1.6 170 BG Steptronic Sport Line,,,,,,2022 BMW 320i 1.6 170 BG Steptronic Sport Line Test Sürüşü Talep Sayfası,2022 BMW 320i 1.6 170 BG Steptronic Sport Line Ürün Kataloğu,"2 Yıl Sınırsız Km Mekanik
12 Yıl Paslanmazlık",BMW Acil Yardım 444 2299,Var,,,,,,Çift Turbo,BMW TwinPower Turbo (İkiz Turbo),4,1597 cc,Direkt Enjeksiyon,7.7 saniye,232 km/s,250 nm,170 BG,Almanya,,Binek,Sport Line,Sedan,2022,İçten Yanmalı (Standart),2746 tl/yıl,Premium D,3 Serisi,Benzin,https://www.epey.com/araba/2022-bmw-320i-1-6-170-bg-steptronic-sport-line.html,,,,,,,,6.4 lt,59 lt,EU6d-temp,5.6 lt,7.7 lt,,5 yıldız,2022 BMW 320i 1.6 170 BG Steptronic Sport Line NCAP/ANCAP Web Sayfası,2019,Var,,,,,,,,Arkadan İtişli,,,,,8 ileri,Otomatik,Steptronic
1735 kg,,1868 mm,4963 mm,1457 mm,,,,2022 BMW 520d xDrive 2.0 190 BG Otomatik S.Ed.Luxury Line (4x4),,,,,,2022 BMW 520d xDrive 2.0 190 BG Otomatik S.Ed.Luxury Line (4x4) Test Sürüşü Talep Sayfası,,,,,,,,,,Turbo,,4,1995 cc,,7.3 saniye,232 km/s,400 nm,190 BG,Almanya,,Binek,Special Edition Luxury Line,Sedan,2022,İçten Yanmalı (Standart),7641 tl/yıl,E,5 Serisi,Dizel,https://www.epey.com/araba/2022-bmw-520d-xdrive-2-0-190-bg-otomatik-s-ed-luxury-line-4x4.html,,,,,,,144 g/km,5.5 lt,66 lt,,,,,5 yıldız,2022 BMW 520d xDrive 2.0 190 BG Otomatik S.Ed.Luxury Line (4x4) NCAP/ANCAP Web Sayfası,2017,Var,,,,,,,,4x4 Çekişli,Var,xDrive (BMW 4 Tekerlekten Çekiş Sistemi),,,8 ileri,Otomatik,
1580 kg,,1868 mm,4963 mm,1457 mm,,,,2022 BMW 520i 1.6 170 BG Otomatik Luxury Line,,,,,,2022 BMW 520i 1.6 170 BG Otomatik Luxury Line Test Sürüşü Talep Sayfası,,,,,,,,,,Turbo,,4,1597 cc,,8.3 saniye,226 km/s,250 nm,170 BG,Almanya,,Binek,Luxury Line,Sedan,2022,İçten Yanmalı (Standart),2746 tl/yıl,E,5 Serisi,Benzin,https://www.epey.com/araba/2022-bmw-520i-1-6-170-bg-otomatik-luxury-line.html,,,,,,,162 g/km,7.1 lt,68 lt,,,,,5 yıldız,2022 BMW 520i 1.6 170 BG Otomatik Luxury Line NCAP/ANCAP Web Sayfası,2017,Var,,,,,,,,Arkadan İtişli,,,,,8 ileri,Otomatik,
1680 kg,,1868 mm,4963 mm,1457 mm,,,,2022 BMW 530i xDrive 2.0 252 BG Otomatik S.Ed.Luxury Line (4x4),,,,,,2022 BMW 530i xDrive 2.0 252 BG Otomatik S.Ed.Luxury Line (4x4) Test Sürüşü Talep Sayfası,,,,,,,,,,Turbo,,4,1998 cc,,6.3 saniye,250 km/s,350 nm,252 BG,Almanya,,Binek,Special Edition Luxury Line,Sedan,2022,MHEV (Yarı Hibrit Sistem),7641 tl/yıl,E,5 Serisi,Benzin & Elektrik,https://www.epey.com/araba/2022-bmw-530i-xdrive-2-0-252-bg-otomatik-s-ed-luxury-line-4x4.html,,,,,,,166 g/km,7.3 lt,68 lt,,,,,5 yıldız,2022 BMW 530i xDrive 2.0 252 BG Otomatik S.Ed.Luxury Line (4x4) NCAP/ANCAP Web Sayfası,2017,Var,,,,,,,,4x4 Çekişli,Var,xDrive (BMW 4 Tekerlekten Çekiş Sistemi),,,8 ileri,Otomatik,
1446 kg,,2107 mm,4403 mm,1844 mm,1414 lt,775 lt,,2022 Citroen Berlingo 1.5 BlueHDi 100 HP Feel Stil,,,,,,,2022 Citroen Berlingo 1.5 BlueHDi 100 HP Feel Stil Ürün Kataloğu,"2 Yıl Boya
2 Yıl Sınırsız Km Mekanik
5 Yıl Paslanmazlık",Citroen Destek 0212 359 6363,Var,,,,,,Turbo,,4,1499 cc,Common Rail Direkt Enjeksiyon,12.7 saniye,172 km/s,250 nm,100 BG,Fransa,,Binek,Feel Stil,MPV,2022,İçten Yanmalı (Standart),2746 tl/yıl,C,Berlingo,Dizel,https://www.epey.com/araba/2022-citroen-berlingo-1-5-bluehdi-100-hp-feel-stil.html,,,,,,,114 g/km,4.1 lt,50 lt,Euro 6.2,3.9 lt,4.4 lt,,4 yıldız,2022 Citroen Berlingo 1.5 BlueHDi 100 HP Feel Stil NCAP/ANCAP Web Sayfası,2018,Var,,,,,,,,Önden Çekişli,,,,,5 ileri,Manuel,
1461 kg,,2107 mm,4403 mm,1844 mm,1414 lt,775 lt,,2022 Citroen Berlingo 1.5 BlueHDi 130 HP EAT8 Feel Stil,,,,,,,2022 Citroen Berlingo 1.5 BlueHDi 130 HP EAT8 Feel Stil Ürün Kataloğu,"2 Yıl Boya
2 Yıl Sınırsız Km Mekanik
5 Yıl Paslanmazlık",Citroen Destek 0212 359 6363,Var,,,,,,Turbo,,4,1499 cc,Common Rail Direkt Enjeksiyon,11.0 saniye,184 km/s,300 nm,130 BG,Fransa,,Binek,Feel Stil,MPV,2022,İçten Yanmalı (Standart),2746 tl/yıl,C,Berlingo,Dizel,https://www.epey.com/araba/2022-citroen-berlingo-1-5-bluehdi-130-hp-eat8-feel-stil.html,,,,,,,116 g/km,4.1 lt,50 lt,Euro 6.2,4.0 lt,4.4 lt,,4 yıldız,2022 Citroen Berlingo 1.5 BlueHDi 130 HP EAT8 Feel Stil NCAP/ANCAP Web Sayfası,2018,Var,,,,,,,,Önden Çekişli,,,,,8 ileri,Otomatik,EAT8 (Otomatik)
1461 kg,,2107 mm,4403 mm,1844 mm,1414 lt,775 lt,,2022 Citroen Berlingo 1.5 BlueHDi 130 HP EAT8 Shine Bold,,,,,,,2022 Citroen Berlingo 1.5 BlueHDi 130 HP EAT8 Shine Bold Ürün Kataloğu,"2 Yıl Boya
2 Yıl Sınırsız Km Mekanik
5 Yıl Paslanmazlık",Citroen Destek 0212 359 6363,Var,,,,,,Turbo,,4,1499 cc,Common Rail Direkt Enjeksiyon,11.0 saniye,184 km/s,300 nm,130 BG,Fransa,,Binek,Shine Bold,MPV,2022,İçten Yanmalı (Standart),2746 tl/yıl,C,Berlingo,Dizel,https://www.epey.com/araba/2022-citroen-berlingo-1-5-bluehdi-130-hp-eat8-shine-bold.html,,,,,,,116 g/km,4.1 lt,50 lt,Euro 6.2,4.0 lt,4.4 lt,,4 yıldız,2022 Citroen Berlingo 1.5 BlueHDi 130 HP EAT8 Shine Bold NCAP/ANCAP Web Sayfası,2018,Var,,,,,,,,Önden Çekişli,,,,,8 ileri,Otomatik,EAT8 (Otomatik)
1461 kg,,2107 mm,4403 mm,1844 mm,1414 lt,775 lt,,2022 Citroen Berlingo 1.5 BlueHDi 130 HP EAT8 Shine,,,,,,,2022 Citroen Berlingo 1.5 BlueHDi 130 HP EAT8 Shine Ürün Kataloğu,"2 Yıl Boya
2 Yıl Sınırsız Km Mekanik
5 Yıl Paslanmazlık",Citroen Destek 0212 359 6363,Var,,,,,,Turbo,,4,1499 cc,Common Rail Direkt Enjeksiyon,11.0 saniye,184 km/s,300 nm,130 BG,Fransa,,Binek,Shine,MPV,2022,İçten Yanmalı (Standart),2746 tl/yıl,C,Berlingo,Dizel,https://www.epey.com/araba/2022-citroen-berlingo-1-5-bluehdi-130-hp-eat8-shine.html,,,,,,,116 g/km,4.1 lt,50 lt,Euro 6.2,4.0 lt,4.4 lt,,4 yıldız,2022 Citroen Berlingo 1.5 BlueHDi 130 HP EAT8 Shine NCAP/ANCAP Web Sayfası,2018,Var,,,,,,,,Önden Çekişli,,,,,8 ileri,Otomatik,EAT8 (Otomatik)
1467 kg,,2107 mm,4403 mm,1844 mm,1414 lt,775 lt,,2022 Citroen Berlingo 1.5 BlueHDi 130 HP Shine,,,,,,,2022 Citroen Berlingo 1.5 BlueHDi 130 HP Shine Ürün Kataloğu,"2 Yıl Boya
2 Yıl Sınırsız Km Mekanik
5 Yıl Paslanmazlık",Citroen Destek 0212 359 6363,Var,,,,,,Turbo,,4,1499 cc,Common Rail Direkt Enjeksiyon,10.3 saniye,185 km/s,300 nm,130 BG,Fransa,,Binek,Shine,MPV,2022,İçten Yanmalı (Standart),2746 tl/yıl,C,Berlingo,Dizel,https://www.epey.com/araba/2022-citroen-berlingo-1-5-bluehdi-130-hp-shine.html,,,,,,,117 g/km,4.3 lt,50 lt,Euro 6.2,4.0 lt,4.7 lt,,4 yıldız,2022 Citroen Berlingo 1.5 BlueHDi 130 HP Shine NCAP/ANCAP Web Sayfası,2018,Var,,,,,,,,Önden Çekişli,,,,,6 ileri,Manuel,
1165 kg,,1748 mm,4416 mm,1477 mm,,506 lt,,2022 Citroen C-Elysee 1.5 BlueHDi 100 HP Shine,,,,,,,2022 Citroen C-Elysee 1.5 BlueHDi 100 HP Shine Ürün Kataloğu,"2 Yıl Sınırsız Km Mekanik
3 Yıl Boya
12 Yıl Paslanmazlık",Citroen Destek 0212 359 6363,Var,,,,,,Turbo,,4,1499 cc,Common Rail Direkt Enjeksiyon,9.0 saniye,191 km/s,250 nm,100 BG,Fransa,,Binek,Shine,Sedan,2022,İçten Yanmalı (Standart),2746 tl/yıl,B,C-Elysee,Dizel,https://www.epey.com/araba/2022-citroen-c-elysee-1-5-bluehdi-100-hp-shine.html,,,,,,,97 g/km,3.7 lt,50 lt,,3.3 lt,4.3 lt,,3 yıldız,2022 Citroen C-Elysee 1.5 BlueHDi 100 HP Shine NCAP/ANCAP Web Sayfası,2014,Var,,,,,,,,Önden Çekişli,,,,,6 ileri,Manuel,
,,1749 mm,3996 mm,1490 mm,,300 lt,,2022 Citroen C3 1.2 PureTech 110 HP EAT6 Shine,,,,,,,2022 Citroen C3 1.2 PureTech 110 HP EAT6 Shine Ürün Kataloğu,"2 Yıl Sınırsız Km Mekanik
3 Yıl Boya
12 Yıl Paslanmazlık",Citroen Destek 0212 359 6363,Var,,,,,,Turbo,,3,1199 cc,Direkt Enjeksiyon,10.0 saniye,193 km/s,205 nm,110 BG,Fransa,,Binek,Shine,Hatchback,2022,İçten Yanmalı (Standart),1576 tl/yıl,B,C3,Benzin,https://www.epey.com/araba/2022-citroen-c3-1-2-puretech-110-hp-eat6-shine.html,,,,,,,109 g/km,4.8 lt,47 lt,,4.3 lt,5.7 lt,,4 yıldız,2022 Citroen C3 1.2 PureTech 110 HP EAT6 Shine NCAP/ANCAP Web Sayfası,2017,Var,,,,,,,,Önden Çekişli,,,,,6 ileri,Otomatik,EAT6 (Otomatik)
,,1749 mm,3996 mm,1490 mm,,300 lt,,2022 Citroen C3 1.2 PureTech 110 HP EAT6 Feel Bold,,,,,,,2022 Citroen C3 1.2 PureTech 110 HP EAT6 Feel Bold Ürün Kataloğu,"2 Yıl Sınırsız Km Mekanik
3 Yıl Boya
12 Yıl Paslanmazlık",Citroen Destek 0212 359 6363,Var,,,,,,Turbo,,3,1199 cc,Direkt Enjeksiyon,10.0 saniye,193 km/s,205 nm,110 BG,Fransa,,Binek,Feel Bold,Hatchback,2022,İçten Yanmalı (Standart),1576 tl/yıl,B,C3,Benzin,https://www.epey.com/araba/2022-citroen-c3-1-2-puretech-110-hp-ss-eat6-feel-bold.html,,,,,,,109 g/km,4.8 lt,47 lt,,4.3 lt,5.7 lt,,4 yıldız,2022 Citroen C3 1.2 PureTech 110 HP EAT6 Feel Bold NCAP/ANCAP Web Sayfası,2017,Var,,,,,,,,Önden Çekişli,,,,,6 ileri,Otomatik,EAT6 (Otomatik)
,,1749 mm,3996 mm,1490 mm,,300 lt,,2022 Citroen C3 1.2 PureTech 83 HP S&S Feel,,,,,,,2022 Citroen C3 1.2 PureTech 83 HP S&S Feel Ürün Kataloğu,"2 Yıl Sınırsız Km Mekanik
3 Yıl Boya
12 Yıl Paslanmazlık",Citroen Destek 0212 359 6363,Var,,,,,,Atmosferik,,3,1199 cc,Direkt Enjeksiyon,13.3 saniye,169 km/s,118 nm,83 BG,Fransa,,Binek,Feel,Hatchback,2022,İçten Yanmalı (Standart),1576 tl/yıl,B,C3,Benzin,https://www.epey.com/araba/2022-citroen-c3-1-2-puretech-83-hp-ss-feel.html,,,,,,,96 g/km,4.2 lt,47 lt,,3.8 lt,4.9 lt,,4 yıldız,2022 Citroen C3 1.2 PureTech 83 HP S&S Feel NCAP/ANCAP Web Sayfası,2017,Var,,,,,,,,Önden Çekişli,,,,,5 ileri,Manuel,
1280 kg,,1765 mm,4155 mm,1648 mm,520 lt,410 lt,,2022 Citroen C3 Aircross 1.2 PureTech 130 HP EAT6 Feel (4x2),,,,,,,,,,,,,,,,Turbo,,3,1199 cc,Çok Noktadan Enjeksiyon,9.2 saniye,195 km/s,230 nm,130 BG,Fransa,,Binek,Feel,SUV,2022,İçten Yanmalı (Standart),1576 tl/yıl,B,C3 Aircross,Benzin,https://www.epey.com/araba/2022-citroen-c3-aircross-1-2-puretech-130-hp-eat6-feel-4x2.html,,,,,,,114 g/km,5.0 lt,45 lt,,4.5 lt,5.9 lt,,5 yıldız,2022 Citroen C3 Aircross 1.2 PureTech 130 HP EAT6 Feel (4x2) NCAP/ANCAP Web Sayfası,2017,Var,,,,,,,,Önden Çekişli,,,,,6 ileri,Otomatik,EAT6 (Otomatik)
1280 kg,,1765 mm,4155 mm,1648 mm,520 lt,410 lt,,2022 Citroen C3 Aircross 1.2 PureTech 130 HP EAT6 Feel Bold (4x2),,,,,,,,,,,,,,,,Turbo,,3,1199 cc,Çok Noktadan Enjeksiyon,9.2 saniye,195 km/s,230 nm,130 BG,Fransa,,Binek,Feel Bold,SUV,2022,İçten Yanmalı (Standart),1576 tl/yıl,B,C3 Aircross,Benzin,https://www.epey.com/araba/2022-citroen-c3-aircross-1-2-puretech-130-hp-eat6-feel-bold-4x2.html,,,,,,,114 g/km,5.0 lt,45 lt,,4.5 lt,5.9 lt,,5 yıldız,2022 Citroen C3 Aircross 1.2 PureTech 130 HP EAT6 Feel Bold (4x2) NCAP/ANCAP Web Sayfası,2017,Var,,,,,,,,Önden Çekişli,,,,,6 ileri,Otomatik,EAT6 (Otomatik)
1280 kg,,1765 mm,4155 mm,1648 mm,520 lt,410 lt,,2022 Citroen C3 Aircross 1.2 PureTech 130 HP EAT6 Shine (4x2),,,,,,,,,,,,,,,,Turbo,,3,1199 cc,Çok Noktadan Enjeksiyon,9.2 saniye,195 km/s,230 nm,130 BG,Fransa,,Binek,Shine,SUV,2022,İçten Yanmalı (Standart),1576 tl/yıl,B,C3 Aircross,Benzin,https://www.epey.com/araba/2022-citroen-c3-aircross-1-2-puretech-130-hp-eat6-shine-4x2.html,,,,,,,114 g/km,5.0 lt,45 lt,,4.5 lt,5.9 lt,,5 yıldız,2022 Citroen C3 Aircross 1.2 PureTech 130 HP EAT6 Shine (4x2) NCAP/ANCAP Web Sayfası,2017,Var,,,,,,,,Önden Çekişli,,,,,6 ileri,Otomatik,EAT6 (Otomatik)
1335 kg,,1765 mm,4155 mm,1648 mm,520 lt,410 lt,,2022 Citroen C3 Aircross 1.5 BlueHDi 120 HP EAT6 Feel Bold (4x2),,,,,,,,,,,,,,,,Turbo,,4,1499 cc,Common Rail Direkt Enjeksiyon,9.6 saniye,179 km/s,300 nm,120 BG,Fransa,,Binek,Feel Bold,SUV,2022,İçten Yanmalı (Standart),2746 tl/yıl,B,C3 Aircross,Dizel,https://www.epey.com/araba/2022-citroen-c3-aircross-1-5-bluehdi-120-hp-eat6-feel-bold-4x2.html,,,,,,,106 g/km,4.0 lt,45 lt,,3.8 lt,4.4 lt,,5 yıldız,2022 Citroen C3 Aircross 1.5 BlueHDi 120 HP EAT6 Feel Bold (4x2) NCAP/ANCAP Web Sayfası,2017,Var,,,,,,,,Önden Çekişli,,,,,6 ileri,Otomatik,EAT6 (Otomatik)
1335 kg,,1765 mm,4155 mm,1648 mm,520 lt,410 lt,,2022 Citroen C3 Aircross 1.5 BlueHDi 120 HP EAT6 Shine (4x2),,,,,,,,,,,,,,,,Turbo,,4,1499 cc,Common Rail Direkt Enjeksiyon,9.6 saniye,179 km/s,300 nm,120 BG,Fransa,,Binek,Shine,SUV,2022,İçten Yanmalı (Standart),2746 tl/yıl,B,C3 Aircross,Dizel,https://www.epey.com/araba/2022-citroen-c3-aircross-1-5-bluehdi-120-hp-eat6-shine-4x2.html,,,,,,,106 g/km,4.0 lt,45 lt,,3.8 lt,4.4 lt,,5 yıldız,2022 Citroen C3 Aircross 1.5 BlueHDi 120 HP EAT6 Shine (4x2) NCAP/ANCAP Web Sayfası,2017,Var,,,,,,,,Önden Çekişli,,,,,6 ileri,Otomatik,EAT6 (Otomatik)
1209 kg,10.90 mt.,1834 mm,4360 mm,1525 mm,,380 lt,,2022 Citroen C4 1.2 PureTech 100 HP Feel,,,,,,2022 Citroen C4 1.2 PureTech 100 HP Feel Test Sürüşü Talep Sayfası,,,,,,,,,,Turbo,,3,1199 cc,Direkt Enjeksiyon,12.0 saniye,184 km/s,205 nm,100 BG,Fransa,,Binek,Feel,SUV,2022,İçten Yanmalı (Standart),1576 tl/yıl,C,C4,Benzin,https://www.epey.com/araba/2022-citroen-c4-1-2-puretech-100-hp-feel.html,,,,,,,108 g/km,4.6 lt,50 lt,,4.0 lt,5.7 lt,,4 yıldız,2022 Citroen C4 1.2 PureTech 100 HP Feel NCAP/ANCAP Web Sayfası,2021,Var,,,,,,,,Önden Çekişli,,,,,6 ileri,Manuel,
1263 kg,10.90 mt.,1834 mm,4360 mm,1525 mm,,380 lt,,2022 Citroen C4 1.2 PureTech 130 HP EAT8 Feel Bold,,,,,,2022 Citroen C4 1.2 PureTech 130 HP EAT8 Feel Bold Test Sürüşü Talep Sayfası,,,,,,,,,,Turbo,,3,1199 cc,Direkt Enjeksiyon,10.2 saniye,200 km/s,230 nm,130 BG,Fransa,,Binek,Feel Bold,SUV,2022,İçten Yanmalı (Standart),1576 tl/yıl,C,C4,Benzin,https://www.epey.com/araba/2022-citroen-c4-1-2-puretech-130-hp-eat8-feel-bold.html,,,,,,,112 g/km,5.0 lt,50 lt,,4.6 lt,5.8 lt,,4 yıldız,2022 Citroen C4 1.2 PureTech 130 HP EAT8 Feel Bold NCAP/ANCAP Web Sayfası,2021,Var,,,,,,,,Önden Çekişli,,,,,8 ileri,Otomatik,EAT8 (Otomatik)
1263 kg,10.90 mt.,1834 mm,4360 mm,1525 mm,,380 lt,,2022 Citroen C4 1.2 PureTech 130 HP EAT8 Shine,,,,,,2022 Citroen C4 1.2 PureTech 130 HP EAT8 Shine Test Sürüşü Talep Sayfası,,,,,,,,,,Turbo,,3,1199 cc,Direkt Enjeksiyon,10.2 saniye,200 km/s,230 nm,130 BG,Fransa,,Binek,Shine,SUV,2022,İçten Yanmalı (Standart),1576 tl/yıl,C,C4,Benzin,https://www.epey.com/araba/2022-citroen-c4-1-2-puretech-130-hp-eat8-shine.html,,,,,,,112 g/km,5.0 lt,50 lt,,4.6 lt,5.8 lt,,4 yıldız,2022 Citroen C4 1.2 PureTech 130 HP EAT8 Shine NCAP/ANCAP Web Sayfası,2021,Var,,,,,,,,Önden Çekişli,,,,,8 ileri,Otomatik,EAT8 (Otomatik)
1271 kg,10.90 mt.,1834 mm,4360 mm,1525 mm,,380 lt,,2022 Citroen C4 1.2 PureTech 155 HP EAT8 Shine Bold,,,,,,2022 Citroen C4 1.2 PureTech 155 HP EAT8 Shine Bold Test Sürüşü Talep Sayfası,,,,,,,,,,Turbo,,3,1199 cc,Direkt Enjeksiyon,9.2 saniye,208 km/s,250 nm,155 BG,Fransa,,Binek,Shine,SUV,2022,İçten Yanmalı (Standart),1576 tl/yıl,C,C4,Benzin,https://www.epey.com/araba/2022-citroen-c4-1-2-puretech-155-hp-eat8-shine-bold.html,,,,,,,116 g/km,5.2 lt,50 lt,,4.6 lt,6.1 lt,,4 yıldız,2022 Citroen C4 1.2 PureTech 155 HP EAT8 Shine Bold NCAP/ANCAP Web Sayfası,2021,Var,,,,,,,,Önden Çekişli,,,,,8 ileri,Otomatik,EAT8 (Otomatik)
1314 kg,10.90 mt.,1834 mm,4360 mm,1525 mm,,380 lt,,2022 Citroen C4 1.5 BlueHDi 130 HP EAT8 Feel Bold,,,,,,2022 Citroen C4 1.5 BlueHDi 130 HP EAT8 Feel Bold Test Sürüşü Talep Sayfası,,,,,,,,,,Turbo,,4,1499 cc,Common Rail Direkt Enjeksiyon,10.6 saniye,206 km/s,300 nm,130 BG,Fransa,,Binek,Feel Bold,SUV,2022,İçten Yanmalı (Standart),2746 tl/yıl,C,C4,Dizel,https://www.epey.com/araba/2022-citroen-c4-1-5-bluehdi-130-hp-eat8-feel-bold.html,,,,,,,99 g/km,3.8 lt,50 lt,,3.6 lt,4.2 lt,,4 yıldız,2022 Citroen C4 1.5 BlueHDi 130 HP EAT8 Feel Bold NCAP/ANCAP Web Sayfası,2021,Var,,,,,,,,Önden Çekişli,,,,,8 ileri,Otomatik,EAT8 (Otomatik)
1314 kg,10.90 mt.,1834 mm,4360 mm,1525 mm,,380 lt,,2022 Citroen C4 1.5 BlueHDi 130 HP EAT8 Shine Bold,,,,,,2022 Citroen C4 1.5 BlueHDi 130 HP EAT8 Shine Bold Test Sürüşü Talep Sayfası,,,,,,,,,,Turbo,,4,1499 cc,Common Rail Direkt Enjeksiyon,10.6 saniye,206 km/s,300 nm,130 BG,Fransa,,Binek,Shine Bold,SUV,2022,İçten Yanmalı (Standart),2746 tl/yıl,C,C4,Dizel,https://www.epey.com/araba/2022-citroen-c4-1-5-bluehdi-130-hp-eat8-shine-bold.html,,,,,,,99 g/km,3.8 lt,50 lt,,3.6 lt,4.2 lt,,4 yıldız,2022 Citroen C4 1.5 BlueHDi 130 HP EAT8 Shine Bold NCAP/ANCAP Web Sayfası,2021,Var,,,,,,,,Önden Çekişli,,,,,8 ileri,Otomatik,EAT8 (Otomatik)
1505 kg,,1859 mm,4500 mm,1695 mm,,580 lt,,2022 Citroen C5 Aircross 1.5 BlueHDi 130 HP EAT8 Feel Bold (4x2),,,,,,,2022 Citroen C5 Aircross 1.5 BlueHDi 130 HP EAT8 Feel Bold (4x2) Ürün Kataloğu,,,,,,,,,Turbo,BlueHDi (Çevreci & Ekonomik Motor),4,1499 cc,Common Rail Direkt Enjeksiyon,10.6 saniye,188 km/s,300 nm,130 BG,Fransa,,Binek,Feel Bold,SUV,2022,İçten Yanmalı (Standart),2746 tl/yıl,C,C5 Aircross,Dizel,https://www.epey.com/araba/2022-citroen-c5-aircross-1-5-bluehdi-130-hp-eat8-feel-bold-4x2.html,,,,,,,108 g/km,4.1 lt,53 lt,Euro 6.2,3.9 lt,4.4 lt,,4 yıldız,2022 Citroen C5 Aircross 1.5 BlueHDi 130 HP EAT8 Feel Bold (4x2) NCAP/ANCAP Web Sayfası,2019,Var,,,,,,,,Önden Çekişli,,,,,8 ileri,Otomatik,EAT8 (Otomatik)
1505 kg,,1859 mm,4500 mm,1695 mm,,580 lt,,2022 Citroen C5 Aircross 1.5 BlueHDi 130 HP EAT8 Shine (4x2),,,,,,,2022 Citroen C5 Aircross 1.5 BlueHDi 130 HP EAT8 Shine (4x2) Ürün Kataloğu,,,,,,,,,Turbo,BlueHDi (Çevreci & Ekonomik Motor),4,1499 cc,Common Rail Direkt Enjeksiyon,10.6 saniye,188 km/s,300 nm,130 BG,Fransa,,Binek,Shine,SUV,2022,İçten Yanmalı (Standart),2746 tl/yıl,C,C5 Aircross,Dizel,https://www.epey.com/araba/2022-citroen-c5-aircross-1-5-bluehdi-130-hp-eat8-shine-4x2.html,,,,,,,108 g/km,4.1 lt,53 lt,Euro 6.2,3.9 lt,4.4 lt,,4 yıldız,2022 Citroen C5 Aircross 1.5 BlueHDi 130 HP EAT8 Shine (4x2) NCAP/ANCAP Web Sayfası,2019,Var,,,,,,,,Önden Çekişli,,,,,8 ileri,Otomatik,EAT8 (Otomatik)
1505 kg,,1859 mm,4500 mm,1695 mm,,580 lt,,2022 Citroen C5 Aircross 1.5 BlueHDi 130 HP EAT8 Shine Bold (4x2),,,,,,,2022 Citroen C5 Aircross 1.5 BlueHDi 130 HP EAT8 Shine Bold (4x2) Ürün Kataloğu,,,,,,,,,Turbo,BlueHDi (Çevreci & Ekonomik Motor),4,1499 cc,Common Rail Direkt Enjeksiyon,10.6 saniye,188 km/s,300 nm,130 BG,Fransa,,Binek,Shine Bold,SUV,2022,İçten Yanmalı (Standart),2746 tl/yıl,C,C5 Aircross,Dizel,https://www.epey.com/araba/2022-citroen-c5-aircross-1-5-bluehdi-130-hp-eat8-shine-bold-4x2.html,,,,,,,108 g/km,4.1 lt,53 lt,Euro 6.2,3.9 lt,4.4 lt,,4 yıldız,2022 Citroen C5 Aircross 1.5 BlueHDi 130 HP EAT8 Shine Bold (4x2) NCAP/ANCAP Web Sayfası,2019,Var,,,,,,,,Önden Çekişli,,,,,8 ileri,Otomatik,EAT8 (Otomatik)
1505 kg,,1859 mm,4500 mm,1695 mm,,580 lt,,2022 Citroen C5 Aircross 1.6 180 HP EAT8 Shine (4x2),,,,,,,2022 Citroen C5 Aircross 1.6 180 HP EAT8 Shine (4x2) Ürün Kataloğu,,,,,,,,,Turbo,PureTech (Yakıt Tasarrufu),4,1598 cc,Direkt Enjeksiyon,8.2 saniye,216 km/s,250 nm,180 BG,Fransa,,Binek,Shine,SUV,2022,İçten Yanmalı (Standart),2746 tl/yıl,C,C5 Aircross,Benzin,https://www.epey.com/araba/2022-citroen-c5-aircross-1-6-180-hp-eat8-shine-4x2.html,,,,,,,132 g/km,5.8 lt,53 lt,Euro 6.2,5.0 lt,7.2 lt,,4 yıldız,2022 Citroen C5 Aircross 1.6 180 HP EAT8 Shine (4x2) NCAP/ANCAP Web Sayfası,2019,Var,,,,,,,,Önden Çekişli,,,,,8 ileri,Otomatik,EAT8 (Otomatik)
1505 kg,,1859 mm,4500 mm,1695 mm,,580 lt,,2022 Citroen C5 Aircross 1.6 180 HP EAT8 Shine Bold (4x2),,,,,,,2022 Citroen C5 Aircross 1.6 180 HP EAT8 Shine Bold (4x2) Ürün Kataloğu,,,,,,,,,Turbo,PureTech (Yakıt Tasarrufu),4,1598 cc,Direkt Enjeksiyon,8.2 saniye,216 km/s,250 nm,180 BG,Fransa,,Binek,Shine Bold,SUV,2022,İçten Yanmalı (Standart),2746 tl/yıl,C,C5 Aircross,Benzin,https://www.epey.com/araba/2022-citroen-c5-aircross-1-6-180-hp-eat8-shine-bold-4x2.html,,,,,,,132 g/km,5.8 lt,53 lt,Euro 6.2,5.0 lt,7.2 lt,,4 yıldız,2022 Citroen C5 Aircross 1.6 180 HP EAT8 Shine Bold (4x2) NCAP/ANCAP Web Sayfası,2019,Var,,,,,,,,Önden Çekişli,,,,,8 ileri,Otomatik,EAT8 (Otomatik)
1331 kg,,1804 mm,4341 mm,1693 mm,,478 lt,,2022 Dacia Duster 1.0 ECO-G Turbo 100 BG Comfort (4x2),,,,,,2022 Dacia Duster 1.0 ECO-G Turbo 100 BG Comfort (4x2) Test Sürüşü Talep Sayfası,2022 Dacia Duster 1.0 ECO-G Turbo 100 BG Comfort (4x2) Ürün Kataloğu,,,,,,,,,Turbo,,3,999 cc,Çok Noktadan Enjeksiyon,15.1 saniye,166 km/s,170 nm,100 BG,Romanya > Fransa,,Binek,Comfort,SUV,2022,İçten Yanmalı (Standart),1576 tl/yıl,C,Duster,Benzin & LPG,https://www.epey.com/araba/2022-dacia-duster-1-0-eco-g-turbo-100-bg-comfort-4x2.html,Var,129 g/km,49.8 lt,7.4 lt,,,147 g/km,6.5 lt,50 lt,,,,,3 yıldız,2022 Dacia Duster 1.0 ECO-G Turbo 100 BG Comfort (4x2) NCAP/ANCAP Web Sayfası,2017,Var,,,,,,,,Önden Çekişli,,,,,6 ileri,Manuel,
1264 kg,,1804 mm,4341 mm,1693 mm,,478 lt,,2022 Dacia Duster 1.0 Turbo 90 BG Comfort (4x2),,,,,,2022 Dacia Duster 1.0 Turbo 90 BG Comfort (4x2) Test Sürüşü Talep Sayfası,2022 Dacia Duster 1.0 Turbo 90 BG Comfort (4x2) Ürün Kataloğu,,,,,,,,,Turbo,,3,999 cc,Çok Noktadan Enjeksiyon,13.1 saniye,166 km/s,160 nm,90 BG,Romanya > Fransa,,Binek,Comfort,SUV,2022,İçten Yanmalı (Standart),1576 tl/yıl,C,Duster,Benzin,https://www.epey.com/araba/2022-dacia-duster-1-0-turbo-90-bg-comfort-4x2.html,,,,,,,143 g/km,6.4 lt,50 lt,,,,,3 yıldız,2022 Dacia Duster 1.0 Turbo 90 BG Comfort (4x2) NCAP/ANCAP Web Sayfası,2017,Var,,,,,,,,Önden Çekişli,,,,,6 ileri,Manuel,
1399 kg,,1804 mm,4341 mm,1682 mm,,467 lt,,2022 Dacia Duster 1.3 Turbo 150 BG Comfort (4x4),,,,,,2022 Dacia Duster 1.3 Turbo 150 BG Comfort (4x4) Test Sürüşü Talep Sayfası,2022 Dacia Duster 1.3 Turbo 150 BG Comfort (4x4) Ürün Kataloğu,,,,,,,,,Turbo,,4,1332 cc,Direkt Enjeksiyon,10.4 saniye,198 km/s,250 nm,150 BG,Romanya > Fransa,,Binek,Comfort,SUV,2022,İçten Yanmalı (Standart),2746 tl/yıl,C,Duster,Benzin,https://www.epey.com/araba/2022-dacia-duster-1-3-turbo-150-bg-comfort-4x4.html,,,,,,,155 g/km,6.9 lt,50 lt,,,,,3 yıldız,2022 Dacia Duster 1.3 Turbo 150 BG Comfort (4x4) NCAP/ANCAP Web Sayfası,2017,Var,,,,,,,,4x4 Çekişli,,,,,6 ileri,Manuel,
1338 kg,,1804 mm,4341 mm,1693 mm,,478 lt,,2022 Dacia Duster 1.3 Turbo 150 BG EDC Comfort (4x2),,,,,,2022 Dacia Duster 1.3 Turbo 150 BG EDC Comfort (4x2) Test Sürüşü Talep Sayfası,2022 Dacia Duster 1.3 Turbo 150 BG EDC Comfort (4x2) Ürün Kataloğu,,,,,,,,,Turbo,,4,1332 cc,Direkt Enjeksiyon,9.7 saniye,199 km/s,250 nm,150 BG,Romanya > Fransa,,Binek,Comfort,SUV,2022,İçten Yanmalı (Standart),2746 tl/yıl,C,Duster,Benzin,https://www.epey.com/araba/2022-dacia-duster-1-3-turbo-150-bg-edc-comfort-4x2.html,,,,,,,145 g/km,6.4 lt,50 lt,,,,,3 yıldız,2022 Dacia Duster 1.3 Turbo 150 BG EDC Comfort (4x2) NCAP/ANCAP Web Sayfası,2017,Var,,,,,,,,Önden Çekişli,,,,,6 ileri,Otomatik,EDC (Çift Kavramalı Otm.)
1338 kg,,1804 mm,4341 mm,1693 mm,,478 lt,,2022 Dacia Duster 1.3 Turbo 150 BG EDC Prestige (4x2),,,,,,2022 Dacia Duster 1.3 Turbo 150 BG EDC Prestige (4x2) Test Sürüşü Talep Sayfası,2022 Dacia Duster 1.3 Turbo 150 BG EDC Prestige (4x2) Ürün Kataloğu,,,,,,,,,Turbo,,4,1332 cc,Direkt Enjeksiyon,9.7 saniye,199 km/s,250 nm,150 BG,Romanya > Fransa,,Binek,Prestige,SUV,2022,İçten Yanmalı (Standart),2746 tl/yıl,C,Duster,Benzin,https://www.epey.com/araba/2022-dacia-duster-1-3-turbo-150-bg-edc-prestige-4x2.html,,,,,,,145 g/km,6.4 lt,50 lt,,,,,3 yıldız,2022 Dacia Duster 1.3 Turbo 150 BG EDC Prestige (4x2) NCAP/ANCAP Web Sayfası,2017,Var,,,,,,,,Önden Çekişli,,,,,6 ileri,Otomatik,EDC (Çift Kavramalı Otm.)
1338 kg,,1804 mm,4341 mm,1693 mm,,478 lt,,2022 Dacia Duster 1.3 Turbo 150 BG EDC Prestige Plus (4x2),,,,,,2022 Dacia Duster 1.3 Turbo 150 BG EDC Prestige Plus (4x2) Test Sürüşü Talep Sayfası,2022 Dacia Duster 1.3 Turbo 150 BG EDC Prestige Plus (4x2) Ürün Kataloğu,,,,,,,,,Turbo,,4,1332 cc,Direkt Enjeksiyon,9.7 saniye,199 km/s,250 nm,150 BG,Romanya > Fransa,,Binek,Prestige Plus,SUV,2022,İçten Yanmalı (Standart),2746 tl/yıl,C,Duster,Benzin,https://www.epey.com/araba/2022-dacia-duster-1-3-turbo-150-bg-edc-prestige-plus-4x2.html,,,,,,,145 g/km,6.4 lt,50 lt,,,,,3 yıldız,2022 Dacia Duster 1.3 Turbo 150 BG EDC Prestige Plus (4x2) NCAP/ANCAP Web Sayfası,2017,Var,,,,,,,,Önden Çekişli,,,,,6 ileri,Otomatik,EDC (Çift Kavramalı Otm.)
1399 kg,,1804 mm,4341 mm,1693 mm,,494 lt,,2022 Dacia Duster 1.5 Blue dCi 115 BG Comfort (4x2),,,,,,2022 Dacia Duster 1.5 Blue dCi 115 BG Comfort (4x2) Test Sürüşü Talep Sayfası,2022 Dacia Duster 1.5 Blue dCi 115 BG Comfort (4x2) Ürün Kataloğu,,,,,,,,,Turbo,,4,1461 cc,Common Rail Direkt Enjeksiyon,10.2 saniye,183 km/s,260 nm,115 BG,Romanya > Fransa,,Binek,Comfort,SUV,2022,İçten Yanmalı (Standart),1576 tl/yıl,C,Duster,Dizel,https://www.epey.com/araba/2022-dacia-duster-1-5-blue-dci-115-bg-comfort-4x2.html,,,,,,,130 g/km,5.0 lt,50 lt,,,,,3 yıldız,2022 Dacia Duster 1.5 Blue dCi 115 BG Comfort (4x2) NCAP/ANCAP Web Sayfası,2017,Var,,,,,,,,Önden Çekişli,,,,,6 ileri,Manuel,
1488 kg,,1804 mm,4341 mm,1682 mm,,414 lt,,2022 Dacia Duster 1.5 Blue dCi 115 BG Comfort (4x4),,,,,,2022 Dacia Duster 1.5 Blue dCi 115 BG Comfort (4x4) Test Sürüşü Talep Sayfası,2022 Dacia Duster 1.5 Blue dCi 115 BG Comfort (4x4) Ürün Kataloğu,,,,,,,,,Turbo,,4,1461 cc,Common Rail Direkt Enjeksiyon,10.2 saniye,175 km/s,260 nm,115 BG,Romanya > Fransa,,Binek,Comfort,SUV,2022,İçten Yanmalı (Standart),1576 tl/yıl,C,Duster,Dizel,https://www.epey.com/araba/2022-dacia-duster-1-5-blue-dci-115-bg-comfort-4x4.html,,,,,,,141 g/km,5.4 lt,50 lt,,,,,3 yıldız,2022 Dacia Duster 1.5 Blue dCi 115 BG Comfort (4x4) NCAP/ANCAP Web Sayfası,2017,Var,,,,,,,,4x4 Çekişli,,,,,6 ileri,Manuel,
1379 kg,11.10 mt.,1751 mm,4498 mm,1683 mm,,827 lt,207 lt,2022 Dacia Lodgy 1.5 Blue dCi 95 BG Ambiance (7K),,,,,,2022 Dacia Lodgy 1.5 Blue dCi 95 BG Ambiance (7K) Test Sürüşü Talep Sayfası,2022 Dacia Lodgy 1.5 Blue dCi 95 BG Ambiance (7K) Ürün Kataloğu,"3 Yıl / 100 Bin Km Mekanik
3 Yıl Boya
6 Yıl Paslanmazlık",Dacia Yol Yardım 444 6247,Var,,,,,,Turbo,,4,1461 cc,Common Rail Direkt Enjeksiyon,12.9 saniye,173 km/s,220 nm,95 BG,Romanya > Fransa,,Binek,Ambiance,MPV,2022,İçten Yanmalı (Standart),2746 tl/yıl,D,Lodgy,Dizel,https://www.epey.com/araba/2022-dacia-lodgy-1-5-blue-dci-95-bg-ambiance-7k.html,,,,,,,106 g/km,4.0 lt,50 lt,Euro 6,3.7 lt,4.6 lt,,3 yıldız,2022 Dacia Lodgy 1.5 Blue dCi 95 BG Ambiance (7K) NCAP/ANCAP Web Sayfası,2012,Var,,,,,,,,Önden Çekişli,,,,,6 ileri,Manuel,
1174 kg,,1848 mm,4088 mm,1499 mm,1108 lt,410 lt,,2022 Dacia Sandero 1.0 Turbo 90 BG X-tronic Prestige,,,,,,2022 Dacia Sandero 1.0 Turbo 90 BG X-tronic Prestige Test Sürüşü Talep Sayfası,2022 Dacia Sandero 1.0 Turbo 90 BG X-tronic Prestige Ürün Kataloğu,"Garantiyi 4 Yıla Kadar Uzatabilme
3 Yıl / 100 Bin Km Mekanik",Dacia Yol Yardım 444 6247,Var,,,,,,Turbo,,3,999 cc,Direkt Enjeksiyon,13.4 saniye,169 km/s,142 nm,90 BG,Romanya > Fransa,,Binek,Prestige,Hatchback,2022,İçten Yanmalı (Standart),1576 tl/yıl,B,Sandero,Benzin,https://www.epey.com/araba/2022-dacia-sandero-1-0-turbo-90-bg-x-tronic-prestige.html,Yok,,,,,,114 g/km,5.0 lt,50 lt,Euro 6,4.5 lt,5.9 lt,,,,,,,,,,,,,Önden Çekişli,,,,,,Otomatik,X-Tronic (Değişken Oranlı)
1197 kg,,1848 mm,4099 mm,1587 mm,1108 lt,410 lt,,2022 Dacia Sandero Stepway 1.0 Turbo 90 BG X-tronic Prestige,,,,,,2022 Dacia Sandero Stepway 1.0 Turbo 90 BG X-tronic Prestige Test Sürüşü Talep Sayfası,2022 Dacia Sandero Stepway 1.0 Turbo 90 BG X-tronic Prestige Ürün Kataloğu,"Garantiyi 4 Yıla Kadar Uzatabilme
3 Yıl / 100 Bin Km Mekanik",Dacia Yol Yardım 444 6247,Var,,,,,,Turbo,,3,999 cc,Direkt Enjeksiyon,14.2 saniye,163 km/s,142 nm,90 BG,Romanya > Fransa,,Binek,Prestige,SUV,2022,İçten Yanmalı (Standart),1576 tl/yıl,B,Sandero Stepway,Benzin,https://www.epey.com/araba/2022-dacia-sandero-stepway-1-0-turbo-90-bg-x-tronic-prestige.html,,,,,,,119 g/km,5.2 lt,50 lt,Euro 6,4.7 lt,6.0 lt,,2 yıldız,2022 Dacia Sandero Stepway 1.0 Turbo 90 BG X-tronic Prestige NCAP/ANCAP Web Sayfası,2021,Var,,,,,,,,Önden Çekişli,,,,,,Otomatik,X-Tronic (Değişken Oranlı)
1229 kg,,1848 mm,4099 mm,1587 mm,1108 lt,410 lt,,2022 Dacia Sandero Stepway 1.0 Turbo ECO-G 100 BG Comfort,,,,,,2022 Dacia Sandero Stepway 1.0 Turbo ECO-G 100 BG Comfort Test Sürüşü Talep Sayfası,2022 Dacia Sandero Stepway 1.0 Turbo ECO-G 100 BG Comfort Ürün Kataloğu,"Garantiyi 4 Yıla Kadar Uzatabilme
3 Yıl / 100 Bin Km Mekanik",Dacia Yol Yardım 444 6247,Var,,,,,,Turbo,,3,999 cc,Direkt Enjeksiyon,11.9 saniye,177 km/s,170 nm,100 BG,Romanya > Fransa,,Binek,Comfort,SUV,2022,İçten Yanmalı (Standart),1576 tl/yıl,B,Sandero Stepway,Benzin & LPG,https://www.epey.com/araba/2022-dacia-sandero-stepway-1-0-turbo-eco-g-100-bg-comfort.html,Var,105 g/km,40 lt,6.7 lt,6.0 lt,7.8 lt,119 g/km,5.2 lt,50 lt,Euro 6,4.6 lt,6.4 lt,,2 yıldız,2022 Dacia Sandero Stepway 1.0 Turbo ECO-G 100 BG Comfort NCAP/ANCAP Web Sayfası,2021,Var,,,,,,,,Önden Çekişli,,,,,6 ileri,Manuel,
1520 kg,,1832 mm,4406 mm,1845 mm,3200 lt,790 lt,,2022 Fiat Doblo Kombi 1.6 MultiJet 105 HP Easy,,,,,,,2022 Fiat Doblo Kombi 1.6 MultiJet 105 HP Easy Ürün Kataloğu,"3 Yıl / 150 Bin Km Mekanik
3 Yıl Boya
8 Yıl Paslanmazlık",Fiat Acil Servis 444 2255,Var,,,,,,Turbo,,4,1598 cc,Common Rail Direkt Enjeksiyon,13.6 saniye,170 km/s,320 nm,105 BG,İtalya,Combi,Ticari,Easy,Kombi,2022,İçten Yanmalı (Standart),2093 tl/yıl,Hafif Ticari,Doblo,Dizel,https://www.epey.com/araba/2022-fiat-doblo-kombi-1-6-multijet-105-hp-easy.html,,,,,,,179 g/km,6.8 lt,60 lt,Euro 6,,,,3 yıldız,2022 Fiat Doblo Kombi 1.6 MultiJet 105 HP Easy NCAP/ANCAP Web Sayfası,2017,Var,,710 kg,2090 kg,,,,,Önden Çekişli,,,,,6 ileri,Manuel,
1520 kg,,1832 mm,4406 mm,1845 mm,3200 lt,790 lt,,2022 Fiat Doblo Kombi 1.6 MultiJet 105 HP Safeline,,,,,,,2022 Fiat Doblo Kombi 1.6 MultiJet 105 HP Safeline Ürün Kataloğu,"3 Yıl / 150 Bin Km Mekanik
3 Yıl Boya
8 Yıl Paslanmazlık",Fiat Acil Servis 444 2255,Var,,,,,,Turbo,,4,1598 cc,Common Rail Direkt Enjeksiyon,13.6 saniye,170 km/s,320 nm,105 BG,İtalya,Combi,Ticari,Safeline,Kombi,2022,İçten Yanmalı (Standart),2093 tl/yıl,Hafif Ticari,Doblo,Dizel,https://www.epey.com/araba/2022-fiat-doblo-kombi-1-6-multijet-105-hp-safeline.html,,,,,,,179 g/km,6.8 lt,60 lt,Euro 6,,,,3 yıldız,2022 Fiat Doblo Kombi 1.6 MultiJet 105 HP Safeline NCAP/ANCAP Web Sayfası,2017,Var,,710 kg,2090 kg,,,,,Önden Çekişli,,,,,6 ileri,Manuel,
1520 kg,,1832 mm,4406 mm,1845 mm,3200 lt,790 lt,,2022 Fiat Doblo Kombi 1.6 MultiJet 120 HP Premio Plus,,,,,,,2022 Fiat Doblo Kombi 1.6 MultiJet 120 HP Premio Plus Ürün Kataloğu,"3 Yıl / 150 Bin Km Mekanik
3 Yıl Boya
8 Yıl Paslanmazlık",Fiat Acil Servis 444 2255,Var,,,,,,Turbo,,4,1598 cc,Common Rail Direkt Enjeksiyon,13.4 saniye,176 km/s,320 nm,120 BG,İtalya,Combi,Ticari,Premio Plus,Kombi,2022,İçten Yanmalı (Standart),2093 tl/yıl,Hafif Ticari,Doblo,Dizel,https://www.epey.com/araba/2022-fiat-doblo-kombi-1-6-multijet-120-hp-premio-plus.html,,,,,,,179 g/km,6.8 lt,60 lt,Euro 6,,,,3 yıldız,2022 Fiat Doblo Kombi 1.6 MultiJet 120 HP Premio Plus NCAP/ANCAP Web Sayfası,2017,Var,,710 kg,2090 kg,,,,,Önden Çekişli,,,,,6 ileri,Manuel,
1520 kg,,1832 mm,4406 mm,1845 mm,3200 lt,790 lt,,2022 Fiat Doblo Kombi 1.6 MultiJet 120 HP Trekking,,,,,,,2022 Fiat Doblo Kombi 1.6 MultiJet 120 HP Trekking Ürün Kataloğu,"3 Yıl / 150 Bin Km Mekanik
3 Yıl Boya
8 Yıl Paslanmazlık",Fiat Acil Servis 444 2255,Var,,,,,,Turbo,,4,1598 cc,Common Rail Direkt Enjeksiyon,13.4 saniye,176 km/s,320 nm,120 BG,İtalya,Combi,Ticari,Trekking,Kombi,2022,İçten Yanmalı (Standart),2746 tl/yıl,Hafif Ticari,Doblo,Dizel,https://www.epey.com/araba/2022-fiat-doblo-kombi-1-6-multijet-120-hp-trekking.html,,,,,,,179 g/km,6.8 lt,60 lt,Euro 6,,,,3 yıldız,2022 Fiat Doblo Kombi 1.6 MultiJet 120 HP Trekking NCAP/ANCAP Web Sayfası,2017,Var,,710 kg,2090 kg,,,,,Önden Çekişli,,,,,6 ileri,Manuel,
1240 kg,10.90 mt.,1792 mm,4532 mm,1497 mm,,520 lt,,2022 Fiat Egea 1.3 Multijet 95 HP Easy,,,,,,2022 Fiat Egea 1.3 Multijet 95 HP Easy Test Sürüşü Talep Sayfası,2022 Fiat Egea 1.3 Multijet 95 HP Easy Ürün Kataloğu,"3 Yıl Boya
5 Yıl / 100 Bin Km Mekanik
8 Yıl Paslanmazlık",Fiat Acil Servis 444 2255,Var,,,,,,Turbo,,4,1248 cc,Common Rail Direkt Enjeksiyon,12.8 saniye,184 km/s,200 nm,95 BG,İtalya,Sedan,Binek,Easy,Sedan,2022,İçten Yanmalı (Standart),1576 tl/yıl,C,Egea,Dizel,https://www.epey.com/araba/2022-fiat-egea-1-3-multijet-95-hp-easy.html,,,,,,,113 g/km,4.2 lt,50 lt,Euro 6d-FINAL,,,,3 yıldız,2022 Fiat Egea 1.3 Multijet 95 HP Easy NCAP/ANCAP Web Sayfası,2016,Var,,,,,,,,Önden Çekişli,,,,,5 ileri,Manuel,
1240 kg,10.90 mt.,1792 mm,4532 mm,1497 mm,,520 lt,,2022 Fiat Egea 1.3 Multijet 95 HP Lounge,,,,,,2022 Fiat Egea 1.3 Multijet 95 HP Lounge Test Sürüşü Talep Sayfası,2022 Fiat Egea 1.3 Multijet 95 HP Lounge Ürün Kataloğu,"3 Yıl Boya
5 Yıl / 100 Bin Km Mekanik
8 Yıl Paslanmazlık",Fiat Acil Servis 444 2255,Var,,,,,,Turbo,,4,1248 cc,Common Rail Direkt Enjeksiyon,12.8 saniye,184 km/s,200 nm,95 BG,İtalya,Sedan,Binek,Lounge,Sedan,2022,İçten Yanmalı (Standart),1576 tl/yıl,C,Egea,Dizel,https://www.epey.com/araba/2022-fiat-egea-1-3-multijet-95-hp-lounge.html,,,,,,,113 g/km,4.2 lt,50 lt,Euro 6d-FINAL,,,,3 yıldız,2022 Fiat Egea 1.3 Multijet 95 HP Lounge NCAP/ANCAP Web Sayfası,2016,Var,,,,,,,,Önden Çekişli,,,,,5 ileri,Manuel,
1240 kg,10.90 mt.,1792 mm,4532 mm,1497 mm,,520 lt,,2022 Fiat Egea 1.3 Multijet 95 HP Urban,,,,,,2022 Fiat Egea 1.3 Multijet 95 HP Urban Test Sürüşü Talep Sayfası,2022 Fiat Egea 1.3 Multijet 95 HP Urban Ürün Kataloğu,"3 Yıl Boya
5 Yıl / 100 Bin Km Mekanik
8 Yıl Paslanmazlık",Fiat Acil Servis 444 2255,Var,,,,,,Turbo,,4,1248 cc,Common Rail Direkt Enjeksiyon,12.8 saniye,184 km/s,200 nm,95 BG,İtalya,Sedan,Binek,Urban,Sedan,2022,İçten Yanmalı (Standart),1576 tl/yıl,C,Egea,Dizel,https://www.epey.com/araba/2022-fiat-egea-1-3-multijet-95-hp-urban.html,,,,,,,113 g/km,4.2 lt,50 lt,Euro 6d-FINAL,,,,3 yıldız,2022 Fiat Egea 1.3 Multijet 95 HP Urban NCAP/ANCAP Web Sayfası,2016,Var,,,,,,,,Önden Çekişli,,,,,5 ileri,Manuel,
1150 kg,10.90 mt.,1792 mm,4532 mm,1497 mm,,520 lt,,2022 Fiat Egea 1.4 Fire 95 HP Easy,,,,,,2022 Fiat Egea 1.4 Fire 95 HP Easy Test Sürüşü Talep Sayfası,2022 Fiat Egea 1.4 Fire 95 HP Easy Ürün Kataloğu,"3 Yıl Boya
5 Yıl / 100 Bin Km Mekanik
8 Yıl Paslanmazlık",Fiat Acil Servis 444 2255,Var,,,,,,Atmosferik,,4,1368 cc,Çok Noktadan Enjeksiyon,11.8 saniye,186 km/s,127 nm,95 BG,İtalya,Sedan,Binek,Easy,Sedan,2022,İçten Yanmalı (Standart),2746 tl/yıl,C,Egea,Benzin,https://www.epey.com/araba/2022-fiat-egea-1-4-fire-95-hp-easy.html,,,,,,,150 g/km,6.5 lt,50 lt,Euro 6d-FINAL,,,,3 yıldız,2022 Fiat Egea 1.4 Fire 95 HP Easy NCAP/ANCAP Web Sayfası,2016,Var,,,,,,,,Önden Çekişli,,,,,6 ileri,Manuel,
1150 kg,10.90 mt.,1792 mm,4532 mm,1497 mm,,520 lt,,2022 Fiat Egea 1.4 Fire 95 HP Lounge,,,,,,2022 Fiat Egea 1.4 Fire 95 HP Lounge Test Sürüşü Talep Sayfası,2022 Fiat Egea 1.4 Fire 95 HP Lounge Ürün Kataloğu,"3 Yıl Boya
5 Yıl / 100 Bin Km Mekanik
8 Yıl Paslanmazlık",Fiat Acil Servis 444 2255,Var,,,,,,Atmosferik,,4,1368 cc,Çok Noktadan Enjeksiyon,11.8 saniye,186 km/s,127 nm,95 BG,İtalya,Sedan,Binek,Lounge,Sedan,2022,İçten Yanmalı (Standart),2746 tl/yıl,C,Egea,Benzin,https://www.epey.com/araba/2022-fiat-egea-1-4-fire-95-hp-lounge.html,,,,,,,150 g/km,6.5 lt,50 lt,Euro 6d-FINAL,,,,3 yıldız,2022 Fiat Egea 1.4 Fire 95 HP Lounge NCAP/ANCAP Web Sayfası,2016,Var,,,,,,,,Önden Çekişli,,,,,6 ileri,Manuel,
1150 kg,10.90 mt.,1792 mm,4532 mm,1497 mm,,520 lt,,2022 Fiat Egea 1.4 Fire 95 HP Urban,,,,,,2022 Fiat Egea 1.4 Fire 95 HP Urban Test Sürüşü Talep Sayfası,2022 Fiat Egea 1.4 Fire 95 HP Urban Ürün Kataloğu,"3 Yıl Boya
5 Yıl / 100 Bin Km Mekanik
8 Yıl Paslanmazlık",Fiat Acil Servis 444 2255,Var,,,,,,Atmosferik,,4,1368 cc,Çok Noktadan Enjeksiyon,11.8 saniye,186 km/s,127 nm,95 BG,İtalya,Sedan,Binek,Urban,Sedan,2022,İçten Yanmalı (Standart),2746 tl/yıl,C,Egea,Benzin,https://www.epey.com/araba/2022-fiat-egea-1-4-fire-95-hp-urban.html,,,,,,,150 g/km,6.5 lt,50 lt,Euro 6d-FINAL,,,,3 yıldız,2022 Fiat Egea 1.4 Fire 95 HP Urban NCAP/ANCAP Web Sayfası,2016,Var,,,,,,,,Önden Çekişli,,,,,6 ileri,Manuel,
1375 kg,10.90 mt.,1792 mm,4532 mm,1497 mm,,520 lt,,2022 Fiat Egea 1.5 T4 Hibrit 130 HP Otomatik Easy,,,,,,2022 Fiat Egea 1.5 T4 Hibrit 130 HP Otomatik Easy Test Sürüşü Talep Sayfası,2022 Fiat Egea 1.5 T4 Hibrit 130 HP Otomatik Easy Ürün Kataloğu,"3 Yıl Boya
5 Yıl / 100 Bin Km Mekanik
8 Yıl Paslanmazlık",Fiat Acil Servis 444 2255,Var,,15 kW/sa,,,,Turbo,,4,1469 cc,,8.6 saniye,196 km/s,240 nm,130 BG,İtalya,Sedan,Binek,Easy,Sedan,2022,HEV (Benzinli & Elektrikli),2746 tl/yıl,C,Egea,Benzin & Elektrik,https://www.epey.com/araba/2022-fiat-egea-1-5-t4-hibrit-130-hp-otomatik-easy.html,,,,,,,117 g/km,5.1 lt,50 lt,Euro 6d-FINAL,,,,3 yıldız,2022 Fiat Egea 1.5 T4 Hibrit 130 HP Otomatik Easy NCAP/ANCAP Web Sayfası,2016,Var,,,,,,,,Önden Çekişli,,,,,7 ileri,Otomatik,
1375 kg,10.90 mt.,1792 mm,4532 mm,1497 mm,,520 lt,,2022 Fiat Egea 1.5 T4 Hibrit 130 HP Otomatik Lounge,,,,,,2022 Fiat Egea 1.5 T4 Hibrit 130 HP Otomatik Lounge Test Sürüşü Talep Sayfası,2022 Fiat Egea 1.5 T4 Hibrit 130 HP Otomatik Lounge Ürün Kataloğu,"3 Yıl Boya
5 Yıl / 100 Bin Km Mekanik
8 Yıl Paslanmazlık",Fiat Acil Servis 444 2255,Var,,15 kW/sa,,,,Turbo,,4,1469 cc,,8.6 saniye,196 km/s,240 nm,130 BG,İtalya,Sedan,Binek,Lounge,Sedan,2022,HEV (Benzinli & Elektrikli),2746 tl/yıl,C,Egea,Benzin & Elektrik,https://www.epey.com/araba/2022-fiat-egea-1-5-t4-hibrit-130-hp-otomatik-lounge.html,,,,,,,117 g/km,5.1 lt,50 lt,Euro 6d-FINAL,,,,3 yıldız,2022 Fiat Egea 1.5 T4 Hibrit 130 HP Otomatik Lounge NCAP/ANCAP Web Sayfası,2016,Var,,,,,,,,Önden Çekişli,,,,,7 ileri,Otomatik,
1375 kg,10.90 mt.,1792 mm,4532 mm,1497 mm,,520 lt,,2022 Fiat Egea 1.5 T4 Hibrit 130 HP Otomatik Urban,,,,,,2022 Fiat Egea 1.5 T4 Hibrit 130 HP Otomatik Urban Test Sürüşü Talep Sayfası,2022 Fiat Egea 1.5 T4 Hibrit 130 HP Otomatik Urban Ürün Kataloğu,"3 Yıl Boya
5 Yıl / 100 Bin Km Mekanik
8 Yıl Paslanmazlık",Fiat Acil Servis 444 2255,Var,,15 kW/sa,,,,Turbo,,4,1469 cc,,8.6 saniye,196 km/s,240 nm,130 BG,İtalya,Sedan,Binek,Urban,Sedan,2022,HEV (Benzinli & Elektrikli),2746 tl/yıl,C,Egea,Benzin & Elektrik,https://www.epey.com/araba/2022-fiat-egea-1-5-t4-hibrit-130-hp-otomatik-urban.html,,,,,,,117 g/km,5.1 lt,50 lt,Euro 6d-FINAL,,,,3 yıldız,2022 Fiat Egea 1.5 T4 Hibrit 130 HP Otomatik Urban NCAP/ANCAP Web Sayfası,2016,Var,,,,,,,,Önden Çekişli,,,,,7 ileri,Otomatik,
1300 kg,10.90 mt.,1792 mm,4532 mm,1497 mm,,520 lt,,2022 Fiat Egea 1.6 Multijet 130 HP Urban,,,,,,2022 Fiat Egea 1.6 Multijet 130 HP Urban Test Sürüşü Talep Sayfası,2022 Fiat Egea 1.6 Multijet 130 HP Urban Ürün Kataloğu,"3 Yıl Boya
5 Yıl / 100 Bin Km Mekanik
8 Yıl Paslanmazlık",Fiat Acil Servis 444 2255,Var,,,,,,Turbo,,4,1598 cc,Common Rail Direkt Enjeksiyon,9.6 saniye,212 km/s,320 nm,130 BG,İtalya,Sedan,Binek,Urban,Sedan,2022,İçten Yanmalı (Standart),2746 tl/yıl,C,Egea,Dizel,https://www.epey.com/araba/2022-fiat-egea-1-6-multijet-130-hp-urban.html,,,,,,,118 g/km,4.5 lt,50 lt,Euro 6d-FINAL,,,,3 yıldız,2022 Fiat Egea 1.6 Multijet 130 HP Urban NCAP/ANCAP Web Sayfası,2016,Var,,,,,,,,Önden Çekişli,,,,,6 ileri,Manuel,
1260 kg,10.90 mt.,1802 mm,4386 mm,1556 mm,,440 lt,,2022 Fiat Egea Cross 1.0 Firefly 100 HP Lounge,,,,,,2022 Fiat Egea Cross 1.0 Firefly 100 HP Lounge Test Sürüşü Talep Sayfası,2022 Fiat Egea Cross 1.0 Firefly 100 HP Lounge Ürün Kataloğu,5 Yıl / 100 Bin Km Mekanik,Fiat Acil Servis 444 2255,Var,,,,,,Turbo,,3,999 cc,Direkt Enjeksiyon,12.2 saniye,183 km/s,190 nm,100 BG,İtalya,Cross,Binek,Lounge,SUV,2022,İçten Yanmalı (Standart),1576 tl/yıl,C,Egea,Benzin,https://www.epey.com/araba/2022-fiat-egea-cross-1-0-firefly-100-hp-lounge.html,,,,,,,131 g/km,5.7 lt,50 lt,Euro 6d-FINAL,,,,3 yıldız,2022 Fiat Egea Cross 1.0 Firefly 100 HP Lounge NCAP/ANCAP Web Sayfası,2016,Var,,,,,,,,Önden Çekişli,,,,,5 ileri,Manuel,
1315 kg,10.90 mt.,1802 mm,4386 mm,1556 mm,,440 lt,,2022 Fiat Egea Cross 1.3 Mjet 95 HP Street,,,,,,2022 Fiat Egea Cross 1.3 Mjet 95 HP Street Test Sürüşü Talep Sayfası,2022 Fiat Egea Cross 1.3 Mjet 95 HP Street Ürün Kataloğu,5 Yıl / 100 Bin Km Mekanik,Fiat Acil Servis 444 2255,Var,,,,,,Turbo,,4,1248 cc,Common Rail Direkt Enjeksiyon,13.8 saniye,173 km/s,200 nm,95 BG,İtalya,Cross,Binek,Street,SUV,2022,İçten Yanmalı (Standart),1576 tl/yıl,C,Egea,Dizel,https://www.epey.com/araba/2022-fiat-egea-cross-1-3-mjet-95-hp-street.html,,,,,,,118 g/km,4.5 lt,50 lt,Euro 6d-FINAL,,,,3 yıldız,2022 Fiat Egea Cross 1.3 Mjet 95 HP Street NCAP/ANCAP Web Sayfası,2016,Var,,,,,,,,Önden Çekişli,,,,,5 ileri,Manuel,
1315 kg,10.90 mt.,1802 mm,4386 mm,1556 mm,,440 lt,,2022 Fiat Egea Cross 1.3 Mjet 95 HP Urban,,,,,,2022 Fiat Egea Cross 1.3 Mjet 95 HP Urban Test Sürüşü Talep Sayfası,2022 Fiat Egea Cross 1.3 Mjet 95 HP Urban Ürün Kataloğu,5 Yıl / 100 Bin Km Mekanik,Fiat Acil Servis 444 2255,Var,,,,,,Turbo,,4,1248 cc,Common Rail Direkt Enjeksiyon,13.8 saniye,173 km/s,200 nm,95 BG,İtalya,Cross,Binek,Urban,SUV,2022,İçten Yanmalı (Standart),1576 tl/yıl,C,Egea,Dizel,https://www.epey.com/araba/2022-fiat-egea-cross-1-3-mjet-95-hp-urban.html,,,,,,,118 g/km,4.5 lt,50 lt,Euro 6d-FINAL,,,,3 yıldız,2022 Fiat Egea Cross 1.3 Mjet 95 HP Urban NCAP/ANCAP Web Sayfası,2016,Var,,,,,,,,Önden Çekişli,,,,,5 ileri,Manuel,
1220 kg,10.90 mt.,1802 mm,4386 mm,1556 mm,,440 lt,,2022 Fiat Egea Cross 1.4 Fire 95 HP Lounge,,,,,,2022 Fiat Egea Cross 1.4 Fire 95 HP Lounge Test Sürüşü Talep Sayfası,2022 Fiat Egea Cross 1.4 Fire 95 HP Lounge Ürün Kataloğu,5 Yıl / 100 Bin Km Mekanik,Fiat Acil Servis 444 2255,Var,,,,,,Atmosferik,,4,1368 cc,Çok Noktadan Enjeksiyon,12.9 saniye,174 km/s,127 nm,95 BG,İtalya,Cross,Binek,Lounge,SUV,2022,İçten Yanmalı (Standart),2746 tl/yıl,C,Egea,Benzin,https://www.epey.com/araba/2022-fiat-egea-cross-1-4-fire-95-hp-lounge.html,,,,,,,157 g/km,6.9 lt,50 lt,Euro 6d-FINAL,,,,3 yıldız,2022 Fiat Egea Cross 1.4 Fire 95 HP Lounge NCAP/ANCAP Web Sayfası,2016,Var,,,,,,,,Önden Çekişli,,,,,6 ileri,Manuel,
1220 kg,10.90 mt.,1802 mm,4386 mm,1556 mm,,440 lt,,2022 Fiat Egea Cross 1.4 Fire 95 HP Street,,,,,,2022 Fiat Egea Cross 1.4 Fire 95 HP Street Test Sürüşü Talep Sayfası,2022 Fiat Egea Cross 1.4 Fire 95 HP Street Ürün Kataloğu,5 Yıl / 100 Bin Km Mekanik,Fiat Acil Servis 444 2255,Var,,,,,,Atmosferik,,4,1368 cc,Çok Noktadan Enjeksiyon,12.9 saniye,174 km/s,127 nm,95 BG,İtalya,Cross,Binek,Street,SUV,2022,İçten Yanmalı (Standart),2746 tl/yıl,C,Egea,Benzin,https://www.epey.com/araba/2022-fiat-egea-cross-1-4-fire-95-hp-street.html,,,,,,,157 g/km,6.9 lt,50 lt,Euro 6d-FINAL,,,,3 yıldız,2022 Fiat Egea Cross 1.4 Fire 95 HP Street NCAP/ANCAP Web Sayfası,2016,Var,,,,,,,,Önden Çekişli,,,,,6 ileri,Manuel,
1220 kg,10.90 mt.,1802 mm,4386 mm,1556 mm,,440 lt,,2022 Fiat Egea Cross 1.4 Fire 95 HP Urban,,,,,,2022 Fiat Egea Cross 1.4 Fire 95 HP Urban Test Sürüşü Talep Sayfası,2022 Fiat Egea Cross 1.4 Fire 95 HP Urban Ürün Kataloğu,5 Yıl / 100 Bin Km Mekanik,Fiat Acil Servis 444 2255,Var,,,,,,Atmosferik,,4,1368 cc,Çok Noktadan Enjeksiyon,12.9 saniye,174 km/s,127 nm,95 BG,İtalya,Cross,Binek,Urban,SUV,2022,İçten Yanmalı (Standart),2746 tl/yıl,C,Egea,Benzin,https://www.epey.com/araba/2022-fiat-egea-cross-1-4-fire-95-hp-urban-2.html,,,,,,,157 g/km,6.9 lt,50 lt,Euro 6d-FINAL,,,,3 yıldız,2022 Fiat Egea Cross 1.4 Fire 95 HP Urban NCAP/ANCAP Web Sayfası,2016,Var,,,,,,,,Önden Çekişli,,,,,6 ileri,Manuel,
1425 kg,10.90 mt.,1818 mm,4386 mm,1556 mm,,440 lt,,2022 Fiat Egea Cross 1.5 T4 Hibrit 130 HP Otomatik Lounge,,,,,,2022 Fiat Egea Cross 1.5 T4 Hibrit 130 HP Otomatik Lounge Test Sürüşü Talep Sayfası,2022 Fiat Egea Cross 1.5 T4 Hibrit 130 HP Otomatik Lounge Ürün Kataloğu,"3 Yıl Boya
5 Yıl / 100 Bin Km Mekanik
8 Yıl Paslanmazlık",Fiat Acil Servis 444 2255,Var,,15 kW/sa,,,,Turbo,,4,1469 cc,,9.0 saniye,202 km/s,240 nm,130 BG,İtalya,Cross,Binek,Lounge,SUV,2022,HEV (Benzinli & Elektrikli),2746 tl/yıl,C,Egea,Benzin & Elektrik,https://www.epey.com/araba/2022-fiat-egea-cross-1-5-t4-hibrit-130-hp-otomatik-lounge.html,,,,,,,124 g/km,5.4 lt,50 lt,Euro 6d-FINAL,,,,3 yıldız,2022 Fiat Egea Cross 1.5 T4 Hibrit 130 HP Otomatik Lounge NCAP/ANCAP Web Sayfası,2016,Var,,,,,,,,Önden Çekişli,,,,,7 ileri,Otomatik,
1425 kg,10.90 mt.,1818 mm,4386 mm,1556 mm,,440 lt,,2022 Fiat Egea Cross 1.5 T4 Hibrit 130 HP Otomatik Street,,,,,,2022 Fiat Egea Cross 1.5 T4 Hibrit 130 HP Otomatik Street Test Sürüşü Talep Sayfası,2022 Fiat Egea Cross 1.5 T4 Hibrit 130 HP Otomatik Street Ürün Kataloğu,"3 Yıl Boya
5 Yıl / 100 Bin Km Mekanik
8 Yıl Paslanmazlık",Fiat Acil Servis 444 2255,Var,,15 kW/sa,,,,Turbo,,4,1469 cc,,9.0 saniye,202 km/s,240 nm,130 BG,İtalya,Cross,Binek,Street,SUV,2022,HEV (Benzinli & Elektrikli),2746 tl/yıl,C,Egea,Benzin & Elektrik,https://www.epey.com/araba/2022-fiat-egea-cross-1-5-t4-hibrit-130-hp-otomatik-street.html,,,,,,,124 g/km,5.4 lt,50 lt,Euro 6d-FINAL,,,,3 yıldız,2022 Fiat Egea Cross 1.5 T4 Hibrit 130 HP Otomatik Street NCAP/ANCAP Web Sayfası,2016,Var,,,,,,,,Önden Çekişli,,,,,7 ileri,Otomatik,
1425 kg,10.90 mt.,1818 mm,4386 mm,1556 mm,,440 lt,,2022 Fiat Egea Cross 1.5 T4 Hibrit 130 HP Otomatik Urban,,,,,,2022 Fiat Egea Cross 1.5 T4 Hibrit 130 HP Otomatik Urban Test Sürüşü Talep Sayfası,2022 Fiat Egea Cross 1.5 T4 Hibrit 130 HP Otomatik Urban Ürün Kataloğu,"3 Yıl Boya
5 Yıl / 100 Bin Km Mekanik
8 Yıl Paslanmazlık",Fiat Acil Servis 444 2255,Var,,15 kW/sa,,,,Turbo,,4,1469 cc,,9.0 saniye,202 km/s,240 nm,130 BG,İtalya,Cross,Binek,Urban,SUV,2022,HEV (Benzinli & Elektrikli),2746 tl/yıl,C,Egea,Benzin & Elektrik,https://www.epey.com/araba/2022-fiat-egea-cross-1-5-t4-hibrit-130-hp-otomatik-urban.html,,,,,,,124 g/km,5.4 lt,50 lt,Euro 6d-FINAL,,,,3 yıldız,2022 Fiat Egea Cross 1.5 T4 Hibrit 130 HP Otomatik Urban NCAP/ANCAP Web Sayfası,2016,Var,,,,,,,,Önden Çekişli,,,,,7 ileri,Otomatik,
1295 kg,10.90 mt.,1792 mm,4368 mm,1495 mm,,,,2022 Fiat Egea HB 1.3 Mjet 95 HP Street,,,,,,2022 Fiat Egea HB 1.3 Mjet 95 HP Street Test Sürüşü Talep Sayfası,2022 Fiat Egea HB 1.3 Mjet 95 HP Street Ürün Kataloğu,5 Yıl / 100 Bin Km Mekanik,Fiat Acil Servis 444 2255,Var,,,,,,Turbo,,4,1248 cc,Common Rail Direkt Enjeksiyon,13.3 saniye,181 km/s,200 nm,95 BG,İtalya,Hatchback,Binek,Street,Hatchback,2022,İçten Yanmalı (Standart),1576 tl/yıl,C,Egea,Dizel,https://www.epey.com/araba/2022-fiat-egea-hb-1-3-mjet-95-hp-street.html,,,,,,,119 g/km,4.5 lt,50 lt,Euro 6d-FINAL,,,,3 yıldız,2022 Fiat Egea HB 1.3 Mjet 95 HP Street NCAP/ANCAP Web Sayfası,2016,Var,,,,,,,,Önden Çekişli,,,,,5 ileri,Manuel,
1295 kg,10.90 mt.,1792 mm,4368 mm,1495 mm,,,,2022 Fiat Egea HB 1.3 Mjet 95 HP Urban,,,,,,2022 Fiat Egea HB 1.3 Mjet 95 HP Urban Test Sürüşü Talep Sayfası,2022 Fiat Egea HB 1.3 Mjet 95 HP Urban Ürün Kataloğu,5 Yıl / 100 Bin Km Mekanik,Fiat Acil Servis 444 2255,Var,,,,,,Turbo,,4,1248 cc,Common Rail Direkt Enjeksiyon,13.3 saniye,181 km/s,200 nm,95 BG,İtalya,Hatchback,Binek,Urban,Hatchback,2022,İçten Yanmalı (Standart),1576 tl/yıl,C,Egea,Dizel,https://www.epey.com/araba/2022-fiat-egea-hb-1-3-mjet-95-hp-urban.html,,,,,,,119 g/km,4.5 lt,50 lt,Euro 6d-FINAL,,,,3 yıldız,2022 Fiat Egea HB 1.3 Mjet 95 HP Urban NCAP/ANCAP Web Sayfası,2016,Var,,,,,,,,Önden Çekişli,,,,,5 ileri,Manuel,
1200 kg,10.90 mt.,1792 mm,4368 mm,1495 mm,,,,2022 Fiat Egea HB 1.4 Fire 95 HP Street,,,,,,2022 Fiat Egea HB 1.4 Fire 95 HP Street Test Sürüşü Talep Sayfası,2022 Fiat Egea HB 1.4 Fire 95 HP Street Ürün Kataloğu,5 Yıl / 100 Bin Km Mekanik,Fiat Acil Servis 444 2255,Var,,,,,,Atmosferik,,4,1368 cc,Çok Noktadan Enjeksiyon,12.4 saniye,182 km/s,127 nm,95 BG,İtalya,Hatchback,Binek,Street,Hatchback,2022,İçten Yanmalı (Standart),2746 tl/yıl,C,Egea,Benzin,https://www.epey.com/araba/2022-fiat-egea-hb-1-4-fire-95-hp-street.html,,,,,,,158 g/km,6.8 lt,50 lt,Euro 6d-FINAL,,,,3 yıldız,2022 Fiat Egea HB 1.4 Fire 95 HP Street NCAP/ANCAP Web Sayfası,2016,Var,,,,,,,,Önden Çekişli,,,,,6 ileri,Manuel,
1200 kg,10.90 mt.,1792 mm,4368 mm,1495 mm,,,,2022 Fiat Egea HB 1.4 Fire 95 HP Urban,,,,,,2022 Fiat Egea HB 1.4 Fire 95 HP Urban Test Sürüşü Talep Sayfası,2022 Fiat Egea HB 1.4 Fire 95 HP Urban Ürün Kataloğu,5 Yıl / 100 Bin Km Mekanik,Fiat Acil Servis 444 2255,Var,,,,,,Atmosferik,,4,1368 cc,Çok Noktadan Enjeksiyon,12.4 saniye,182 km/s,127 nm,95 BG,İtalya,Hatchback,Binek,Urban,Hatchback,2022,İçten Yanmalı (Standart),2746 tl/yıl,C,Egea,Benzin,https://www.epey.com/araba/2022-fiat-egea-hb-1-4-fire-95-hp-urban.html,,,,,,,158 g/km,6.8 lt,50 lt,Euro 6d-FINAL,,,,3 yıldız,2022 Fiat Egea HB 1.4 Fire 95 HP Urban NCAP/ANCAP Web Sayfası,2016,Var,,,,,,,,Önden Çekişli,,,,,6 ileri,Manuel,
1405 kg,10.90 mt.,1792 mm,4368 mm,1495 mm,,440 lt,,2022 Fiat Egea HB 1.5 T4 Hibrit 130 HP Otomatik Urban,,,,,,2022 Fiat Egea HB 1.5 T4 Hibrit 130 HP Otomatik Urban Test Sürüşü Talep Sayfası,2022 Fiat Egea HB 1.5 T4 Hibrit 130 HP Otomatik Urban Ürün Kataloğu,"3 Yıl Boya
5 Yıl / 100 Bin Km Mekanik
8 Yıl Paslanmazlık",Fiat Acil Servis 444 2255,Var,,15 kW/sa,,,,Turbo,,4,1469 cc,,8.8 saniye,196 km/s,240 nm,130 BG,İtalya,Hatchback,Binek,Urban,Hatchback,2022,HEV (Benzinli & Elektrikli),2746 tl/yıl,C,Egea,Benzin & Elektrik,https://www.epey.com/araba/2022-fiat-egea-hb-1-5-t4-hibrit-130-hp-otomatik-urban.html,,,,,,,121 g/km,5.3 lt,50 lt,Euro 6d-FINAL,,,,3 yıldız,2022 Fiat Egea HB 1.5 T4 Hibrit 130 HP Otomatik Urban NCAP/ANCAP Web Sayfası,2016,Var,,,,,,,,Önden Çekişli,,,,,7 ileri,Otomatik,
1257 kg,,1716 mm,3864 mm,1721 mm,2500 lt,356 lt,,2022 Fiat Fiorino Combi 1.3 Mjet 95 Pop,,,,,,,2022 Fiat Fiorino Combi 1.3 Mjet 95 Pop Ürün Kataloğu,"3 Yıl / 150 Bin Km Mekanik
3 Yıl Boya
8 Yıl Paslanmazlık","Fiat Acil Servis 444 2255
1 Yıl Ücretsiz (Garanti Süresi İçinde)",Var,,,,,,Turbo,,4,1248 cc,Common Rail Direkt Enjeksiyon,,167 km/s,200 nm,95 BG,İtalya,Combi,Binek,Pop,Kombi,2022,İçten Yanmalı (Standart),2093 tl/yıl,Mini Ticari,Fiorino,Dizel,https://www.epey.com/araba/2022-fiat-fiorino-combi-1-3-mjet-95-pop.html,,,,,,,144 g/km,5.4 lt,45 lt,,,,,3 yıldız,2022 Fiat Fiorino Combi 1.3 Mjet 95 Pop NCAP/ANCAP Web Sayfası,2010,Var,,,,,,,,Önden Çekişli,,,,,5 ileri,Manuel,
1257 kg,,1716 mm,3864 mm,1721 mm,2500 lt,356 lt,,2022 Fiat Fiorino Combi 1.3 Mjet 95 Premio,,,,,,,2022 Fiat Fiorino Combi 1.3 Mjet 95 Premio Ürün Kataloğu,"3 Yıl / 150 Bin Km Mekanik
3 Yıl Boya
8 Yıl Paslanmazlık","Fiat Acil Servis 444 2255
1 Yıl Ücretsiz (Garanti Süresi İçinde)",Var,,,,,,Turbo,,4,1248 cc,Common Rail Direkt Enjeksiyon,,167 km/s,200 nm,95 BG,İtalya,Combi,Binek,Premio,Kombi,2022,İçten Yanmalı (Standart),2093 tl/yıl,Mini Ticari,Fiorino,Dizel,https://www.epey.com/araba/2022-fiat-fiorino-combi-1-3-mjet-95-premio.html,,,,,,,144 g/km,5.4 lt,45 lt,,,,,3 yıldız,2022 Fiat Fiorino Combi 1.3 Mjet 95 Premio NCAP/ANCAP Web Sayfası,2010,Var,,,,,,,,Önden Çekişli,,,,,5 ileri,Manuel,
1257 kg,,1716 mm,3864 mm,1721 mm,2500 lt,356 lt,,2022 Fiat Fiorino Combi 1.3 Mjet 95 Safeline,,,,,,,2022 Fiat Fiorino Combi 1.3 Mjet 95 Safeline Ürün Kataloğu,"3 Yıl / 150 Bin Km Mekanik
3 Yıl Boya
8 Yıl Paslanmazlık","Fiat Acil Servis 444 2255
1 Yıl Ücretsiz (Garanti Süresi İçinde)",Var,,,,,,Turbo,,4,1248 cc,Common Rail Direkt Enjeksiyon,,167 km/s,200 nm,95 BG,İtalya,Combi,Binek,Safeline,Kombi,2022,İçten Yanmalı (Standart),2093 tl/yıl,Mini Ticari,Fiorino,Dizel,https://www.epey.com/araba/2022-fiat-fiorino-combi-1-3-mjet-95-safeline.html,,,,,,,144 g/km,5.4 lt,45 lt,,,,,3 yıldız,2022 Fiat Fiorino Combi 1.3 Mjet 95 Safeline NCAP/ANCAP Web Sayfası,2010,Var,,,,,,,,Önden Çekişli,,,,,5 ileri,Manuel,
1257 kg,,1716 mm,3864 mm,1721 mm,2500 lt,356 lt,,2022 Fiat Fiorino Combi 1.4 EKO 77 HP Pop,,,,,,,2022 Fiat Fiorino Combi 1.4 EKO 77 HP Pop Ürün Kataloğu,"3 Yıl / 150 Bin Km Mekanik
3 Yıl Boya
8 Yıl Paslanmazlık","Fiat Acil Servis 444 2255
1 Yıl Ücretsiz (Garanti Süresi İçinde)",Var,,,,,,Atmosferik,,4,1368 cc,Çok Noktadan Enjeksiyon,,155 km/s,110 nm,77 BG,İtalya,Combi,Binek,Pop,Kombi,2022,İçten Yanmalı (Standart),2093 tl/yıl,Mini Ticari,Fiorino,Benzin & LPG,https://www.epey.com/araba/2022-fiat-fiorino-combi-1-4-eko-77-hp-pop.html,Var,,30 lt,8.3 lt,7.0 lt,10.7 lt,143 g/km,7.3 lt,45 lt,,6.1 lt,9.4 lt,,3 yıldız,2022 Fiat Fiorino Combi 1.4 EKO 77 HP Pop NCAP/ANCAP Web Sayfası,2010,Var,,,,,,,,Önden Çekişli,,,,,5 ileri,Manuel,
1257 kg,,1716 mm,3864 mm,1721 mm,2500 lt,356 lt,,2022 Fiat Fiorino Combi 1.4 EKO 77 HP Premio,,,,,,,2022 Fiat Fiorino Combi 1.4 EKO 77 HP Premio Ürün Kataloğu,"3 Yıl / 150 Bin Km Mekanik
3 Yıl Boya
8 Yıl Paslanmazlık","Fiat Acil Servis 444 2255
1 Yıl Ücretsiz (Garanti Süresi İçinde)",Var,,,,,,Atmosferik,,4,1368 cc,Çok Noktadan Enjeksiyon,,155 km/s,110 nm,77 BG,İtalya,Combi,Binek,Premio,Kombi,2022,İçten Yanmalı (Standart),2093 tl/yıl,Mini Ticari,Fiorino,Benzin & LPG,https://www.epey.com/araba/2022-fiat-fiorino-combi-1-4-eko-77-hp-premio.html,Var,,30 lt,8.3 lt,7.0 lt,10.7 lt,143 g/km,7.3 lt,45 lt,,6.1 lt,9.4 lt,,3 yıldız,2022 Fiat Fiorino Combi 1.4 EKO 77 HP Premio NCAP/ANCAP Web Sayfası,2010,Var,,,,,,,,Önden Çekişli,,,,,5 ileri,Manuel,
1257 kg,,1716 mm,3864 mm,1721 mm,2500 lt,356 lt,,2022 Fiat Fiorino Combi 1.4 EKO 77 HP Safeline,,,,,,,2022 Fiat Fiorino Combi 1.4 EKO 77 HP Safeline Ürün Kataloğu,"3 Yıl / 150 Bin Km Mekanik
3 Yıl Boya
8 Yıl Paslanmazlık","Fiat Acil Servis 444 2255
1 Yıl Ücretsiz (Garanti Süresi İçinde)",Var,,,,,,Atmosferik,,4,1368 cc,Çok Noktadan Enjeksiyon,,155 km/s,110 nm,77 BG,İtalya,Combi,Binek,Safeline,Kombi,2022,İçten Yanmalı (Standart),2093 tl/yıl,Mini Ticari,Fiorino,Benzin & LPG,https://www.epey.com/araba/2022-fiat-fiorino-combi-1-4-eko-77-hp-safeline.html,Var,,30 lt,8.3 lt,7.0 lt,10.7 lt,143 g/km,7.3 lt,45 lt,,6.1 lt,9.4 lt,,3 yıldız,2022 Fiat Fiorino Combi 1.4 EKO 77 HP Safeline NCAP/ANCAP Web Sayfası,2010,Var,,,,,,,,Önden Çekişli,,,,,5 ileri,Manuel,
1257 kg,,1716 mm,3864 mm,1721 mm,2500 lt,356 lt,,2022 Fiat Fiorino Combi 1.4 Fire 77 HP Pop,,,,,,,2022 Fiat Fiorino Combi 1.4 Fire 77 HP Pop Ürün Kataloğu,"3 Yıl / 150 Bin Km Mekanik
3 Yıl Boya
8 Yıl Paslanmazlık","Fiat Acil Servis 444 2255
1 Yıl Ücretsiz (Garanti Süresi İçinde)",Var,,,,,,Atmosferik,,4,1368 cc,Çok Noktadan Enjeksiyon,,156 km/s,115 nm,77 BG,İtalya,Combi,Binek,Pop,Kombi,2022,İçten Yanmalı (Standart),2093 tl/yıl,Mini Ticari,Fiorino,Benzin,https://www.epey.com/araba/2022-fiat-fiorino-combi-1-4-fire-77-hp-pop.html,,,,,,,167 g/km,7.3 lt,45 lt,,6.1 lt,9.4 lt,,3 yıldız,2022 Fiat Fiorino Combi 1.4 Fire 77 HP Pop NCAP/ANCAP Web Sayfası,2010,Var,,,,,,,,Önden Çekişli,,,,,5 ileri,Manuel,
1257 kg,,1716 mm,3864 mm,1721 mm,2500 lt,356 lt,,2022 Fiat Fiorino Combi 1.4 Fire 77 HP Premio,,,,,,,2022 Fiat Fiorino Combi 1.4 Fire 77 HP Premio Ürün Kataloğu,"3 Yıl / 150 Bin Km Mekanik
3 Yıl Boya
8 Yıl Paslanmazlık","Fiat Acil Servis 444 2255
1 Yıl Ücretsiz (Garanti Süresi İçinde)",Var,,,,,,Atmosferik,,4,1368 cc,Çok Noktadan Enjeksiyon,,156 km/s,115 nm,77 BG,İtalya,Combi,Binek,Premio,Kombi,2022,İçten Yanmalı (Standart),2093 tl/yıl,Mini Ticari,Fiorino,Benzin,https://www.epey.com/araba/2022-fiat-fiorino-combi-1-4-fire-77-hp-premio.html,,,,,,,167 g/km,7.3 lt,45 lt,,6.1 lt,9.4 lt,,3 yıldız,2022 Fiat Fiorino Combi 1.4 Fire 77 HP Premio NCAP/ANCAP Web Sayfası,2010,Var,,,,,,,,Önden Çekişli,,,,,5 ileri,Manuel,
1257 kg,,1716 mm,3864 mm,1721 mm,2500 lt,356 lt,,2022 Fiat Fiorino Combi 1.4 Fire 77 HP Safeline,,,,,,,2022 Fiat Fiorino Combi 1.4 Fire 77 HP Safeline Ürün Kataloğu,"3 Yıl / 150 Bin Km Mekanik
3 Yıl Boya
8 Yıl Paslanmazlık","Fiat Acil Servis 444 2255
1 Yıl Ücretsiz (Garanti Süresi İçinde)",Var,,,,,,Atmosferik,,4,1368 cc,Çok Noktadan Enjeksiyon,,156 km/s,115 nm,77 BG,İtalya,Combi,Binek,Safeline,Kombi,2022,İçten Yanmalı (Standart),2093 tl/yıl,Mini Ticari,Fiorino,Benzin,https://www.epey.com/araba/2022-fiat-fiorino-combi-1-4-fire-77-hp-safeline.html,,,,,,,167 g/km,7.3 lt,45 lt,,6.1 lt,9.4 lt,,3 yıldız,2022 Fiat Fiorino Combi 1.4 Fire 77 HP Safeline NCAP/ANCAP Web Sayfası,2010,Var,,,,,,,,Önden Çekişli,,,,,5 ileri,Manuel,
1395 kg,,1825 mm,4647 mm,1452 mm,,511 lt,,2022 Ford Focus 1.5 EcoBlue 120 PS Otomatik Trend X,,,,,,2022 Ford Focus 1.5 EcoBlue 120 PS Otomatik Trend X Test Sürüşü Talep Sayfası,2022 Ford Focus 1.5 EcoBlue 120 PS Otomatik Trend X Ürün Kataloğu,,,,,,,,,Turbo,,4,1499 cc,Common Rail Direkt Enjeksiyon,10.2 saniye,196 km/s,300 nm,120 BG,Amerika,Sedan,Binek,Trend X,Sedan,2022,İçten Yanmalı (Standart),2746 tl/yıl,C,Focus,Dizel,https://www.epey.com/araba/2022-ford-focus-1-5-ecoblue-120-ps-otomatik-trend-x.html,,,,,,,104 g/km,4.4 lt,47 lt,Euro 6.2,4.1 lt,4.9 lt,,5 yıldız,2022 Ford Focus 1.5 EcoBlue 120 PS Otomatik Trend X NCAP/ANCAP Web Sayfası,2018,Var,,,,,,,,Önden Çekişli,,,,,8 ileri,Otomatik,
1312 kg,,1825 mm,4647 mm,1452 mm,,511 lt,,2022 Ford Focus 1.5 Ti-VCT 123 PS Trend X,,,,,,2022 Ford Focus 1.5 Ti-VCT 123 PS Trend X Test Sürüşü Talep Sayfası,2022 Ford Focus 1.5 Ti-VCT 123 PS Trend X Ürün Kataloğu,,,,,,,,,Atmosferik,Ti-VCT (İkiz Egzantrik Zamanlama),3,1500 cc,,11.2 saniye,196 km/s,150 nm,123 BG,Amerika,Sedan,Binek,Trend X,Sedan,2022,İçten Yanmalı (Standart),2746 tl/yıl,C,Focus,Benzin,https://www.epey.com/araba/2022-ford-focus-1-5-ti-vct-123-ps-trend-x.html,,,,,,,134 g/km,6.0 lt,52 lt,Euro 6.2,4.6 lt,8.1 lt,,5 yıldız,2022 Ford Focus 1.5 Ti-VCT 123 PS Trend X NCAP/ANCAP Web Sayfası,2018,Var,,,,,,,,Önden Çekişli,,,,,6 ileri,Manuel,
1451 kg,,1848 mm,4397 mm,1452 mm,,358 lt,,2022 Ford Focus HB 1.0 mHEV EcoBoost 125 PS Otomatik Active,,,,,,2022 Ford Focus HB 1.0 mHEV EcoBoost 125 PS Otomatik Active Test Sürüşü Talep Sayfası,2022 Ford Focus HB 1.0 mHEV EcoBoost 125 PS Otomatik Active Ürün Kataloğu,,,,,,,,,Turbo,,3,999 cc,Direkt Enjeksiyon,8.4 saniye,208 km/s,220 nm,125 BG,Amerika,,Binek,Active,Hatchback,2022,MHEV (Yarı Hibrit Sistem),1576 tl/yıl,C,Focus,Benzin & Elektrik,https://www.epey.com/araba/2022-ford-focus-hb-1-0-mhev-ecoboost-125-ps-otomatik-active.html,,,,,,,131 g/km,5.8 lt,52 lt,Euro 6.2,,,,5 yıldız,2022 Ford Focus HB 1.0 mHEV EcoBoost 125 PS Otomatik Active NCAP/ANCAP Web Sayfası,2018,Var,,,,,,,,Önden Çekişli,,,,,7 ileri,Otomatik,
1451 kg,,1848 mm,4392 mm,1452 mm,,358 lt,,2022 Ford Focus HB 1.0 mHEV EcoBoost 125 PS Otomatik ST-Line,,,,,,2022 Ford Focus HB 1.0 mHEV EcoBoost 125 PS Otomatik ST-Line Test Sürüşü Talep Sayfası,2022 Ford Focus HB 1.0 mHEV EcoBoost 125 PS Otomatik ST-Line Ürün Kataloğu,,,,,,,,,Turbo,,3,999 cc,Direkt Enjeksiyon,8.4 saniye,208 km/s,220 nm,125 BG,Amerika,,Binek,ST-Line,Hatchback,2022,MHEV (Yarı Hibrit Sistem),1576 tl/yıl,C,Focus,Benzin & Elektrik,https://www.epey.com/araba/2022-ford-focus-hb-1-0-mhev-ecoboost-125-ps-otomatik-st-line.html,,,,,,,131 g/km,5.8 lt,52 lt,Euro 6.2,,,,5 yıldız,2022 Ford Focus HB 1.0 mHEV EcoBoost 125 PS Otomatik ST-Line NCAP/ANCAP Web Sayfası,2018,Var,,,,,,,,Önden Çekişli,,,,,7 ileri,Otomatik,
1451 kg,,1848 mm,4382 mm,1452 mm,,358 lt,,2022 Ford Focus HB 1.0 mHEV EcoBoost 125 PS Otomatik Titanium,,,,,,2022 Ford Focus HB 1.0 mHEV EcoBoost 125 PS Otomatik Titanium Test Sürüşü Talep Sayfası,2022 Ford Focus HB 1.0 mHEV EcoBoost 125 PS Otomatik Titanium Ürün Kataloğu,,,,,,,,,Turbo,,3,999 cc,Direkt Enjeksiyon,8.4 saniye,208 km/s,220 nm,125 BG,Amerika,,Binek,Titanium,Hatchback,2022,MHEV (Yarı Hibrit Sistem),1576 tl/yıl,C,Focus,Benzin & Elektrik,https://www.epey.com/araba/2022-ford-focus-hb-1-0-mhev-ecoboost-125-ps-otomatik-titanium.html,,,,,,,131 g/km,5.8 lt,52 lt,Euro 6.2,,,,5 yıldız,2022 Ford Focus HB 1.0 mHEV EcoBoost 125 PS Otomatik Titanium NCAP/ANCAP Web Sayfası,2018,Var,,,,,,,,Önden Çekişli,,,,,7 ileri,Otomatik,
1415 kg,,1848 mm,4397 mm,1452 mm,,358 lt,,2022 Ford Focus HB 1.5 EcoBlue 120 PS Otomatik Active,,,,,,2022 Ford Focus HB 1.5 EcoBlue 120 PS Otomatik Active Test Sürüşü Talep Sayfası,2022 Ford Focus HB 1.5 EcoBlue 120 PS Otomatik Active Ürün Kataloğu,,,,,,,,,Turbo,,4,1500 cc,Common Rail Direkt Enjeksiyon,10.6 saniye,193 km/s,300 nm,120 BG,Amerika,,Binek,Active,Hatchback,2022,İçten Yanmalı (Standart),2746 tl/yıl,C,Focus,Dizel,https://www.epey.com/araba/2022-ford-focus-hb-1-5-ecoblue-120-ps-otomatik-active.html,,,,,,,129 g/km,4.9 lt,47 lt,Euro 6.2,,,,5 yıldız,2022 Ford Focus HB 1.5 EcoBlue 120 PS Otomatik Active NCAP/ANCAP Web Sayfası,2018,Var,,,,,,,,Önden Çekişli,,,,,8 ileri,Otomatik,
1415 kg,,1848 mm,4392 mm,1452 mm,,358 lt,,2022 Ford Focus HB 1.5 EcoBlue 120 PS Otomatik ST-Line,,,,,,2022 Ford Focus HB 1.5 EcoBlue 120 PS Otomatik ST-Line Test Sürüşü Talep Sayfası,2022 Ford Focus HB 1.5 EcoBlue 120 PS Otomatik ST-Line Ürün Kataloğu,,,,,,,,,Turbo,,4,1500 cc,Common Rail Direkt Enjeksiyon,10.6 saniye,193 km/s,300 nm,120 BG,Amerika,,Binek,ST-Line,Hatchback,2022,İçten Yanmalı (Standart),2746 tl/yıl,C,Focus,Dizel,https://www.epey.com/araba/2022-ford-focus-hb-1-5-ecoblue-120-ps-otomatik-st-line.html,,,,,,,129 g/km,4.9 lt,47 lt,Euro 6.2,,,,5 yıldız,2022 Ford Focus HB 1.5 EcoBlue 120 PS Otomatik ST-Line NCAP/ANCAP Web Sayfası,2018,Var,,,,,,,,Önden Çekişli,,,,,8 ileri,Otomatik,
1415 kg,,1848 mm,4382 mm,1452 mm,,358 lt,,2022 Ford Focus HB 1.5 EcoBlue 120 PS Otomatik Titanium,,,,,,2022 Ford Focus HB 1.5 EcoBlue 120 PS Otomatik Titanium Test Sürüşü Talep Sayfası,2022 Ford Focus HB 1.5 EcoBlue 120 PS Otomatik Titanium Ürün Kataloğu,,,,,,,,,Turbo,,4,1500 cc,Common Rail Direkt Enjeksiyon,10.6 saniye,193 km/s,300 nm,120 BG,Amerika,,Binek,Titanium,Hatchback,2022,İçten Yanmalı (Standart),2746 tl/yıl,C,Focus,Dizel,https://www.epey.com/araba/2022-ford-focus-hb-1-5-ecoblue-120-ps-otomatik-titanium.html,,,,,,,129 g/km,4.9 lt,47 lt,Euro 6.2,,,,5 yıldız,2022 Ford Focus HB 1.5 EcoBlue 120 PS Otomatik Titanium NCAP/ANCAP Web Sayfası,2018,Var,,,,,,,,Önden Çekişli,,,,,8 ileri,Otomatik,
1415 kg,,1848 mm,4382 mm,1452 mm,,358 lt,,2022 Ford Focus HB 1.5 EcoBlue 120 PS Otomatik Trend X,,,,,,2022 Ford Focus HB 1.5 EcoBlue 120 PS Otomatik Trend X Test Sürüşü Talep Sayfası,2022 Ford Focus HB 1.5 EcoBlue 120 PS Otomatik Trend X Ürün Kataloğu,,,,,,,,,Turbo,,4,1500 cc,Common Rail Direkt Enjeksiyon,10.6 saniye,193 km/s,300 nm,120 BG,Amerika,,Binek,Trend X,Hatchback,2022,İçten Yanmalı (Standart),2746 tl/yıl,C,Focus,Dizel,https://www.epey.com/araba/2022-ford-focus-hb-1-5-ecoblue-120-ps-otomatik-trend-x.html,,,,,,,129 g/km,4.9 lt,47 lt,Euro 6.2,,,,5 yıldız,2022 Ford Focus HB 1.5 EcoBlue 120 PS Otomatik Trend X NCAP/ANCAP Web Sayfası,2018,Var,,,,,,,,Önden Çekişli,,,,,8 ileri,Otomatik,
1336 kg,,1848 mm,4382 mm,1452 mm,,358 lt,,2022 Ford Focus HB 1.5 Ti-VCT 123 PS Otomatik Trend X,,,,,,2022 Ford Focus HB 1.5 Ti-VCT 123 PS Otomatik Trend X Test Sürüşü Talep Sayfası,2022 Ford Focus HB 1.5 Ti-VCT 123 PS Otomatik Trend X Ürün Kataloğu,,,,,,,,,,Ti-VCT (İkiz Egzantrik Zamanlama),3,1500 cc,,12.4 saniye,191 km/s,150 nm,123 BG,Amerika,,Binek,Trend X,Hatchback,2022,İçten Yanmalı (Standart),2746 tl/yıl,C,Focus,Benzin,https://www.epey.com/araba/2022-ford-focus-hb-1-5-ti-vct-123-ps-otomatik-trend-x.html,,,,,,,162 g/km,7.1 lt,52 lt,Euro 6.2,,,,5 yıldız,2022 Ford Focus HB 1.5 Ti-VCT 123 PS Otomatik Trend X NCAP/ANCAP Web Sayfası,2018,Var,,,,,,,,Önden Çekişli,,,,,6 ileri,Otomatik,
1316 kg,,1848 mm,4382 mm,1452 mm,,358 lt,,2022 Ford Focus HB 1.5 Ti-VCT 123 PS Trend X,,,,,,2022 Ford Focus HB 1.5 Ti-VCT 123 PS Trend X Test Sürüşü Talep Sayfası,2022 Ford Focus HB 1.5 Ti-VCT 123 PS Trend X Ürün Kataloğu,,,,,,,,,,Ti-VCT (İkiz Egzantrik Zamanlama),3,1500 cc,,11.2 saniye,193 km/s,150 nm,123 BG,Amerika,,Binek,Trend X,Hatchback,2022,İçten Yanmalı (Standart),2746 tl/yıl,C,Focus,Benzin,https://www.epey.com/araba/2022-ford-focus-hb-1-5-ti-vct-123-ps-trend-x.html,,,,,,,142 g/km,6.3 lt,52 lt,Euro 6.2,,,,5 yıldız,2022 Ford Focus HB 1.5 Ti-VCT 123 PS Trend X NCAP/ANCAP Web Sayfası,2018,Var,,,,,,,,Önden Çekişli,,,,,6 ileri,Manuel,
1599 kg,,2000 mm,4614 mm,1678 mm,1478 lt,511 lt,,2022 Ford Kuga 1.5 EcoBlue 120 PS Otomatik ST-Line (4x2),,,,,,2022 Ford Kuga 1.5 EcoBlue 120 PS Otomatik ST-Line (4x2) Test Sürüşü Talep Sayfası,2022 Ford Kuga 1.5 EcoBlue 120 PS Otomatik ST-Line (4x2) Ürün Kataloğu,,,,,,,,,Turbo,,4,1499 cc,Common Rail Direkt Enjeksiyon,12.0 saniye,177 km/s,300 nm,120 BG,Amerika,,Binek,ST-Line,SUV,2022,İçten Yanmalı (Standart),2746 tl/yıl,C,Kuga,Dizel,https://www.epey.com/araba/2022-ford-kuga-1-5-ecoblue-120-ps-otomatik-st-line-4x2.html,,,,,,,125 g/km,4.7 lt,54 lt,Eu 6d Temp,4.2 lt,5.1 lt,,5 yıldız,2022 Ford Kuga 1.5 EcoBlue 120 PS Otomatik ST-Line (4x2) NCAP/ANCAP Web Sayfası,2019,Var,,,,,,,,Önden Çekişli,,,,,8 ileri,Otomatik,
1599 kg,,2000 mm,4614 mm,1678 mm,1478 lt,511 lt,,2022 Ford Kuga 1.5 EcoBlue 120 PS Otomatik Style (4x2),,,,,,2022 Ford Kuga 1.5 EcoBlue 120 PS Otomatik Style (4x2) Test Sürüşü Talep Sayfası,2022 Ford Kuga 1.5 EcoBlue 120 PS Otomatik Style (4x2) Ürün Kataloğu,,,,,,,,,Turbo,,4,1499 cc,Common Rail Direkt Enjeksiyon,12.0 saniye,177 km/s,300 nm,120 BG,Amerika,,Binek,Style,SUV,2022,İçten Yanmalı (Standart),2746 tl/yıl,C,Kuga,Dizel,https://www.epey.com/araba/2022-ford-kuga-1-5-ecoblue-120-ps-otomatik-style-4x2.html,,,,,,,125 g/km,4.7 lt,54 lt,Eu 6d Temp,4.2 lt,5.1 lt,,5 yıldız,2022 Ford Kuga 1.5 EcoBlue 120 PS Otomatik Style (4x2) NCAP/ANCAP Web Sayfası,2019,Var,,,,,,,,Önden Çekişli,,,,,8 ileri,Otomatik,
1599 kg,,2000 mm,4614 mm,1678 mm,1478 lt,511 lt,,2022 Ford Kuga 1.5 EcoBlue 120 PS Otomatik Titanium (4x2),,,,,,2022 Ford Kuga 1.5 EcoBlue 120 PS Otomatik Titanium (4x2) Test Sürüşü Talep Sayfası,2022 Ford Kuga 1.5 EcoBlue 120 PS Otomatik Titanium (4x2) Ürün Kataloğu,,,,,,,,,Turbo,,4,1499 cc,Common Rail Direkt Enjeksiyon,12.0 saniye,177 km/s,300 nm,120 BG,Amerika,,Binek,Titanium,SUV,2022,İçten Yanmalı (Standart),2746 tl/yıl,C,Kuga,Dizel,https://www.epey.com/araba/2022-ford-kuga-1-5-ecoblue-120-ps-otomatik-titanium-4x2.html,,,,,,,125 g/km,4.7 lt,54 lt,Eu 6d Temp,4.2 lt,5.1 lt,,5 yıldız,2022 Ford Kuga 1.5 EcoBlue 120 PS Otomatik Titanium (4x2) NCAP/ANCAP Web Sayfası,2019,Var,,,,,,,,Önden Çekişli,,,,,8 ileri,Otomatik,
1564 kg,,2000 mm,4614 mm,1678 mm,1478 lt,511 lt,,2022 Ford Kuga 1.5 EcoBoost 120 PS Style (4x2),,,,,,2022 Ford Kuga 1.5 EcoBoost 120 PS Style (4x2) Test Sürüşü Talep Sayfası,2022 Ford Kuga 1.5 EcoBoost 120 PS Style (4x2) Ürün Kataloğu,,,,,,,,,Turbo,,3,1497 cc,Direkt Enjeksiyon,11.6 saniye,184 km/s,240 nm,120 BG,Amerika,,Binek,Style,SUV,2022,İçten Yanmalı (Standart),2746 tl/yıl,C,Kuga,Benzin,https://www.epey.com/araba/2022-ford-kuga-1-5-ecoblue-120-ps-style-4x2.html,,,,,,,127 g/km,5.6 lt,54 lt,Eu 6d Temp,4.9 lt,6.8 lt,,5 yıldız,2022 Ford Kuga 1.5 EcoBoost 120 PS Style (4x2) NCAP/ANCAP Web Sayfası,2019,Var,,,,,,,,Önden Çekişli,,,,,6 ileri,Manuel,
1844 kg,,2000 mm,4614 mm,1678 mm,1478 lt,511 lt,,2022 Ford Kuga Plug-in Hibrit 2.5 225 PS CVT ST-Line (4x2),,,,,,2022 Ford Kuga Plug-in Hibrit 2.5 225 PS CVT ST-Line (4x2) Test Sürüşü Talep Sayfası,2022 Ford Kuga Plug-in Hibrit 2.5 225 PS CVT ST-Line (4x2) Ürün Kataloğu,,,,,14.4 kW/sa,,,56 km,Atmosferik,,4,2488 cc,Direkt Enjeksiyon,9.2 saniye,200 km/s,300 nm,225 BG,Amerika,,Binek,ST-Line,SUV,2022,PHEV (Prizden Şarjlı HEV),11462 tl/yıl,C,Kuga,Benzin & Elektrik,https://www.epey.com/araba/2022-ford-kuga-plug-in-hibrit-2-5-225-ps-cvt-st-line-4x2.html,,,,,,,26 g/km,1.2 lt,,Eu 6d Temp,,,,5 yıldız,2022 Ford Kuga Plug-in Hibrit 2.5 225 PS CVT ST-Line (4x2) NCAP/ANCAP Web Sayfası,2019,Var,,,,,,,,Önden Çekişli,,,,,8 ileri,Otomatik,CVT
1326 kg,,1805 mm,4186 mm,1536 mm,1216 lt,456 lt,,2022 Ford Puma 1.0 EcoBoost 125 PS Otomatik Style (4x2),,,,,,2022 Ford Puma 1.0 EcoBoost 125 PS Otomatik Style (4x2) Test Sürüşü Talep Sayfası,2022 Ford Puma 1.0 EcoBoost 125 PS Otomatik Style (4x2) Ürün Kataloğu,,,,,,,,,Turbo,,3,999 cc,Direkt Enjeksiyon,10.2 saniye,190 km/s,200 nm,125 BG,Amerika,,Binek,Style,SUV,2022,İçten Yanmalı (Standart),1576 tl/yıl,B,Puma,Benzin,https://www.epey.com/araba/2022-ford-puma-1-0-ecoboost-125-ps-otomatik-style-4x2.html,,,,,,,149 g/km,,42 lt,Euro 6.2,5.9 lt,6.6 lt,,5 yıldız,2022 Ford Puma 1.0 EcoBoost 125 PS Otomatik Style (4x2) NCAP/ANCAP Web Sayfası,2019,Var,,,,,,,,Önden Çekişli,,,,,7 ileri,Otomatik,
1269 kg,,1805 mm,4186 mm,1536 mm,1216 lt,456 lt,,2022 Ford Puma 1.0 EcoBoost 95 PS Style (4x2),,,,,,2022 Ford Puma 1.0 EcoBoost 95 PS Style (4x2) Test Sürüşü Talep Sayfası,2022 Ford Puma 1.0 EcoBoost 95 PS Style (4x2) Ürün Kataloğu,,,,,,,,,Turbo,,3,999 cc,Direkt Enjeksiyon,11.9 saniye,175 km/s,170 nm,95 BG,Amerika,,Binek,Style,SUV,2022,İçten Yanmalı (Standart),1576 tl/yıl,B,Puma,Benzin,https://www.epey.com/araba/2022-ford-puma-1-0-ecoboost-95-ps-style-4x2.html,,,,,,,142 g/km,,42 lt,Euro 6.2,5.5 lt,6.3 lt,,5 yıldız,2022 Ford Puma 1.0 EcoBoost 95 PS Style (4x2) NCAP/ANCAP Web Sayfası,2019,Var,,,,,,,,Önden Çekişli,,,,,6 ileri,Manuel,
1280 kg,,1805 mm,4207 mm,1534 mm,1216 lt,456 lt,,2022 Ford Puma Hibrit 1.0 EcoBoost 155 PS Otomatik ST-Line (4x2),,,,,,2022 Ford Puma Hibrit 1.0 EcoBoost 155 PS Otomatik ST-Line (4x2) Test Sürüşü Talep Sayfası,2022 Ford Puma Hibrit 1.0 EcoBoost 155 PS Otomatik ST-Line (4x2) Ürün Kataloğu,,,,,,,,,Turbo,,3,999 cc,Direkt Enjeksiyon,8.7 saniye,200 km/s,240 nm,155 BG,Amerika,,Binek,Style,SUV,2022,MHEV (Yarı Hibrit Sistem),1576 tl/yıl,B,Puma,Benzin & Elektrik,https://www.epey.com/araba/2022-ford-puma-hibrit-1-0-ecoboost-155-ps-otomatik-st-line-4x2.html,,,,,,,145 g/km,,42 lt,Euro 6.2,5.7 lt,6.4 lt,,5 yıldız,2022 Ford Puma Hibrit 1.0 EcoBoost 155 PS Otomatik ST-Line (4x2) NCAP/ANCAP Web Sayfası,2019,Var,,,,,,,,Önden Çekişli,,,,,7 ileri,Otomatik,
1601 kg,,1835 mm,4425 mm,1827 mm,2761 lt,1529 lt,,2022 Ford Tourneo Connect 1.0 EcoBoost 100 PS Active,,,,,,2022 Ford Tourneo Connect 1.0 EcoBoost 100 PS Active Test Sürüşü Talep Sayfası,2022 Ford Tourneo Connect 1.0 EcoBoost 100 PS Active Ürün Kataloğu,,,,,,,,,Turbo,,3,998 cc,Direkt Enjeksiyon,,,170 nm,100 BG,Amerika,Kombi,Binek,Active,MPV,2022,İçten Yanmalı (Standart),1576 tl/yıl,B,Tourneo Connect,Benzin,https://www.epey.com/araba/2022-ford-tourneo-connect-1-0-ecoboost-100-ps-active.html,,,,,,,164 g/km,7.2 lt,60 lt,Euro 6.2,,,,4 yıldız,2022 Ford Tourneo Connect 1.0 EcoBoost 100 PS Active NCAP/ANCAP Web Sayfası,2018,Var,,749 kg,2270 kg,,,1245 mm,,Önden Çekişli,,,,,6 ileri,Manuel,
1584 kg,,1835 mm,4425 mm,1827 mm,2761 lt,1529 lt,,2022 Ford Tourneo Connect 1.5 EcoBlue 100 PS Deluxe,,,,,,2022 Ford Tourneo Connect 1.5 EcoBlue 100 PS Deluxe Test Sürüşü Talep Sayfası,2022 Ford Tourneo Connect 1.5 EcoBlue 100 PS Deluxe Ürün Kataloğu,,,,,,,,,Turbo,,4,1499 cc,Common Rail Direkt Enjeksiyon,13.3 saniye,169 km/s,240 nm,100 BG,Amerika,Kombi,Binek,Deluxe,MPV,2022,İçten Yanmalı (Standart),2746 tl/yıl,B,Tourneo Connect,Dizel,https://www.epey.com/araba/2022-ford-tourneo-connect-1-5-ecoblue-100-ps-deluxe.html,,,,,,,142 g/km,5.4 lt,60 lt,Euro 6.2,,,,4 yıldız,2022 Ford Tourneo Connect 1.5 EcoBlue 100 PS Deluxe NCAP/ANCAP Web Sayfası,2018,Var,,749 kg,2270 kg,,,1245 mm,,Önden Çekişli,,,,,6 ileri,Manuel,
1646 kg,,1835 mm,4425 mm,1827 mm,2761 lt,1529 lt,,2022 Ford Tourneo Connect 1.5 EcoBlue 120 PS Otomatik Titanium,,,,,,2022 Ford Tourneo Connect 1.5 EcoBlue 120 PS Otomatik Titanium Test Sürüşü Talep Sayfası,2022 Ford Tourneo Connect 1.5 EcoBlue 120 PS Otomatik Titanium Ürün Kataloğu,,,,,,,,,Turbo,,4,1499 cc,Common Rail Direkt Enjeksiyon,12.6 saniye,170 km/s,270 nm,120 BG,Amerika,Kombi,Binek,Titanium,MPV,2022,İçten Yanmalı (Standart),2746 tl/yıl,B,Tourneo Connect,Dizel,https://www.epey.com/araba/2022-ford-tourneo-connect-1-5-ecoblue-120-ps-otomatik-titanium.html,,,,,,,159 g/km,6.1 lt,60 lt,Euro 6.2,,,,4 yıldız,2022 Ford Tourneo Connect 1.5 EcoBlue 120 PS Otomatik Titanium NCAP/ANCAP Web Sayfası,2018,Var,,749 kg,2270 kg,,,1245 mm,,Önden Çekişli,,,,,8 ileri,Otomatik,
1628 kg,,1835 mm,4425 mm,1827 mm,2761 lt,1529 lt,,2022 Ford Tourneo Connect 1.5 EcoBlue 120 PS Titanium,,,,,,2022 Ford Tourneo Connect 1.5 EcoBlue 120 PS Titanium Test Sürüşü Talep Sayfası,2022 Ford Tourneo Connect 1.5 EcoBlue 120 PS Titanium Ürün Kataloğu,,,,,,,,,Turbo,,4,1499 cc,Common Rail Direkt Enjeksiyon,12.6 saniye,170 km/s,270 nm,120 BG,Amerika,Kombi,Binek,Titanium,MPV,2022,İçten Yanmalı (Standart),2746 tl/yıl,B,Tourneo Connect,Dizel,https://www.epey.com/araba/2022-ford-tourneo-connect-1-5-ecoblue-120-ps-titanium.html,,,,,,,143 g/km,5.5 lt,60 lt,Euro 6.2,,,,4 yıldız,2022 Ford Tourneo Connect 1.5 EcoBlue 120 PS Titanium NCAP/ANCAP Web Sayfası,2018,Var,,749 kg,2270 kg,,,1245 mm,,Önden Çekişli,,,,,6 ileri,Manuel,
1389 kg,,1802 mm,4677 mm,1407 mm,,512 lt,,2022 Honda Civic 1.5 VTEC Turbo 182 PS Otomatik Elegance,,,,,,2022 Honda Civic 1.5 VTEC Turbo 182 PS Otomatik Elegance Test Sürüşü Talep Sayfası,2022 Honda Civic 1.5 VTEC Turbo 182 PS Otomatik Elegance Ürün Kataloğu,,,,,,,,,Turbo,,4,1498 cc,PGM-FI (Direkt Enjeksiyon),8.1 saniye,200 km/s,240 nm,182 BG,Japonya,,Binek,Elegance,Sedan,2022,İçten Yanmalı (Standart),2746 tl/yıl,C,Civic,Benzin,https://www.epey.com/araba/2022-honda-civic-1-5-vtec-turbo-182-ps-otomatik-elegance.html,Yok,,,,,,151 g/km,6.7 lt,47 lt,,,,,5 yıldız,2022 Honda Civic 1.5 VTEC Turbo 182 PS Otomatik Elegance NCAP/ANCAP Web Sayfası,2022,Var,,,,,,,,Önden Çekişli,,,,,,Otomatik,CVT
1389 kg,,1802 mm,4677 mm,1407 mm,,512 lt,,2022 Honda Civic 1.5 VTEC Turbo 182 PS Otomatik Executive+,,,,,,2022 Honda Civic 1.5 VTEC Turbo 182 PS Otomatik Executive+ Test Sürüşü Talep Sayfası,2022 Honda Civic 1.5 VTEC Turbo 182 PS Otomatik Executive+ Ürün Kataloğu,,,,,,,,,Turbo,,4,1498 cc,PGM-FI (Direkt Enjeksiyon),8.1 saniye,200 km/s,240 nm,182 BG,Japonya,,Binek,Executive+,Sedan,2022,İçten Yanmalı (Standart),2746 tl/yıl,C,Civic,Benzin,https://www.epey.com/araba/2022-honda-civic-1-5-vtec-turbo-182-ps-otomatik-executive-plus.html,Yok,,,,,,151 g/km,6.7 lt,47 lt,,,,,5 yıldız,2022 Honda Civic 1.5 VTEC Turbo 182 PS Otomatik Executive+ NCAP/ANCAP Web Sayfası,2022,Var,,,,,,,,Önden Çekişli,,,,,,Otomatik,CVT
1375 kg,,1802 mm,4677 mm,1407 mm,,512 lt,,2022 Honda Civic 1.5 VTEC Turbo ECO 129 PS Otomatik Elegance,,,,,,2022 Honda Civic 1.5 VTEC Turbo ECO 129 PS Otomatik Elegance Test Sürüşü Talep Sayfası,2022 Honda Civic 1.5 VTEC Turbo ECO 129 PS Otomatik Elegance Ürün Kataloğu,,,,,,,,,Turbo,,4,1498 cc,PGM-FI (Direkt Enjeksiyon),10.5 saniye,200 km/s,180 nm,129 BG,Japonya,,Binek,Elegance,Sedan,2022,İçten Yanmalı (Standart),2746 tl/yıl,C,Civic,Benzin & LPG,https://www.epey.com/araba/2022-honda-civic-1-5-vtec-turbo-eco-129-ps-otomatik-elegance.html,Var,,,,,,148 g/km,6.5 lt,47 lt,,,,,5 yıldız,2022 Honda Civic 1.5 VTEC Turbo ECO 129 PS Otomatik Elegance NCAP/ANCAP Web Sayfası,2022,Var,,,,,,,,Önden Çekişli,,,,,,Otomatik,CVT
1375 kg,,1802 mm,4677 mm,1407 mm,,512 lt,,2022 Honda Civic 1.5 VTEC Turbo ECO 129 PS Otomatik Executive+,,,,,,2022 Honda Civic 1.5 VTEC Turbo ECO 129 PS Otomatik Executive+ Test Sürüşü Talep Sayfası,2022 Honda Civic 1.5 VTEC Turbo ECO 129 PS Otomatik Executive+ Ürün Kataloğu,,,,,,,,,Turbo,,4,1498 cc,PGM-FI (Direkt Enjeksiyon),10.5 saniye,200 km/s,180 nm,129 BG,Japonya,,Binek,Executive+,Sedan,2022,İçten Yanmalı (Standart),2746 tl/yıl,C,Civic,Benzin & LPG,https://www.epey.com/araba/2022-honda-civic-1-5-vtec-turbo-eco-129-ps-otomatik-executive-plus.html,Var,,,,,,148 g/km,6.5 lt,47 lt,,,,,5 yıldız,2022 Honda Civic 1.5 VTEC Turbo ECO 129 PS Otomatik Executive+ NCAP/ANCAP Web Sayfası,2022,Var,,,,,,,,Önden Çekişli,,,,,,Otomatik,CVT
1375 kg,,1802 mm,4677 mm,1407 mm,,512 lt,,2022 Honda Civic 1.5 VTEC Turbo ECO 129 PS Otomatik Premium,,,,,,2022 Honda Civic 1.5 VTEC Turbo ECO 129 PS Otomatik Premium Test Sürüşü Talep Sayfası,2022 Honda Civic 1.5 VTEC Turbo ECO 129 PS Otomatik Premium Ürün Kataloğu,,,,,,,,,Turbo,,4,1498 cc,PGM-FI (Direkt Enjeksiyon),10.5 saniye,200 km/s,180 nm,129 BG,Japonya,,Binek,Premium,Sedan,2022,İçten Yanmalı (Standart),2746 tl/yıl,C,Civic,Benzin & LPG,https://www.epey.com/araba/2022-honda-civic-1-5-vtec-turbo-eco-129-ps-otomatik-premium.html,Var,,,,,,148 g/km,6.5 lt,47 lt,,,,,5 yıldız,2022 Honda Civic 1.5 VTEC Turbo ECO 129 PS Otomatik Premium NCAP/ANCAP Web Sayfası,2022,Var,,,,,,,,Önden Çekişli,,,,,,Otomatik,CVT
1669 kg,,1855 mm,4600 mm,1681 mm,,561 lt,,2022 Honda CR-V 1.5 VTEC 193 BG Otomatik Elegance (4x4),,,,,,2022 Honda CR-V 1.5 VTEC 193 BG Otomatik Elegance (4x4) Test Sürüşü Talep Sayfası,2022 Honda CR-V 1.5 VTEC 193 BG Otomatik Elegance (4x4) Ürün Kataloğu,,,,,,,,,Turbo,,4,1498 cc,PGM-FI (Direkt Enjeksiyon),10.0 saniye,200 km/s,243 nm,193 BG,Japonya,,Binek,Elegance,SUV,2022,İçten Yanmalı (Standart),2746 tl/yıl,C,CR-V,Benzin,https://www.epey.com/araba/2022-honda-cr-v-1-5-vtec-193-bg-otomatik-elegance-4x4.html,,,,,,,162 g/km,7.1 lt,57 lt,,6.2 lt,8.6 lt,,5 yıldız,2022 Honda CR-V 1.5 VTEC 193 BG Otomatik Elegance (4x4) NCAP/ANCAP Web Sayfası,2019,Var,,,,,,,,4x4 Çekişli,,,,,,Otomatik,CVT (Değişken Oranlı)
1669 kg,,1855 mm,4600 mm,1681 mm,,561 lt,,2022 Honda CR-V 1.5 VTEC 193 BG Otomatik Executive (4x4),,,,,,2022 Honda CR-V 1.5 VTEC 193 BG Otomatik Executive (4x4) Test Sürüşü Talep Sayfası,2022 Honda CR-V 1.5 VTEC 193 BG Otomatik Executive (4x4) Ürün Kataloğu,,,,,,,,,Turbo,,4,1498 cc,PGM-FI (Direkt Enjeksiyon),10.0 saniye,200 km/s,243 nm,193 BG,Japonya,,Binek,Executive,SUV,2022,İçten Yanmalı (Standart),2746 tl/yıl,C,CR-V,Benzin,https://www.epey.com/araba/2022-honda-cr-v-1-5-vtec-193-bg-otomatik-executive-4x4.html,,,,,,,162 g/km,7.1 lt,57 lt,,6.2 lt,8.6 lt,,5 yıldız,2022 Honda CR-V 1.5 VTEC 193 BG Otomatik Executive (4x4) NCAP/ANCAP Web Sayfası,2019,Var,,,,,,,,4x4 Çekişli,,,,,,Otomatik,CVT (Değişken Oranlı)
1669 kg,,1855 mm,4600 mm,1681 mm,,561 lt,,2022 Honda CR-V 1.5 VTEC 193 BG Otomatik Executive+ (4x4),,,,,,2022 Honda CR-V 1.5 VTEC 193 BG Otomatik Executive+ (4x4) Test Sürüşü Talep Sayfası,2022 Honda CR-V 1.5 VTEC 193 BG Otomatik Executive+ (4x4) Ürün Kataloğu,,,,,,,,,Turbo,,4,1498 cc,PGM-FI (Direkt Enjeksiyon),10.0 saniye,200 km/s,243 nm,193 BG,Japonya,,Binek,Executive+,SUV,2022,İçten Yanmalı (Standart),2746 tl/yıl,C,CR-V,Benzin,https://www.epey.com/araba/2022-honda-cr-v-1-5-vtec-193-bg-otomatik-executive-plus-4x4.html,,,,,,,162 g/km,7.1 lt,57 lt,,6.2 lt,8.6 lt,,5 yıldız,2022 Honda CR-V 1.5 VTEC 193 BG Otomatik Executive+ (4x4) NCAP/ANCAP Web Sayfası,2019,Var,,,,,,,,4x4 Çekişli,,,,,,Otomatik,CVT (Değişken Oranlı)
1743 kg,,1855 mm,4600 mm,1681 mm,,497 lt,,2022 Honda CR-V 2.0 i-MMD Hybrid 184 PS E-CVT Executive+ (4x4),,,,,,2022 Honda CR-V 2.0 i-MMD Hybrid 184 PS E-CVT Executive+ (4x4) Test Sürüşü Talep Sayfası,2022 Honda CR-V 2.0 i-MMD Hybrid 184 PS E-CVT Executive+ (4x4) Ürün Kataloğu,"Periyodik Bakım Şartı
Satarken Garantiyi Devredebilme
6 Yıl / 150 Bin Km Mekanik","Garanti Süresi Boyunca Ücretsiz
Honda Aktif Acil Yol Yardım 0212 234 6632",Var,,1.3 kW/sa,Lityum İyon,,,Atmosferik,,4,1993 cc,PGM-FI (Direkt Enjeksiyon),9.2 saniye,180 km/s,315 nm,184 BG,Japonya,,Binek,Executive+,SUV,2022,HEV (Benzinli & Elektrikli),7641 tl/yıl,C,CR-V,Benzin & Elektrik,https://www.epey.com/araba/2022-honda-cr-v-2-0-i-mmd-hybrid-184-ps-e-cvt-executive-plus-4x4.html,,,,,,,126 g/km,5.5 lt,57 lt,,5.1 lt,5.7 lt,,5 yıldız,2022 Honda CR-V 2.0 i-MMD Hybrid 184 PS E-CVT Executive+ (4x4) NCAP/ANCAP Web Sayfası,2019,Var,,,,,,,,4x4 Çekişli,,,,,,Otomatik,E-CVT (Elektronik Sabit Hızlı)
1327 kg,,1725 mm,4090 mm,1556 mm,,298 lt,,2022 Honda Jazz 1.5 i-MMD Hybrid 98 PS Otomatik Crosstar Executive,,,,,,,2022 Honda Jazz 1.5 i-MMD Hybrid 98 PS Otomatik Crosstar Executive Ürün Kataloğu,,,,253 nm,,,,,Atmosferik,,4,1498 cc,PGM-FI (Direkt Enjeksiyon),9.9 saniye,175 km/s,131 nm,98 BG,Japonya,,Binek,Crosstar Executive,Hatchback,2022,HEV (Benzinli & Elektrikli),2746 tl/yıl,B,Jazz,Benzin & Elektrik,https://www.epey.com/araba/2022-honda-jazz-1-5-i-mmd-hybrid-98-ps-otomatik-crosstar-executive.html,,,,,,,88 g/km,3.8 lt,40 lt,,4.5 lt,2.7 lt,,5 yıldız,2022 Honda Jazz 1.5 i-MMD Hybrid 98 PS Otomatik Crosstar Executive NCAP/ANCAP Web Sayfası,2020,Var,,,,,,,,Önden Çekişli,,,,,,Otomatik,E-CVT (Elektronik Sabit Hızlı)
1300 kg,,1694 mm,4044 mm,1526 mm,,304 lt,,2022 Honda Jazz 1.5 i-MMD Hybrid 98 PS Otomatik Executive,,,,,,,2022 Honda Jazz 1.5 i-MMD Hybrid 98 PS Otomatik Executive Ürün Kataloğu,,,,253 nm,,,,,Atmosferik,,4,1498 cc,PGM-FI (Direkt Enjeksiyon),9.5 saniye,175 km/s,131 nm,98 BG,Japonya,,Binek,Executive,Hatchback,2022,HEV (Benzinli & Elektrikli),2746 tl/yıl,B,Jazz,Benzin & Elektrik,https://www.epey.com/araba/2022-honda-jazz-1-5-i-mmd-hybrid-98-ps-otomatik-executive.html,,,,,,,84 g/km,3.7 lt,40 lt,,4.3 lt,2.5 lt,,5 yıldız,2022 Honda Jazz 1.5 i-MMD Hybrid 98 PS Otomatik Executive NCAP/ANCAP Web Sayfası,2020,Var,,,,,,,,Önden Çekişli,,,,,,Otomatik,E-CVT (Elektronik Sabit Hızlı)
1335 kg,,1825 mm,4650 mm,1430 mm,474 lt,,,2022 Hyundai Elantra 1.6 MPI 123 PS Smart,,,,,,2022 Hyundai Elantra 1.6 MPI 123 PS Smart Test Sürüşü Talep Sayfası,2022 Hyundai Elantra 1.6 MPI 123 PS Smart Ürün Kataloğu,,,,,,,,,Atmosferik,,4,1598 cc,Çok Noktadan Enjeksiyon,10.6 saniye,197 km/s,154 nm,123 BG,Güney Kore,,Binek,Smart,Sedan,2022,İçten Yanmalı (Standart),2746 tl/yıl,C,Elantra,Benzin,https://www.epey.com/araba/2022-hyundai-elantra-1-6-mpi-123-ps-smart.html,,,,,,,145 g/km,6.4 lt,47 lt,Euro 6.2,6.3 lt,8.8 lt,,,,,Yok,,,,,,,,Önden Çekişli,,,,,6 ileri,Manuel,
1335 kg,,1825 mm,4650 mm,1430 mm,474 lt,,,2022 Hyundai Elantra 1.6 MPI 123 PS Style Comfort,,,,,,2022 Hyundai Elantra 1.6 MPI 123 PS Style Comfort Test Sürüşü Talep Sayfası,2022 Hyundai Elantra 1.6 MPI 123 PS Style Comfort Ürün Kataloğu,,,,,,,,,Atmosferik,,4,1598 cc,Çok Noktadan Enjeksiyon,10.6 saniye,197 km/s,154 nm,123 BG,Güney Kore,,Binek,Style Comfort,Sedan,2022,İçten Yanmalı (Standart),2746 tl/yıl,C,Elantra,Benzin,https://www.epey.com/araba/2022-hyundai-elantra-1-6-mpi-123-ps-style-comfort.html,,,,,,,145 g/km,6.4 lt,47 lt,Euro 6.2,6.3 lt,8.8 lt,,,,,Yok,,,,,,,,Önden Çekişli,,,,,6 ileri,Manuel,
1335 kg,,1825 mm,4650 mm,1430 mm,474 lt,,,2022 Hyundai Elantra 1.6 MPI 123 PS Style,,,,,,2022 Hyundai Elantra 1.6 MPI 123 PS Style Test Sürüşü Talep Sayfası,2022 Hyundai Elantra 1.6 MPI 123 PS Style Ürün Kataloğu,,,,,,,,,Atmosferik,,4,1598 cc,Çok Noktadan Enjeksiyon,10.6 saniye,197 km/s,154 nm,123 BG,Güney Kore,,Binek,Style,Sedan,2022,İçten Yanmalı (Standart),2746 tl/yıl,C,Elantra,Benzin,https://www.epey.com/araba/2022-hyundai-elantra-1-6-mpi-123-ps-style.html,,,,,,,145 g/km,6.4 lt,47 lt,Euro 6.2,6.3 lt,8.8 lt,,,,,Yok,,,,,,,,Önden Çekişli,,,,,6 ileri,Manuel,
1275 kg,,1775 mm,4040 mm,1450 mm,1165 lt,352 lt,,2022 Hyundai i20 1.0 T-GDI 100 PS DCT Style Plus,,,,,,2022 Hyundai i20 1.0 T-GDI 100 PS DCT Style Plus Test Sürüşü Talep Sayfası,2022 Hyundai i20 1.0 T-GDI 100 PS DCT Style Plus Ürün Kataloğu,,,,,,,,,Turbo,,3,998 cc,Direkt Enjeksiyon,11.4 saniye,185 km/s,172 nm,100 BG,Güney Kore,,Binek,Style Plus,Hatchback,2022,İçten Yanmalı (Standart),1576 tl/yıl,B,i20,Benzin,https://www.epey.com/araba/2022-hyundai-i20-1-0-t-gdi-100-ps-dct-style-plus.html,,,,,,,139 g/km,6.1 lt,40 lt,Euro 6d,6.3 lt,8.2 lt,,4 yıldız,2022 Hyundai i20 1.0 T-GDI 100 PS DCT Style Plus NCAP/ANCAP Web Sayfası,2015,Var,,,,,,,,Önden Çekişli,,,,,7 ileri,Otomatik,DCT (Yarı Otm.)
1275 kg,,1775 mm,4040 mm,1450 mm,1165 lt,352 lt,,2022 Hyundai i20 1.0 T-GDI 100 PS DCT Style,,,,,,2022 Hyundai i20 1.0 T-GDI 100 PS DCT Style Test Sürüşü Talep Sayfası,2022 Hyundai i20 1.0 T-GDI 100 PS DCT Style Ürün Kataloğu,,,,,,,,,Turbo,,3,998 cc,Direkt Enjeksiyon,11.4 saniye,185 km/s,172 nm,100 BG,Güney Kore,,Binek,Style,Hatchback,2022,İçten Yanmalı (Standart),1576 tl/yıl,B,i20,Benzin,https://www.epey.com/araba/2022-hyundai-i20-1-0-t-gdi-100-ps-dct-style.html,,,,,,,139 g/km,6.1 lt,40 lt,Euro 6d,6.3 lt,8.2 lt,,4 yıldız,2022 Hyundai i20 1.0 T-GDI 100 PS DCT Style NCAP/ANCAP Web Sayfası,2015,Var,,,,,,,,Önden Çekişli,,,,,7 ileri,Otomatik,DCT (Yarı Otm.)
1100 kg,,1775 mm,4040 mm,1450 mm,1165 lt,352 lt,,2022 Hyundai i20 1.4 MPI 100 PS Jump,,,,,,2022 Hyundai i20 1.4 MPI 100 PS Jump Test Sürüşü Talep Sayfası,2022 Hyundai i20 1.4 MPI 100 PS Jump Ürün Kataloğu,,,,,,,,,Atmosferik,,4,1368 cc,Çok Noktadan Enjeksiyon,12.2 saniye,176 km/s,134 nm,100 BG,Güney Kore,,Binek,Jump,Hatchback,2022,İçten Yanmalı (Standart),2746 tl/yıl,B,i20,Benzin,https://www.epey.com/araba/2022-hyundai-i20-1-4-mpi-100-ps-jump.html,,,,,,,148 g/km,6.5 lt,40 lt,Euro 6d,6.7 lt,8.5 lt,,4 yıldız,2022 Hyundai i20 1.4 MPI 100 PS Jump NCAP/ANCAP Web Sayfası,2015,Var,,,,,,,,Önden Çekişli,,,,,6 ileri,Manuel,
1240 kg,,1775 mm,4040 mm,1450 mm,1165 lt,352 lt,,2022 Hyundai i20 1.4 MPI 100 PS Otomatik Elite,,,,,,2022 Hyundai i20 1.4 MPI 100 PS Otomatik Elite Test Sürüşü Talep Sayfası,2022 Hyundai i20 1.4 MPI 100 PS Otomatik Elite Ürün Kataloğu,,,,,,,,,Atmosferik,,4,1368 cc,Çok Noktadan Enjeksiyon,12.9 saniye,176 km/s,134 nm,100 BG,Güney Kore,,Binek,Elite,Hatchback,2022,İçten Yanmalı (Standart),2746 tl/yıl,B,i20,Benzin,https://www.epey.com/araba/2022-hyundai-i20-1-4-mpi-100-ps-otomatik-elite.html,,,,,,,162 g/km,7.1 lt,40 lt,Euro 6d,7.3 lt,9.7 lt,,4 yıldız,2022 Hyundai i20 1.4 MPI 100 PS Otomatik Elite NCAP/ANCAP Web Sayfası,2015,Var,,,,,,,,Önden Çekişli,,,,,6 ileri,Otomatik,
1240 kg,,1775 mm,4040 mm,1450 mm,1165 lt,352 lt,,2022 Hyundai i20 1.4 MPI 100 PS Otomatik Jump,,,,,,2022 Hyundai i20 1.4 MPI 100 PS Otomatik Jump Test Sürüşü Talep Sayfası,2022 Hyundai i20 1.4 MPI 100 PS Otomatik Jump Ürün Kataloğu,,,,,,,,,Atmosferik,,4,1368 cc,Çok Noktadan Enjeksiyon,12.9 saniye,176 km/s,134 nm,100 BG,Güney Kore,,Binek,Jump,Hatchback,2022,İçten Yanmalı (Standart),2746 tl/yıl,B,i20,Benzin,https://www.epey.com/araba/2022-hyundai-i20-1-4-mpi-100-ps-otomatik-jump.html,,,,,,,140 g/km,7.1 lt,40 lt,Euro 6d,7.3 lt,9.7 lt,,4 yıldız,2022 Hyundai i20 1.4 MPI 100 PS Otomatik Jump NCAP/ANCAP Web Sayfası,2015,Var,,,,,,,,Önden Çekişli,,,,,6 ileri,Otomatik,
1240 kg,,1775 mm,4040 mm,1450 mm,1165 lt,352 lt,,2022 Hyundai i20 1.4 MPI 100 PS Otomatik Style Plus,,,,,,2022 Hyundai i20 1.4 MPI 100 PS Otomatik Style Plus Test Sürüşü Talep Sayfası,2022 Hyundai i20 1.4 MPI 100 PS Otomatik Style Plus Ürün Kataloğu,,,,,,,,,Atmosferik,,4,1368 cc,Çok Noktadan Enjeksiyon,12.9 saniye,176 km/s,134 nm,100 BG,Güney Kore,,Binek,Style Plus,Hatchback,2022,İçten Yanmalı (Standart),2746 tl/yıl,B,i20,Benzin,https://www.epey.com/araba/2022-hyundai-i20-1-4-mpi-100-ps-otomatik-style-plus.html,,,,,,,162 g/km,7.1 lt,40 lt,Euro 6d,7.3 lt,9.7 lt,,4 yıldız,2022 Hyundai i20 1.4 MPI 100 PS Otomatik Style Plus NCAP/ANCAP Web Sayfası,2015,Var,,,,,,,,Önden Çekişli,,,,,6 ileri,Otomatik,
1240 kg,,1775 mm,4040 mm,1450 mm,1165 lt,352 lt,,2022 Hyundai i20 1.4 MPI 100 PS Otomatik Style,,,,,,2022 Hyundai i20 1.4 MPI 100 PS Otomatik Style Test Sürüşü Talep Sayfası,2022 Hyundai i20 1.4 MPI 100 PS Otomatik Style Ürün Kataloğu,,,,,,,,,Atmosferik,,4,1368 cc,Çok Noktadan Enjeksiyon,12.9 saniye,176 km/s,134 nm,100 BG,Güney Kore,,Binek,Style,Hatchback,2022,İçten Yanmalı (Standart),2746 tl/yıl,B,i20,Benzin,https://www.epey.com/araba/2022-hyundai-i20-1-4-mpi-100-ps-otomatik-style.html,,,,,,,162 g/km,7.1 lt,40 lt,Euro 6d,7.3 lt,9.7 lt,,4 yıldız,2022 Hyundai i20 1.4 MPI 100 PS Otomatik Style NCAP/ANCAP Web Sayfası,2015,Var,,,,,,,,Önden Çekişli,,,,,6 ileri,Otomatik,
1342 kg,,1800 mm,4205 mm,1565 mm,1156 lt,374 lt,,2022 Hyundai Kona 1.0 T-GDI 120 PS DCT Style (4x2),,,,,,2022 Hyundai Kona 1.0 T-GDI 120 PS DCT Style (4x2) Test Sürüşü Talep Sayfası,2022 Hyundai Kona 1.0 T-GDI 120 PS DCT Style (4x2) Ürün Kataloğu,"2 Yıl / 60 Bin Km Boya
5 Yıl / 100 Bin Km Mekanik
5 Yıl / 160 Bin Km Paslanmazlık",Hyundai Yol Yardım 0212 233 3262,Var,,,,,,Turbo,,3,998 cc,GDI (Doğrudan Enjeksiyon),11.0 saniye,180 km/s,200 nm,120 BG,Güney Kore,,Binek,Style,SUV,2022,İçten Yanmalı (Standart),1576 tl/yıl,B,Kona,Benzin,https://www.epey.com/araba/2022-hyundai-kona-1-0-t-gdi-120-ps-dct-style-4x2.html,,,,,,,122 g/km,5.3 lt,50 lt,Euro 6d,4.9 lt,6.0 lt,,5 yıldız,2022 Hyundai Kona 1.0 T-GDI 120 PS DCT Style (4x2) NCAP/ANCAP Web Sayfası,2017,Var,,,,,,,,Önden Çekişli,,,,,7 ileri,Otomatik,DCT (Yarı Otm.)
1731 kg,,1865 mm,4500 mm,1650 mm,1777 lt,598 lt,,2022 Hyundai Tucson 1.6 CRDI 136 PS DCT Elite (4X2),,,,,,2022 Hyundai Tucson 1.6 CRDI 136 PS DCT Elite (4X2) Test Sürüşü Talep Sayfası,2022 Hyundai Tucson 1.6 CRDI 136 PS DCT Elite (4X2) Ürün Kataloğu,,,,,,,,,Turbo,SCR (Seçimli Katalitik İndirgeme),4,1598 cc,Common Rail Direkt Enjeksiyon,11.4 saniye,180 km/s,320 nm,136 BG,Güney Kore,,Binek,Elite,SUV,2022,İçten Yanmalı (Standart),2746 tl/yıl,C,Tucson,Dizel,https://www.epey.com/araba/2022-hyundai-tucson-1-6-crdi-136-ps-dct-elite-4x2.html,,,,,,,151 g/km,5.7 lt,54 lt,Euro 6.2,,,,5 yıldız,2022 Hyundai Tucson 1.6 CRDI 136 PS DCT Elite (4X2) NCAP/ANCAP Web Sayfası,2021,Var,,,,,,,,Önden Çekişli,,,,,7 ileri,Otomatik,DCT (Yarı Otm.)
1790 kg,,1865 mm,4500 mm,1650 mm,1777 lt,598 lt,,2022 Hyundai Tucson 1.6 CRDI 136 PS DCT Elite Plus (4X4),,,,,,2022 Hyundai Tucson 1.6 CRDI 136 PS DCT Elite Plus (4X4) Test Sürüşü Talep Sayfası,2022 Hyundai Tucson 1.6 CRDI 136 PS DCT Elite Plus (4X4) Ürün Kataloğu,,,,,,,,,Turbo,SCR (Seçimli Katalitik İndirgeme),4,1598 cc,Common Rail Direkt Enjeksiyon,11.6 saniye,180 km/s,320 nm,136 BG,Güney Kore,,Binek,Elite Plus,SUV,2022,İçten Yanmalı (Standart),2746 tl/yıl,C,Tucson,Dizel,https://www.epey.com/araba/2022-hyundai-tucson-1-6-crdi-136-ps-dct-elite-plus-4x4.html,,,,,,,166 g/km,6.3 lt,54 lt,Euro 6.2,,,,5 yıldız,2022 Hyundai Tucson 1.6 CRDI 136 PS DCT Elite Plus (4X4) NCAP/ANCAP Web Sayfası,2021,Var,,,,,,,,4x4 Çekişli,,,,,7 ileri,Otomatik,DCT (Yarı Otm.)
1731 kg,,1865 mm,4500 mm,1650 mm,1777 lt,598 lt,,2022 Hyundai Tucson 1.6 CRDI 136 PS DCT Prime (4X2),,,,,,2022 Hyundai Tucson 1.6 CRDI 136 PS DCT Prime (4X2) Test Sürüşü Talep Sayfası,2022 Hyundai Tucson 1.6 CRDI 136 PS DCT Prime (4X2) Ürün Kataloğu,,,,,,,,,Turbo,SCR (Seçimli Katalitik İndirgeme),4,1598 cc,Common Rail Direkt Enjeksiyon,11.4 saniye,180 km/s,320 nm,136 BG,Güney Kore,,Binek,Prime,SUV,2022,İçten Yanmalı (Standart),2746 tl/yıl,C,Tucson,Dizel,https://www.epey.com/araba/2022-hyundai-tucson-1-6-crdi-136-ps-dct-prime-4x2.html,,,,,,,151 g/km,5.7 lt,54 lt,Euro 6.2,,,,5 yıldız,2022 Hyundai Tucson 1.6 CRDI 136 PS DCT Prime (4X2) NCAP/ANCAP Web Sayfası,2021,Var,,,,,,,,Önden Çekişli,,,,,7 ileri,Otomatik,DCT (Yarı Otm.)
1697 kg,,1865 mm,4500 mm,1650 mm,1799 lt,620 lt,,2022 Hyundai Tucson 1.6 T-GDI 180 PS DCT Comfort (4X2),,,,,,2022 Hyundai Tucson 1.6 T-GDI 180 PS DCT Comfort (4X2) Test Sürüşü Talep Sayfası,2022 Hyundai Tucson 1.6 T-GDI 180 PS DCT Comfort (4X2) Ürün Kataloğu,,,,,,,,,Turbo,,4,1598 cc,Direkt Enjeksiyon,8.8 saniye,201 km/s,265 nm,180 BG,Güney Kore,,Binek,Comfort,SUV,2022,İçten Yanmalı (Standart),2746 tl/yıl,C,Tucson,Benzin,https://www.epey.com/araba/2022-hyundai-tucson-1-6-t-gdi-180-ps-dct-comfort-4x2.html,,,,,,,167 g/km,7.3 lt,54 lt,Euro 6.2,,,,5 yıldız,2022 Hyundai Tucson 1.6 T-GDI 180 PS DCT Comfort (4X2) NCAP/ANCAP Web Sayfası,2021,Var,,,,,,,,Önden Çekişli,,,,,7 ileri,Otomatik,DCT (Yarı Otm.)
1768 kg,,1865 mm,4500 mm,1650 mm,1799 lt,620 lt,,2022 Hyundai Tucson 1.6 T-GDI 180 PS DCT N-Line (4X4),,,,,,2022 Hyundai Tucson 1.6 T-GDI 180 PS DCT N-Line (4X4) Test Sürüşü Talep Sayfası,2022 Hyundai Tucson 1.6 T-GDI 180 PS DCT N-Line (4X4) Ürün Kataloğu,,,,,,,,,Turbo,,4,1598 cc,Direkt Enjeksiyon,9.0 saniye,201 km/s,265 nm,180 BG,Güney Kore,,Binek,N-Line,SUV,2022,İçten Yanmalı (Standart),2746 tl/yıl,C,Tucson,Benzin,https://www.epey.com/araba/2022-hyundai-tucson-1-6-t-gdi-180-ps-dct-n-line-4x4.html,,,,,,,176 g/km,7.7 lt,54 lt,Euro 6.2,,,,5 yıldız,2022 Hyundai Tucson 1.6 T-GDI 180 PS DCT N-Line (4X4) NCAP/ANCAP Web Sayfası,2021,Var,,,,,,,,4x4 Çekişli,,,,,7 ileri,Otomatik,DCT (Yarı Otm.)
1697 kg,,1865 mm,4500 mm,1650 mm,1799 lt,620 lt,,2022 Hyundai Tucson 1.6 T-GDI 180 PS DCT Prime Plus (4X2),,,,,,2022 Hyundai Tucson 1.6 T-GDI 180 PS DCT Prime Plus (4X2) Test Sürüşü Talep Sayfası,2022 Hyundai Tucson 1.6 T-GDI 180 PS DCT Prime Plus (4X2) Ürün Kataloğu,,,,,,,,,Turbo,,4,1598 cc,Direkt Enjeksiyon,8.8 saniye,201 km/s,265 nm,180 BG,Güney Kore,,Binek,Prime Plus,SUV,2022,İçten Yanmalı (Standart),2746 tl/yıl,C,Tucson,Benzin,https://www.epey.com/araba/2022-hyundai-tucson-1-6-t-gdi-180-ps-dct-prime-plus-4x2.html,,,,,,,167 g/km,7.3 lt,54 lt,Euro 6.2,,,,5 yıldız,2022 Hyundai Tucson 1.6 T-GDI 180 PS DCT Prime Plus (4X2) NCAP/ANCAP Web Sayfası,2021,Var,,,,,,,,Önden Çekişli,,,,,7 ileri,Otomatik,DCT (Yarı Otm.)
1045 kg,,1725 mm,4065 mm,1450 mm,1078 lt,300 lt,,2022 Kia Rio HB 1.25 84 PS Cool,,,,,,,2022 Kia Rio HB 1.25 84 PS Cool Ürün Kataloğu,,,,,,,,,Atmosferik,,,1197 cc,Çok Noktadan Enjeksiyon,13.1 saniye,173 km/s,117.7 nm,84 BG,Güney Kore,,Binek,Cool,Hatchback,2022,İçten Yanmalı (Standart),1576 tl/yıl,B,Rio,Benzin,https://www.epey.com/araba/2022-kia-rio-hb-1-25-84-ps-cool.html,,,,,,,116 g/km,5.1 lt,45 lt,,4.3 lt,6.4 lt,,3 yıldız,2022 Kia Rio HB 1.25 84 PS Cool NCAP/ANCAP Web Sayfası,2017,Var,,,,,,,,Önden Çekişli,,,,,5 ileri,Manuel,
1090 kg,,1725 mm,4065 mm,1450 mm,1078 lt,300 lt,,2022 Kia Rio HB 1.4 100 PS Otomatik Cool,,,,,,,2022 Kia Rio HB 1.4 100 PS Otomatik Cool Ürün Kataloğu,,,,,,,,,,,4,1368 cc,,12.9 saniye,183 km/s,133.4 nm,100 BG,Güney Kore,,Binek,Cool,Hatchback,2022,İçten Yanmalı (Standart),2746 tl/yıl,B,Rio,Benzin,https://www.epey.com/araba/2022-kia-rio-hb-1-4-100-ps-otomatik-cool.html,,,,,,,142 g/km,6.2 lt,45 lt,,5.0 lt,8.2 lt,,3 yıldız,2022 Kia Rio HB 1.4 100 PS Otomatik Cool NCAP/ANCAP Web Sayfası,2017,Var,,,,,,,,Önden Çekişli,,,,,6 ileri,Otomatik,
1090 kg,,1725 mm,4065 mm,1450 mm,1078 lt,300 lt,,2022 Kia Rio HB 1.4 100 PS Otomatik Elegance Konfor,,,,,,,2022 Kia Rio HB 1.4 100 PS Otomatik Elegance Konfor Ürün Kataloğu,,,,,,,,,,,4,1368 cc,,12.9 saniye,183 km/s,133.4 nm,100 BG,Güney Kore,,Binek,Elegance Konfor,Hatchback,2022,İçten Yanmalı (Standart),2746 tl/yıl,B,Rio,Benzin,https://www.epey.com/araba/2022-kia-rio-hb-1-4-100-ps-otomatik-elegance-konfor.html,,,,,,,142 g/km,6.2 lt,45 lt,,5.0 lt,8.2 lt,,3 yıldız,2022 Kia Rio HB 1.4 100 PS Otomatik Elegance Konfor NCAP/ANCAP Web Sayfası,2017,Var,,,,,,,,Önden Çekişli,,,,,6 ileri,Otomatik,
1573 kg,10.92 mt.,1865 mm,4515 mm,1645 mm,1751 lt,562 lt,,2022 Kia Sportage 1.6 150 HP Elegance Konfor (4x4),,,,,,2022 Kia Sportage 1.6 150 HP Elegance Konfor (4x4) Test Sürüşü Talep Sayfası,2022 Kia Sportage 1.6 150 HP Elegance Konfor (4x4) Ürün Kataloğu,,,,,,,,,Turbo,,4,1598 cc,GDI (Doğrudan Enjeksiyon),9.7 saniye,189 km/s,250 nm,150 BG,Güney Kore,,Binek,Elegance Konfor,SUV,2022,İçten Yanmalı (Standart),2746 tl/yıl,C,Sportage,Benzin,https://www.epey.com/araba/2022-kia-sportage-1-6-150-hp-elegance-konfor-4x4.html,,,,,,,137 g/km,6.0 lt,54 lt,,5.4 lt,7.0 lt,,5 yıldız,2022 Kia Sportage 1.6 150 HP Elegance Konfor (4x4) NCAP/ANCAP Web Sayfası,2015,Var,,,,,,,,4x4 Çekişli,,,,,7 ileri,Otomatik,DCT (Yarı Otm.)
1573 kg,10.92 mt.,1865 mm,4515 mm,1645 mm,1751 lt,562 lt,,2022 Kia Sportage 1.6 150 HP Prestige (4x4),,,,,,2022 Kia Sportage 1.6 150 HP Prestige (4x4) Test Sürüşü Talep Sayfası,2022 Kia Sportage 1.6 150 HP Prestige (4x4) Ürün Kataloğu,,,,,,,,,Turbo,,4,1598 cc,GDI (Doğrudan Enjeksiyon),9.7 saniye,189 km/s,250 nm,150 BG,Güney Kore,,Binek,Prestige,SUV,2022,İçten Yanmalı (Standart),2746 tl/yıl,C,Sportage,Benzin,https://www.epey.com/araba/2022-kia-sportage-1-6-150-hp-prestige-4x4.html,,,,,,,137 g/km,6.0 lt,54 lt,,5.4 lt,7.0 lt,,5 yıldız,2022 Kia Sportage 1.6 150 HP Prestige (4x4) NCAP/ANCAP Web Sayfası,2015,Var,,,,,,,,4x4 Çekişli,,,,,7 ileri,Otomatik,DCT (Yarı Otm.)
1060 kg,10.30 mt.,1743 mm,3999 mm,1455 mm,956 lt,300 lt,,2022 Nissan Micra 1.0 IG-T 92 PS Visia,,,,,,2022 Nissan Micra 1.0 IG-T 92 PS Visia Test Sürüşü Talep Sayfası,2022 Nissan Micra 1.0 IG-T 92 PS Visia Ürün Kataloğu,,,,,,,,,Turbo,,3,999 cc,Çok Noktadan Enjeksiyon,11.8 saniye,178 km/s,160 nm,92 BG,Japonya,,Binek,Visia,Hatchback,2022,İçten Yanmalı (Standart),1576 tl/yıl,B,Micra,Benzin,https://www.epey.com/araba/2022-nissan-micra-1-0-ig-t-92-ps-visia.html,,,,,,,103 g/km,4.5 lt,41 lt,,3.9 lt,5.5 lt,,4 yıldız,2022 Nissan Micra 1.0 IG-T 92 PS Visia NCAP/ANCAP Web Sayfası,2017,Var,,,,,,,,Önden Çekişli,,,,,5 ileri,Manuel,
1080 kg,10.30 mt.,1743 mm,3999 mm,1455 mm,956 lt,300 lt,,2022 Nissan Micra 1.0 IG-T 92 PS X-Tronic CVT Tekna,,,,,,2022 Nissan Micra 1.0 IG-T 92 PS X-Tronic CVT Tekna Test Sürüşü Talep Sayfası,2022 Nissan Micra 1.0 IG-T 92 PS X-Tronic CVT Tekna Ürün Kataloğu,,,,,,,,,Turbo,,3,999 cc,Çok Noktadan Enjeksiyon,13.0 saniye,171 km/s,144 nm,92 BG,Japonya,,Binek,Tekna,Hatchback,2022,İçten Yanmalı (Standart),1576 tl/yıl,B,Micra,Benzin,https://www.epey.com/araba/2022-nissan-micra-1-0-ig-t-92-ps-x-tronic-cvt-tekna.html,,,,,,,108 g/km,4.7 lt,41 lt,,4.3 lt,5.5 lt,,4 yıldız,2022 Nissan Micra 1.0 IG-T 92 PS X-Tronic CVT Tekna NCAP/ANCAP Web Sayfası,2017,Var,,,,,,,,Önden Çekişli,,,,,,Otomatik,CVT
1080 kg,10.30 mt.,1743 mm,3999 mm,1455 mm,956 lt,300 lt,,2022 Nissan Micra 1.0 IG-T 92 PS X-Tronic CVT Visia,,,,,,2022 Nissan Micra 1.0 IG-T 92 PS X-Tronic CVT Visia Test Sürüşü Talep Sayfası,2022 Nissan Micra 1.0 IG-T 92 PS X-Tronic CVT Visia Ürün Kataloğu,,,,,,,,,Turbo,,3,999 cc,Çok Noktadan Enjeksiyon,13.0 saniye,171 km/s,144 nm,92 BG,Japonya,,Binek,Visia,Hatchback,2022,İçten Yanmalı (Standart),1576 tl/yıl,B,Micra,Benzin,https://www.epey.com/araba/2022-nissan-micra-1-0-ig-t-92-ps-x-tronic-cvt-visia.html,,,,,,,108 g/km,4.7 lt,41 lt,,4.3 lt,5.5 lt,,4 yıldız,2022 Nissan Micra 1.0 IG-T 92 PS X-Tronic CVT Visia NCAP/ANCAP Web Sayfası,2017,Var,,,,,,,,Önden Çekişli,,,,,,Otomatik,CVT
1404 kg,11.50 mt.,1848 mm,4425 mm,1625 mm,1447 lt,504 lt,,2022 Nissan Qashqai 1.3 DIG-T 158 PS Tekna (4x2),,,,,,,2022 Nissan Qashqai 1.3 DIG-T 158 PS Tekna (4x2) Ürün Kataloğu,,,,,,,,,Turbo,,4,1332 cc,Direkt Enjeksiyon,9.5 saniye,206 km/s,260 nm,158 BG,Japonya,,Binek,Tekna,SUV,2022,MHEV (Yarı Hibrit Sistem),2746 tl/yıl,C,Qashqai,Benzin & Elektrik,https://www.epey.com/araba/2022-nissan-qashqai-1-3-dig-t-158-ps-tekna-4x2.html,,,,,,,142 g/km,6.3 lt,55 lt,,5.3 lt,8.4 lt,,5 yıldız,2022 Nissan Qashqai 1.3 DIG-T 158 PS Tekna (4x2) NCAP/ANCAP Web Sayfası,2021,Var,,,,,,,,Önden Çekişli,,,,,6 ileri,Manuel,
1450 kg,11.50 mt.,1848 mm,4425 mm,1625 mm,1447 lt,504 lt,,2022 Nissan Qashqai 1.3 DIG-T 158 PS X-Tronic CVT Designpack (4x2),,,,,,,2022 Nissan Qashqai 1.3 DIG-T 158 PS X-Tronic CVT Designpack (4x2) Ürün Kataloğu,,,,,,,,,Turbo,,4,1332 cc,Direkt Enjeksiyon,9.2 saniye,199 km/s,270 nm,158 BG,Japonya,,Binek,Designpack,SUV,2022,MHEV (Yarı Hibrit Sistem),2746 tl/yıl,C,Qashqai,Benzin & Elektrik,https://www.epey.com/araba/2022-nissan-qashqai-1-3-dig-t-158-ps-x-tronic-cvt-designpack-4x2.html,,,,,,,144 g/km,6.4 lt,55 lt,,5.4 lt,7.9 lt,,5 yıldız,2022 Nissan Qashqai 1.3 DIG-T 158 PS X-Tronic CVT Designpack (4x2) NCAP/ANCAP Web Sayfası,2021,Var,,,,,,,,Önden Çekişli,,,,,,Otomatik,X-Tronic CVT
